quarter,area_code,area,size,financing,measure,value
2025Q1,ksu,Koko maa,All,All,index_2025,99.7
2025Q1,ksu,Koko maa,All,All,index_qoq_pct,
2025Q1,ksu,Koko maa,All,All,index_yoy_pct,
2025Q1,ksu,Koko maa,All,All,rent_eur_m2,14.82
2025Q1,ksu,Koko maa,All,All,n_rent,341005.0
2025Q1,ksu,Koko maa,All,All,rent_new_eur_m2,
2025Q1,ksu,Koko maa,All,All,n_rent_new,
2025Q2,ksu,Koko maa,All,All,index_2025,99.9
2025Q2,ksu,Koko maa,All,All,index_qoq_pct,0.2
2025Q2,ksu,Koko maa,All,All,index_yoy_pct,
2025Q2,ksu,Koko maa,All,All,rent_eur_m2,14.86
2025Q2,ksu,Koko maa,All,All,n_rent,337060.0
2025Q2,ksu,Koko maa,All,All,rent_new_eur_m2,
2025Q2,ksu,Koko maa,All,All,n_rent_new,
2025Q3,ksu,Koko maa,All,All,index_2025,100.1
2025Q3,ksu,Koko maa,All,All,index_qoq_pct,0.1
2025Q3,ksu,Koko maa,All,All,index_yoy_pct,
2025Q3,ksu,Koko maa,All,All,rent_eur_m2,14.89
2025Q3,ksu,Koko maa,All,All,n_rent,331585.0
2025Q3,ksu,Koko maa,All,All,rent_new_eur_m2,
2025Q3,ksu,Koko maa,All,All,n_rent_new,
2025Q4,ksu,Koko maa,All,All,index_2025,100.2
2025Q4,ksu,Koko maa,All,All,index_qoq_pct,0.2
2025Q4,ksu,Koko maa,All,All,index_yoy_pct,
2025Q4,ksu,Koko maa,All,All,rent_eur_m2,14.94
2025Q4,ksu,Koko maa,All,All,n_rent,345683.0
2025Q4,ksu,Koko maa,All,All,rent_new_eur_m2,
2025Q4,ksu,Koko maa,All,All,n_rent_new,
2026Q1,ksu,Koko maa,All,All,index_2025,100.4
2026Q1,ksu,Koko maa,All,All,index_qoq_pct,0.2
2026Q1,ksu,Koko maa,All,All,index_yoy_pct,0.7
2026Q1,ksu,Koko maa,All,All,rent_eur_m2,14.98
2026Q1,ksu,Koko maa,All,All,n_rent,346582.0
2026Q1,ksu,Koko maa,All,All,rent_new_eur_m2,
2026Q1,ksu,Koko maa,All,All,n_rent_new,
2026Q2,ksu,Koko maa,All,All,index_2025,100.5
2026Q2,ksu,Koko maa,All,All,index_qoq_pct,0.1
2026Q2,ksu,Koko maa,All,All,index_yoy_pct,0.6
2026Q2,ksu,Koko maa,All,All,rent_eur_m2,15.17
2026Q2,ksu,Koko maa,All,All,n_rent,348694.0
2026Q2,ksu,Koko maa,All,All,rent_new_eur_m2,
2026Q2,ksu,Koko maa,All,All,n_rent_new,
2025Q1,pks,Pääkaupunkiseutu (PKS),All,All,index_2025,99.8
2025Q1,pks,Pääkaupunkiseutu (PKS),All,All,index_qoq_pct,
2025Q1,pks,Pääkaupunkiseutu (PKS),All,All,index_yoy_pct,
2025Q1,pks,Pääkaupunkiseutu (PKS),All,All,rent_eur_m2,18.12
2025Q1,pks,Pääkaupunkiseutu (PKS),All,All,n_rent,116382.0
2025Q1,pks,Pääkaupunkiseutu (PKS),All,All,rent_new_eur_m2,
2025Q1,pks,Pääkaupunkiseutu (PKS),All,All,n_rent_new,
2025Q2,pks,Pääkaupunkiseutu (PKS),All,All,index_2025,100.0
2025Q2,pks,Pääkaupunkiseutu (PKS),All,All,index_qoq_pct,0.2
2025Q2,pks,Pääkaupunkiseutu (PKS),All,All,index_yoy_pct,
2025Q2,pks,Pääkaupunkiseutu (PKS),All,All,rent_eur_m2,18.17
2025Q2,pks,Pääkaupunkiseutu (PKS),All,All,n_rent,114316.0
2025Q2,pks,Pääkaupunkiseutu (PKS),All,All,rent_new_eur_m2,
2025Q2,pks,Pääkaupunkiseutu (PKS),All,All,n_rent_new,
2025Q3,pks,Pääkaupunkiseutu (PKS),All,All,index_2025,100.0
2025Q3,pks,Pääkaupunkiseutu (PKS),All,All,index_qoq_pct,0.0
2025Q3,pks,Pääkaupunkiseutu (PKS),All,All,index_yoy_pct,
2025Q3,pks,Pääkaupunkiseutu (PKS),All,All,rent_eur_m2,18.16
2025Q3,pks,Pääkaupunkiseutu (PKS),All,All,n_rent,114537.0
2025Q3,pks,Pääkaupunkiseutu (PKS),All,All,rent_new_eur_m2,
2025Q3,pks,Pääkaupunkiseutu (PKS),All,All,n_rent_new,
2025Q4,pks,Pääkaupunkiseutu (PKS),All,All,index_2025,100.2
2025Q4,pks,Pääkaupunkiseutu (PKS),All,All,index_qoq_pct,0.1
2025Q4,pks,Pääkaupunkiseutu (PKS),All,All,index_yoy_pct,
2025Q4,pks,Pääkaupunkiseutu (PKS),All,All,rent_eur_m2,18.22
2025Q4,pks,Pääkaupunkiseutu (PKS),All,All,n_rent,118108.0
2025Q4,pks,Pääkaupunkiseutu (PKS),All,All,rent_new_eur_m2,
2025Q4,pks,Pääkaupunkiseutu (PKS),All,All,n_rent_new,
2026Q1,pks,Pääkaupunkiseutu (PKS),All,All,index_2025,100.3
2026Q1,pks,Pääkaupunkiseutu (PKS),All,All,index_qoq_pct,0.1
2026Q1,pks,Pääkaupunkiseutu (PKS),All,All,index_yoy_pct,0.5
2026Q1,pks,Pääkaupunkiseutu (PKS),All,All,rent_eur_m2,18.25
2026Q1,pks,Pääkaupunkiseutu (PKS),All,All,n_rent,118337.0
2026Q1,pks,Pääkaupunkiseutu (PKS),All,All,rent_new_eur_m2,
2026Q1,pks,Pääkaupunkiseutu (PKS),All,All,n_rent_new,
2026Q2,pks,Pääkaupunkiseutu (PKS),All,All,index_2025,100.3
2026Q2,pks,Pääkaupunkiseutu (PKS),All,All,index_qoq_pct,0.1
2026Q2,pks,Pääkaupunkiseutu (PKS),All,All,index_yoy_pct,0.3
2026Q2,pks,Pääkaupunkiseutu (PKS),All,All,rent_eur_m2,18.44
2026Q2,pks,Pääkaupunkiseutu (PKS),All,All,n_rent,120749.0
2026Q2,pks,Pääkaupunkiseutu (PKS),All,All,rent_new_eur_m2,
2026Q2,pks,Pääkaupunkiseutu (PKS),All,All,n_rent_new,
2025Q1,091,Helsinki,All,All,index_2025,99.7
2025Q1,091,Helsinki,All,All,index_qoq_pct,
2025Q1,091,Helsinki,All,All,index_yoy_pct,
2025Q1,091,Helsinki,All,All,rent_eur_m2,18.85
2025Q1,091,Helsinki,All,All,n_rent,68591.0
2025Q1,091,Helsinki,All,All,rent_new_eur_m2,
2025Q1,091,Helsinki,All,All,n_rent_new,
2025Q2,091,Helsinki,All,All,index_2025,100.0
2025Q2,091,Helsinki,All,All,index_qoq_pct,0.2
2025Q2,091,Helsinki,All,All,index_yoy_pct,
2025Q2,091,Helsinki,All,All,rent_eur_m2,18.9
2025Q2,091,Helsinki,All,All,n_rent,67124.0
2025Q2,091,Helsinki,All,All,rent_new_eur_m2,
2025Q2,091,Helsinki,All,All,n_rent_new,
2025Q3,091,Helsinki,All,All,index_2025,100.1
2025Q3,091,Helsinki,All,All,index_qoq_pct,0.1
2025Q3,091,Helsinki,All,All,index_yoy_pct,
2025Q3,091,Helsinki,All,All,rent_eur_m2,18.88
2025Q3,091,Helsinki,All,All,n_rent,66970.0
2025Q3,091,Helsinki,All,All,rent_new_eur_m2,
2025Q3,091,Helsinki,All,All,n_rent_new,
2025Q4,091,Helsinki,All,All,index_2025,100.2
2025Q4,091,Helsinki,All,All,index_qoq_pct,0.2
2025Q4,091,Helsinki,All,All,index_yoy_pct,
2025Q4,091,Helsinki,All,All,rent_eur_m2,18.94
2025Q4,091,Helsinki,All,All,n_rent,69767.0
2025Q4,091,Helsinki,All,All,rent_new_eur_m2,
2025Q4,091,Helsinki,All,All,n_rent_new,
2026Q1,091,Helsinki,All,All,index_2025,100.4
2026Q1,091,Helsinki,All,All,index_qoq_pct,0.1
2026Q1,091,Helsinki,All,All,index_yoy_pct,0.6
2026Q1,091,Helsinki,All,All,rent_eur_m2,18.99
2026Q1,091,Helsinki,All,All,n_rent,69731.0
2026Q1,091,Helsinki,All,All,rent_new_eur_m2,
2026Q1,091,Helsinki,All,All,n_rent_new,
2026Q2,091,Helsinki,All,All,index_2025,100.4
2026Q2,091,Helsinki,All,All,index_qoq_pct,0.1
2026Q2,091,Helsinki,All,All,index_yoy_pct,0.5
2026Q2,091,Helsinki,All,All,rent_eur_m2,19.21
2026Q2,091,Helsinki,All,All,n_rent,71000.0
2026Q2,091,Helsinki,All,All,rent_new_eur_m2,
2026Q2,091,Helsinki,All,All,n_rent_new,
2025Q1,091-1,Helsinki 1,All,All,index_2025,99.8
2025Q1,091-1,Helsinki 1,All,All,index_qoq_pct,
2025Q1,091-1,Helsinki 1,All,All,index_yoy_pct,
2025Q1,091-1,Helsinki 1,All,All,rent_eur_m2,23.42
2025Q1,091-1,Helsinki 1,All,All,n_rent,9722.0
2025Q1,091-1,Helsinki 1,All,All,rent_new_eur_m2,
2025Q1,091-1,Helsinki 1,All,All,n_rent_new,
2025Q2,091-1,Helsinki 1,All,All,index_2025,99.9
2025Q2,091-1,Helsinki 1,All,All,index_qoq_pct,0.1
2025Q2,091-1,Helsinki 1,All,All,index_yoy_pct,
2025Q2,091-1,Helsinki 1,All,All,rent_eur_m2,23.56
2025Q2,091-1,Helsinki 1,All,All,n_rent,9224.0
2025Q2,091-1,Helsinki 1,All,All,rent_new_eur_m2,
2025Q2,091-1,Helsinki 1,All,All,n_rent_new,
2025Q3,091-1,Helsinki 1,All,All,index_2025,100.0
2025Q3,091-1,Helsinki 1,All,All,index_qoq_pct,0.1
2025Q3,091-1,Helsinki 1,All,All,index_yoy_pct,
2025Q3,091-1,Helsinki 1,All,All,rent_eur_m2,23.63
2025Q3,091-1,Helsinki 1,All,All,n_rent,9032.0
2025Q3,091-1,Helsinki 1,All,All,rent_new_eur_m2,
2025Q3,091-1,Helsinki 1,All,All,n_rent_new,
2025Q4,091-1,Helsinki 1,All,All,index_2025,100.3
2025Q4,091-1,Helsinki 1,All,All,index_qoq_pct,0.2
2025Q4,091-1,Helsinki 1,All,All,index_yoy_pct,
2025Q4,091-1,Helsinki 1,All,All,rent_eur_m2,23.21
2025Q4,091-1,Helsinki 1,All,All,n_rent,9681.0
2025Q4,091-1,Helsinki 1,All,All,rent_new_eur_m2,
2025Q4,091-1,Helsinki 1,All,All,n_rent_new,
2026Q1,091-1,Helsinki 1,All,All,index_2025,100.3
2026Q1,091-1,Helsinki 1,All,All,index_qoq_pct,0.0
2026Q1,091-1,Helsinki 1,All,All,index_yoy_pct,0.5
2026Q1,091-1,Helsinki 1,All,All,rent_eur_m2,23.06
2026Q1,091-1,Helsinki 1,All,All,n_rent,9852.0
2026Q1,091-1,Helsinki 1,All,All,rent_new_eur_m2,
2026Q1,091-1,Helsinki 1,All,All,n_rent_new,
2026Q2,091-1,Helsinki 1,All,All,index_2025,100.4
2026Q2,091-1,Helsinki 1,All,All,index_qoq_pct,0.1
2026Q2,091-1,Helsinki 1,All,All,index_yoy_pct,0.5
2026Q2,091-1,Helsinki 1,All,All,rent_eur_m2,23.37
2026Q2,091-1,Helsinki 1,All,All,n_rent,10073.0
2026Q2,091-1,Helsinki 1,All,All,rent_new_eur_m2,
2026Q2,091-1,Helsinki 1,All,All,n_rent_new,
2025Q1,091-2,Helsinki 2,All,All,index_2025,99.7
2025Q1,091-2,Helsinki 2,All,All,index_qoq_pct,
2025Q1,091-2,Helsinki 2,All,All,index_yoy_pct,
2025Q1,091-2,Helsinki 2,All,All,rent_eur_m2,20.39
2025Q1,091-2,Helsinki 2,All,All,n_rent,24055.0
2025Q1,091-2,Helsinki 2,All,All,rent_new_eur_m2,
2025Q1,091-2,Helsinki 2,All,All,n_rent_new,
2025Q2,091-2,Helsinki 2,All,All,index_2025,100.0
2025Q2,091-2,Helsinki 2,All,All,index_qoq_pct,0.2
2025Q2,091-2,Helsinki 2,All,All,index_yoy_pct,
2025Q2,091-2,Helsinki 2,All,All,rent_eur_m2,20.46
2025Q2,091-2,Helsinki 2,All,All,n_rent,23479.0
2025Q2,091-2,Helsinki 2,All,All,rent_new_eur_m2,
2025Q2,091-2,Helsinki 2,All,All,n_rent_new,
2025Q3,091-2,Helsinki 2,All,All,index_2025,100.1
2025Q3,091-2,Helsinki 2,All,All,index_qoq_pct,0.1
2025Q3,091-2,Helsinki 2,All,All,index_yoy_pct,
2025Q3,091-2,Helsinki 2,All,All,rent_eur_m2,20.5
2025Q3,091-2,Helsinki 2,All,All,n_rent,23253.0
2025Q3,091-2,Helsinki 2,All,All,rent_new_eur_m2,
2025Q3,091-2,Helsinki 2,All,All,n_rent_new,
2025Q4,091-2,Helsinki 2,All,All,index_2025,100.3
2025Q4,091-2,Helsinki 2,All,All,index_qoq_pct,0.2
2025Q4,091-2,Helsinki 2,All,All,index_yoy_pct,
2025Q4,091-2,Helsinki 2,All,All,rent_eur_m2,20.5
2025Q4,091-2,Helsinki 2,All,All,n_rent,24638.0
2025Q4,091-2,Helsinki 2,All,All,rent_new_eur_m2,
2025Q4,091-2,Helsinki 2,All,All,n_rent_new,
2026Q1,091-2,Helsinki 2,All,All,index_2025,100.4
2026Q1,091-2,Helsinki 2,All,All,index_qoq_pct,0.1
2026Q1,091-2,Helsinki 2,All,All,index_yoy_pct,0.7
2026Q1,091-2,Helsinki 2,All,All,rent_eur_m2,20.55
2026Q1,091-2,Helsinki 2,All,All,n_rent,24666.0
2026Q1,091-2,Helsinki 2,All,All,rent_new_eur_m2,
2026Q1,091-2,Helsinki 2,All,All,n_rent_new,
2026Q2,091-2,Helsinki 2,All,All,index_2025,100.5
2026Q2,091-2,Helsinki 2,All,All,index_qoq_pct,0.0
2026Q2,091-2,Helsinki 2,All,All,index_yoy_pct,0.5
2026Q2,091-2,Helsinki 2,All,All,rent_eur_m2,20.73
2026Q2,091-2,Helsinki 2,All,All,n_rent,25519.0
2026Q2,091-2,Helsinki 2,All,All,rent_new_eur_m2,
2026Q2,091-2,Helsinki 2,All,All,n_rent_new,
2025Q1,091-3,Helsinki 3,All,All,index_2025,99.8
2025Q1,091-3,Helsinki 3,All,All,index_qoq_pct,
2025Q1,091-3,Helsinki 3,All,All,index_yoy_pct,
2025Q1,091-3,Helsinki 3,All,All,rent_eur_m2,17.54
2025Q1,091-3,Helsinki 3,All,All,n_rent,9844.0
2025Q1,091-3,Helsinki 3,All,All,rent_new_eur_m2,
2025Q1,091-3,Helsinki 3,All,All,n_rent_new,
2025Q2,091-3,Helsinki 3,All,All,index_2025,100.0
2025Q2,091-3,Helsinki 3,All,All,index_qoq_pct,0.2
2025Q2,091-3,Helsinki 3,All,All,index_yoy_pct,
2025Q2,091-3,Helsinki 3,All,All,rent_eur_m2,17.65
2025Q2,091-3,Helsinki 3,All,All,n_rent,9635.0
2025Q2,091-3,Helsinki 3,All,All,rent_new_eur_m2,
2025Q2,091-3,Helsinki 3,All,All,n_rent_new,
2025Q3,091-3,Helsinki 3,All,All,index_2025,100.1
2025Q3,091-3,Helsinki 3,All,All,index_qoq_pct,0.1
2025Q3,091-3,Helsinki 3,All,All,index_yoy_pct,
2025Q3,091-3,Helsinki 3,All,All,rent_eur_m2,17.67
2025Q3,091-3,Helsinki 3,All,All,n_rent,9640.0
2025Q3,091-3,Helsinki 3,All,All,rent_new_eur_m2,
2025Q3,091-3,Helsinki 3,All,All,n_rent_new,
2025Q4,091-3,Helsinki 3,All,All,index_2025,100.2
2025Q4,091-3,Helsinki 3,All,All,index_qoq_pct,0.1
2025Q4,091-3,Helsinki 3,All,All,index_yoy_pct,
2025Q4,091-3,Helsinki 3,All,All,rent_eur_m2,17.6
2025Q4,091-3,Helsinki 3,All,All,n_rent,10073.0
2025Q4,091-3,Helsinki 3,All,All,rent_new_eur_m2,
2025Q4,091-3,Helsinki 3,All,All,n_rent_new,
2026Q1,091-3,Helsinki 3,All,All,index_2025,100.4
2026Q1,091-3,Helsinki 3,All,All,index_qoq_pct,0.2
2026Q1,091-3,Helsinki 3,All,All,index_yoy_pct,0.6
2026Q1,091-3,Helsinki 3,All,All,rent_eur_m2,17.69
2026Q1,091-3,Helsinki 3,All,All,n_rent,10079.0
2026Q1,091-3,Helsinki 3,All,All,rent_new_eur_m2,
2026Q1,091-3,Helsinki 3,All,All,n_rent_new,
2026Q2,091-3,Helsinki 3,All,All,index_2025,100.5
2026Q2,091-3,Helsinki 3,All,All,index_qoq_pct,0.1
2026Q2,091-3,Helsinki 3,All,All,index_yoy_pct,0.5
2026Q2,091-3,Helsinki 3,All,All,rent_eur_m2,17.98
2026Q2,091-3,Helsinki 3,All,All,n_rent,10400.0
2026Q2,091-3,Helsinki 3,All,All,rent_new_eur_m2,
2026Q2,091-3,Helsinki 3,All,All,n_rent_new,
2025Q1,091-4,Helsinki 4,All,All,index_2025,99.7
2025Q1,091-4,Helsinki 4,All,All,index_qoq_pct,
2025Q1,091-4,Helsinki 4,All,All,index_yoy_pct,
2025Q1,091-4,Helsinki 4,All,All,rent_eur_m2,15.72
2025Q1,091-4,Helsinki 4,All,All,n_rent,24970.0
2025Q1,091-4,Helsinki 4,All,All,rent_new_eur_m2,
2025Q1,091-4,Helsinki 4,All,All,n_rent_new,
2025Q2,091-4,Helsinki 4,All,All,index_2025,100.1
2025Q2,091-4,Helsinki 4,All,All,index_qoq_pct,0.3
2025Q2,091-4,Helsinki 4,All,All,index_yoy_pct,
2025Q2,091-4,Helsinki 4,All,All,rent_eur_m2,15.8
2025Q2,091-4,Helsinki 4,All,All,n_rent,24786.0
2025Q2,091-4,Helsinki 4,All,All,rent_new_eur_m2,
2025Q2,091-4,Helsinki 4,All,All,n_rent_new,
2025Q3,091-4,Helsinki 4,All,All,index_2025,100.1
2025Q3,091-4,Helsinki 4,All,All,index_qoq_pct,0.0
2025Q3,091-4,Helsinki 4,All,All,index_yoy_pct,
2025Q3,091-4,Helsinki 4,All,All,rent_eur_m2,15.8
2025Q3,091-4,Helsinki 4,All,All,n_rent,25045.0
2025Q3,091-4,Helsinki 4,All,All,rent_new_eur_m2,
2025Q3,091-4,Helsinki 4,All,All,n_rent_new,
2025Q4,091-4,Helsinki 4,All,All,index_2025,100.2
2025Q4,091-4,Helsinki 4,All,All,index_qoq_pct,0.1
2025Q4,091-4,Helsinki 4,All,All,index_yoy_pct,
2025Q4,091-4,Helsinki 4,All,All,rent_eur_m2,15.82
2025Q4,091-4,Helsinki 4,All,All,n_rent,25375.0
2025Q4,091-4,Helsinki 4,All,All,rent_new_eur_m2,
2025Q4,091-4,Helsinki 4,All,All,n_rent_new,
2026Q1,091-4,Helsinki 4,All,All,index_2025,100.3
2026Q1,091-4,Helsinki 4,All,All,index_qoq_pct,0.2
2026Q1,091-4,Helsinki 4,All,All,index_yoy_pct,0.6
2026Q1,091-4,Helsinki 4,All,All,rent_eur_m2,15.87
2026Q1,091-4,Helsinki 4,All,All,n_rent,25134.0
2026Q1,091-4,Helsinki 4,All,All,rent_new_eur_m2,
2026Q1,091-4,Helsinki 4,All,All,n_rent_new,
2026Q2,091-4,Helsinki 4,All,All,index_2025,100.4
2026Q2,091-4,Helsinki 4,All,All,index_qoq_pct,0.1
2026Q2,091-4,Helsinki 4,All,All,index_yoy_pct,0.4
2026Q2,091-4,Helsinki 4,All,All,rent_eur_m2,15.9
2026Q2,091-4,Helsinki 4,All,All,n_rent,25008.0
2026Q2,091-4,Helsinki 4,All,All,rent_new_eur_m2,
2026Q2,091-4,Helsinki 4,All,All,n_rent_new,
2025Q1,049,Espoo-Kauniainen,All,All,index_2025,99.7
2025Q1,049,Espoo-Kauniainen,All,All,index_qoq_pct,
2025Q1,049,Espoo-Kauniainen,All,All,index_yoy_pct,
2025Q1,049,Espoo-Kauniainen,All,All,rent_eur_m2,17.32
2025Q1,049,Espoo-Kauniainen,All,All,n_rent,24535.0
2025Q1,049,Espoo-Kauniainen,All,All,rent_new_eur_m2,
2025Q1,049,Espoo-Kauniainen,All,All,n_rent_new,
2025Q2,049,Espoo-Kauniainen,All,All,index_2025,100.0
2025Q2,049,Espoo-Kauniainen,All,All,index_qoq_pct,0.2
2025Q2,049,Espoo-Kauniainen,All,All,index_yoy_pct,
2025Q2,049,Espoo-Kauniainen,All,All,rent_eur_m2,17.4
2025Q2,049,Espoo-Kauniainen,All,All,n_rent,24034.0
2025Q2,049,Espoo-Kauniainen,All,All,rent_new_eur_m2,
2025Q2,049,Espoo-Kauniainen,All,All,n_rent_new,
2025Q3,049,Espoo-Kauniainen,All,All,index_2025,100.1
2025Q3,049,Espoo-Kauniainen,All,All,index_qoq_pct,0.1
2025Q3,049,Espoo-Kauniainen,All,All,index_yoy_pct,
2025Q3,049,Espoo-Kauniainen,All,All,rent_eur_m2,17.42
2025Q3,049,Espoo-Kauniainen,All,All,n_rent,23953.0
2025Q3,049,Espoo-Kauniainen,All,All,rent_new_eur_m2,
2025Q3,049,Espoo-Kauniainen,All,All,n_rent_new,
2025Q4,049,Espoo-Kauniainen,All,All,index_2025,100.3
2025Q4,049,Espoo-Kauniainen,All,All,index_qoq_pct,0.2
2025Q4,049,Espoo-Kauniainen,All,All,index_yoy_pct,
2025Q4,049,Espoo-Kauniainen,All,All,rent_eur_m2,17.48
2025Q4,049,Espoo-Kauniainen,All,All,n_rent,24482.0
2025Q4,049,Espoo-Kauniainen,All,All,rent_new_eur_m2,
2025Q4,049,Espoo-Kauniainen,All,All,n_rent_new,
2026Q1,049,Espoo-Kauniainen,All,All,index_2025,100.5
2026Q1,049,Espoo-Kauniainen,All,All,index_qoq_pct,0.2
2026Q1,049,Espoo-Kauniainen,All,All,index_yoy_pct,0.7
2026Q1,049,Espoo-Kauniainen,All,All,rent_eur_m2,17.52
2026Q1,049,Espoo-Kauniainen,All,All,n_rent,24716.0
2026Q1,049,Espoo-Kauniainen,All,All,rent_new_eur_m2,
2026Q1,049,Espoo-Kauniainen,All,All,n_rent_new,
2026Q2,049,Espoo-Kauniainen,All,All,index_2025,100.6
2026Q2,049,Espoo-Kauniainen,All,All,index_qoq_pct,0.1
2026Q2,049,Espoo-Kauniainen,All,All,index_yoy_pct,0.7
2026Q2,049,Espoo-Kauniainen,All,All,rent_eur_m2,17.66
2026Q2,049,Espoo-Kauniainen,All,All,n_rent,25281.0
2026Q2,049,Espoo-Kauniainen,All,All,rent_new_eur_m2,
2026Q2,049,Espoo-Kauniainen,All,All,n_rent_new,
2025Q1,049-1,Espoo-Kauniainen 1,All,All,index_2025,99.8
2025Q1,049-1,Espoo-Kauniainen 1,All,All,index_qoq_pct,
2025Q1,049-1,Espoo-Kauniainen 1,All,All,index_yoy_pct,
2025Q1,049-1,Espoo-Kauniainen 1,All,All,rent_eur_m2,18.76
2025Q1,049-1,Espoo-Kauniainen 1,All,All,n_rent,10532.0
2025Q1,049-1,Espoo-Kauniainen 1,All,All,rent_new_eur_m2,
2025Q1,049-1,Espoo-Kauniainen 1,All,All,n_rent_new,
2025Q2,049-1,Espoo-Kauniainen 1,All,All,index_2025,100.0
2025Q2,049-1,Espoo-Kauniainen 1,All,All,index_qoq_pct,0.2
2025Q2,049-1,Espoo-Kauniainen 1,All,All,index_yoy_pct,
2025Q2,049-1,Espoo-Kauniainen 1,All,All,rent_eur_m2,18.85
2025Q2,049-1,Espoo-Kauniainen 1,All,All,n_rent,10290.0
2025Q2,049-1,Espoo-Kauniainen 1,All,All,rent_new_eur_m2,
2025Q2,049-1,Espoo-Kauniainen 1,All,All,n_rent_new,
2025Q3,049-1,Espoo-Kauniainen 1,All,All,index_2025,100.0
2025Q3,049-1,Espoo-Kauniainen 1,All,All,index_qoq_pct,0.1
2025Q3,049-1,Espoo-Kauniainen 1,All,All,index_yoy_pct,
2025Q3,049-1,Espoo-Kauniainen 1,All,All,rent_eur_m2,18.86
2025Q3,049-1,Espoo-Kauniainen 1,All,All,n_rent,10097.0
2025Q3,049-1,Espoo-Kauniainen 1,All,All,rent_new_eur_m2,
2025Q3,049-1,Espoo-Kauniainen 1,All,All,n_rent_new,
2025Q4,049-1,Espoo-Kauniainen 1,All,All,index_2025,100.2
2025Q4,049-1,Espoo-Kauniainen 1,All,All,index_qoq_pct,0.2
2025Q4,049-1,Espoo-Kauniainen 1,All,All,index_yoy_pct,
2025Q4,049-1,Espoo-Kauniainen 1,All,All,rent_eur_m2,18.91
2025Q4,049-1,Espoo-Kauniainen 1,All,All,n_rent,10429.0
2025Q4,049-1,Espoo-Kauniainen 1,All,All,rent_new_eur_m2,
2025Q4,049-1,Espoo-Kauniainen 1,All,All,n_rent_new,
2026Q1,049-1,Espoo-Kauniainen 1,All,All,index_2025,100.3
2026Q1,049-1,Espoo-Kauniainen 1,All,All,index_qoq_pct,0.1
2026Q1,049-1,Espoo-Kauniainen 1,All,All,index_yoy_pct,0.6
2026Q1,049-1,Espoo-Kauniainen 1,All,All,rent_eur_m2,18.93
2026Q1,049-1,Espoo-Kauniainen 1,All,All,n_rent,10636.0
2026Q1,049-1,Espoo-Kauniainen 1,All,All,rent_new_eur_m2,
2026Q1,049-1,Espoo-Kauniainen 1,All,All,n_rent_new,
2026Q2,049-1,Espoo-Kauniainen 1,All,All,index_2025,100.5
2026Q2,049-1,Espoo-Kauniainen 1,All,All,index_qoq_pct,0.1
2026Q2,049-1,Espoo-Kauniainen 1,All,All,index_yoy_pct,0.5
2026Q2,049-1,Espoo-Kauniainen 1,All,All,rent_eur_m2,19.14
2026Q2,049-1,Espoo-Kauniainen 1,All,All,n_rent,11006.0
2026Q2,049-1,Espoo-Kauniainen 1,All,All,rent_new_eur_m2,
2026Q2,049-1,Espoo-Kauniainen 1,All,All,n_rent_new,
2025Q1,049-2,Espoo-Kauniainen 2,All,All,index_2025,99.6
2025Q1,049-2,Espoo-Kauniainen 2,All,All,index_qoq_pct,
2025Q1,049-2,Espoo-Kauniainen 2,All,All,index_yoy_pct,
2025Q1,049-2,Espoo-Kauniainen 2,All,All,rent_eur_m2,16.8
2025Q1,049-2,Espoo-Kauniainen 2,All,All,n_rent,5892.0
2025Q1,049-2,Espoo-Kauniainen 2,All,All,rent_new_eur_m2,
2025Q1,049-2,Espoo-Kauniainen 2,All,All,n_rent_new,
2025Q2,049-2,Espoo-Kauniainen 2,All,All,index_2025,99.9
2025Q2,049-2,Espoo-Kauniainen 2,All,All,index_qoq_pct,0.3
2025Q2,049-2,Espoo-Kauniainen 2,All,All,index_yoy_pct,
2025Q2,049-2,Espoo-Kauniainen 2,All,All,rent_eur_m2,16.89
2025Q2,049-2,Espoo-Kauniainen 2,All,All,n_rent,5814.0
2025Q2,049-2,Espoo-Kauniainen 2,All,All,rent_new_eur_m2,
2025Q2,049-2,Espoo-Kauniainen 2,All,All,n_rent_new,
2025Q3,049-2,Espoo-Kauniainen 2,All,All,index_2025,100.1
2025Q3,049-2,Espoo-Kauniainen 2,All,All,index_qoq_pct,0.2
2025Q3,049-2,Espoo-Kauniainen 2,All,All,index_yoy_pct,
2025Q3,049-2,Espoo-Kauniainen 2,All,All,rent_eur_m2,16.95
2025Q3,049-2,Espoo-Kauniainen 2,All,All,n_rent,5851.0
2025Q3,049-2,Espoo-Kauniainen 2,All,All,rent_new_eur_m2,
2025Q3,049-2,Espoo-Kauniainen 2,All,All,n_rent_new,
2025Q4,049-2,Espoo-Kauniainen 2,All,All,index_2025,100.3
2025Q4,049-2,Espoo-Kauniainen 2,All,All,index_qoq_pct,0.2
2025Q4,049-2,Espoo-Kauniainen 2,All,All,index_yoy_pct,
2025Q4,049-2,Espoo-Kauniainen 2,All,All,rent_eur_m2,16.99
2025Q4,049-2,Espoo-Kauniainen 2,All,All,n_rent,5964.0
2025Q4,049-2,Espoo-Kauniainen 2,All,All,rent_new_eur_m2,
2025Q4,049-2,Espoo-Kauniainen 2,All,All,n_rent_new,
2026Q1,049-2,Espoo-Kauniainen 2,All,All,index_2025,100.7
2026Q1,049-2,Espoo-Kauniainen 2,All,All,index_qoq_pct,0.3
2026Q1,049-2,Espoo-Kauniainen 2,All,All,index_yoy_pct,1.0
2026Q1,049-2,Espoo-Kauniainen 2,All,All,rent_eur_m2,17.0
2026Q1,049-2,Espoo-Kauniainen 2,All,All,n_rent,6030.0
2026Q1,049-2,Espoo-Kauniainen 2,All,All,rent_new_eur_m2,
2026Q1,049-2,Espoo-Kauniainen 2,All,All,n_rent_new,
2026Q2,049-2,Espoo-Kauniainen 2,All,All,index_2025,100.9
2026Q2,049-2,Espoo-Kauniainen 2,All,All,index_qoq_pct,0.2
2026Q2,049-2,Espoo-Kauniainen 2,All,All,index_yoy_pct,1.0
2026Q2,049-2,Espoo-Kauniainen 2,All,All,rent_eur_m2,17.11
2026Q2,049-2,Espoo-Kauniainen 2,All,All,n_rent,6218.0
2026Q2,049-2,Espoo-Kauniainen 2,All,All,rent_new_eur_m2,
2026Q2,049-2,Espoo-Kauniainen 2,All,All,n_rent_new,
2025Q1,049-3,Espoo-Kauniainen 3,All,All,index_2025,99.7
2025Q1,049-3,Espoo-Kauniainen 3,All,All,index_qoq_pct,
2025Q1,049-3,Espoo-Kauniainen 3,All,All,index_yoy_pct,
2025Q1,049-3,Espoo-Kauniainen 3,All,All,rent_eur_m2,15.81
2025Q1,049-3,Espoo-Kauniainen 3,All,All,n_rent,8111.0
2025Q1,049-3,Espoo-Kauniainen 3,All,All,rent_new_eur_m2,
2025Q1,049-3,Espoo-Kauniainen 3,All,All,n_rent_new,
2025Q2,049-3,Espoo-Kauniainen 3,All,All,index_2025,100.0
2025Q2,049-3,Espoo-Kauniainen 3,All,All,index_qoq_pct,0.2
2025Q2,049-3,Espoo-Kauniainen 3,All,All,index_yoy_pct,
2025Q2,049-3,Espoo-Kauniainen 3,All,All,rent_eur_m2,15.89
2025Q2,049-3,Espoo-Kauniainen 3,All,All,n_rent,7930.0
2025Q2,049-3,Espoo-Kauniainen 3,All,All,rent_new_eur_m2,
2025Q2,049-3,Espoo-Kauniainen 3,All,All,n_rent_new,
2025Q3,049-3,Espoo-Kauniainen 3,All,All,index_2025,100.1
2025Q3,049-3,Espoo-Kauniainen 3,All,All,index_qoq_pct,0.1
2025Q3,049-3,Espoo-Kauniainen 3,All,All,index_yoy_pct,
2025Q3,049-3,Espoo-Kauniainen 3,All,All,rent_eur_m2,15.93
2025Q3,049-3,Espoo-Kauniainen 3,All,All,n_rent,8005.0
2025Q3,049-3,Espoo-Kauniainen 3,All,All,rent_new_eur_m2,
2025Q3,049-3,Espoo-Kauniainen 3,All,All,n_rent_new,
2025Q4,049-3,Espoo-Kauniainen 3,All,All,index_2025,100.2
2025Q4,049-3,Espoo-Kauniainen 3,All,All,index_qoq_pct,0.2
2025Q4,049-3,Espoo-Kauniainen 3,All,All,index_yoy_pct,
2025Q4,049-3,Espoo-Kauniainen 3,All,All,rent_eur_m2,15.97
2025Q4,049-3,Espoo-Kauniainen 3,All,All,n_rent,8089.0
2025Q4,049-3,Espoo-Kauniainen 3,All,All,rent_new_eur_m2,
2025Q4,049-3,Espoo-Kauniainen 3,All,All,n_rent_new,
2026Q1,049-3,Espoo-Kauniainen 3,All,All,index_2025,100.5
2026Q1,049-3,Espoo-Kauniainen 3,All,All,index_qoq_pct,0.2
2026Q1,049-3,Espoo-Kauniainen 3,All,All,index_yoy_pct,0.8
2026Q1,049-3,Espoo-Kauniainen 3,All,All,rent_eur_m2,16.02
2026Q1,049-3,Espoo-Kauniainen 3,All,All,n_rent,8050.0
2026Q1,049-3,Espoo-Kauniainen 3,All,All,rent_new_eur_m2,
2026Q1,049-3,Espoo-Kauniainen 3,All,All,n_rent_new,
2026Q2,049-3,Espoo-Kauniainen 3,All,All,index_2025,100.6
2026Q2,049-3,Espoo-Kauniainen 3,All,All,index_qoq_pct,0.1
2026Q2,049-3,Espoo-Kauniainen 3,All,All,index_yoy_pct,0.7
2026Q2,049-3,Espoo-Kauniainen 3,All,All,rent_eur_m2,16.04
2026Q2,049-3,Espoo-Kauniainen 3,All,All,n_rent,8057.0
2026Q2,049-3,Espoo-Kauniainen 3,All,All,rent_new_eur_m2,
2026Q2,049-3,Espoo-Kauniainen 3,All,All,n_rent_new,
2025Q1,092,Vantaa,All,All,index_2025,100.3
2025Q1,092,Vantaa,All,All,index_qoq_pct,
2025Q1,092,Vantaa,All,All,index_yoy_pct,
2025Q1,092,Vantaa,All,All,rent_eur_m2,16.7
2025Q1,092,Vantaa,All,All,n_rent,23256.0
2025Q1,092,Vantaa,All,All,rent_new_eur_m2,
2025Q1,092,Vantaa,All,All,n_rent_new,
2025Q2,092,Vantaa,All,All,index_2025,100.1
2025Q2,092,Vantaa,All,All,index_qoq_pct,-0.1
2025Q2,092,Vantaa,All,All,index_yoy_pct,
2025Q2,092,Vantaa,All,All,rent_eur_m2,16.71
2025Q2,092,Vantaa,All,All,n_rent,23158.0
2025Q2,092,Vantaa,All,All,rent_new_eur_m2,
2025Q2,092,Vantaa,All,All,n_rent_new,
2025Q3,092,Vantaa,All,All,index_2025,99.9
2025Q3,092,Vantaa,All,All,index_qoq_pct,-0.3
2025Q3,092,Vantaa,All,All,index_yoy_pct,
2025Q3,092,Vantaa,All,All,rent_eur_m2,16.72
2025Q3,092,Vantaa,All,All,n_rent,23614.0
2025Q3,092,Vantaa,All,All,rent_new_eur_m2,
2025Q3,092,Vantaa,All,All,n_rent_new,
2025Q4,092,Vantaa,All,All,index_2025,99.7
2025Q4,092,Vantaa,All,All,index_qoq_pct,-0.1
2025Q4,092,Vantaa,All,All,index_yoy_pct,
2025Q4,092,Vantaa,All,All,rent_eur_m2,16.67
2025Q4,092,Vantaa,All,All,n_rent,23859.0
2025Q4,092,Vantaa,All,All,rent_new_eur_m2,
2025Q4,092,Vantaa,All,All,n_rent_new,
2026Q1,092,Vantaa,All,All,index_2025,99.7
2026Q1,092,Vantaa,All,All,index_qoq_pct,0.0
2026Q1,092,Vantaa,All,All,index_yoy_pct,-0.6
2026Q1,092,Vantaa,All,All,rent_eur_m2,16.65
2026Q1,092,Vantaa,All,All,n_rent,23890.0
2026Q1,092,Vantaa,All,All,rent_new_eur_m2,
2026Q1,092,Vantaa,All,All,n_rent_new,
2026Q2,092,Vantaa,All,All,index_2025,99.6
2026Q2,092,Vantaa,All,All,index_qoq_pct,-0.1
2026Q2,092,Vantaa,All,All,index_yoy_pct,-0.5
2026Q2,092,Vantaa,All,All,rent_eur_m2,16.79
2026Q2,092,Vantaa,All,All,n_rent,24468.0
2026Q2,092,Vantaa,All,All,rent_new_eur_m2,
2026Q2,092,Vantaa,All,All,n_rent_new,
2025Q1,092-1,Vantaa 1,All,All,index_2025,100.2
2025Q1,092-1,Vantaa 1,All,All,index_qoq_pct,
2025Q1,092-1,Vantaa 1,All,All,index_yoy_pct,
2025Q1,092-1,Vantaa 1,All,All,rent_eur_m2,18.37
2025Q1,092-1,Vantaa 1,All,All,n_rent,6215.0
2025Q1,092-1,Vantaa 1,All,All,rent_new_eur_m2,
2025Q1,092-1,Vantaa 1,All,All,n_rent_new,
2025Q2,092-1,Vantaa 1,All,All,index_2025,100.1
2025Q2,092-1,Vantaa 1,All,All,index_qoq_pct,-0.1
2025Q2,092-1,Vantaa 1,All,All,index_yoy_pct,
2025Q2,092-1,Vantaa 1,All,All,rent_eur_m2,18.38
2025Q2,092-1,Vantaa 1,All,All,n_rent,6193.0
2025Q2,092-1,Vantaa 1,All,All,rent_new_eur_m2,
2025Q2,092-1,Vantaa 1,All,All,n_rent_new,
2025Q3,092-1,Vantaa 1,All,All,index_2025,99.9
2025Q3,092-1,Vantaa 1,All,All,index_qoq_pct,-0.2
2025Q3,092-1,Vantaa 1,All,All,index_yoy_pct,
2025Q3,092-1,Vantaa 1,All,All,rent_eur_m2,18.44
2025Q3,092-1,Vantaa 1,All,All,n_rent,6476.0
2025Q3,092-1,Vantaa 1,All,All,rent_new_eur_m2,
2025Q3,092-1,Vantaa 1,All,All,n_rent_new,
2025Q4,092-1,Vantaa 1,All,All,index_2025,99.8
2025Q4,092-1,Vantaa 1,All,All,index_qoq_pct,-0.2
2025Q4,092-1,Vantaa 1,All,All,index_yoy_pct,
2025Q4,092-1,Vantaa 1,All,All,rent_eur_m2,18.37
2025Q4,092-1,Vantaa 1,All,All,n_rent,6401.0
2025Q4,092-1,Vantaa 1,All,All,rent_new_eur_m2,
2025Q4,092-1,Vantaa 1,All,All,n_rent_new,
2026Q1,092-1,Vantaa 1,All,All,index_2025,99.7
2026Q1,092-1,Vantaa 1,All,All,index_qoq_pct,-0.1
2026Q1,092-1,Vantaa 1,All,All,index_yoy_pct,-0.6
2026Q1,092-1,Vantaa 1,All,All,rent_eur_m2,18.35
2026Q1,092-1,Vantaa 1,All,All,n_rent,6400.0
2026Q1,092-1,Vantaa 1,All,All,rent_new_eur_m2,
2026Q1,092-1,Vantaa 1,All,All,n_rent_new,
2026Q2,092-1,Vantaa 1,All,All,index_2025,99.5
2026Q2,092-1,Vantaa 1,All,All,index_qoq_pct,-0.2
2026Q2,092-1,Vantaa 1,All,All,index_yoy_pct,-0.6
2026Q2,092-1,Vantaa 1,All,All,rent_eur_m2,18.57
2026Q2,092-1,Vantaa 1,All,All,n_rent,7032.0
2026Q2,092-1,Vantaa 1,All,All,rent_new_eur_m2,
2026Q2,092-1,Vantaa 1,All,All,n_rent_new,
2025Q1,092-2,Vantaa 2,All,All,index_2025,100.4
2025Q1,092-2,Vantaa 2,All,All,index_qoq_pct,
2025Q1,092-2,Vantaa 2,All,All,index_yoy_pct,
2025Q1,092-2,Vantaa 2,All,All,rent_eur_m2,16.14
2025Q1,092-2,Vantaa 2,All,All,n_rent,5122.0
2025Q1,092-2,Vantaa 2,All,All,rent_new_eur_m2,
2025Q1,092-2,Vantaa 2,All,All,n_rent_new,
2025Q2,092-2,Vantaa 2,All,All,index_2025,100.1
2025Q2,092-2,Vantaa 2,All,All,index_qoq_pct,-0.3
2025Q2,092-2,Vantaa 2,All,All,index_yoy_pct,
2025Q2,092-2,Vantaa 2,All,All,rent_eur_m2,16.15
2025Q2,092-2,Vantaa 2,All,All,n_rent,5112.0
2025Q2,092-2,Vantaa 2,All,All,rent_new_eur_m2,
2025Q2,092-2,Vantaa 2,All,All,n_rent_new,
2025Q3,092-2,Vantaa 2,All,All,index_2025,99.8
2025Q3,092-2,Vantaa 2,All,All,index_qoq_pct,-0.4
2025Q3,092-2,Vantaa 2,All,All,index_yoy_pct,
2025Q3,092-2,Vantaa 2,All,All,rent_eur_m2,16.16
2025Q3,092-2,Vantaa 2,All,All,n_rent,5207.0
2025Q3,092-2,Vantaa 2,All,All,rent_new_eur_m2,
2025Q3,092-2,Vantaa 2,All,All,n_rent_new,
2025Q4,092-2,Vantaa 2,All,All,index_2025,99.6
2025Q4,092-2,Vantaa 2,All,All,index_qoq_pct,-0.1
2025Q4,092-2,Vantaa 2,All,All,index_yoy_pct,
2025Q4,092-2,Vantaa 2,All,All,rent_eur_m2,16.09
2025Q4,092-2,Vantaa 2,All,All,n_rent,5167.0
2025Q4,092-2,Vantaa 2,All,All,rent_new_eur_m2,
2025Q4,092-2,Vantaa 2,All,All,n_rent_new,
2026Q1,092-2,Vantaa 2,All,All,index_2025,99.6
2026Q1,092-2,Vantaa 2,All,All,index_qoq_pct,0.0
2026Q1,092-2,Vantaa 2,All,All,index_yoy_pct,-0.8
2026Q1,092-2,Vantaa 2,All,All,rent_eur_m2,16.04
2026Q1,092-2,Vantaa 2,All,All,n_rent,5201.0
2026Q1,092-2,Vantaa 2,All,All,rent_new_eur_m2,
2026Q1,092-2,Vantaa 2,All,All,n_rent_new,
2026Q2,092-2,Vantaa 2,All,All,index_2025,99.5
2026Q2,092-2,Vantaa 2,All,All,index_qoq_pct,-0.1
2026Q2,092-2,Vantaa 2,All,All,index_yoy_pct,-0.6
2026Q2,092-2,Vantaa 2,All,All,rent_eur_m2,16.07
2026Q2,092-2,Vantaa 2,All,All,n_rent,5151.0
2026Q2,092-2,Vantaa 2,All,All,rent_new_eur_m2,
2026Q2,092-2,Vantaa 2,All,All,n_rent_new,
2025Q1,092-3,Vantaa 3,All,All,index_2025,100.3
2025Q1,092-3,Vantaa 3,All,All,index_qoq_pct,
2025Q1,092-3,Vantaa 3,All,All,index_yoy_pct,
2025Q1,092-3,Vantaa 3,All,All,rent_eur_m2,15.82
2025Q1,092-3,Vantaa 3,All,All,n_rent,11919.0
2025Q1,092-3,Vantaa 3,All,All,rent_new_eur_m2,
2025Q1,092-3,Vantaa 3,All,All,n_rent_new,
2025Q2,092-3,Vantaa 3,All,All,index_2025,100.1
2025Q2,092-3,Vantaa 3,All,All,index_qoq_pct,-0.1
2025Q2,092-3,Vantaa 3,All,All,index_yoy_pct,
2025Q2,092-3,Vantaa 3,All,All,rent_eur_m2,15.83
2025Q2,092-3,Vantaa 3,All,All,n_rent,11853.0
2025Q2,092-3,Vantaa 3,All,All,rent_new_eur_m2,
2025Q2,092-3,Vantaa 3,All,All,n_rent_new,
2025Q3,092-3,Vantaa 3,All,All,index_2025,99.8
2025Q3,092-3,Vantaa 3,All,All,index_qoq_pct,-0.3
2025Q3,092-3,Vantaa 3,All,All,index_yoy_pct,
2025Q3,092-3,Vantaa 3,All,All,rent_eur_m2,15.77
2025Q3,092-3,Vantaa 3,All,All,n_rent,11931.0
2025Q3,092-3,Vantaa 3,All,All,rent_new_eur_m2,
2025Q3,092-3,Vantaa 3,All,All,n_rent_new,
2025Q4,092-3,Vantaa 3,All,All,index_2025,99.8
2025Q4,092-3,Vantaa 3,All,All,index_qoq_pct,-0.1
2025Q4,092-3,Vantaa 3,All,All,index_yoy_pct,
2025Q4,092-3,Vantaa 3,All,All,rent_eur_m2,15.76
2025Q4,092-3,Vantaa 3,All,All,n_rent,12291.0
2025Q4,092-3,Vantaa 3,All,All,rent_new_eur_m2,
2025Q4,092-3,Vantaa 3,All,All,n_rent_new,
2026Q1,092-3,Vantaa 3,All,All,index_2025,99.8
2026Q1,092-3,Vantaa 3,All,All,index_qoq_pct,0.0
2026Q1,092-3,Vantaa 3,All,All,index_yoy_pct,-0.5
2026Q1,092-3,Vantaa 3,All,All,rent_eur_m2,15.76
2026Q1,092-3,Vantaa 3,All,All,n_rent,12289.0
2026Q1,092-3,Vantaa 3,All,All,rent_new_eur_m2,
2026Q1,092-3,Vantaa 3,All,All,n_rent_new,
2026Q2,092-3,Vantaa 3,All,All,index_2025,99.7
2026Q2,092-3,Vantaa 3,All,All,index_qoq_pct,-0.1
2026Q2,092-3,Vantaa 3,All,All,index_yoy_pct,-0.5
2026Q2,092-3,Vantaa 3,All,All,rent_eur_m2,15.75
2026Q2,092-3,Vantaa 3,All,All,n_rent,12285.0
2026Q2,092-3,Vantaa 3,All,All,rent_new_eur_m2,
2026Q2,092-3,Vantaa 3,All,All,n_rent_new,
2025Q1,ksu,Koko maa,Studio,All,index_2025,99.7
2025Q1,ksu,Koko maa,Studio,All,index_qoq_pct,
2025Q1,ksu,Koko maa,Studio,All,index_yoy_pct,
2025Q1,ksu,Koko maa,Studio,All,rent_eur_m2,18.79
2025Q1,ksu,Koko maa,Studio,All,n_rent,133206.0
2025Q1,ksu,Koko maa,Studio,All,rent_new_eur_m2,
2025Q1,ksu,Koko maa,Studio,All,n_rent_new,
2025Q2,ksu,Koko maa,Studio,All,index_2025,99.9
2025Q2,ksu,Koko maa,Studio,All,index_qoq_pct,0.2
2025Q2,ksu,Koko maa,Studio,All,index_yoy_pct,
2025Q2,ksu,Koko maa,Studio,All,rent_eur_m2,18.81
2025Q2,ksu,Koko maa,Studio,All,n_rent,132799.0
2025Q2,ksu,Koko maa,Studio,All,rent_new_eur_m2,
2025Q2,ksu,Koko maa,Studio,All,n_rent_new,
2025Q3,ksu,Koko maa,Studio,All,index_2025,100.0
2025Q3,ksu,Koko maa,Studio,All,index_qoq_pct,0.2
2025Q3,ksu,Koko maa,Studio,All,index_yoy_pct,
2025Q3,ksu,Koko maa,Studio,All,rent_eur_m2,18.85
2025Q3,ksu,Koko maa,Studio,All,n_rent,127997.0
2025Q3,ksu,Koko maa,Studio,All,rent_new_eur_m2,
2025Q3,ksu,Koko maa,Studio,All,n_rent_new,
2025Q4,ksu,Koko maa,Studio,All,index_2025,100.3
2025Q4,ksu,Koko maa,Studio,All,index_qoq_pct,0.3
2025Q4,ksu,Koko maa,Studio,All,index_yoy_pct,
2025Q4,ksu,Koko maa,Studio,All,rent_eur_m2,18.94
2025Q4,ksu,Koko maa,Studio,All,n_rent,133281.0
2025Q4,ksu,Koko maa,Studio,All,rent_new_eur_m2,
2025Q4,ksu,Koko maa,Studio,All,n_rent_new,
2026Q1,ksu,Koko maa,Studio,All,index_2025,100.5
2026Q1,ksu,Koko maa,Studio,All,index_qoq_pct,0.1
2026Q1,ksu,Koko maa,Studio,All,index_yoy_pct,0.8
2026Q1,ksu,Koko maa,Studio,All,rent_eur_m2,18.96
2026Q1,ksu,Koko maa,Studio,All,n_rent,134461.0
2026Q1,ksu,Koko maa,Studio,All,rent_new_eur_m2,
2026Q1,ksu,Koko maa,Studio,All,n_rent_new,
2026Q2,ksu,Koko maa,Studio,All,index_2025,100.6
2026Q2,ksu,Koko maa,Studio,All,index_qoq_pct,0.1
2026Q2,ksu,Koko maa,Studio,All,index_yoy_pct,0.7
2026Q2,ksu,Koko maa,Studio,All,rent_eur_m2,19.17
2026Q2,ksu,Koko maa,Studio,All,n_rent,135733.0
2026Q2,ksu,Koko maa,Studio,All,rent_new_eur_m2,
2026Q2,ksu,Koko maa,Studio,All,n_rent_new,
2025Q1,pks,Pääkaupunkiseutu (PKS),Studio,All,index_2025,99.9
2025Q1,pks,Pääkaupunkiseutu (PKS),Studio,All,index_qoq_pct,
2025Q1,pks,Pääkaupunkiseutu (PKS),Studio,All,index_yoy_pct,
2025Q1,pks,Pääkaupunkiseutu (PKS),Studio,All,rent_eur_m2,23.74
2025Q1,pks,Pääkaupunkiseutu (PKS),Studio,All,n_rent,42039.0
2025Q1,pks,Pääkaupunkiseutu (PKS),Studio,All,rent_new_eur_m2,
2025Q1,pks,Pääkaupunkiseutu (PKS),Studio,All,n_rent_new,
2025Q2,pks,Pääkaupunkiseutu (PKS),Studio,All,index_2025,99.9
2025Q2,pks,Pääkaupunkiseutu (PKS),Studio,All,index_qoq_pct,0.1
2025Q2,pks,Pääkaupunkiseutu (PKS),Studio,All,index_yoy_pct,
2025Q2,pks,Pääkaupunkiseutu (PKS),Studio,All,rent_eur_m2,23.77
2025Q2,pks,Pääkaupunkiseutu (PKS),Studio,All,n_rent,41294.0
2025Q2,pks,Pääkaupunkiseutu (PKS),Studio,All,rent_new_eur_m2,
2025Q2,pks,Pääkaupunkiseutu (PKS),Studio,All,n_rent_new,
2025Q3,pks,Pääkaupunkiseutu (PKS),Studio,All,index_2025,100.0
2025Q3,pks,Pääkaupunkiseutu (PKS),Studio,All,index_qoq_pct,0.0
2025Q3,pks,Pääkaupunkiseutu (PKS),Studio,All,index_yoy_pct,
2025Q3,pks,Pääkaupunkiseutu (PKS),Studio,All,rent_eur_m2,23.77
2025Q3,pks,Pääkaupunkiseutu (PKS),Studio,All,n_rent,40752.0
2025Q3,pks,Pääkaupunkiseutu (PKS),Studio,All,rent_new_eur_m2,
2025Q3,pks,Pääkaupunkiseutu (PKS),Studio,All,n_rent_new,
2025Q4,pks,Pääkaupunkiseutu (PKS),Studio,All,index_2025,100.2
2025Q4,pks,Pääkaupunkiseutu (PKS),Studio,All,index_qoq_pct,0.2
2025Q4,pks,Pääkaupunkiseutu (PKS),Studio,All,index_yoy_pct,
2025Q4,pks,Pääkaupunkiseutu (PKS),Studio,All,rent_eur_m2,23.84
2025Q4,pks,Pääkaupunkiseutu (PKS),Studio,All,n_rent,41746.0
2025Q4,pks,Pääkaupunkiseutu (PKS),Studio,All,rent_new_eur_m2,
2025Q4,pks,Pääkaupunkiseutu (PKS),Studio,All,n_rent_new,
2026Q1,pks,Pääkaupunkiseutu (PKS),Studio,All,index_2025,100.2
2026Q1,pks,Pääkaupunkiseutu (PKS),Studio,All,index_qoq_pct,0.1
2026Q1,pks,Pääkaupunkiseutu (PKS),Studio,All,index_yoy_pct,0.3
2026Q1,pks,Pääkaupunkiseutu (PKS),Studio,All,rent_eur_m2,23.83
2026Q1,pks,Pääkaupunkiseutu (PKS),Studio,All,n_rent,42149.0
2026Q1,pks,Pääkaupunkiseutu (PKS),Studio,All,rent_new_eur_m2,
2026Q1,pks,Pääkaupunkiseutu (PKS),Studio,All,n_rent_new,
2026Q2,pks,Pääkaupunkiseutu (PKS),Studio,All,index_2025,100.2
2026Q2,pks,Pääkaupunkiseutu (PKS),Studio,All,index_qoq_pct,0.0
2026Q2,pks,Pääkaupunkiseutu (PKS),Studio,All,index_yoy_pct,0.3
2026Q2,pks,Pääkaupunkiseutu (PKS),Studio,All,rent_eur_m2,23.94
2026Q2,pks,Pääkaupunkiseutu (PKS),Studio,All,n_rent,42822.0
2026Q2,pks,Pääkaupunkiseutu (PKS),Studio,All,rent_new_eur_m2,
2026Q2,pks,Pääkaupunkiseutu (PKS),Studio,All,n_rent_new,
2025Q1,091,Helsinki,Studio,All,index_2025,99.9
2025Q1,091,Helsinki,Studio,All,index_qoq_pct,
2025Q1,091,Helsinki,Studio,All,index_yoy_pct,
2025Q1,091,Helsinki,Studio,All,rent_eur_m2,24.73
2025Q1,091,Helsinki,Studio,All,n_rent,27238.0
2025Q1,091,Helsinki,Studio,All,rent_new_eur_m2,
2025Q1,091,Helsinki,Studio,All,n_rent_new,
2025Q2,091,Helsinki,Studio,All,index_2025,99.9
2025Q2,091,Helsinki,Studio,All,index_qoq_pct,0.1
2025Q2,091,Helsinki,Studio,All,index_yoy_pct,
2025Q2,091,Helsinki,Studio,All,rent_eur_m2,24.77
2025Q2,091,Helsinki,Studio,All,n_rent,26610.0
2025Q2,091,Helsinki,Studio,All,rent_new_eur_m2,
2025Q2,091,Helsinki,Studio,All,n_rent_new,
2025Q3,091,Helsinki,Studio,All,index_2025,100.0
2025Q3,091,Helsinki,Studio,All,index_qoq_pct,0.1
2025Q3,091,Helsinki,Studio,All,index_yoy_pct,
2025Q3,091,Helsinki,Studio,All,rent_eur_m2,24.77
2025Q3,091,Helsinki,Studio,All,n_rent,26083.0
2025Q3,091,Helsinki,Studio,All,rent_new_eur_m2,
2025Q3,091,Helsinki,Studio,All,n_rent_new,
2025Q4,091,Helsinki,Studio,All,index_2025,100.2
2025Q4,091,Helsinki,Studio,All,index_qoq_pct,0.2
2025Q4,091,Helsinki,Studio,All,index_yoy_pct,
2025Q4,091,Helsinki,Studio,All,rent_eur_m2,24.86
2025Q4,091,Helsinki,Studio,All,n_rent,26902.0
2025Q4,091,Helsinki,Studio,All,rent_new_eur_m2,
2025Q4,091,Helsinki,Studio,All,n_rent_new,
2026Q1,091,Helsinki,Studio,All,index_2025,100.3
2026Q1,091,Helsinki,Studio,All,index_qoq_pct,0.0
2026Q1,091,Helsinki,Studio,All,index_yoy_pct,0.4
2026Q1,091,Helsinki,Studio,All,rent_eur_m2,24.84
2026Q1,091,Helsinki,Studio,All,n_rent,27130.0
2026Q1,091,Helsinki,Studio,All,rent_new_eur_m2,
2026Q1,091,Helsinki,Studio,All,n_rent_new,
2026Q2,091,Helsinki,Studio,All,index_2025,100.2
2026Q2,091,Helsinki,Studio,All,index_qoq_pct,0.0
2026Q2,091,Helsinki,Studio,All,index_yoy_pct,0.3
2026Q2,091,Helsinki,Studio,All,rent_eur_m2,24.97
2026Q2,091,Helsinki,Studio,All,n_rent,27421.0
2026Q2,091,Helsinki,Studio,All,rent_new_eur_m2,
2026Q2,091,Helsinki,Studio,All,n_rent_new,
2025Q1,091-1,Helsinki 1,Studio,All,index_2025,99.9
2025Q1,091-1,Helsinki 1,Studio,All,index_qoq_pct,
2025Q1,091-1,Helsinki 1,Studio,All,index_yoy_pct,
2025Q1,091-1,Helsinki 1,Studio,All,rent_eur_m2,27.62
2025Q1,091-1,Helsinki 1,Studio,All,n_rent,5520.0
2025Q1,091-1,Helsinki 1,Studio,All,rent_new_eur_m2,
2025Q1,091-1,Helsinki 1,Studio,All,n_rent_new,
2025Q2,091-1,Helsinki 1,Studio,All,index_2025,99.8
2025Q2,091-1,Helsinki 1,Studio,All,index_qoq_pct,0.0
2025Q2,091-1,Helsinki 1,Studio,All,index_yoy_pct,
2025Q2,091-1,Helsinki 1,Studio,All,rent_eur_m2,27.66
2025Q2,091-1,Helsinki 1,Studio,All,n_rent,5256.0
2025Q2,091-1,Helsinki 1,Studio,All,rent_new_eur_m2,
2025Q2,091-1,Helsinki 1,Studio,All,n_rent_new,
2025Q3,091-1,Helsinki 1,Studio,All,index_2025,99.9
2025Q3,091-1,Helsinki 1,Studio,All,index_qoq_pct,0.1
2025Q3,091-1,Helsinki 1,Studio,All,index_yoy_pct,
2025Q3,091-1,Helsinki 1,Studio,All,rent_eur_m2,27.77
2025Q3,091-1,Helsinki 1,Studio,All,n_rent,5102.0
2025Q3,091-1,Helsinki 1,Studio,All,rent_new_eur_m2,
2025Q3,091-1,Helsinki 1,Studio,All,n_rent_new,
2025Q4,091-1,Helsinki 1,Studio,All,index_2025,100.3
2025Q4,091-1,Helsinki 1,Studio,All,index_qoq_pct,0.4
2025Q4,091-1,Helsinki 1,Studio,All,index_yoy_pct,
2025Q4,091-1,Helsinki 1,Studio,All,rent_eur_m2,27.85
2025Q4,091-1,Helsinki 1,Studio,All,n_rent,5318.0
2025Q4,091-1,Helsinki 1,Studio,All,rent_new_eur_m2,
2025Q4,091-1,Helsinki 1,Studio,All,n_rent_new,
2026Q1,091-1,Helsinki 1,Studio,All,index_2025,100.3
2026Q1,091-1,Helsinki 1,Studio,All,index_qoq_pct,0.0
2026Q1,091-1,Helsinki 1,Studio,All,index_yoy_pct,0.5
2026Q1,091-1,Helsinki 1,Studio,All,rent_eur_m2,27.76
2026Q1,091-1,Helsinki 1,Studio,All,n_rent,5408.0
2026Q1,091-1,Helsinki 1,Studio,All,rent_new_eur_m2,
2026Q1,091-1,Helsinki 1,Studio,All,n_rent_new,
2026Q2,091-1,Helsinki 1,Studio,All,index_2025,100.4
2026Q2,091-1,Helsinki 1,Studio,All,index_qoq_pct,0.0
2026Q2,091-1,Helsinki 1,Studio,All,index_yoy_pct,0.5
2026Q2,091-1,Helsinki 1,Studio,All,rent_eur_m2,27.87
2026Q2,091-1,Helsinki 1,Studio,All,n_rent,5417.0
2026Q2,091-1,Helsinki 1,Studio,All,rent_new_eur_m2,
2026Q2,091-1,Helsinki 1,Studio,All,n_rent_new,
2025Q1,091-2,Helsinki 2,Studio,All,index_2025,99.9
2025Q1,091-2,Helsinki 2,Studio,All,index_qoq_pct,
2025Q1,091-2,Helsinki 2,Studio,All,index_yoy_pct,
2025Q1,091-2,Helsinki 2,Studio,All,rent_eur_m2,25.43
2025Q1,091-2,Helsinki 2,Studio,All,n_rent,12382.0
2025Q1,091-2,Helsinki 2,Studio,All,rent_new_eur_m2,
2025Q1,091-2,Helsinki 2,Studio,All,n_rent_new,
2025Q2,091-2,Helsinki 2,Studio,All,index_2025,99.9
2025Q2,091-2,Helsinki 2,Studio,All,index_qoq_pct,0.1
2025Q2,091-2,Helsinki 2,Studio,All,index_yoy_pct,
2025Q2,091-2,Helsinki 2,Studio,All,rent_eur_m2,25.45
2025Q2,091-2,Helsinki 2,Studio,All,n_rent,12123.0
2025Q2,091-2,Helsinki 2,Studio,All,rent_new_eur_m2,
2025Q2,091-2,Helsinki 2,Studio,All,n_rent_new,
2025Q3,091-2,Helsinki 2,Studio,All,index_2025,100.0
2025Q3,091-2,Helsinki 2,Studio,All,index_qoq_pct,0.0
2025Q3,091-2,Helsinki 2,Studio,All,index_yoy_pct,
2025Q3,091-2,Helsinki 2,Studio,All,rent_eur_m2,25.46
2025Q3,091-2,Helsinki 2,Studio,All,n_rent,11842.0
2025Q3,091-2,Helsinki 2,Studio,All,rent_new_eur_m2,
2025Q3,091-2,Helsinki 2,Studio,All,n_rent_new,
2025Q4,091-2,Helsinki 2,Studio,All,index_2025,100.2
2025Q4,091-2,Helsinki 2,Studio,All,index_qoq_pct,0.2
2025Q4,091-2,Helsinki 2,Studio,All,index_yoy_pct,
2025Q4,091-2,Helsinki 2,Studio,All,rent_eur_m2,25.52
2025Q4,091-2,Helsinki 2,Studio,All,n_rent,12331.0
2025Q4,091-2,Helsinki 2,Studio,All,rent_new_eur_m2,
2025Q4,091-2,Helsinki 2,Studio,All,n_rent_new,
2026Q1,091-2,Helsinki 2,Studio,All,index_2025,100.2
2026Q1,091-2,Helsinki 2,Studio,All,index_qoq_pct,0.0
2026Q1,091-2,Helsinki 2,Studio,All,index_yoy_pct,0.4
2026Q1,091-2,Helsinki 2,Studio,All,rent_eur_m2,25.49
2026Q1,091-2,Helsinki 2,Studio,All,n_rent,12424.0
2026Q1,091-2,Helsinki 2,Studio,All,rent_new_eur_m2,
2026Q1,091-2,Helsinki 2,Studio,All,n_rent_new,
2026Q2,091-2,Helsinki 2,Studio,All,index_2025,100.1
2026Q2,091-2,Helsinki 2,Studio,All,index_qoq_pct,-0.1
2026Q2,091-2,Helsinki 2,Studio,All,index_yoy_pct,0.2
2026Q2,091-2,Helsinki 2,Studio,All,rent_eur_m2,25.52
2026Q2,091-2,Helsinki 2,Studio,All,n_rent,12571.0
2026Q2,091-2,Helsinki 2,Studio,All,rent_new_eur_m2,
2026Q2,091-2,Helsinki 2,Studio,All,n_rent_new,
2025Q1,091-3,Helsinki 3,Studio,All,index_2025,99.8
2025Q1,091-3,Helsinki 3,Studio,All,index_qoq_pct,
2025Q1,091-3,Helsinki 3,Studio,All,index_yoy_pct,
2025Q1,091-3,Helsinki 3,Studio,All,rent_eur_m2,23.32
2025Q1,091-3,Helsinki 3,Studio,All,n_rent,3400.0
2025Q1,091-3,Helsinki 3,Studio,All,rent_new_eur_m2,
2025Q1,091-3,Helsinki 3,Studio,All,n_rent_new,
2025Q2,091-3,Helsinki 3,Studio,All,index_2025,99.9
2025Q2,091-3,Helsinki 3,Studio,All,index_qoq_pct,0.2
2025Q2,091-3,Helsinki 3,Studio,All,index_yoy_pct,
2025Q2,091-3,Helsinki 3,Studio,All,rent_eur_m2,23.47
2025Q2,091-3,Helsinki 3,Studio,All,n_rent,3374.0
2025Q2,091-3,Helsinki 3,Studio,All,rent_new_eur_m2,
2025Q2,091-3,Helsinki 3,Studio,All,n_rent_new,
2025Q3,091-3,Helsinki 3,Studio,All,index_2025,100.0
2025Q3,091-3,Helsinki 3,Studio,All,index_qoq_pct,0.1
2025Q3,091-3,Helsinki 3,Studio,All,index_yoy_pct,
2025Q3,091-3,Helsinki 3,Studio,All,rent_eur_m2,23.54
2025Q3,091-3,Helsinki 3,Studio,All,n_rent,3294.0
2025Q3,091-3,Helsinki 3,Studio,All,rent_new_eur_m2,
2025Q3,091-3,Helsinki 3,Studio,All,n_rent_new,
2025Q4,091-3,Helsinki 3,Studio,All,index_2025,100.2
2025Q4,091-3,Helsinki 3,Studio,All,index_qoq_pct,0.2
2025Q4,091-3,Helsinki 3,Studio,All,index_yoy_pct,
2025Q4,091-3,Helsinki 3,Studio,All,rent_eur_m2,23.52
2025Q4,091-3,Helsinki 3,Studio,All,n_rent,3356.0
2025Q4,091-3,Helsinki 3,Studio,All,rent_new_eur_m2,
2025Q4,091-3,Helsinki 3,Studio,All,n_rent_new,
2026Q1,091-3,Helsinki 3,Studio,All,index_2025,100.4
2026Q1,091-3,Helsinki 3,Studio,All,index_qoq_pct,0.2
2026Q1,091-3,Helsinki 3,Studio,All,index_yoy_pct,0.7
2026Q1,091-3,Helsinki 3,Studio,All,rent_eur_m2,23.65
2026Q1,091-3,Helsinki 3,Studio,All,n_rent,3416.0
2026Q1,091-3,Helsinki 3,Studio,All,rent_new_eur_m2,
2026Q1,091-3,Helsinki 3,Studio,All,n_rent_new,
2026Q2,091-3,Helsinki 3,Studio,All,index_2025,100.6
2026Q2,091-3,Helsinki 3,Studio,All,index_qoq_pct,0.1
2026Q2,091-3,Helsinki 3,Studio,All,index_yoy_pct,0.6
2026Q2,091-3,Helsinki 3,Studio,All,rent_eur_m2,24.15
2026Q2,091-3,Helsinki 3,Studio,All,n_rent,3627.0
2026Q2,091-3,Helsinki 3,Studio,All,rent_new_eur_m2,
2026Q2,091-3,Helsinki 3,Studio,All,n_rent_new,
2025Q1,091-4,Helsinki 4,Studio,All,index_2025,99.9
2025Q1,091-4,Helsinki 4,Studio,All,index_qoq_pct,
2025Q1,091-4,Helsinki 4,Studio,All,index_yoy_pct,
2025Q1,091-4,Helsinki 4,Studio,All,rent_eur_m2,21.15
2025Q1,091-4,Helsinki 4,Studio,All,n_rent,5936.0
2025Q1,091-4,Helsinki 4,Studio,All,rent_new_eur_m2,
2025Q1,091-4,Helsinki 4,Studio,All,n_rent_new,
2025Q2,091-4,Helsinki 4,Studio,All,index_2025,100.0
2025Q2,091-4,Helsinki 4,Studio,All,index_qoq_pct,0.1
2025Q2,091-4,Helsinki 4,Studio,All,index_yoy_pct,
2025Q2,091-4,Helsinki 4,Studio,All,rent_eur_m2,21.22
2025Q2,091-4,Helsinki 4,Studio,All,n_rent,5857.0
2025Q2,091-4,Helsinki 4,Studio,All,rent_new_eur_m2,
2025Q2,091-4,Helsinki 4,Studio,All,n_rent_new,
2025Q3,091-4,Helsinki 4,Studio,All,index_2025,100.0
2025Q3,091-4,Helsinki 4,Studio,All,index_qoq_pct,0.0
2025Q3,091-4,Helsinki 4,Studio,All,index_yoy_pct,
2025Q3,091-4,Helsinki 4,Studio,All,rent_eur_m2,21.2
2025Q3,091-4,Helsinki 4,Studio,All,n_rent,5845.0
2025Q3,091-4,Helsinki 4,Studio,All,rent_new_eur_m2,
2025Q3,091-4,Helsinki 4,Studio,All,n_rent_new,
2025Q4,091-4,Helsinki 4,Studio,All,index_2025,100.1
2025Q4,091-4,Helsinki 4,Studio,All,index_qoq_pct,0.1
2025Q4,091-4,Helsinki 4,Studio,All,index_yoy_pct,
2025Q4,091-4,Helsinki 4,Studio,All,rent_eur_m2,21.24
2025Q4,091-4,Helsinki 4,Studio,All,n_rent,5897.0
2025Q4,091-4,Helsinki 4,Studio,All,rent_new_eur_m2,
2025Q4,091-4,Helsinki 4,Studio,All,n_rent_new,
2026Q1,091-4,Helsinki 4,Studio,All,index_2025,100.2
2026Q1,091-4,Helsinki 4,Studio,All,index_qoq_pct,0.1
2026Q1,091-4,Helsinki 4,Studio,All,index_yoy_pct,0.3
2026Q1,091-4,Helsinki 4,Studio,All,rent_eur_m2,21.23
2026Q1,091-4,Helsinki 4,Studio,All,n_rent,5882.0
2026Q1,091-4,Helsinki 4,Studio,All,rent_new_eur_m2,
2026Q1,091-4,Helsinki 4,Studio,All,n_rent_new,
2026Q2,091-4,Helsinki 4,Studio,All,index_2025,100.2
2026Q2,091-4,Helsinki 4,Studio,All,index_qoq_pct,0.0
2026Q2,091-4,Helsinki 4,Studio,All,index_yoy_pct,0.2
2026Q2,091-4,Helsinki 4,Studio,All,rent_eur_m2,21.31
2026Q2,091-4,Helsinki 4,Studio,All,n_rent,5806.0
2026Q2,091-4,Helsinki 4,Studio,All,rent_new_eur_m2,
2026Q2,091-4,Helsinki 4,Studio,All,n_rent_new,
2025Q1,049,Espoo-Kauniainen,Studio,All,index_2025,99.9
2025Q1,049,Espoo-Kauniainen,Studio,All,index_qoq_pct,
2025Q1,049,Espoo-Kauniainen,Studio,All,index_yoy_pct,
2025Q1,049,Espoo-Kauniainen,Studio,All,rent_eur_m2,22.19
2025Q1,049,Espoo-Kauniainen,Studio,All,n_rent,8057.0
2025Q1,049,Espoo-Kauniainen,Studio,All,rent_new_eur_m2,
2025Q1,049,Espoo-Kauniainen,Studio,All,n_rent_new,
2025Q2,049,Espoo-Kauniainen,Studio,All,index_2025,99.9
2025Q2,049,Espoo-Kauniainen,Studio,All,index_qoq_pct,0.1
2025Q2,049,Espoo-Kauniainen,Studio,All,index_yoy_pct,
2025Q2,049,Espoo-Kauniainen,Studio,All,rent_eur_m2,22.23
2025Q2,049,Espoo-Kauniainen,Studio,All,n_rent,7910.0
2025Q2,049,Espoo-Kauniainen,Studio,All,rent_new_eur_m2,
2025Q2,049,Espoo-Kauniainen,Studio,All,n_rent_new,
2025Q3,049,Espoo-Kauniainen,Studio,All,index_2025,100.0
2025Q3,049,Espoo-Kauniainen,Studio,All,index_qoq_pct,0.1
2025Q3,049,Espoo-Kauniainen,Studio,All,index_yoy_pct,
2025Q3,049,Espoo-Kauniainen,Studio,All,rent_eur_m2,22.25
2025Q3,049,Espoo-Kauniainen,Studio,All,n_rent,7841.0
2025Q3,049,Espoo-Kauniainen,Studio,All,rent_new_eur_m2,
2025Q3,049,Espoo-Kauniainen,Studio,All,n_rent_new,
2025Q4,049,Espoo-Kauniainen,Studio,All,index_2025,100.2
2025Q4,049,Espoo-Kauniainen,Studio,All,index_qoq_pct,0.2
2025Q4,049,Espoo-Kauniainen,Studio,All,index_yoy_pct,
2025Q4,049,Espoo-Kauniainen,Studio,All,rent_eur_m2,22.33
2025Q4,049,Espoo-Kauniainen,Studio,All,n_rent,7974.0
2025Q4,049,Espoo-Kauniainen,Studio,All,rent_new_eur_m2,
2025Q4,049,Espoo-Kauniainen,Studio,All,n_rent_new,
2026Q1,049,Espoo-Kauniainen,Studio,All,index_2025,100.4
2026Q1,049,Espoo-Kauniainen,Studio,All,index_qoq_pct,0.1
2026Q1,049,Espoo-Kauniainen,Studio,All,index_yoy_pct,0.5
2026Q1,049,Espoo-Kauniainen,Studio,All,rent_eur_m2,22.32
2026Q1,049,Espoo-Kauniainen,Studio,All,n_rent,8122.0
2026Q1,049,Espoo-Kauniainen,Studio,All,rent_new_eur_m2,
2026Q1,049,Espoo-Kauniainen,Studio,All,n_rent_new,
2026Q2,049,Espoo-Kauniainen,Studio,All,index_2025,100.4
2026Q2,049,Espoo-Kauniainen,Studio,All,index_qoq_pct,0.1
2026Q2,049,Espoo-Kauniainen,Studio,All,index_yoy_pct,0.5
2026Q2,049,Espoo-Kauniainen,Studio,All,rent_eur_m2,22.4
2026Q2,049,Espoo-Kauniainen,Studio,All,n_rent,8249.0
2026Q2,049,Espoo-Kauniainen,Studio,All,rent_new_eur_m2,
2026Q2,049,Espoo-Kauniainen,Studio,All,n_rent_new,
2025Q1,049-1,Espoo-Kauniainen 1,Studio,All,index_2025,99.9
2025Q1,049-1,Espoo-Kauniainen 1,Studio,All,index_qoq_pct,
2025Q1,049-1,Espoo-Kauniainen 1,Studio,All,index_yoy_pct,
2025Q1,049-1,Espoo-Kauniainen 1,Studio,All,rent_eur_m2,23.44
2025Q1,049-1,Espoo-Kauniainen 1,Studio,All,n_rent,4048.0
2025Q1,049-1,Espoo-Kauniainen 1,Studio,All,rent_new_eur_m2,
2025Q1,049-1,Espoo-Kauniainen 1,Studio,All,n_rent_new,
2025Q2,049-1,Espoo-Kauniainen 1,Studio,All,index_2025,99.9
2025Q2,049-1,Espoo-Kauniainen 1,Studio,All,index_qoq_pct,0.0
2025Q2,049-1,Espoo-Kauniainen 1,Studio,All,index_yoy_pct,
2025Q2,049-1,Espoo-Kauniainen 1,Studio,All,rent_eur_m2,23.48
2025Q2,049-1,Espoo-Kauniainen 1,Studio,All,n_rent,3978.0
2025Q2,049-1,Espoo-Kauniainen 1,Studio,All,rent_new_eur_m2,
2025Q2,049-1,Espoo-Kauniainen 1,Studio,All,n_rent_new,
2025Q3,049-1,Espoo-Kauniainen 1,Studio,All,index_2025,100.0
2025Q3,049-1,Espoo-Kauniainen 1,Studio,All,index_qoq_pct,0.1
2025Q3,049-1,Espoo-Kauniainen 1,Studio,All,index_yoy_pct,
2025Q3,049-1,Espoo-Kauniainen 1,Studio,All,rent_eur_m2,23.53
2025Q3,049-1,Espoo-Kauniainen 1,Studio,All,n_rent,3844.0
2025Q3,049-1,Espoo-Kauniainen 1,Studio,All,rent_new_eur_m2,
2025Q3,049-1,Espoo-Kauniainen 1,Studio,All,n_rent_new,
2025Q4,049-1,Espoo-Kauniainen 1,Studio,All,index_2025,100.2
2025Q4,049-1,Espoo-Kauniainen 1,Studio,All,index_qoq_pct,0.2
2025Q4,049-1,Espoo-Kauniainen 1,Studio,All,index_yoy_pct,
2025Q4,049-1,Espoo-Kauniainen 1,Studio,All,rent_eur_m2,23.62
2025Q4,049-1,Espoo-Kauniainen 1,Studio,All,n_rent,3962.0
2025Q4,049-1,Espoo-Kauniainen 1,Studio,All,rent_new_eur_m2,
2025Q4,049-1,Espoo-Kauniainen 1,Studio,All,n_rent_new,
2026Q1,049-1,Espoo-Kauniainen 1,Studio,All,index_2025,100.2
2026Q1,049-1,Espoo-Kauniainen 1,Studio,All,index_qoq_pct,0.0
2026Q1,049-1,Espoo-Kauniainen 1,Studio,All,index_yoy_pct,0.3
2026Q1,049-1,Espoo-Kauniainen 1,Studio,All,rent_eur_m2,23.6
2026Q1,049-1,Espoo-Kauniainen 1,Studio,All,n_rent,4078.0
2026Q1,049-1,Espoo-Kauniainen 1,Studio,All,rent_new_eur_m2,
2026Q1,049-1,Espoo-Kauniainen 1,Studio,All,n_rent_new,
2026Q2,049-1,Espoo-Kauniainen 1,Studio,All,index_2025,100.3
2026Q2,049-1,Espoo-Kauniainen 1,Studio,All,index_qoq_pct,0.0
2026Q2,049-1,Espoo-Kauniainen 1,Studio,All,index_yoy_pct,0.4
2026Q2,049-1,Espoo-Kauniainen 1,Studio,All,rent_eur_m2,23.72
2026Q2,049-1,Espoo-Kauniainen 1,Studio,All,n_rent,4181.0
2026Q2,049-1,Espoo-Kauniainen 1,Studio,All,rent_new_eur_m2,
2026Q2,049-1,Espoo-Kauniainen 1,Studio,All,n_rent_new,
2025Q1,049-2,Espoo-Kauniainen 2,Studio,All,index_2025,99.9
2025Q1,049-2,Espoo-Kauniainen 2,Studio,All,index_qoq_pct,
2025Q1,049-2,Espoo-Kauniainen 2,Studio,All,index_yoy_pct,
2025Q1,049-2,Espoo-Kauniainen 2,Studio,All,rent_eur_m2,21.56
2025Q1,049-2,Espoo-Kauniainen 2,Studio,All,n_rent,1753.0
2025Q1,049-2,Espoo-Kauniainen 2,Studio,All,rent_new_eur_m2,
2025Q1,049-2,Espoo-Kauniainen 2,Studio,All,n_rent_new,
2025Q2,049-2,Espoo-Kauniainen 2,Studio,All,index_2025,99.9
2025Q2,049-2,Espoo-Kauniainen 2,Studio,All,index_qoq_pct,0.0
2025Q2,049-2,Espoo-Kauniainen 2,Studio,All,index_yoy_pct,
2025Q2,049-2,Espoo-Kauniainen 2,Studio,All,rent_eur_m2,21.6
2025Q2,049-2,Espoo-Kauniainen 2,Studio,All,n_rent,1733.0
2025Q2,049-2,Espoo-Kauniainen 2,Studio,All,rent_new_eur_m2,
2025Q2,049-2,Espoo-Kauniainen 2,Studio,All,n_rent_new,
2025Q3,049-2,Espoo-Kauniainen 2,Studio,All,index_2025,100.0
2025Q3,049-2,Espoo-Kauniainen 2,Studio,All,index_qoq_pct,0.1
2025Q3,049-2,Espoo-Kauniainen 2,Studio,All,index_yoy_pct,
2025Q3,049-2,Espoo-Kauniainen 2,Studio,All,rent_eur_m2,21.6
2025Q3,049-2,Espoo-Kauniainen 2,Studio,All,n_rent,1774.0
2025Q3,049-2,Espoo-Kauniainen 2,Studio,All,rent_new_eur_m2,
2025Q3,049-2,Espoo-Kauniainen 2,Studio,All,n_rent_new,
2025Q4,049-2,Espoo-Kauniainen 2,Studio,All,index_2025,100.3
2025Q4,049-2,Espoo-Kauniainen 2,Studio,All,index_qoq_pct,0.3
2025Q4,049-2,Espoo-Kauniainen 2,Studio,All,index_yoy_pct,
2025Q4,049-2,Espoo-Kauniainen 2,Studio,All,rent_eur_m2,21.66
2025Q4,049-2,Espoo-Kauniainen 2,Studio,All,n_rent,1762.0
2025Q4,049-2,Espoo-Kauniainen 2,Studio,All,rent_new_eur_m2,
2025Q4,049-2,Espoo-Kauniainen 2,Studio,All,n_rent_new,
2026Q1,049-2,Espoo-Kauniainen 2,Studio,All,index_2025,100.6
2026Q1,049-2,Espoo-Kauniainen 2,Studio,All,index_qoq_pct,0.3
2026Q1,049-2,Espoo-Kauniainen 2,Studio,All,index_yoy_pct,0.7
2026Q1,049-2,Espoo-Kauniainen 2,Studio,All,rent_eur_m2,21.7
2026Q1,049-2,Espoo-Kauniainen 2,Studio,All,n_rent,1771.0
2026Q1,049-2,Espoo-Kauniainen 2,Studio,All,rent_new_eur_m2,
2026Q1,049-2,Espoo-Kauniainen 2,Studio,All,n_rent_new,
2026Q2,049-2,Espoo-Kauniainen 2,Studio,All,index_2025,100.7
2026Q2,049-2,Espoo-Kauniainen 2,Studio,All,index_qoq_pct,0.1
2026Q2,049-2,Espoo-Kauniainen 2,Studio,All,index_yoy_pct,0.8
2026Q2,049-2,Espoo-Kauniainen 2,Studio,All,rent_eur_m2,21.74
2026Q2,049-2,Espoo-Kauniainen 2,Studio,All,n_rent,1798.0
2026Q2,049-2,Espoo-Kauniainen 2,Studio,All,rent_new_eur_m2,
2026Q2,049-2,Espoo-Kauniainen 2,Studio,All,n_rent_new,
2025Q1,049-3,Espoo-Kauniainen 3,Studio,All,index_2025,99.8
2025Q1,049-3,Espoo-Kauniainen 3,Studio,All,index_qoq_pct,
2025Q1,049-3,Espoo-Kauniainen 3,Studio,All,index_yoy_pct,
2025Q1,049-3,Espoo-Kauniainen 3,Studio,All,rent_eur_m2,20.69
2025Q1,049-3,Espoo-Kauniainen 3,Studio,All,n_rent,2256.0
2025Q1,049-3,Espoo-Kauniainen 3,Studio,All,rent_new_eur_m2,
2025Q1,049-3,Espoo-Kauniainen 3,Studio,All,n_rent_new,
2025Q2,049-3,Espoo-Kauniainen 3,Studio,All,index_2025,99.9
2025Q2,049-3,Espoo-Kauniainen 3,Studio,All,index_qoq_pct,0.2
2025Q2,049-3,Espoo-Kauniainen 3,Studio,All,index_yoy_pct,
2025Q2,049-3,Espoo-Kauniainen 3,Studio,All,rent_eur_m2,20.75
2025Q2,049-3,Espoo-Kauniainen 3,Studio,All,n_rent,2199.0
2025Q2,049-3,Espoo-Kauniainen 3,Studio,All,rent_new_eur_m2,
2025Q2,049-3,Espoo-Kauniainen 3,Studio,All,n_rent_new,
2025Q3,049-3,Espoo-Kauniainen 3,Studio,All,index_2025,100.1
2025Q3,049-3,Espoo-Kauniainen 3,Studio,All,index_qoq_pct,0.1
2025Q3,049-3,Espoo-Kauniainen 3,Studio,All,index_yoy_pct,
2025Q3,049-3,Espoo-Kauniainen 3,Studio,All,rent_eur_m2,20.84
2025Q3,049-3,Espoo-Kauniainen 3,Studio,All,n_rent,2223.0
2025Q3,049-3,Espoo-Kauniainen 3,Studio,All,rent_new_eur_m2,
2025Q3,049-3,Espoo-Kauniainen 3,Studio,All,n_rent_new,
2025Q4,049-3,Espoo-Kauniainen 3,Studio,All,index_2025,100.2
2025Q4,049-3,Espoo-Kauniainen 3,Studio,All,index_qoq_pct,0.1
2025Q4,049-3,Espoo-Kauniainen 3,Studio,All,index_yoy_pct,
2025Q4,049-3,Espoo-Kauniainen 3,Studio,All,rent_eur_m2,20.85
2025Q4,049-3,Espoo-Kauniainen 3,Studio,All,n_rent,2250.0
2025Q4,049-3,Espoo-Kauniainen 3,Studio,All,rent_new_eur_m2,
2025Q4,049-3,Espoo-Kauniainen 3,Studio,All,n_rent_new,
2026Q1,049-3,Espoo-Kauniainen 3,Studio,All,index_2025,100.4
2026Q1,049-3,Espoo-Kauniainen 3,Studio,All,index_qoq_pct,0.2
2026Q1,049-3,Espoo-Kauniainen 3,Studio,All,index_yoy_pct,0.7
2026Q1,049-3,Espoo-Kauniainen 3,Studio,All,rent_eur_m2,20.83
2026Q1,049-3,Espoo-Kauniainen 3,Studio,All,n_rent,2273.0
2026Q1,049-3,Espoo-Kauniainen 3,Studio,All,rent_new_eur_m2,
2026Q1,049-3,Espoo-Kauniainen 3,Studio,All,n_rent_new,
2026Q2,049-3,Espoo-Kauniainen 3,Studio,All,index_2025,100.4
2026Q2,049-3,Espoo-Kauniainen 3,Studio,All,index_qoq_pct,0.0
2026Q2,049-3,Espoo-Kauniainen 3,Studio,All,index_yoy_pct,0.5
2026Q2,049-3,Espoo-Kauniainen 3,Studio,All,rent_eur_m2,20.81
2026Q2,049-3,Espoo-Kauniainen 3,Studio,All,n_rent,2270.0
2026Q2,049-3,Espoo-Kauniainen 3,Studio,All,rent_new_eur_m2,
2026Q2,049-3,Espoo-Kauniainen 3,Studio,All,n_rent_new,
2025Q1,092,Vantaa,Studio,All,index_2025,100.1
2025Q1,092,Vantaa,Studio,All,index_qoq_pct,
2025Q1,092,Vantaa,Studio,All,index_yoy_pct,
2025Q1,092,Vantaa,Studio,All,rent_eur_m2,21.66
2025Q1,092,Vantaa,Studio,All,n_rent,6744.0
2025Q1,092,Vantaa,Studio,All,rent_new_eur_m2,
2025Q1,092,Vantaa,Studio,All,n_rent_new,
2025Q2,092,Vantaa,Studio,All,index_2025,100.1
2025Q2,092,Vantaa,Studio,All,index_qoq_pct,0.0
2025Q2,092,Vantaa,Studio,All,index_yoy_pct,
2025Q2,092,Vantaa,Studio,All,rent_eur_m2,21.68
2025Q2,092,Vantaa,Studio,All,n_rent,6774.0
2025Q2,092,Vantaa,Studio,All,rent_new_eur_m2,
2025Q2,092,Vantaa,Studio,All,n_rent_new,
2025Q3,092,Vantaa,Studio,All,index_2025,99.9
2025Q3,092,Vantaa,Studio,All,index_qoq_pct,-0.1
2025Q3,092,Vantaa,Studio,All,index_yoy_pct,
2025Q3,092,Vantaa,Studio,All,rent_eur_m2,21.76
2025Q3,092,Vantaa,Studio,All,n_rent,6828.0
2025Q3,092,Vantaa,Studio,All,rent_new_eur_m2,
2025Q3,092,Vantaa,Studio,All,n_rent_new,
2025Q4,092,Vantaa,Studio,All,index_2025,99.9
2025Q4,092,Vantaa,Studio,All,index_qoq_pct,0.0
2025Q4,092,Vantaa,Studio,All,index_yoy_pct,
2025Q4,092,Vantaa,Studio,All,rent_eur_m2,21.72
2025Q4,092,Vantaa,Studio,All,n_rent,6870.0
2025Q4,092,Vantaa,Studio,All,rent_new_eur_m2,
2025Q4,092,Vantaa,Studio,All,n_rent_new,
2026Q1,092,Vantaa,Studio,All,index_2025,99.9
2026Q1,092,Vantaa,Studio,All,index_qoq_pct,0.0
2026Q1,092,Vantaa,Studio,All,index_yoy_pct,-0.1
2026Q1,092,Vantaa,Studio,All,rent_eur_m2,21.69
2026Q1,092,Vantaa,Studio,All,n_rent,6897.0
2026Q1,092,Vantaa,Studio,All,rent_new_eur_m2,
2026Q1,092,Vantaa,Studio,All,n_rent_new,
2026Q2,092,Vantaa,Studio,All,index_2025,99.8
2026Q2,092,Vantaa,Studio,All,index_qoq_pct,-0.1
2026Q2,092,Vantaa,Studio,All,index_yoy_pct,-0.2
2026Q2,092,Vantaa,Studio,All,rent_eur_m2,21.82
2026Q2,092,Vantaa,Studio,All,n_rent,7152.0
2026Q2,092,Vantaa,Studio,All,rent_new_eur_m2,
2026Q2,092,Vantaa,Studio,All,n_rent_new,
2025Q1,092-1,Vantaa 1,Studio,All,index_2025,99.9
2025Q1,092-1,Vantaa 1,Studio,All,index_qoq_pct,
2025Q1,092-1,Vantaa 1,Studio,All,index_yoy_pct,
2025Q1,092-1,Vantaa 1,Studio,All,rent_eur_m2,22.61
2025Q1,092-1,Vantaa 1,Studio,All,n_rent,1901.0
2025Q1,092-1,Vantaa 1,Studio,All,rent_new_eur_m2,
2025Q1,092-1,Vantaa 1,Studio,All,n_rent_new,
2025Q2,092-1,Vantaa 1,Studio,All,index_2025,100.1
2025Q2,092-1,Vantaa 1,Studio,All,index_qoq_pct,0.2
2025Q2,092-1,Vantaa 1,Studio,All,index_yoy_pct,
2025Q2,092-1,Vantaa 1,Studio,All,rent_eur_m2,22.67
2025Q2,092-1,Vantaa 1,Studio,All,n_rent,1964.0
2025Q2,092-1,Vantaa 1,Studio,All,rent_new_eur_m2,
2025Q2,092-1,Vantaa 1,Studio,All,n_rent_new,
2025Q3,092-1,Vantaa 1,Studio,All,index_2025,100.0
2025Q3,092-1,Vantaa 1,Studio,All,index_qoq_pct,-0.1
2025Q3,092-1,Vantaa 1,Studio,All,index_yoy_pct,
2025Q3,092-1,Vantaa 1,Studio,All,rent_eur_m2,22.81
2025Q3,092-1,Vantaa 1,Studio,All,n_rent,1990.0
2025Q3,092-1,Vantaa 1,Studio,All,rent_new_eur_m2,
2025Q3,092-1,Vantaa 1,Studio,All,n_rent_new,
2025Q4,092-1,Vantaa 1,Studio,All,index_2025,100.0
2025Q4,092-1,Vantaa 1,Studio,All,index_qoq_pct,0.0
2025Q4,092-1,Vantaa 1,Studio,All,index_yoy_pct,
2025Q4,092-1,Vantaa 1,Studio,All,rent_eur_m2,22.75
2025Q4,092-1,Vantaa 1,Studio,All,n_rent,1977.0
2025Q4,092-1,Vantaa 1,Studio,All,rent_new_eur_m2,
2025Q4,092-1,Vantaa 1,Studio,All,n_rent_new,
2026Q1,092-1,Vantaa 1,Studio,All,index_2025,99.9
2026Q1,092-1,Vantaa 1,Studio,All,index_qoq_pct,-0.1
2026Q1,092-1,Vantaa 1,Studio,All,index_yoy_pct,0.0
2026Q1,092-1,Vantaa 1,Studio,All,rent_eur_m2,22.72
2026Q1,092-1,Vantaa 1,Studio,All,n_rent,2001.0
2026Q1,092-1,Vantaa 1,Studio,All,rent_new_eur_m2,
2026Q1,092-1,Vantaa 1,Studio,All,n_rent_new,
2026Q2,092-1,Vantaa 1,Studio,All,index_2025,99.8
2026Q2,092-1,Vantaa 1,Studio,All,index_qoq_pct,-0.1
2026Q2,092-1,Vantaa 1,Studio,All,index_yoy_pct,-0.3
2026Q2,092-1,Vantaa 1,Studio,All,rent_eur_m2,22.79
2026Q2,092-1,Vantaa 1,Studio,All,n_rent,2291.0
2026Q2,092-1,Vantaa 1,Studio,All,rent_new_eur_m2,
2026Q2,092-1,Vantaa 1,Studio,All,n_rent_new,
2025Q1,092-2,Vantaa 2,Studio,All,index_2025,100.3
2025Q1,092-2,Vantaa 2,Studio,All,index_qoq_pct,
2025Q1,092-2,Vantaa 2,Studio,All,index_yoy_pct,
2025Q1,092-2,Vantaa 2,Studio,All,rent_eur_m2,21.39
2025Q1,092-2,Vantaa 2,Studio,All,n_rent,1413.0
2025Q1,092-2,Vantaa 2,Studio,All,rent_new_eur_m2,
2025Q1,092-2,Vantaa 2,Studio,All,n_rent_new,
2025Q2,092-2,Vantaa 2,Studio,All,index_2025,100.0
2025Q2,092-2,Vantaa 2,Studio,All,index_qoq_pct,-0.3
2025Q2,092-2,Vantaa 2,Studio,All,index_yoy_pct,
2025Q2,092-2,Vantaa 2,Studio,All,rent_eur_m2,21.44
2025Q2,092-2,Vantaa 2,Studio,All,n_rent,1412.0
2025Q2,092-2,Vantaa 2,Studio,All,rent_new_eur_m2,
2025Q2,092-2,Vantaa 2,Studio,All,n_rent_new,
2025Q3,092-2,Vantaa 2,Studio,All,index_2025,99.9
2025Q3,092-2,Vantaa 2,Studio,All,index_qoq_pct,-0.1
2025Q3,092-2,Vantaa 2,Studio,All,index_yoy_pct,
2025Q3,092-2,Vantaa 2,Studio,All,rent_eur_m2,21.49
2025Q3,092-2,Vantaa 2,Studio,All,n_rent,1419.0
2025Q3,092-2,Vantaa 2,Studio,All,rent_new_eur_m2,
2025Q3,092-2,Vantaa 2,Studio,All,n_rent_new,
2025Q4,092-2,Vantaa 2,Studio,All,index_2025,99.8
2025Q4,092-2,Vantaa 2,Studio,All,index_qoq_pct,0.0
2025Q4,092-2,Vantaa 2,Studio,All,index_yoy_pct,
2025Q4,092-2,Vantaa 2,Studio,All,rent_eur_m2,21.42
2025Q4,092-2,Vantaa 2,Studio,All,n_rent,1414.0
2025Q4,092-2,Vantaa 2,Studio,All,rent_new_eur_m2,
2025Q4,092-2,Vantaa 2,Studio,All,n_rent_new,
2026Q1,092-2,Vantaa 2,Studio,All,index_2025,99.7
2026Q1,092-2,Vantaa 2,Studio,All,index_qoq_pct,-0.1
2026Q1,092-2,Vantaa 2,Studio,All,index_yoy_pct,-0.6
2026Q1,092-2,Vantaa 2,Studio,All,rent_eur_m2,21.35
2026Q1,092-2,Vantaa 2,Studio,All,n_rent,1397.0
2026Q1,092-2,Vantaa 2,Studio,All,rent_new_eur_m2,
2026Q1,092-2,Vantaa 2,Studio,All,n_rent_new,
2026Q2,092-2,Vantaa 2,Studio,All,index_2025,99.6
2026Q2,092-2,Vantaa 2,Studio,All,index_qoq_pct,-0.1
2026Q2,092-2,Vantaa 2,Studio,All,index_yoy_pct,-0.4
2026Q2,092-2,Vantaa 2,Studio,All,rent_eur_m2,21.35
2026Q2,092-2,Vantaa 2,Studio,All,n_rent,1362.0
2026Q2,092-2,Vantaa 2,Studio,All,rent_new_eur_m2,
2026Q2,092-2,Vantaa 2,Studio,All,n_rent_new,
2025Q1,092-3,Vantaa 3,Studio,All,index_2025,100.1
2025Q1,092-3,Vantaa 3,Studio,All,index_qoq_pct,
2025Q1,092-3,Vantaa 3,Studio,All,index_yoy_pct,
2025Q1,092-3,Vantaa 3,Studio,All,rent_eur_m2,21.04
2025Q1,092-3,Vantaa 3,Studio,All,n_rent,3430.0
2025Q1,092-3,Vantaa 3,Studio,All,rent_new_eur_m2,
2025Q1,092-3,Vantaa 3,Studio,All,n_rent_new,
2025Q2,092-3,Vantaa 3,Studio,All,index_2025,100.1
2025Q2,092-3,Vantaa 3,Studio,All,index_qoq_pct,0.0
2025Q2,092-3,Vantaa 3,Studio,All,index_yoy_pct,
2025Q2,092-3,Vantaa 3,Studio,All,rent_eur_m2,21.03
2025Q2,092-3,Vantaa 3,Studio,All,n_rent,3398.0
2025Q2,092-3,Vantaa 3,Studio,All,rent_new_eur_m2,
2025Q2,092-3,Vantaa 3,Studio,All,n_rent_new,
2025Q3,092-3,Vantaa 3,Studio,All,index_2025,99.9
2025Q3,092-3,Vantaa 3,Studio,All,index_qoq_pct,-0.1
2025Q3,092-3,Vantaa 3,Studio,All,index_yoy_pct,
2025Q3,092-3,Vantaa 3,Studio,All,rent_eur_m2,21.02
2025Q3,092-3,Vantaa 3,Studio,All,n_rent,3419.0
2025Q3,092-3,Vantaa 3,Studio,All,rent_new_eur_m2,
2025Q3,092-3,Vantaa 3,Studio,All,n_rent_new,
2025Q4,092-3,Vantaa 3,Studio,All,index_2025,99.9
2025Q4,092-3,Vantaa 3,Studio,All,index_qoq_pct,0.0
2025Q4,092-3,Vantaa 3,Studio,All,index_yoy_pct,
2025Q4,092-3,Vantaa 3,Studio,All,rent_eur_m2,21.03
2025Q4,092-3,Vantaa 3,Studio,All,n_rent,3479.0
2025Q4,092-3,Vantaa 3,Studio,All,rent_new_eur_m2,
2025Q4,092-3,Vantaa 3,Studio,All,n_rent_new,
2026Q1,092-3,Vantaa 3,Studio,All,index_2025,100.0
2026Q1,092-3,Vantaa 3,Studio,All,index_qoq_pct,0.0
2026Q1,092-3,Vantaa 3,Studio,All,index_yoy_pct,-0.1
2026Q1,092-3,Vantaa 3,Studio,All,rent_eur_m2,21.02
2026Q1,092-3,Vantaa 3,Studio,All,n_rent,3499.0
2026Q1,092-3,Vantaa 3,Studio,All,rent_new_eur_m2,
2026Q1,092-3,Vantaa 3,Studio,All,n_rent_new,
2026Q2,092-3,Vantaa 3,Studio,All,index_2025,99.9
2026Q2,092-3,Vantaa 3,Studio,All,index_qoq_pct,-0.1
2026Q2,092-3,Vantaa 3,Studio,All,index_yoy_pct,-0.2
2026Q2,092-3,Vantaa 3,Studio,All,rent_eur_m2,21.01
2026Q2,092-3,Vantaa 3,Studio,All,n_rent,3499.0
2026Q2,092-3,Vantaa 3,Studio,All,rent_new_eur_m2,
2026Q2,092-3,Vantaa 3,Studio,All,n_rent_new,
2025Q1,ksu,Koko maa,One-bedroom,All,index_2025,99.7
2025Q1,ksu,Koko maa,One-bedroom,All,index_qoq_pct,
2025Q1,ksu,Koko maa,One-bedroom,All,index_yoy_pct,
2025Q1,ksu,Koko maa,One-bedroom,All,rent_eur_m2,14.15
2025Q1,ksu,Koko maa,One-bedroom,All,n_rent,150601.0
2025Q1,ksu,Koko maa,One-bedroom,All,rent_new_eur_m2,
2025Q1,ksu,Koko maa,One-bedroom,All,n_rent_new,
2025Q2,ksu,Koko maa,One-bedroom,All,index_2025,100.0
2025Q2,ksu,Koko maa,One-bedroom,All,index_qoq_pct,0.2
2025Q2,ksu,Koko maa,One-bedroom,All,index_yoy_pct,
2025Q2,ksu,Koko maa,One-bedroom,All,rent_eur_m2,14.17
2025Q2,ksu,Koko maa,One-bedroom,All,n_rent,148183.0
2025Q2,ksu,Koko maa,One-bedroom,All,rent_new_eur_m2,
2025Q2,ksu,Koko maa,One-bedroom,All,n_rent_new,
2025Q3,ksu,Koko maa,One-bedroom,All,index_2025,100.1
2025Q3,ksu,Koko maa,One-bedroom,All,index_qoq_pct,0.1
2025Q3,ksu,Koko maa,One-bedroom,All,index_yoy_pct,
2025Q3,ksu,Koko maa,One-bedroom,All,rent_eur_m2,14.21
2025Q3,ksu,Koko maa,One-bedroom,All,n_rent,147000.0
2025Q3,ksu,Koko maa,One-bedroom,All,rent_new_eur_m2,
2025Q3,ksu,Koko maa,One-bedroom,All,n_rent_new,
2025Q4,ksu,Koko maa,One-bedroom,All,index_2025,100.2
2025Q4,ksu,Koko maa,One-bedroom,All,index_qoq_pct,0.2
2025Q4,ksu,Koko maa,One-bedroom,All,index_yoy_pct,
2025Q4,ksu,Koko maa,One-bedroom,All,rent_eur_m2,14.31
2025Q4,ksu,Koko maa,One-bedroom,All,n_rent,154475.0
2025Q4,ksu,Koko maa,One-bedroom,All,rent_new_eur_m2,
2025Q4,ksu,Koko maa,One-bedroom,All,n_rent_new,
2026Q1,ksu,Koko maa,One-bedroom,All,index_2025,100.4
2026Q1,ksu,Koko maa,One-bedroom,All,index_qoq_pct,0.2
2026Q1,ksu,Koko maa,One-bedroom,All,index_yoy_pct,0.7
2026Q1,ksu,Koko maa,One-bedroom,All,rent_eur_m2,14.35
2026Q1,ksu,Koko maa,One-bedroom,All,n_rent,154682.0
2026Q1,ksu,Koko maa,One-bedroom,All,rent_new_eur_m2,
2026Q1,ksu,Koko maa,One-bedroom,All,n_rent_new,
2026Q2,ksu,Koko maa,One-bedroom,All,index_2025,100.5
2026Q2,ksu,Koko maa,One-bedroom,All,index_qoq_pct,0.1
2026Q2,ksu,Koko maa,One-bedroom,All,index_yoy_pct,0.6
2026Q2,ksu,Koko maa,One-bedroom,All,rent_eur_m2,14.49
2026Q2,ksu,Koko maa,One-bedroom,All,n_rent,154907.0
2026Q2,ksu,Koko maa,One-bedroom,All,rent_new_eur_m2,
2026Q2,ksu,Koko maa,One-bedroom,All,n_rent_new,
2025Q1,pks,Pääkaupunkiseutu (PKS),One-bedroom,All,index_2025,99.8
2025Q1,pks,Pääkaupunkiseutu (PKS),One-bedroom,All,index_qoq_pct,
2025Q1,pks,Pääkaupunkiseutu (PKS),One-bedroom,All,index_yoy_pct,
2025Q1,pks,Pääkaupunkiseutu (PKS),One-bedroom,All,rent_eur_m2,17.59
2025Q1,pks,Pääkaupunkiseutu (PKS),One-bedroom,All,n_rent,47337.0
2025Q1,pks,Pääkaupunkiseutu (PKS),One-bedroom,All,rent_new_eur_m2,
2025Q1,pks,Pääkaupunkiseutu (PKS),One-bedroom,All,n_rent_new,
2025Q2,pks,Pääkaupunkiseutu (PKS),One-bedroom,All,index_2025,100.0
2025Q2,pks,Pääkaupunkiseutu (PKS),One-bedroom,All,index_qoq_pct,0.2
2025Q2,pks,Pääkaupunkiseutu (PKS),One-bedroom,All,index_yoy_pct,
2025Q2,pks,Pääkaupunkiseutu (PKS),One-bedroom,All,rent_eur_m2,17.62
2025Q2,pks,Pääkaupunkiseutu (PKS),One-bedroom,All,n_rent,46402.0
2025Q2,pks,Pääkaupunkiseutu (PKS),One-bedroom,All,rent_new_eur_m2,
2025Q2,pks,Pääkaupunkiseutu (PKS),One-bedroom,All,n_rent_new,
2025Q3,pks,Pääkaupunkiseutu (PKS),One-bedroom,All,index_2025,100.0
2025Q3,pks,Pääkaupunkiseutu (PKS),One-bedroom,All,index_qoq_pct,0.0
2025Q3,pks,Pääkaupunkiseutu (PKS),One-bedroom,All,index_yoy_pct,
2025Q3,pks,Pääkaupunkiseutu (PKS),One-bedroom,All,rent_eur_m2,17.65
2025Q3,pks,Pääkaupunkiseutu (PKS),One-bedroom,All,n_rent,46692.0
2025Q3,pks,Pääkaupunkiseutu (PKS),One-bedroom,All,rent_new_eur_m2,
2025Q3,pks,Pääkaupunkiseutu (PKS),One-bedroom,All,n_rent_new,
2025Q4,pks,Pääkaupunkiseutu (PKS),One-bedroom,All,index_2025,100.1
2025Q4,pks,Pääkaupunkiseutu (PKS),One-bedroom,All,index_qoq_pct,0.1
2025Q4,pks,Pääkaupunkiseutu (PKS),One-bedroom,All,index_yoy_pct,
2025Q4,pks,Pääkaupunkiseutu (PKS),One-bedroom,All,rent_eur_m2,17.79
2025Q4,pks,Pääkaupunkiseutu (PKS),One-bedroom,All,n_rent,48833.0
2025Q4,pks,Pääkaupunkiseutu (PKS),One-bedroom,All,rent_new_eur_m2,
2025Q4,pks,Pääkaupunkiseutu (PKS),One-bedroom,All,n_rent_new,
2026Q1,pks,Pääkaupunkiseutu (PKS),One-bedroom,All,index_2025,100.3
2026Q1,pks,Pääkaupunkiseutu (PKS),One-bedroom,All,index_qoq_pct,0.1
2026Q1,pks,Pääkaupunkiseutu (PKS),One-bedroom,All,index_yoy_pct,0.5
2026Q1,pks,Pääkaupunkiseutu (PKS),One-bedroom,All,rent_eur_m2,17.81
2026Q1,pks,Pääkaupunkiseutu (PKS),One-bedroom,All,n_rent,48890.0
2026Q1,pks,Pääkaupunkiseutu (PKS),One-bedroom,All,rent_new_eur_m2,
2026Q1,pks,Pääkaupunkiseutu (PKS),One-bedroom,All,n_rent_new,
2026Q2,pks,Pääkaupunkiseutu (PKS),One-bedroom,All,index_2025,100.4
2026Q2,pks,Pääkaupunkiseutu (PKS),One-bedroom,All,index_qoq_pct,0.1
2026Q2,pks,Pääkaupunkiseutu (PKS),One-bedroom,All,index_yoy_pct,0.3
2026Q2,pks,Pääkaupunkiseutu (PKS),One-bedroom,All,rent_eur_m2,17.95
2026Q2,pks,Pääkaupunkiseutu (PKS),One-bedroom,All,n_rent,49871.0
2026Q2,pks,Pääkaupunkiseutu (PKS),One-bedroom,All,rent_new_eur_m2,
2026Q2,pks,Pääkaupunkiseutu (PKS),One-bedroom,All,n_rent_new,
2025Q1,091,Helsinki,One-bedroom,All,index_2025,99.7
2025Q1,091,Helsinki,One-bedroom,All,index_qoq_pct,
2025Q1,091,Helsinki,One-bedroom,All,index_yoy_pct,
2025Q1,091,Helsinki,One-bedroom,All,rent_eur_m2,18.23
2025Q1,091,Helsinki,One-bedroom,All,n_rent,26548.0
2025Q1,091,Helsinki,One-bedroom,All,rent_new_eur_m2,
2025Q1,091,Helsinki,One-bedroom,All,n_rent_new,
2025Q2,091,Helsinki,One-bedroom,All,index_2025,100.0
2025Q2,091,Helsinki,One-bedroom,All,index_qoq_pct,0.3
2025Q2,091,Helsinki,One-bedroom,All,index_yoy_pct,
2025Q2,091,Helsinki,One-bedroom,All,rent_eur_m2,18.27
2025Q2,091,Helsinki,One-bedroom,All,n_rent,25903.0
2025Q2,091,Helsinki,One-bedroom,All,rent_new_eur_m2,
2025Q2,091,Helsinki,One-bedroom,All,n_rent_new,
2025Q3,091,Helsinki,One-bedroom,All,index_2025,100.1
2025Q3,091,Helsinki,One-bedroom,All,index_qoq_pct,0.1
2025Q3,091,Helsinki,One-bedroom,All,index_yoy_pct,
2025Q3,091,Helsinki,One-bedroom,All,rent_eur_m2,18.31
2025Q3,091,Helsinki,One-bedroom,All,n_rent,25988.0
2025Q3,091,Helsinki,One-bedroom,All,rent_new_eur_m2,
2025Q3,091,Helsinki,One-bedroom,All,n_rent_new,
2025Q4,091,Helsinki,One-bedroom,All,index_2025,100.2
2025Q4,091,Helsinki,One-bedroom,All,index_qoq_pct,0.2
2025Q4,091,Helsinki,One-bedroom,All,index_yoy_pct,
2025Q4,091,Helsinki,One-bedroom,All,rent_eur_m2,18.49
2025Q4,091,Helsinki,One-bedroom,All,n_rent,27690.0
2025Q4,091,Helsinki,One-bedroom,All,rent_new_eur_m2,
2025Q4,091,Helsinki,One-bedroom,All,n_rent_new,
2026Q1,091,Helsinki,One-bedroom,All,index_2025,100.4
2026Q1,091,Helsinki,One-bedroom,All,index_qoq_pct,0.2
2026Q1,091,Helsinki,One-bedroom,All,index_yoy_pct,0.7
2026Q1,091,Helsinki,One-bedroom,All,rent_eur_m2,18.54
2026Q1,091,Helsinki,One-bedroom,All,n_rent,27616.0
2026Q1,091,Helsinki,One-bedroom,All,rent_new_eur_m2,
2026Q1,091,Helsinki,One-bedroom,All,n_rent_new,
2026Q2,091,Helsinki,One-bedroom,All,index_2025,100.5
2026Q2,091,Helsinki,One-bedroom,All,index_qoq_pct,0.1
2026Q2,091,Helsinki,One-bedroom,All,index_yoy_pct,0.5
2026Q2,091,Helsinki,One-bedroom,All,rent_eur_m2,18.7
2026Q2,091,Helsinki,One-bedroom,All,n_rent,28276.0
2026Q2,091,Helsinki,One-bedroom,All,rent_new_eur_m2,
2026Q2,091,Helsinki,One-bedroom,All,n_rent_new,
2025Q1,091-1,Helsinki 1,One-bedroom,All,index_2025,99.8
2025Q1,091-1,Helsinki 1,One-bedroom,All,index_qoq_pct,
2025Q1,091-1,Helsinki 1,One-bedroom,All,index_yoy_pct,
2025Q1,091-1,Helsinki 1,One-bedroom,All,rent_eur_m2,22.82
2025Q1,091-1,Helsinki 1,One-bedroom,All,n_rent,3110.0
2025Q1,091-1,Helsinki 1,One-bedroom,All,rent_new_eur_m2,
2025Q1,091-1,Helsinki 1,One-bedroom,All,n_rent_new,
2025Q2,091-1,Helsinki 1,One-bedroom,All,index_2025,99.9
2025Q2,091-1,Helsinki 1,One-bedroom,All,index_qoq_pct,0.1
2025Q2,091-1,Helsinki 1,One-bedroom,All,index_yoy_pct,
2025Q2,091-1,Helsinki 1,One-bedroom,All,rent_eur_m2,22.93
2025Q2,091-1,Helsinki 1,One-bedroom,All,n_rent,2910.0
2025Q2,091-1,Helsinki 1,One-bedroom,All,rent_new_eur_m2,
2025Q2,091-1,Helsinki 1,One-bedroom,All,n_rent_new,
2025Q3,091-1,Helsinki 1,One-bedroom,All,index_2025,100.1
2025Q3,091-1,Helsinki 1,One-bedroom,All,index_qoq_pct,0.2
2025Q3,091-1,Helsinki 1,One-bedroom,All,index_yoy_pct,
2025Q3,091-1,Helsinki 1,One-bedroom,All,rent_eur_m2,23.12
2025Q3,091-1,Helsinki 1,One-bedroom,All,n_rent,2868.0
2025Q3,091-1,Helsinki 1,One-bedroom,All,rent_new_eur_m2,
2025Q3,091-1,Helsinki 1,One-bedroom,All,n_rent_new,
2025Q4,091-1,Helsinki 1,One-bedroom,All,index_2025,100.2
2025Q4,091-1,Helsinki 1,One-bedroom,All,index_qoq_pct,0.1
2025Q4,091-1,Helsinki 1,One-bedroom,All,index_yoy_pct,
2025Q4,091-1,Helsinki 1,One-bedroom,All,rent_eur_m2,22.87
2025Q4,091-1,Helsinki 1,One-bedroom,All,n_rent,3240.0
2025Q4,091-1,Helsinki 1,One-bedroom,All,rent_new_eur_m2,
2025Q4,091-1,Helsinki 1,One-bedroom,All,n_rent_new,
2026Q1,091-1,Helsinki 1,One-bedroom,All,index_2025,100.2
2026Q1,091-1,Helsinki 1,One-bedroom,All,index_qoq_pct,0.0
2026Q1,091-1,Helsinki 1,One-bedroom,All,index_yoy_pct,0.5
2026Q1,091-1,Helsinki 1,One-bedroom,All,rent_eur_m2,22.85
2026Q1,091-1,Helsinki 1,One-bedroom,All,n_rent,3309.0
2026Q1,091-1,Helsinki 1,One-bedroom,All,rent_new_eur_m2,
2026Q1,091-1,Helsinki 1,One-bedroom,All,n_rent_new,
2026Q2,091-1,Helsinki 1,One-bedroom,All,index_2025,100.4
2026Q2,091-1,Helsinki 1,One-bedroom,All,index_qoq_pct,0.1
2026Q2,091-1,Helsinki 1,One-bedroom,All,index_yoy_pct,0.5
2026Q2,091-1,Helsinki 1,One-bedroom,All,rent_eur_m2,23.1
2026Q2,091-1,Helsinki 1,One-bedroom,All,n_rent,3419.0
2026Q2,091-1,Helsinki 1,One-bedroom,All,rent_new_eur_m2,
2026Q2,091-1,Helsinki 1,One-bedroom,All,n_rent_new,
2025Q1,091-2,Helsinki 2,One-bedroom,All,index_2025,99.7
2025Q1,091-2,Helsinki 2,One-bedroom,All,index_qoq_pct,
2025Q1,091-2,Helsinki 2,One-bedroom,All,index_yoy_pct,
2025Q1,091-2,Helsinki 2,One-bedroom,All,rent_eur_m2,19.29
2025Q1,091-2,Helsinki 2,One-bedroom,All,n_rent,8394.0
2025Q1,091-2,Helsinki 2,One-bedroom,All,rent_new_eur_m2,
2025Q1,091-2,Helsinki 2,One-bedroom,All,n_rent_new,
2025Q2,091-2,Helsinki 2,One-bedroom,All,index_2025,100.0
2025Q2,091-2,Helsinki 2,One-bedroom,All,index_qoq_pct,0.3
2025Q2,091-2,Helsinki 2,One-bedroom,All,index_yoy_pct,
2025Q2,091-2,Helsinki 2,One-bedroom,All,rent_eur_m2,19.35
2025Q2,091-2,Helsinki 2,One-bedroom,All,n_rent,8139.0
2025Q2,091-2,Helsinki 2,One-bedroom,All,rent_new_eur_m2,
2025Q2,091-2,Helsinki 2,One-bedroom,All,n_rent_new,
2025Q3,091-2,Helsinki 2,One-bedroom,All,index_2025,100.1
2025Q3,091-2,Helsinki 2,One-bedroom,All,index_qoq_pct,0.1
2025Q3,091-2,Helsinki 2,One-bedroom,All,index_yoy_pct,
2025Q3,091-2,Helsinki 2,One-bedroom,All,rent_eur_m2,19.45
2025Q3,091-2,Helsinki 2,One-bedroom,All,n_rent,8140.0
2025Q3,091-2,Helsinki 2,One-bedroom,All,rent_new_eur_m2,
2025Q3,091-2,Helsinki 2,One-bedroom,All,n_rent_new,
2025Q4,091-2,Helsinki 2,One-bedroom,All,index_2025,100.3
2025Q4,091-2,Helsinki 2,One-bedroom,All,index_qoq_pct,0.2
2025Q4,091-2,Helsinki 2,One-bedroom,All,index_yoy_pct,
2025Q4,091-2,Helsinki 2,One-bedroom,All,rent_eur_m2,19.64
2025Q4,091-2,Helsinki 2,One-bedroom,All,n_rent,8915.0
2025Q4,091-2,Helsinki 2,One-bedroom,All,rent_new_eur_m2,
2025Q4,091-2,Helsinki 2,One-bedroom,All,n_rent_new,
2026Q1,091-2,Helsinki 2,One-bedroom,All,index_2025,100.5
2026Q1,091-2,Helsinki 2,One-bedroom,All,index_qoq_pct,0.2
2026Q1,091-2,Helsinki 2,One-bedroom,All,index_yoy_pct,0.8
2026Q1,091-2,Helsinki 2,One-bedroom,All,rent_eur_m2,19.67
2026Q1,091-2,Helsinki 2,One-bedroom,All,n_rent,8898.0
2026Q1,091-2,Helsinki 2,One-bedroom,All,rent_new_eur_m2,
2026Q1,091-2,Helsinki 2,One-bedroom,All,n_rent_new,
2026Q2,091-2,Helsinki 2,One-bedroom,All,index_2025,100.6
2026Q2,091-2,Helsinki 2,One-bedroom,All,index_qoq_pct,0.1
2026Q2,091-2,Helsinki 2,One-bedroom,All,index_yoy_pct,0.6
2026Q2,091-2,Helsinki 2,One-bedroom,All,rent_eur_m2,19.85
2026Q2,091-2,Helsinki 2,One-bedroom,All,n_rent,9344.0
2026Q2,091-2,Helsinki 2,One-bedroom,All,rent_new_eur_m2,
2026Q2,091-2,Helsinki 2,One-bedroom,All,n_rent_new,
2025Q1,091-3,Helsinki 3,One-bedroom,All,index_2025,99.7
2025Q1,091-3,Helsinki 3,One-bedroom,All,index_qoq_pct,
2025Q1,091-3,Helsinki 3,One-bedroom,All,index_yoy_pct,
2025Q1,091-3,Helsinki 3,One-bedroom,All,rent_eur_m2,16.93
2025Q1,091-3,Helsinki 3,One-bedroom,All,n_rent,4010.0
2025Q1,091-3,Helsinki 3,One-bedroom,All,rent_new_eur_m2,
2025Q1,091-3,Helsinki 3,One-bedroom,All,n_rent_new,
2025Q2,091-3,Helsinki 3,One-bedroom,All,index_2025,100.0
2025Q2,091-3,Helsinki 3,One-bedroom,All,index_qoq_pct,0.3
2025Q2,091-3,Helsinki 3,One-bedroom,All,index_yoy_pct,
2025Q2,091-3,Helsinki 3,One-bedroom,All,rent_eur_m2,17.01
2025Q2,091-3,Helsinki 3,One-bedroom,All,n_rent,3889.0
2025Q2,091-3,Helsinki 3,One-bedroom,All,rent_new_eur_m2,
2025Q2,091-3,Helsinki 3,One-bedroom,All,n_rent_new,
2025Q3,091-3,Helsinki 3,One-bedroom,All,index_2025,100.1
2025Q3,091-3,Helsinki 3,One-bedroom,All,index_qoq_pct,0.1
2025Q3,091-3,Helsinki 3,One-bedroom,All,index_yoy_pct,
2025Q3,091-3,Helsinki 3,One-bedroom,All,rent_eur_m2,17.11
2025Q3,091-3,Helsinki 3,One-bedroom,All,n_rent,3910.0
2025Q3,091-3,Helsinki 3,One-bedroom,All,rent_new_eur_m2,
2025Q3,091-3,Helsinki 3,One-bedroom,All,n_rent_new,
2025Q4,091-3,Helsinki 3,One-bedroom,All,index_2025,100.3
2025Q4,091-3,Helsinki 3,One-bedroom,All,index_qoq_pct,0.1
2025Q4,091-3,Helsinki 3,One-bedroom,All,index_yoy_pct,
2025Q4,091-3,Helsinki 3,One-bedroom,All,rent_eur_m2,17.09
2025Q4,091-3,Helsinki 3,One-bedroom,All,n_rent,4186.0
2025Q4,091-3,Helsinki 3,One-bedroom,All,rent_new_eur_m2,
2025Q4,091-3,Helsinki 3,One-bedroom,All,n_rent_new,
2026Q1,091-3,Helsinki 3,One-bedroom,All,index_2025,100.4
2026Q1,091-3,Helsinki 3,One-bedroom,All,index_qoq_pct,0.2
2026Q1,091-3,Helsinki 3,One-bedroom,All,index_yoy_pct,0.8
2026Q1,091-3,Helsinki 3,One-bedroom,All,rent_eur_m2,17.13
2026Q1,091-3,Helsinki 3,One-bedroom,All,n_rent,4148.0
2026Q1,091-3,Helsinki 3,One-bedroom,All,rent_new_eur_m2,
2026Q1,091-3,Helsinki 3,One-bedroom,All,n_rent_new,
2026Q2,091-3,Helsinki 3,One-bedroom,All,index_2025,100.6
2026Q2,091-3,Helsinki 3,One-bedroom,All,index_qoq_pct,0.1
2026Q2,091-3,Helsinki 3,One-bedroom,All,index_yoy_pct,0.6
2026Q2,091-3,Helsinki 3,One-bedroom,All,rent_eur_m2,17.21
2026Q2,091-3,Helsinki 3,One-bedroom,All,n_rent,4244.0
2026Q2,091-3,Helsinki 3,One-bedroom,All,rent_new_eur_m2,
2026Q2,091-3,Helsinki 3,One-bedroom,All,n_rent_new,
2025Q1,091-4,Helsinki 4,One-bedroom,All,index_2025,99.6
2025Q1,091-4,Helsinki 4,One-bedroom,All,index_qoq_pct,
2025Q1,091-4,Helsinki 4,One-bedroom,All,index_yoy_pct,
2025Q1,091-4,Helsinki 4,One-bedroom,All,rent_eur_m2,15.6
2025Q1,091-4,Helsinki 4,One-bedroom,All,n_rent,11034.0
2025Q1,091-4,Helsinki 4,One-bedroom,All,rent_new_eur_m2,
2025Q1,091-4,Helsinki 4,One-bedroom,All,n_rent_new,
2025Q2,091-4,Helsinki 4,One-bedroom,All,index_2025,100.1
2025Q2,091-4,Helsinki 4,One-bedroom,All,index_qoq_pct,0.5
2025Q2,091-4,Helsinki 4,One-bedroom,All,index_yoy_pct,
2025Q2,091-4,Helsinki 4,One-bedroom,All,rent_eur_m2,15.73
2025Q2,091-4,Helsinki 4,One-bedroom,All,n_rent,10965.0
2025Q2,091-4,Helsinki 4,One-bedroom,All,rent_new_eur_m2,
2025Q2,091-4,Helsinki 4,One-bedroom,All,n_rent_new,
2025Q3,091-4,Helsinki 4,One-bedroom,All,index_2025,100.1
2025Q3,091-4,Helsinki 4,One-bedroom,All,index_qoq_pct,0.0
2025Q3,091-4,Helsinki 4,One-bedroom,All,index_yoy_pct,
2025Q3,091-4,Helsinki 4,One-bedroom,All,rent_eur_m2,15.75
2025Q3,091-4,Helsinki 4,One-bedroom,All,n_rent,11070.0
2025Q3,091-4,Helsinki 4,One-bedroom,All,rent_new_eur_m2,
2025Q3,091-4,Helsinki 4,One-bedroom,All,n_rent_new,
2025Q4,091-4,Helsinki 4,One-bedroom,All,index_2025,100.2
2025Q4,091-4,Helsinki 4,One-bedroom,All,index_qoq_pct,0.1
2025Q4,091-4,Helsinki 4,One-bedroom,All,index_yoy_pct,
2025Q4,091-4,Helsinki 4,One-bedroom,All,rent_eur_m2,15.77
2025Q4,091-4,Helsinki 4,One-bedroom,All,n_rent,11349.0
2025Q4,091-4,Helsinki 4,One-bedroom,All,rent_new_eur_m2,
2025Q4,091-4,Helsinki 4,One-bedroom,All,n_rent_new,
2026Q1,091-4,Helsinki 4,One-bedroom,All,index_2025,100.4
2026Q1,091-4,Helsinki 4,One-bedroom,All,index_qoq_pct,0.2
2026Q1,091-4,Helsinki 4,One-bedroom,All,index_yoy_pct,0.8
2026Q1,091-4,Helsinki 4,One-bedroom,All,rent_eur_m2,15.82
2026Q1,091-4,Helsinki 4,One-bedroom,All,n_rent,11261.0
2026Q1,091-4,Helsinki 4,One-bedroom,All,rent_new_eur_m2,
2026Q1,091-4,Helsinki 4,One-bedroom,All,n_rent_new,
2026Q2,091-4,Helsinki 4,One-bedroom,All,index_2025,100.5
2026Q2,091-4,Helsinki 4,One-bedroom,All,index_qoq_pct,0.1
2026Q2,091-4,Helsinki 4,One-bedroom,All,index_yoy_pct,0.5
2026Q2,091-4,Helsinki 4,One-bedroom,All,rent_eur_m2,15.84
2026Q2,091-4,Helsinki 4,One-bedroom,All,n_rent,11269.0
2026Q2,091-4,Helsinki 4,One-bedroom,All,rent_new_eur_m2,
2026Q2,091-4,Helsinki 4,One-bedroom,All,n_rent_new,
2025Q1,049,Espoo-Kauniainen,One-bedroom,All,index_2025,99.7
2025Q1,049,Espoo-Kauniainen,One-bedroom,All,index_qoq_pct,
2025Q1,049,Espoo-Kauniainen,One-bedroom,All,index_yoy_pct,
2025Q1,049,Espoo-Kauniainen,One-bedroom,All,rent_eur_m2,17.08
2025Q1,049,Espoo-Kauniainen,One-bedroom,All,n_rent,10294.0
2025Q1,049,Espoo-Kauniainen,One-bedroom,All,rent_new_eur_m2,
2025Q1,049,Espoo-Kauniainen,One-bedroom,All,n_rent_new,
2025Q2,049,Espoo-Kauniainen,One-bedroom,All,index_2025,100.0
2025Q2,049,Espoo-Kauniainen,One-bedroom,All,index_qoq_pct,0.3
2025Q2,049,Espoo-Kauniainen,One-bedroom,All,index_yoy_pct,
2025Q2,049,Espoo-Kauniainen,One-bedroom,All,rent_eur_m2,17.16
2025Q2,049,Espoo-Kauniainen,One-bedroom,All,n_rent,10088.0
2025Q2,049,Espoo-Kauniainen,One-bedroom,All,rent_new_eur_m2,
2025Q2,049,Espoo-Kauniainen,One-bedroom,All,n_rent_new,
2025Q3,049,Espoo-Kauniainen,One-bedroom,All,index_2025,100.1
2025Q3,049,Espoo-Kauniainen,One-bedroom,All,index_qoq_pct,0.1
2025Q3,049,Espoo-Kauniainen,One-bedroom,All,index_yoy_pct,
2025Q3,049,Espoo-Kauniainen,One-bedroom,All,rent_eur_m2,17.2
2025Q3,049,Espoo-Kauniainen,One-bedroom,All,n_rent,9993.0
2025Q3,049,Espoo-Kauniainen,One-bedroom,All,rent_new_eur_m2,
2025Q3,049,Espoo-Kauniainen,One-bedroom,All,n_rent_new,
2025Q4,049,Espoo-Kauniainen,One-bedroom,All,index_2025,100.2
2025Q4,049,Espoo-Kauniainen,One-bedroom,All,index_qoq_pct,0.2
2025Q4,049,Espoo-Kauniainen,One-bedroom,All,index_yoy_pct,
2025Q4,049,Espoo-Kauniainen,One-bedroom,All,rent_eur_m2,17.25
2025Q4,049,Espoo-Kauniainen,One-bedroom,All,n_rent,10335.0
2025Q4,049,Espoo-Kauniainen,One-bedroom,All,rent_new_eur_m2,
2025Q4,049,Espoo-Kauniainen,One-bedroom,All,n_rent_new,
2026Q1,049,Espoo-Kauniainen,One-bedroom,All,index_2025,100.5
2026Q1,049,Espoo-Kauniainen,One-bedroom,All,index_qoq_pct,0.2
2026Q1,049,Espoo-Kauniainen,One-bedroom,All,index_yoy_pct,0.8
2026Q1,049,Espoo-Kauniainen,One-bedroom,All,rent_eur_m2,17.27
2026Q1,049,Espoo-Kauniainen,One-bedroom,All,n_rent,10429.0
2026Q1,049,Espoo-Kauniainen,One-bedroom,All,rent_new_eur_m2,
2026Q1,049,Espoo-Kauniainen,One-bedroom,All,n_rent_new,
2026Q2,049,Espoo-Kauniainen,One-bedroom,All,index_2025,100.6
2026Q2,049,Espoo-Kauniainen,One-bedroom,All,index_qoq_pct,0.1
2026Q2,049,Espoo-Kauniainen,One-bedroom,All,index_yoy_pct,0.6
2026Q2,049,Espoo-Kauniainen,One-bedroom,All,rent_eur_m2,17.4
2026Q2,049,Espoo-Kauniainen,One-bedroom,All,n_rent,10611.0
2026Q2,049,Espoo-Kauniainen,One-bedroom,All,rent_new_eur_m2,
2026Q2,049,Espoo-Kauniainen,One-bedroom,All,n_rent_new,
2025Q1,049-1,Espoo-Kauniainen 1,One-bedroom,All,index_2025,99.8
2025Q1,049-1,Espoo-Kauniainen 1,One-bedroom,All,index_qoq_pct,
2025Q1,049-1,Espoo-Kauniainen 1,One-bedroom,All,index_yoy_pct,
2025Q1,049-1,Espoo-Kauniainen 1,One-bedroom,All,rent_eur_m2,18.43
2025Q1,049-1,Espoo-Kauniainen 1,One-bedroom,All,n_rent,4255.0
2025Q1,049-1,Espoo-Kauniainen 1,One-bedroom,All,rent_new_eur_m2,
2025Q1,049-1,Espoo-Kauniainen 1,One-bedroom,All,n_rent_new,
2025Q2,049-1,Espoo-Kauniainen 1,One-bedroom,All,index_2025,100.0
2025Q2,049-1,Espoo-Kauniainen 1,One-bedroom,All,index_qoq_pct,0.2
2025Q2,049-1,Espoo-Kauniainen 1,One-bedroom,All,index_yoy_pct,
2025Q2,049-1,Espoo-Kauniainen 1,One-bedroom,All,rent_eur_m2,18.54
2025Q2,049-1,Espoo-Kauniainen 1,One-bedroom,All,n_rent,4161.0
2025Q2,049-1,Espoo-Kauniainen 1,One-bedroom,All,rent_new_eur_m2,
2025Q2,049-1,Espoo-Kauniainen 1,One-bedroom,All,n_rent_new,
2025Q3,049-1,Espoo-Kauniainen 1,One-bedroom,All,index_2025,100.1
2025Q3,049-1,Espoo-Kauniainen 1,One-bedroom,All,index_qoq_pct,0.1
2025Q3,049-1,Espoo-Kauniainen 1,One-bedroom,All,index_yoy_pct,
2025Q3,049-1,Espoo-Kauniainen 1,One-bedroom,All,rent_eur_m2,18.58
2025Q3,049-1,Espoo-Kauniainen 1,One-bedroom,All,n_rent,4087.0
2025Q3,049-1,Espoo-Kauniainen 1,One-bedroom,All,rent_new_eur_m2,
2025Q3,049-1,Espoo-Kauniainen 1,One-bedroom,All,n_rent_new,
2025Q4,049-1,Espoo-Kauniainen 1,One-bedroom,All,index_2025,100.2
2025Q4,049-1,Espoo-Kauniainen 1,One-bedroom,All,index_qoq_pct,0.1
2025Q4,049-1,Espoo-Kauniainen 1,One-bedroom,All,index_yoy_pct,
2025Q4,049-1,Espoo-Kauniainen 1,One-bedroom,All,rent_eur_m2,18.59
2025Q4,049-1,Espoo-Kauniainen 1,One-bedroom,All,n_rent,4269.0
2025Q4,049-1,Espoo-Kauniainen 1,One-bedroom,All,rent_new_eur_m2,
2025Q4,049-1,Espoo-Kauniainen 1,One-bedroom,All,n_rent_new,
2026Q1,049-1,Espoo-Kauniainen 1,One-bedroom,All,index_2025,100.4
2026Q1,049-1,Espoo-Kauniainen 1,One-bedroom,All,index_qoq_pct,0.2
2026Q1,049-1,Espoo-Kauniainen 1,One-bedroom,All,index_yoy_pct,0.6
2026Q1,049-1,Espoo-Kauniainen 1,One-bedroom,All,rent_eur_m2,18.62
2026Q1,049-1,Espoo-Kauniainen 1,One-bedroom,All,n_rent,4343.0
2026Q1,049-1,Espoo-Kauniainen 1,One-bedroom,All,rent_new_eur_m2,
2026Q1,049-1,Espoo-Kauniainen 1,One-bedroom,All,n_rent_new,
2026Q2,049-1,Espoo-Kauniainen 1,One-bedroom,All,index_2025,100.5
2026Q2,049-1,Espoo-Kauniainen 1,One-bedroom,All,index_qoq_pct,0.1
2026Q2,049-1,Espoo-Kauniainen 1,One-bedroom,All,index_yoy_pct,0.5
2026Q2,049-1,Espoo-Kauniainen 1,One-bedroom,All,rent_eur_m2,18.77
2026Q2,049-1,Espoo-Kauniainen 1,One-bedroom,All,n_rent,4454.0
2026Q2,049-1,Espoo-Kauniainen 1,One-bedroom,All,rent_new_eur_m2,
2026Q2,049-1,Espoo-Kauniainen 1,One-bedroom,All,n_rent_new,
2025Q1,049-2,Espoo-Kauniainen 2,One-bedroom,All,index_2025,99.6
2025Q1,049-2,Espoo-Kauniainen 2,One-bedroom,All,index_qoq_pct,
2025Q1,049-2,Espoo-Kauniainen 2,One-bedroom,All,index_yoy_pct,
2025Q1,049-2,Espoo-Kauniainen 2,One-bedroom,All,rent_eur_m2,16.51
2025Q1,049-2,Espoo-Kauniainen 2,One-bedroom,All,n_rent,2517.0
2025Q1,049-2,Espoo-Kauniainen 2,One-bedroom,All,rent_new_eur_m2,
2025Q1,049-2,Espoo-Kauniainen 2,One-bedroom,All,n_rent_new,
2025Q2,049-2,Espoo-Kauniainen 2,One-bedroom,All,index_2025,100.0
2025Q2,049-2,Espoo-Kauniainen 2,One-bedroom,All,index_qoq_pct,0.4
2025Q2,049-2,Espoo-Kauniainen 2,One-bedroom,All,index_yoy_pct,
2025Q2,049-2,Espoo-Kauniainen 2,One-bedroom,All,rent_eur_m2,16.59
2025Q2,049-2,Espoo-Kauniainen 2,One-bedroom,All,n_rent,2461.0
2025Q2,049-2,Espoo-Kauniainen 2,One-bedroom,All,rent_new_eur_m2,
2025Q2,049-2,Espoo-Kauniainen 2,One-bedroom,All,n_rent_new,
2025Q3,049-2,Espoo-Kauniainen 2,One-bedroom,All,index_2025,100.1
2025Q3,049-2,Espoo-Kauniainen 2,One-bedroom,All,index_qoq_pct,0.1
2025Q3,049-2,Espoo-Kauniainen 2,One-bedroom,All,index_yoy_pct,
2025Q3,049-2,Espoo-Kauniainen 2,One-bedroom,All,rent_eur_m2,16.65
2025Q3,049-2,Espoo-Kauniainen 2,One-bedroom,All,n_rent,2429.0
2025Q3,049-2,Espoo-Kauniainen 2,One-bedroom,All,rent_new_eur_m2,
2025Q3,049-2,Espoo-Kauniainen 2,One-bedroom,All,n_rent_new,
2025Q4,049-2,Espoo-Kauniainen 2,One-bedroom,All,index_2025,100.3
2025Q4,049-2,Espoo-Kauniainen 2,One-bedroom,All,index_qoq_pct,0.2
2025Q4,049-2,Espoo-Kauniainen 2,One-bedroom,All,index_yoy_pct,
2025Q4,049-2,Espoo-Kauniainen 2,One-bedroom,All,rent_eur_m2,16.67
2025Q4,049-2,Espoo-Kauniainen 2,One-bedroom,All,n_rent,2529.0
2025Q4,049-2,Espoo-Kauniainen 2,One-bedroom,All,rent_new_eur_m2,
2025Q4,049-2,Espoo-Kauniainen 2,One-bedroom,All,n_rent_new,
2026Q1,049-2,Espoo-Kauniainen 2,One-bedroom,All,index_2025,100.6
2026Q1,049-2,Espoo-Kauniainen 2,One-bedroom,All,index_qoq_pct,0.2
2026Q1,049-2,Espoo-Kauniainen 2,One-bedroom,All,index_yoy_pct,1.0
2026Q1,049-2,Espoo-Kauniainen 2,One-bedroom,All,rent_eur_m2,16.65
2026Q1,049-2,Espoo-Kauniainen 2,One-bedroom,All,n_rent,2581.0
2026Q1,049-2,Espoo-Kauniainen 2,One-bedroom,All,rent_new_eur_m2,
2026Q1,049-2,Espoo-Kauniainen 2,One-bedroom,All,n_rent_new,
2026Q2,049-2,Espoo-Kauniainen 2,One-bedroom,All,index_2025,100.8
2026Q2,049-2,Espoo-Kauniainen 2,One-bedroom,All,index_qoq_pct,0.2
2026Q2,049-2,Espoo-Kauniainen 2,One-bedroom,All,index_yoy_pct,0.8
2026Q2,049-2,Espoo-Kauniainen 2,One-bedroom,All,rent_eur_m2,16.84
2026Q2,049-2,Espoo-Kauniainen 2,One-bedroom,All,n_rent,2648.0
2026Q2,049-2,Espoo-Kauniainen 2,One-bedroom,All,rent_new_eur_m2,
2026Q2,049-2,Espoo-Kauniainen 2,One-bedroom,All,n_rent_new,
2025Q1,049-3,Espoo-Kauniainen 3,One-bedroom,All,index_2025,99.7
2025Q1,049-3,Espoo-Kauniainen 3,One-bedroom,All,index_qoq_pct,
2025Q1,049-3,Espoo-Kauniainen 3,One-bedroom,All,index_yoy_pct,
2025Q1,049-3,Espoo-Kauniainen 3,One-bedroom,All,rent_eur_m2,15.59
2025Q1,049-3,Espoo-Kauniainen 3,One-bedroom,All,n_rent,3522.0
2025Q1,049-3,Espoo-Kauniainen 3,One-bedroom,All,rent_new_eur_m2,
2025Q1,049-3,Espoo-Kauniainen 3,One-bedroom,All,n_rent_new,
2025Q2,049-3,Espoo-Kauniainen 3,One-bedroom,All,index_2025,100.0
2025Q2,049-3,Espoo-Kauniainen 3,One-bedroom,All,index_qoq_pct,0.3
2025Q2,049-3,Espoo-Kauniainen 3,One-bedroom,All,index_yoy_pct,
2025Q2,049-3,Espoo-Kauniainen 3,One-bedroom,All,rent_eur_m2,15.65
2025Q2,049-3,Espoo-Kauniainen 3,One-bedroom,All,n_rent,3466.0
2025Q2,049-3,Espoo-Kauniainen 3,One-bedroom,All,rent_new_eur_m2,
2025Q2,049-3,Espoo-Kauniainen 3,One-bedroom,All,n_rent_new,
2025Q3,049-3,Espoo-Kauniainen 3,One-bedroom,All,index_2025,100.1
2025Q3,049-3,Espoo-Kauniainen 3,One-bedroom,All,index_qoq_pct,0.1
2025Q3,049-3,Espoo-Kauniainen 3,One-bedroom,All,index_yoy_pct,
2025Q3,049-3,Espoo-Kauniainen 3,One-bedroom,All,rent_eur_m2,15.7
2025Q3,049-3,Espoo-Kauniainen 3,One-bedroom,All,n_rent,3477.0
2025Q3,049-3,Espoo-Kauniainen 3,One-bedroom,All,rent_new_eur_m2,
2025Q3,049-3,Espoo-Kauniainen 3,One-bedroom,All,n_rent_new,
2025Q4,049-3,Espoo-Kauniainen 3,One-bedroom,All,index_2025,100.3
2025Q4,049-3,Espoo-Kauniainen 3,One-bedroom,All,index_qoq_pct,0.2
2025Q4,049-3,Espoo-Kauniainen 3,One-bedroom,All,index_yoy_pct,
2025Q4,049-3,Espoo-Kauniainen 3,One-bedroom,All,rent_eur_m2,15.75
2025Q4,049-3,Espoo-Kauniainen 3,One-bedroom,All,n_rent,3537.0
2025Q4,049-3,Espoo-Kauniainen 3,One-bedroom,All,rent_new_eur_m2,
2025Q4,049-3,Espoo-Kauniainen 3,One-bedroom,All,n_rent_new,
2026Q1,049-3,Espoo-Kauniainen 3,One-bedroom,All,index_2025,100.6
2026Q1,049-3,Espoo-Kauniainen 3,One-bedroom,All,index_qoq_pct,0.3
2026Q1,049-3,Espoo-Kauniainen 3,One-bedroom,All,index_yoy_pct,0.9
2026Q1,049-3,Espoo-Kauniainen 3,One-bedroom,All,rent_eur_m2,15.79
2026Q1,049-3,Espoo-Kauniainen 3,One-bedroom,All,n_rent,3505.0
2026Q1,049-3,Espoo-Kauniainen 3,One-bedroom,All,rent_new_eur_m2,
2026Q1,049-3,Espoo-Kauniainen 3,One-bedroom,All,n_rent_new,
2026Q2,049-3,Espoo-Kauniainen 3,One-bedroom,All,index_2025,100.7
2026Q2,049-3,Espoo-Kauniainen 3,One-bedroom,All,index_qoq_pct,0.1
2026Q2,049-3,Espoo-Kauniainen 3,One-bedroom,All,index_yoy_pct,0.7
2026Q2,049-3,Espoo-Kauniainen 3,One-bedroom,All,rent_eur_m2,15.8
2026Q2,049-3,Espoo-Kauniainen 3,One-bedroom,All,n_rent,3509.0
2026Q2,049-3,Espoo-Kauniainen 3,One-bedroom,All,rent_new_eur_m2,
2026Q2,049-3,Espoo-Kauniainen 3,One-bedroom,All,n_rent_new,
2025Q1,092,Vantaa,One-bedroom,All,index_2025,100.3
2025Q1,092,Vantaa,One-bedroom,All,index_qoq_pct,
2025Q1,092,Vantaa,One-bedroom,All,index_yoy_pct,
2025Q1,092,Vantaa,One-bedroom,All,rent_eur_m2,16.19
2025Q1,092,Vantaa,One-bedroom,All,n_rent,10495.0
2025Q1,092,Vantaa,One-bedroom,All,rent_new_eur_m2,
2025Q1,092,Vantaa,One-bedroom,All,n_rent_new,
2025Q2,092,Vantaa,One-bedroom,All,index_2025,100.2
2025Q2,092,Vantaa,One-bedroom,All,index_qoq_pct,-0.2
2025Q2,092,Vantaa,One-bedroom,All,index_yoy_pct,
2025Q2,092,Vantaa,One-bedroom,All,rent_eur_m2,16.18
2025Q2,092,Vantaa,One-bedroom,All,n_rent,10411.0
2025Q2,092,Vantaa,One-bedroom,All,rent_new_eur_m2,
2025Q2,092,Vantaa,One-bedroom,All,n_rent_new,
2025Q3,092,Vantaa,One-bedroom,All,index_2025,99.8
2025Q3,092,Vantaa,One-bedroom,All,index_qoq_pct,-0.3
2025Q3,092,Vantaa,One-bedroom,All,index_yoy_pct,
2025Q3,092,Vantaa,One-bedroom,All,rent_eur_m2,16.19
2025Q3,092,Vantaa,One-bedroom,All,n_rent,10711.0
2025Q3,092,Vantaa,One-bedroom,All,rent_new_eur_m2,
2025Q3,092,Vantaa,One-bedroom,All,n_rent_new,
2025Q4,092,Vantaa,One-bedroom,All,index_2025,99.7
2025Q4,092,Vantaa,One-bedroom,All,index_qoq_pct,-0.2
2025Q4,092,Vantaa,One-bedroom,All,index_yoy_pct,
2025Q4,092,Vantaa,One-bedroom,All,rent_eur_m2,16.13
2025Q4,092,Vantaa,One-bedroom,All,n_rent,10808.0
2025Q4,092,Vantaa,One-bedroom,All,rent_new_eur_m2,
2025Q4,092,Vantaa,One-bedroom,All,n_rent_new,
2026Q1,092,Vantaa,One-bedroom,All,index_2025,99.6
2026Q1,092,Vantaa,One-bedroom,All,index_qoq_pct,0.0
2026Q1,092,Vantaa,One-bedroom,All,index_yoy_pct,-0.7
2026Q1,092,Vantaa,One-bedroom,All,rent_eur_m2,16.1
2026Q1,092,Vantaa,One-bedroom,All,n_rent,10845.0
2026Q1,092,Vantaa,One-bedroom,All,rent_new_eur_m2,
2026Q1,092,Vantaa,One-bedroom,All,n_rent_new,
2026Q2,092,Vantaa,One-bedroom,All,index_2025,99.5
2026Q2,092,Vantaa,One-bedroom,All,index_qoq_pct,-0.1
2026Q2,092,Vantaa,One-bedroom,All,index_yoy_pct,-0.6
2026Q2,092,Vantaa,One-bedroom,All,rent_eur_m2,16.17
2026Q2,092,Vantaa,One-bedroom,All,n_rent,10984.0
2026Q2,092,Vantaa,One-bedroom,All,rent_new_eur_m2,
2026Q2,092,Vantaa,One-bedroom,All,n_rent_new,
2025Q1,092-1,Vantaa 1,One-bedroom,All,index_2025,100.3
2025Q1,092-1,Vantaa 1,One-bedroom,All,index_qoq_pct,
2025Q1,092-1,Vantaa 1,One-bedroom,All,index_yoy_pct,
2025Q1,092-1,Vantaa 1,One-bedroom,All,rent_eur_m2,18.0
2025Q1,092-1,Vantaa 1,One-bedroom,All,n_rent,2825.0
2025Q1,092-1,Vantaa 1,One-bedroom,All,rent_new_eur_m2,
2025Q1,092-1,Vantaa 1,One-bedroom,All,n_rent_new,
2025Q2,092-1,Vantaa 1,One-bedroom,All,index_2025,100.2
2025Q2,092-1,Vantaa 1,One-bedroom,All,index_qoq_pct,-0.1
2025Q2,092-1,Vantaa 1,One-bedroom,All,index_yoy_pct,
2025Q2,092-1,Vantaa 1,One-bedroom,All,rent_eur_m2,18.0
2025Q2,092-1,Vantaa 1,One-bedroom,All,n_rent,2756.0
2025Q2,092-1,Vantaa 1,One-bedroom,All,rent_new_eur_m2,
2025Q2,092-1,Vantaa 1,One-bedroom,All,n_rent_new,
2025Q3,092-1,Vantaa 1,One-bedroom,All,index_2025,99.9
2025Q3,092-1,Vantaa 1,One-bedroom,All,index_qoq_pct,-0.2
2025Q3,092-1,Vantaa 1,One-bedroom,All,index_yoy_pct,
2025Q3,092-1,Vantaa 1,One-bedroom,All,rent_eur_m2,18.09
2025Q3,092-1,Vantaa 1,One-bedroom,All,n_rent,2908.0
2025Q3,092-1,Vantaa 1,One-bedroom,All,rent_new_eur_m2,
2025Q3,092-1,Vantaa 1,One-bedroom,All,n_rent_new,
2025Q4,092-1,Vantaa 1,One-bedroom,All,index_2025,99.7
2025Q4,092-1,Vantaa 1,One-bedroom,All,index_qoq_pct,-0.3
2025Q4,092-1,Vantaa 1,One-bedroom,All,index_yoy_pct,
2025Q4,092-1,Vantaa 1,One-bedroom,All,rent_eur_m2,17.99
2025Q4,092-1,Vantaa 1,One-bedroom,All,n_rent,2872.0
2025Q4,092-1,Vantaa 1,One-bedroom,All,rent_new_eur_m2,
2025Q4,092-1,Vantaa 1,One-bedroom,All,n_rent_new,
2026Q1,092-1,Vantaa 1,One-bedroom,All,index_2025,99.5
2026Q1,092-1,Vantaa 1,One-bedroom,All,index_qoq_pct,-0.1
2026Q1,092-1,Vantaa 1,One-bedroom,All,index_yoy_pct,-0.7
2026Q1,092-1,Vantaa 1,One-bedroom,All,rent_eur_m2,17.92
2026Q1,092-1,Vantaa 1,One-bedroom,All,n_rent,2877.0
2026Q1,092-1,Vantaa 1,One-bedroom,All,rent_new_eur_m2,
2026Q1,092-1,Vantaa 1,One-bedroom,All,n_rent_new,
2026Q2,092-1,Vantaa 1,One-bedroom,All,index_2025,99.3
2026Q2,092-1,Vantaa 1,One-bedroom,All,index_qoq_pct,-0.2
2026Q2,092-1,Vantaa 1,One-bedroom,All,index_yoy_pct,-0.9
2026Q2,092-1,Vantaa 1,One-bedroom,All,rent_eur_m2,17.97
2026Q2,092-1,Vantaa 1,One-bedroom,All,n_rent,3069.0
2026Q2,092-1,Vantaa 1,One-bedroom,All,rent_new_eur_m2,
2026Q2,092-1,Vantaa 1,One-bedroom,All,n_rent_new,
2025Q1,092-2,Vantaa 2,One-bedroom,All,index_2025,100.5
2025Q1,092-2,Vantaa 2,One-bedroom,All,index_qoq_pct,
2025Q1,092-2,Vantaa 2,One-bedroom,All,index_yoy_pct,
2025Q1,092-2,Vantaa 2,One-bedroom,All,rent_eur_m2,15.63
2025Q1,092-2,Vantaa 2,One-bedroom,All,n_rent,2524.0
2025Q1,092-2,Vantaa 2,One-bedroom,All,rent_new_eur_m2,
2025Q1,092-2,Vantaa 2,One-bedroom,All,n_rent_new,
2025Q2,092-2,Vantaa 2,One-bedroom,All,index_2025,100.2
2025Q2,092-2,Vantaa 2,One-bedroom,All,index_qoq_pct,-0.3
2025Q2,092-2,Vantaa 2,One-bedroom,All,index_yoy_pct,
2025Q2,092-2,Vantaa 2,One-bedroom,All,rent_eur_m2,15.62
2025Q2,092-2,Vantaa 2,One-bedroom,All,n_rent,2507.0
2025Q2,092-2,Vantaa 2,One-bedroom,All,rent_new_eur_m2,
2025Q2,092-2,Vantaa 2,One-bedroom,All,n_rent_new,
2025Q3,092-2,Vantaa 2,One-bedroom,All,index_2025,99.7
2025Q3,092-2,Vantaa 2,One-bedroom,All,index_qoq_pct,-0.5
2025Q3,092-2,Vantaa 2,One-bedroom,All,index_yoy_pct,
2025Q3,092-2,Vantaa 2,One-bedroom,All,rent_eur_m2,15.63
2025Q3,092-2,Vantaa 2,One-bedroom,All,n_rent,2577.0
2025Q3,092-2,Vantaa 2,One-bedroom,All,rent_new_eur_m2,
2025Q3,092-2,Vantaa 2,One-bedroom,All,n_rent_new,
2025Q4,092-2,Vantaa 2,One-bedroom,All,index_2025,99.6
2025Q4,092-2,Vantaa 2,One-bedroom,All,index_qoq_pct,-0.2
2025Q4,092-2,Vantaa 2,One-bedroom,All,index_yoy_pct,
2025Q4,092-2,Vantaa 2,One-bedroom,All,rent_eur_m2,15.54
2025Q4,092-2,Vantaa 2,One-bedroom,All,n_rent,2563.0
2025Q4,092-2,Vantaa 2,One-bedroom,All,rent_new_eur_m2,
2025Q4,092-2,Vantaa 2,One-bedroom,All,n_rent_new,
2026Q1,092-2,Vantaa 2,One-bedroom,All,index_2025,99.6
2026Q1,092-2,Vantaa 2,One-bedroom,All,index_qoq_pct,0.1
2026Q1,092-2,Vantaa 2,One-bedroom,All,index_yoy_pct,-0.9
2026Q1,092-2,Vantaa 2,One-bedroom,All,rent_eur_m2,15.52
2026Q1,092-2,Vantaa 2,One-bedroom,All,n_rent,2586.0
2026Q1,092-2,Vantaa 2,One-bedroom,All,rent_new_eur_m2,
2026Q1,092-2,Vantaa 2,One-bedroom,All,n_rent_new,
2026Q2,092-2,Vantaa 2,One-bedroom,All,index_2025,99.6
2026Q2,092-2,Vantaa 2,One-bedroom,All,index_qoq_pct,0.0
2026Q2,092-2,Vantaa 2,One-bedroom,All,index_yoy_pct,-0.6
2026Q2,092-2,Vantaa 2,One-bedroom,All,rent_eur_m2,15.57
2026Q2,092-2,Vantaa 2,One-bedroom,All,n_rent,2591.0
2026Q2,092-2,Vantaa 2,One-bedroom,All,rent_new_eur_m2,
2026Q2,092-2,Vantaa 2,One-bedroom,All,n_rent_new,
2025Q1,092-3,Vantaa 3,One-bedroom,All,index_2025,100.3
2025Q1,092-3,Vantaa 3,One-bedroom,All,index_qoq_pct,
2025Q1,092-3,Vantaa 3,One-bedroom,All,index_yoy_pct,
2025Q1,092-3,Vantaa 3,One-bedroom,All,rent_eur_m2,15.22
2025Q1,092-3,Vantaa 3,One-bedroom,All,n_rent,5146.0
2025Q1,092-3,Vantaa 3,One-bedroom,All,rent_new_eur_m2,
2025Q1,092-3,Vantaa 3,One-bedroom,All,n_rent_new,
2025Q2,092-3,Vantaa 3,One-bedroom,All,index_2025,100.1
2025Q2,092-3,Vantaa 3,One-bedroom,All,index_qoq_pct,-0.2
2025Q2,092-3,Vantaa 3,One-bedroom,All,index_yoy_pct,
2025Q2,092-3,Vantaa 3,One-bedroom,All,rent_eur_m2,15.22
2025Q2,092-3,Vantaa 3,One-bedroom,All,n_rent,5148.0
2025Q2,092-3,Vantaa 3,One-bedroom,All,rent_new_eur_m2,
2025Q2,092-3,Vantaa 3,One-bedroom,All,n_rent_new,
2025Q3,092-3,Vantaa 3,One-bedroom,All,index_2025,99.8
2025Q3,092-3,Vantaa 3,One-bedroom,All,index_qoq_pct,-0.3
2025Q3,092-3,Vantaa 3,One-bedroom,All,index_yoy_pct,
2025Q3,092-3,Vantaa 3,One-bedroom,All,rent_eur_m2,15.16
2025Q3,092-3,Vantaa 3,One-bedroom,All,n_rent,5226.0
2025Q3,092-3,Vantaa 3,One-bedroom,All,rent_new_eur_m2,
2025Q3,092-3,Vantaa 3,One-bedroom,All,n_rent_new,
2025Q4,092-3,Vantaa 3,One-bedroom,All,index_2025,99.7
2025Q4,092-3,Vantaa 3,One-bedroom,All,index_qoq_pct,-0.1
2025Q4,092-3,Vantaa 3,One-bedroom,All,index_yoy_pct,
2025Q4,092-3,Vantaa 3,One-bedroom,All,rent_eur_m2,15.15
2025Q4,092-3,Vantaa 3,One-bedroom,All,n_rent,5373.0
2025Q4,092-3,Vantaa 3,One-bedroom,All,rent_new_eur_m2,
2025Q4,092-3,Vantaa 3,One-bedroom,All,n_rent_new,
2026Q1,092-3,Vantaa 3,One-bedroom,All,index_2025,99.7
2026Q1,092-3,Vantaa 3,One-bedroom,All,index_qoq_pct,0.0
2026Q1,092-3,Vantaa 3,One-bedroom,All,index_yoy_pct,-0.6
2026Q1,092-3,Vantaa 3,One-bedroom,All,rent_eur_m2,15.14
2026Q1,092-3,Vantaa 3,One-bedroom,All,n_rent,5382.0
2026Q1,092-3,Vantaa 3,One-bedroom,All,rent_new_eur_m2,
2026Q1,092-3,Vantaa 3,One-bedroom,All,n_rent_new,
2026Q2,092-3,Vantaa 3,One-bedroom,All,index_2025,99.7
2026Q2,092-3,Vantaa 3,One-bedroom,All,index_qoq_pct,0.0
2026Q2,092-3,Vantaa 3,One-bedroom,All,index_yoy_pct,-0.5
2026Q2,092-3,Vantaa 3,One-bedroom,All,rent_eur_m2,15.15
2026Q2,092-3,Vantaa 3,One-bedroom,All,n_rent,5324.0
2026Q2,092-3,Vantaa 3,One-bedroom,All,rent_new_eur_m2,
2026Q2,092-3,Vantaa 3,One-bedroom,All,n_rent_new,
2025Q1,ksu,Koko maa,Two-bedroom+,All,index_2025,99.8
2025Q1,ksu,Koko maa,Two-bedroom+,All,index_qoq_pct,
2025Q1,ksu,Koko maa,Two-bedroom+,All,index_yoy_pct,
2025Q1,ksu,Koko maa,Two-bedroom+,All,rent_eur_m2,13.2
2025Q1,ksu,Koko maa,Two-bedroom+,All,n_rent,57198.0
2025Q1,ksu,Koko maa,Two-bedroom+,All,rent_new_eur_m2,
2025Q1,ksu,Koko maa,Two-bedroom+,All,n_rent_new,
2025Q2,ksu,Koko maa,Two-bedroom+,All,index_2025,100.0
2025Q2,ksu,Koko maa,Two-bedroom+,All,index_qoq_pct,0.2
2025Q2,ksu,Koko maa,Two-bedroom+,All,index_yoy_pct,
2025Q2,ksu,Koko maa,Two-bedroom+,All,rent_eur_m2,13.24
2025Q2,ksu,Koko maa,Two-bedroom+,All,n_rent,56078.0
2025Q2,ksu,Koko maa,Two-bedroom+,All,rent_new_eur_m2,
2025Q2,ksu,Koko maa,Two-bedroom+,All,n_rent_new,
2025Q3,ksu,Koko maa,Two-bedroom+,All,index_2025,100.1
2025Q3,ksu,Koko maa,Two-bedroom+,All,index_qoq_pct,0.1
2025Q3,ksu,Koko maa,Two-bedroom+,All,index_yoy_pct,
2025Q3,ksu,Koko maa,Two-bedroom+,All,rent_eur_m2,13.3
2025Q3,ksu,Koko maa,Two-bedroom+,All,n_rent,56588.0
2025Q3,ksu,Koko maa,Two-bedroom+,All,rent_new_eur_m2,
2025Q3,ksu,Koko maa,Two-bedroom+,All,n_rent_new,
2025Q4,ksu,Koko maa,Two-bedroom+,All,index_2025,100.2
2025Q4,ksu,Koko maa,Two-bedroom+,All,index_qoq_pct,0.1
2025Q4,ksu,Koko maa,Two-bedroom+,All,index_yoy_pct,
2025Q4,ksu,Koko maa,Two-bedroom+,All,rent_eur_m2,13.28
2025Q4,ksu,Koko maa,Two-bedroom+,All,n_rent,57927.0
2025Q4,ksu,Koko maa,Two-bedroom+,All,rent_new_eur_m2,
2025Q4,ksu,Koko maa,Two-bedroom+,All,n_rent_new,
2026Q1,ksu,Koko maa,Two-bedroom+,All,index_2025,100.3
2026Q1,ksu,Koko maa,Two-bedroom+,All,index_qoq_pct,0.2
2026Q1,ksu,Koko maa,Two-bedroom+,All,index_yoy_pct,0.5
2026Q1,ksu,Koko maa,Two-bedroom+,All,rent_eur_m2,13.32
2026Q1,ksu,Koko maa,Two-bedroom+,All,n_rent,57439.0
2026Q1,ksu,Koko maa,Two-bedroom+,All,rent_new_eur_m2,
2026Q1,ksu,Koko maa,Two-bedroom+,All,n_rent_new,
2026Q2,ksu,Koko maa,Two-bedroom+,All,index_2025,100.4
2026Q2,ksu,Koko maa,Two-bedroom+,All,index_qoq_pct,0.1
2026Q2,ksu,Koko maa,Two-bedroom+,All,index_yoy_pct,0.5
2026Q2,ksu,Koko maa,Two-bedroom+,All,rent_eur_m2,13.51
2026Q2,ksu,Koko maa,Two-bedroom+,All,n_rent,58054.0
2026Q2,ksu,Koko maa,Two-bedroom+,All,rent_new_eur_m2,
2026Q2,ksu,Koko maa,Two-bedroom+,All,n_rent_new,
2025Q1,pks,Pääkaupunkiseutu (PKS),Two-bedroom+,All,index_2025,99.8
2025Q1,pks,Pääkaupunkiseutu (PKS),Two-bedroom+,All,index_qoq_pct,
2025Q1,pks,Pääkaupunkiseutu (PKS),Two-bedroom+,All,index_yoy_pct,
2025Q1,pks,Pääkaupunkiseutu (PKS),Two-bedroom+,All,rent_eur_m2,15.8
2025Q1,pks,Pääkaupunkiseutu (PKS),Two-bedroom+,All,n_rent,27006.0
2025Q1,pks,Pääkaupunkiseutu (PKS),Two-bedroom+,All,rent_new_eur_m2,
2025Q1,pks,Pääkaupunkiseutu (PKS),Two-bedroom+,All,n_rent_new,
2025Q2,pks,Pääkaupunkiseutu (PKS),Two-bedroom+,All,index_2025,100.0
2025Q2,pks,Pääkaupunkiseutu (PKS),Two-bedroom+,All,index_qoq_pct,0.2
2025Q2,pks,Pääkaupunkiseutu (PKS),Two-bedroom+,All,index_yoy_pct,
2025Q2,pks,Pääkaupunkiseutu (PKS),Two-bedroom+,All,rent_eur_m2,15.85
2025Q2,pks,Pääkaupunkiseutu (PKS),Two-bedroom+,All,n_rent,26620.0
2025Q2,pks,Pääkaupunkiseutu (PKS),Two-bedroom+,All,rent_new_eur_m2,
2025Q2,pks,Pääkaupunkiseutu (PKS),Two-bedroom+,All,n_rent_new,
2025Q3,pks,Pääkaupunkiseutu (PKS),Two-bedroom+,All,index_2025,100.0
2025Q3,pks,Pääkaupunkiseutu (PKS),Two-bedroom+,All,index_qoq_pct,0.0
2025Q3,pks,Pääkaupunkiseutu (PKS),Two-bedroom+,All,index_yoy_pct,
2025Q3,pks,Pääkaupunkiseutu (PKS),Two-bedroom+,All,rent_eur_m2,15.87
2025Q3,pks,Pääkaupunkiseutu (PKS),Two-bedroom+,All,n_rent,27093.0
2025Q3,pks,Pääkaupunkiseutu (PKS),Two-bedroom+,All,rent_new_eur_m2,
2025Q3,pks,Pääkaupunkiseutu (PKS),Two-bedroom+,All,n_rent_new,
2025Q4,pks,Pääkaupunkiseutu (PKS),Two-bedroom+,All,index_2025,100.1
2025Q4,pks,Pääkaupunkiseutu (PKS),Two-bedroom+,All,index_qoq_pct,0.1
2025Q4,pks,Pääkaupunkiseutu (PKS),Two-bedroom+,All,index_yoy_pct,
2025Q4,pks,Pääkaupunkiseutu (PKS),Two-bedroom+,All,rent_eur_m2,15.85
2025Q4,pks,Pääkaupunkiseutu (PKS),Two-bedroom+,All,n_rent,27529.0
2025Q4,pks,Pääkaupunkiseutu (PKS),Two-bedroom+,All,rent_new_eur_m2,
2025Q4,pks,Pääkaupunkiseutu (PKS),Two-bedroom+,All,n_rent_new,
2026Q1,pks,Pääkaupunkiseutu (PKS),Two-bedroom+,All,index_2025,100.3
2026Q1,pks,Pääkaupunkiseutu (PKS),Two-bedroom+,All,index_qoq_pct,0.2
2026Q1,pks,Pääkaupunkiseutu (PKS),Two-bedroom+,All,index_yoy_pct,0.5
2026Q1,pks,Pääkaupunkiseutu (PKS),Two-bedroom+,All,rent_eur_m2,15.89
2026Q1,pks,Pääkaupunkiseutu (PKS),Two-bedroom+,All,n_rent,27298.0
2026Q1,pks,Pääkaupunkiseutu (PKS),Two-bedroom+,All,rent_new_eur_m2,
2026Q1,pks,Pääkaupunkiseutu (PKS),Two-bedroom+,All,n_rent_new,
2026Q2,pks,Pääkaupunkiseutu (PKS),Two-bedroom+,All,index_2025,100.4
2026Q2,pks,Pääkaupunkiseutu (PKS),Two-bedroom+,All,index_qoq_pct,0.1
2026Q2,pks,Pääkaupunkiseutu (PKS),Two-bedroom+,All,index_yoy_pct,0.4
2026Q2,pks,Pääkaupunkiseutu (PKS),Two-bedroom+,All,rent_eur_m2,16.1
2026Q2,pks,Pääkaupunkiseutu (PKS),Two-bedroom+,All,n_rent,28056.0
2026Q2,pks,Pääkaupunkiseutu (PKS),Two-bedroom+,All,rent_new_eur_m2,
2026Q2,pks,Pääkaupunkiseutu (PKS),Two-bedroom+,All,n_rent_new,
2025Q1,091,Helsinki,Two-bedroom+,All,index_2025,99.7
2025Q1,091,Helsinki,Two-bedroom+,All,index_qoq_pct,
2025Q1,091,Helsinki,Two-bedroom+,All,index_yoy_pct,
2025Q1,091,Helsinki,Two-bedroom+,All,rent_eur_m2,16.16
2025Q1,091,Helsinki,Two-bedroom+,All,n_rent,14805.0
2025Q1,091,Helsinki,Two-bedroom+,All,rent_new_eur_m2,
2025Q1,091,Helsinki,Two-bedroom+,All,n_rent_new,
2025Q2,091,Helsinki,Two-bedroom+,All,index_2025,100.0
2025Q2,091,Helsinki,Two-bedroom+,All,index_qoq_pct,0.3
2025Q2,091,Helsinki,Two-bedroom+,All,index_yoy_pct,
2025Q2,091,Helsinki,Two-bedroom+,All,rent_eur_m2,16.21
2025Q2,091,Helsinki,Two-bedroom+,All,n_rent,14611.0
2025Q2,091,Helsinki,Two-bedroom+,All,rent_new_eur_m2,
2025Q2,091,Helsinki,Two-bedroom+,All,n_rent_new,
2025Q3,091,Helsinki,Two-bedroom+,All,index_2025,100.1
2025Q3,091,Helsinki,Two-bedroom+,All,index_qoq_pct,0.1
2025Q3,091,Helsinki,Two-bedroom+,All,index_yoy_pct,
2025Q3,091,Helsinki,Two-bedroom+,All,rent_eur_m2,16.24
2025Q3,091,Helsinki,Two-bedroom+,All,n_rent,14899.0
2025Q3,091,Helsinki,Two-bedroom+,All,rent_new_eur_m2,
2025Q3,091,Helsinki,Two-bedroom+,All,n_rent_new,
2025Q4,091,Helsinki,Two-bedroom+,All,index_2025,100.2
2025Q4,091,Helsinki,Two-bedroom+,All,index_qoq_pct,0.1
2025Q4,091,Helsinki,Two-bedroom+,All,index_yoy_pct,
2025Q4,091,Helsinki,Two-bedroom+,All,rent_eur_m2,16.19
2025Q4,091,Helsinki,Two-bedroom+,All,n_rent,15175.0
2025Q4,091,Helsinki,Two-bedroom+,All,rent_new_eur_m2,
2025Q4,091,Helsinki,Two-bedroom+,All,n_rent_new,
2026Q1,091,Helsinki,Two-bedroom+,All,index_2025,100.4
2026Q1,091,Helsinki,Two-bedroom+,All,index_qoq_pct,0.2
2026Q1,091,Helsinki,Two-bedroom+,All,index_yoy_pct,0.7
2026Q1,091,Helsinki,Two-bedroom+,All,rent_eur_m2,16.24
2026Q1,091,Helsinki,Two-bedroom+,All,n_rent,14985.0
2026Q1,091,Helsinki,Two-bedroom+,All,rent_new_eur_m2,
2026Q1,091,Helsinki,Two-bedroom+,All,n_rent_new,
2026Q2,091,Helsinki,Two-bedroom+,All,index_2025,100.5
2026Q2,091,Helsinki,Two-bedroom+,All,index_qoq_pct,0.1
2026Q2,091,Helsinki,Two-bedroom+,All,index_yoy_pct,0.5
2026Q2,091,Helsinki,Two-bedroom+,All,rent_eur_m2,16.51
2026Q2,091,Helsinki,Two-bedroom+,All,n_rent,15303.0
2026Q2,091,Helsinki,Two-bedroom+,All,rent_new_eur_m2,
2026Q2,091,Helsinki,Two-bedroom+,All,n_rent_new,
2025Q1,091-1,Helsinki 1,Two-bedroom+,All,index_2025,99.7
2025Q1,091-1,Helsinki 1,Two-bedroom+,All,index_qoq_pct,
2025Q1,091-1,Helsinki 1,Two-bedroom+,All,index_yoy_pct,
2025Q1,091-1,Helsinki 1,Two-bedroom+,All,rent_eur_m2,20.5
2025Q1,091-1,Helsinki 1,Two-bedroom+,All,n_rent,1092.0
2025Q1,091-1,Helsinki 1,Two-bedroom+,All,rent_new_eur_m2,
2025Q1,091-1,Helsinki 1,Two-bedroom+,All,n_rent_new,
2025Q2,091-1,Helsinki 1,Two-bedroom+,All,index_2025,100.0
2025Q2,091-1,Helsinki 1,Two-bedroom+,All,index_qoq_pct,0.3
2025Q2,091-1,Helsinki 1,Two-bedroom+,All,index_yoy_pct,
2025Q2,091-1,Helsinki 1,Two-bedroom+,All,rent_eur_m2,20.69
2025Q2,091-1,Helsinki 1,Two-bedroom+,All,n_rent,1058.0
2025Q2,091-1,Helsinki 1,Two-bedroom+,All,rent_new_eur_m2,
2025Q2,091-1,Helsinki 1,Two-bedroom+,All,n_rent_new,
2025Q3,091-1,Helsinki 1,Two-bedroom+,All,index_2025,100.1
2025Q3,091-1,Helsinki 1,Two-bedroom+,All,index_qoq_pct,0.1
2025Q3,091-1,Helsinki 1,Two-bedroom+,All,index_yoy_pct,
2025Q3,091-1,Helsinki 1,Two-bedroom+,All,rent_eur_m2,20.71
2025Q3,091-1,Helsinki 1,Two-bedroom+,All,n_rent,1062.0
2025Q3,091-1,Helsinki 1,Two-bedroom+,All,rent_new_eur_m2,
2025Q3,091-1,Helsinki 1,Two-bedroom+,All,n_rent_new,
2025Q4,091-1,Helsinki 1,Two-bedroom+,All,index_2025,100.3
2025Q4,091-1,Helsinki 1,Two-bedroom+,All,index_qoq_pct,0.2
2025Q4,091-1,Helsinki 1,Two-bedroom+,All,index_yoy_pct,
2025Q4,091-1,Helsinki 1,Two-bedroom+,All,rent_eur_m2,19.96
2025Q4,091-1,Helsinki 1,Two-bedroom+,All,n_rent,1123.0
2025Q4,091-1,Helsinki 1,Two-bedroom+,All,rent_new_eur_m2,
2025Q4,091-1,Helsinki 1,Two-bedroom+,All,n_rent_new,
2026Q1,091-1,Helsinki 1,Two-bedroom+,All,index_2025,100.4
2026Q1,091-1,Helsinki 1,Two-bedroom+,All,index_qoq_pct,0.1
2026Q1,091-1,Helsinki 1,Two-bedroom+,All,index_yoy_pct,0.7
2026Q1,091-1,Helsinki 1,Two-bedroom+,All,rent_eur_m2,19.7
2026Q1,091-1,Helsinki 1,Two-bedroom+,All,n_rent,1135.0
2026Q1,091-1,Helsinki 1,Two-bedroom+,All,rent_new_eur_m2,
2026Q1,091-1,Helsinki 1,Two-bedroom+,All,n_rent_new,
2026Q2,091-1,Helsinki 1,Two-bedroom+,All,index_2025,100.5
2026Q2,091-1,Helsinki 1,Two-bedroom+,All,index_qoq_pct,0.2
2026Q2,091-1,Helsinki 1,Two-bedroom+,All,index_yoy_pct,0.5
2026Q2,091-1,Helsinki 1,Two-bedroom+,All,rent_eur_m2,20.38
2026Q2,091-1,Helsinki 1,Two-bedroom+,All,n_rent,1237.0
2026Q2,091-1,Helsinki 1,Two-bedroom+,All,rent_new_eur_m2,
2026Q2,091-1,Helsinki 1,Two-bedroom+,All,n_rent_new,
2025Q1,091-2,Helsinki 2,Two-bedroom+,All,index_2025,99.6
2025Q1,091-2,Helsinki 2,Two-bedroom+,All,index_qoq_pct,
2025Q1,091-2,Helsinki 2,Two-bedroom+,All,index_yoy_pct,
2025Q1,091-2,Helsinki 2,Two-bedroom+,All,rent_eur_m2,17.11
2025Q1,091-2,Helsinki 2,Two-bedroom+,All,n_rent,3279.0
2025Q1,091-2,Helsinki 2,Two-bedroom+,All,rent_new_eur_m2,
2025Q1,091-2,Helsinki 2,Two-bedroom+,All,n_rent_new,
2025Q2,091-2,Helsinki 2,Two-bedroom+,All,index_2025,100.0
2025Q2,091-2,Helsinki 2,Two-bedroom+,All,index_qoq_pct,0.4
2025Q2,091-2,Helsinki 2,Two-bedroom+,All,index_yoy_pct,
2025Q2,091-2,Helsinki 2,Two-bedroom+,All,rent_eur_m2,17.2
2025Q2,091-2,Helsinki 2,Two-bedroom+,All,n_rent,3217.0
2025Q2,091-2,Helsinki 2,Two-bedroom+,All,rent_new_eur_m2,
2025Q2,091-2,Helsinki 2,Two-bedroom+,All,n_rent_new,
2025Q3,091-2,Helsinki 2,Two-bedroom+,All,index_2025,100.1
2025Q3,091-2,Helsinki 2,Two-bedroom+,All,index_qoq_pct,0.2
2025Q3,091-2,Helsinki 2,Two-bedroom+,All,index_yoy_pct,
2025Q3,091-2,Helsinki 2,Two-bedroom+,All,rent_eur_m2,17.32
2025Q3,091-2,Helsinki 2,Two-bedroom+,All,n_rent,3271.0
2025Q3,091-2,Helsinki 2,Two-bedroom+,All,rent_new_eur_m2,
2025Q3,091-2,Helsinki 2,Two-bedroom+,All,n_rent_new,
2025Q4,091-2,Helsinki 2,Two-bedroom+,All,index_2025,100.3
2025Q4,091-2,Helsinki 2,Two-bedroom+,All,index_qoq_pct,0.1
2025Q4,091-2,Helsinki 2,Two-bedroom+,All,index_yoy_pct,
2025Q4,091-2,Helsinki 2,Two-bedroom+,All,rent_eur_m2,17.21
2025Q4,091-2,Helsinki 2,Two-bedroom+,All,n_rent,3392.0
2025Q4,091-2,Helsinki 2,Two-bedroom+,All,rent_new_eur_m2,
2025Q4,091-2,Helsinki 2,Two-bedroom+,All,n_rent_new,
2026Q1,091-2,Helsinki 2,Two-bedroom+,All,index_2025,100.5
2026Q1,091-2,Helsinki 2,Two-bedroom+,All,index_qoq_pct,0.3
2026Q1,091-2,Helsinki 2,Two-bedroom+,All,index_yoy_pct,0.9
2026Q1,091-2,Helsinki 2,Two-bedroom+,All,rent_eur_m2,17.32
2026Q1,091-2,Helsinki 2,Two-bedroom+,All,n_rent,3344.0
2026Q1,091-2,Helsinki 2,Two-bedroom+,All,rent_new_eur_m2,
2026Q1,091-2,Helsinki 2,Two-bedroom+,All,n_rent_new,
2026Q2,091-2,Helsinki 2,Two-bedroom+,All,index_2025,100.7
2026Q2,091-2,Helsinki 2,Two-bedroom+,All,index_qoq_pct,0.2
2026Q2,091-2,Helsinki 2,Two-bedroom+,All,index_yoy_pct,0.7
2026Q2,091-2,Helsinki 2,Two-bedroom+,All,rent_eur_m2,17.64
2026Q2,091-2,Helsinki 2,Two-bedroom+,All,n_rent,3604.0
2026Q2,091-2,Helsinki 2,Two-bedroom+,All,rent_new_eur_m2,
2026Q2,091-2,Helsinki 2,Two-bedroom+,All,n_rent_new,
2025Q1,091-3,Helsinki 3,Two-bedroom+,All,index_2025,99.9
2025Q1,091-3,Helsinki 3,Two-bedroom+,All,index_qoq_pct,
2025Q1,091-3,Helsinki 3,Two-bedroom+,All,index_yoy_pct,
2025Q1,091-3,Helsinki 3,Two-bedroom+,All,rent_eur_m2,15.74
2025Q1,091-3,Helsinki 3,Two-bedroom+,All,n_rent,2434.0
2025Q1,091-3,Helsinki 3,Two-bedroom+,All,rent_new_eur_m2,
2025Q1,091-3,Helsinki 3,Two-bedroom+,All,n_rent_new,
2025Q2,091-3,Helsinki 3,Two-bedroom+,All,index_2025,100.0
2025Q2,091-3,Helsinki 3,Two-bedroom+,All,index_qoq_pct,0.1
2025Q2,091-3,Helsinki 3,Two-bedroom+,All,index_yoy_pct,
2025Q2,091-3,Helsinki 3,Two-bedroom+,All,rent_eur_m2,15.81
2025Q2,091-3,Helsinki 3,Two-bedroom+,All,n_rent,2372.0
2025Q2,091-3,Helsinki 3,Two-bedroom+,All,rent_new_eur_m2,
2025Q2,091-3,Helsinki 3,Two-bedroom+,All,n_rent_new,
2025Q3,091-3,Helsinki 3,Two-bedroom+,All,index_2025,100.0
2025Q3,091-3,Helsinki 3,Two-bedroom+,All,index_qoq_pct,0.1
2025Q3,091-3,Helsinki 3,Two-bedroom+,All,index_yoy_pct,
2025Q3,091-3,Helsinki 3,Two-bedroom+,All,rent_eur_m2,15.86
2025Q3,091-3,Helsinki 3,Two-bedroom+,All,n_rent,2436.0
2025Q3,091-3,Helsinki 3,Two-bedroom+,All,rent_new_eur_m2,
2025Q3,091-3,Helsinki 3,Two-bedroom+,All,n_rent_new,
2025Q4,091-3,Helsinki 3,Two-bedroom+,All,index_2025,100.1
2025Q4,091-3,Helsinki 3,Two-bedroom+,All,index_qoq_pct,0.1
2025Q4,091-3,Helsinki 3,Two-bedroom+,All,index_yoy_pct,
2025Q4,091-3,Helsinki 3,Two-bedroom+,All,rent_eur_m2,15.76
2025Q4,091-3,Helsinki 3,Two-bedroom+,All,n_rent,2531.0
2025Q4,091-3,Helsinki 3,Two-bedroom+,All,rent_new_eur_m2,
2025Q4,091-3,Helsinki 3,Two-bedroom+,All,n_rent_new,
2026Q1,091-3,Helsinki 3,Two-bedroom+,All,index_2025,100.3
2026Q1,091-3,Helsinki 3,Two-bedroom+,All,index_qoq_pct,0.2
2026Q1,091-3,Helsinki 3,Two-bedroom+,All,index_yoy_pct,0.5
2026Q1,091-3,Helsinki 3,Two-bedroom+,All,rent_eur_m2,15.84
2026Q1,091-3,Helsinki 3,Two-bedroom+,All,n_rent,2515.0
2026Q1,091-3,Helsinki 3,Two-bedroom+,All,rent_new_eur_m2,
2026Q1,091-3,Helsinki 3,Two-bedroom+,All,n_rent_new,
2026Q2,091-3,Helsinki 3,Two-bedroom+,All,index_2025,100.4
2026Q2,091-3,Helsinki 3,Two-bedroom+,All,index_qoq_pct,0.1
2026Q2,091-3,Helsinki 3,Two-bedroom+,All,index_yoy_pct,0.5
2026Q2,091-3,Helsinki 3,Two-bedroom+,All,rent_eur_m2,15.9
2026Q2,091-3,Helsinki 3,Two-bedroom+,All,n_rent,2529.0
2026Q2,091-3,Helsinki 3,Two-bedroom+,All,rent_new_eur_m2,
2026Q2,091-3,Helsinki 3,Two-bedroom+,All,n_rent_new,
2025Q1,091-4,Helsinki 4,Two-bedroom+,All,index_2025,99.7
2025Q1,091-4,Helsinki 4,Two-bedroom+,All,index_qoq_pct,
2025Q1,091-4,Helsinki 4,Two-bedroom+,All,index_yoy_pct,
2025Q1,091-4,Helsinki 4,Two-bedroom+,All,rent_eur_m2,14.25
2025Q1,091-4,Helsinki 4,Two-bedroom+,All,n_rent,8000.0
2025Q1,091-4,Helsinki 4,Two-bedroom+,All,rent_new_eur_m2,
2025Q1,091-4,Helsinki 4,Two-bedroom+,All,n_rent_new,
2025Q2,091-4,Helsinki 4,Two-bedroom+,All,index_2025,100.0
2025Q2,091-4,Helsinki 4,Two-bedroom+,All,index_qoq_pct,0.3
2025Q2,091-4,Helsinki 4,Two-bedroom+,All,index_yoy_pct,
2025Q2,091-4,Helsinki 4,Two-bedroom+,All,rent_eur_m2,14.3
2025Q2,091-4,Helsinki 4,Two-bedroom+,All,n_rent,7964.0
2025Q2,091-4,Helsinki 4,Two-bedroom+,All,rent_new_eur_m2,
2025Q2,091-4,Helsinki 4,Two-bedroom+,All,n_rent_new,
2025Q3,091-4,Helsinki 4,Two-bedroom+,All,index_2025,100.1
2025Q3,091-4,Helsinki 4,Two-bedroom+,All,index_qoq_pct,0.0
2025Q3,091-4,Helsinki 4,Two-bedroom+,All,index_yoy_pct,
2025Q3,091-4,Helsinki 4,Two-bedroom+,All,rent_eur_m2,14.32
2025Q3,091-4,Helsinki 4,Two-bedroom+,All,n_rent,8130.0
2025Q3,091-4,Helsinki 4,Two-bedroom+,All,rent_new_eur_m2,
2025Q3,091-4,Helsinki 4,Two-bedroom+,All,n_rent_new,
2025Q4,091-4,Helsinki 4,Two-bedroom+,All,index_2025,100.1
2025Q4,091-4,Helsinki 4,Two-bedroom+,All,index_qoq_pct,0.1
2025Q4,091-4,Helsinki 4,Two-bedroom+,All,index_yoy_pct,
2025Q4,091-4,Helsinki 4,Two-bedroom+,All,rent_eur_m2,14.32
2025Q4,091-4,Helsinki 4,Two-bedroom+,All,n_rent,8129.0
2025Q4,091-4,Helsinki 4,Two-bedroom+,All,rent_new_eur_m2,
2025Q4,091-4,Helsinki 4,Two-bedroom+,All,n_rent_new,
2026Q1,091-4,Helsinki 4,Two-bedroom+,All,index_2025,100.3
2026Q1,091-4,Helsinki 4,Two-bedroom+,All,index_qoq_pct,0.2
2026Q1,091-4,Helsinki 4,Two-bedroom+,All,index_yoy_pct,0.6
2026Q1,091-4,Helsinki 4,Two-bedroom+,All,rent_eur_m2,14.36
2026Q1,091-4,Helsinki 4,Two-bedroom+,All,n_rent,7991.0
2026Q1,091-4,Helsinki 4,Two-bedroom+,All,rent_new_eur_m2,
2026Q1,091-4,Helsinki 4,Two-bedroom+,All,n_rent_new,
2026Q2,091-4,Helsinki 4,Two-bedroom+,All,index_2025,100.4
2026Q2,091-4,Helsinki 4,Two-bedroom+,All,index_qoq_pct,0.0
2026Q2,091-4,Helsinki 4,Two-bedroom+,All,index_yoy_pct,0.3
2026Q2,091-4,Helsinki 4,Two-bedroom+,All,rent_eur_m2,14.38
2026Q2,091-4,Helsinki 4,Two-bedroom+,All,n_rent,7933.0
2026Q2,091-4,Helsinki 4,Two-bedroom+,All,rent_new_eur_m2,
2026Q2,091-4,Helsinki 4,Two-bedroom+,All,n_rent_new,
2025Q1,049,Espoo-Kauniainen,Two-bedroom+,All,index_2025,99.7
2025Q1,049,Espoo-Kauniainen,Two-bedroom+,All,index_qoq_pct,
2025Q1,049,Espoo-Kauniainen,Two-bedroom+,All,index_yoy_pct,
2025Q1,049,Espoo-Kauniainen,Two-bedroom+,All,rent_eur_m2,15.6
2025Q1,049,Espoo-Kauniainen,Two-bedroom+,All,n_rent,6184.0
2025Q1,049,Espoo-Kauniainen,Two-bedroom+,All,rent_new_eur_m2,
2025Q1,049,Espoo-Kauniainen,Two-bedroom+,All,n_rent_new,
2025Q2,049,Espoo-Kauniainen,Two-bedroom+,All,index_2025,99.9
2025Q2,049,Espoo-Kauniainen,Two-bedroom+,All,index_qoq_pct,0.3
2025Q2,049,Espoo-Kauniainen,Two-bedroom+,All,index_yoy_pct,
2025Q2,049,Espoo-Kauniainen,Two-bedroom+,All,rent_eur_m2,15.69
2025Q2,049,Espoo-Kauniainen,Two-bedroom+,All,n_rent,6036.0
2025Q2,049,Espoo-Kauniainen,Two-bedroom+,All,rent_new_eur_m2,
2025Q2,049,Espoo-Kauniainen,Two-bedroom+,All,n_rent_new,
2025Q3,049,Espoo-Kauniainen,Two-bedroom+,All,index_2025,100.1
2025Q3,049,Espoo-Kauniainen,Two-bedroom+,All,index_qoq_pct,0.2
2025Q3,049,Espoo-Kauniainen,Two-bedroom+,All,index_yoy_pct,
2025Q3,049,Espoo-Kauniainen,Two-bedroom+,All,rent_eur_m2,15.73
2025Q3,049,Espoo-Kauniainen,Two-bedroom+,All,n_rent,6119.0
2025Q3,049,Espoo-Kauniainen,Two-bedroom+,All,rent_new_eur_m2,
2025Q3,049,Espoo-Kauniainen,Two-bedroom+,All,n_rent_new,
2025Q4,049,Espoo-Kauniainen,Two-bedroom+,All,index_2025,100.3
2025Q4,049,Espoo-Kauniainen,Two-bedroom+,All,index_qoq_pct,0.2
2025Q4,049,Espoo-Kauniainen,Two-bedroom+,All,index_yoy_pct,
2025Q4,049,Espoo-Kauniainen,Two-bedroom+,All,rent_eur_m2,15.77
2025Q4,049,Espoo-Kauniainen,Two-bedroom+,All,n_rent,6173.0
2025Q4,049,Espoo-Kauniainen,Two-bedroom+,All,rent_new_eur_m2,
2025Q4,049,Espoo-Kauniainen,Two-bedroom+,All,n_rent_new,
2026Q1,049,Espoo-Kauniainen,Two-bedroom+,All,index_2025,100.5
2026Q1,049,Espoo-Kauniainen,Two-bedroom+,All,index_qoq_pct,0.2
2026Q1,049,Espoo-Kauniainen,Two-bedroom+,All,index_yoy_pct,0.9
2026Q1,049,Espoo-Kauniainen,Two-bedroom+,All,rent_eur_m2,15.82
2026Q1,049,Espoo-Kauniainen,Two-bedroom+,All,n_rent,6165.0
2026Q1,049,Espoo-Kauniainen,Two-bedroom+,All,rent_new_eur_m2,
2026Q1,049,Espoo-Kauniainen,Two-bedroom+,All,n_rent_new,
2026Q2,049,Espoo-Kauniainen,Two-bedroom+,All,index_2025,100.8
2026Q2,049,Espoo-Kauniainen,Two-bedroom+,All,index_qoq_pct,0.2
2026Q2,049,Espoo-Kauniainen,Two-bedroom+,All,index_yoy_pct,0.8
2026Q2,049,Espoo-Kauniainen,Two-bedroom+,All,rent_eur_m2,16.04
2026Q2,049,Espoo-Kauniainen,Two-bedroom+,All,n_rent,6421.0
2026Q2,049,Espoo-Kauniainen,Two-bedroom+,All,rent_new_eur_m2,
2026Q2,049,Espoo-Kauniainen,Two-bedroom+,All,n_rent_new,
2025Q1,049-1,Espoo-Kauniainen 1,Two-bedroom+,All,index_2025,99.7
2025Q1,049-1,Espoo-Kauniainen 1,Two-bedroom+,All,index_qoq_pct,
2025Q1,049-1,Espoo-Kauniainen 1,Two-bedroom+,All,index_yoy_pct,
2025Q1,049-1,Espoo-Kauniainen 1,Two-bedroom+,All,rent_eur_m2,16.88
2025Q1,049-1,Espoo-Kauniainen 1,Two-bedroom+,All,n_rent,2229.0
2025Q1,049-1,Espoo-Kauniainen 1,Two-bedroom+,All,rent_new_eur_m2,
2025Q1,049-1,Espoo-Kauniainen 1,Two-bedroom+,All,n_rent_new,
2025Q2,049-1,Espoo-Kauniainen 1,Two-bedroom+,All,index_2025,100.0
2025Q2,049-1,Espoo-Kauniainen 1,Two-bedroom+,All,index_qoq_pct,0.2
2025Q2,049-1,Espoo-Kauniainen 1,Two-bedroom+,All,index_yoy_pct,
2025Q2,049-1,Espoo-Kauniainen 1,Two-bedroom+,All,rent_eur_m2,16.95
2025Q2,049-1,Espoo-Kauniainen 1,Two-bedroom+,All,n_rent,2151.0
2025Q2,049-1,Espoo-Kauniainen 1,Two-bedroom+,All,rent_new_eur_m2,
2025Q2,049-1,Espoo-Kauniainen 1,Two-bedroom+,All,n_rent_new,
2025Q3,049-1,Espoo-Kauniainen 1,Two-bedroom+,All,index_2025,100.1
2025Q3,049-1,Espoo-Kauniainen 1,Two-bedroom+,All,index_qoq_pct,0.1
2025Q3,049-1,Espoo-Kauniainen 1,Two-bedroom+,All,index_yoy_pct,
2025Q3,049-1,Espoo-Kauniainen 1,Two-bedroom+,All,rent_eur_m2,17.0
2025Q3,049-1,Espoo-Kauniainen 1,Two-bedroom+,All,n_rent,2166.0
2025Q3,049-1,Espoo-Kauniainen 1,Two-bedroom+,All,rent_new_eur_m2,
2025Q3,049-1,Espoo-Kauniainen 1,Two-bedroom+,All,n_rent_new,
2025Q4,049-1,Espoo-Kauniainen 1,Two-bedroom+,All,index_2025,100.3
2025Q4,049-1,Espoo-Kauniainen 1,Two-bedroom+,All,index_qoq_pct,0.2
2025Q4,049-1,Espoo-Kauniainen 1,Two-bedroom+,All,index_yoy_pct,
2025Q4,049-1,Espoo-Kauniainen 1,Two-bedroom+,All,rent_eur_m2,17.04
2025Q4,049-1,Espoo-Kauniainen 1,Two-bedroom+,All,n_rent,2198.0
2025Q4,049-1,Espoo-Kauniainen 1,Two-bedroom+,All,rent_new_eur_m2,
2025Q4,049-1,Espoo-Kauniainen 1,Two-bedroom+,All,n_rent_new,
2026Q1,049-1,Espoo-Kauniainen 1,Two-bedroom+,All,index_2025,100.4
2026Q1,049-1,Espoo-Kauniainen 1,Two-bedroom+,All,index_qoq_pct,0.2
2026Q1,049-1,Espoo-Kauniainen 1,Two-bedroom+,All,index_yoy_pct,0.7
2026Q1,049-1,Espoo-Kauniainen 1,Two-bedroom+,All,rent_eur_m2,17.07
2026Q1,049-1,Espoo-Kauniainen 1,Two-bedroom+,All,n_rent,2215.0
2026Q1,049-1,Espoo-Kauniainen 1,Two-bedroom+,All,rent_new_eur_m2,
2026Q1,049-1,Espoo-Kauniainen 1,Two-bedroom+,All,n_rent_new,
2026Q2,049-1,Espoo-Kauniainen 1,Two-bedroom+,All,index_2025,100.6
2026Q2,049-1,Espoo-Kauniainen 1,Two-bedroom+,All,index_qoq_pct,0.2
2026Q2,049-1,Espoo-Kauniainen 1,Two-bedroom+,All,index_yoy_pct,0.6
2026Q2,049-1,Espoo-Kauniainen 1,Two-bedroom+,All,rent_eur_m2,17.42
2026Q2,049-1,Espoo-Kauniainen 1,Two-bedroom+,All,n_rent,2371.0
2026Q2,049-1,Espoo-Kauniainen 1,Two-bedroom+,All,rent_new_eur_m2,
2026Q2,049-1,Espoo-Kauniainen 1,Two-bedroom+,All,n_rent_new,
2025Q1,049-2,Espoo-Kauniainen 2,Two-bedroom+,All,index_2025,99.6
2025Q1,049-2,Espoo-Kauniainen 2,Two-bedroom+,All,index_qoq_pct,
2025Q1,049-2,Espoo-Kauniainen 2,Two-bedroom+,All,index_yoy_pct,
2025Q1,049-2,Espoo-Kauniainen 2,Two-bedroom+,All,rent_eur_m2,15.32
2025Q1,049-2,Espoo-Kauniainen 2,Two-bedroom+,All,n_rent,1622.0
2025Q1,049-2,Espoo-Kauniainen 2,Two-bedroom+,All,rent_new_eur_m2,
2025Q1,049-2,Espoo-Kauniainen 2,Two-bedroom+,All,n_rent_new,
2025Q2,049-2,Espoo-Kauniainen 2,Two-bedroom+,All,index_2025,99.9
2025Q2,049-2,Espoo-Kauniainen 2,Two-bedroom+,All,index_qoq_pct,0.3
2025Q2,049-2,Espoo-Kauniainen 2,Two-bedroom+,All,index_yoy_pct,
2025Q2,049-2,Espoo-Kauniainen 2,Two-bedroom+,All,rent_eur_m2,15.45
2025Q2,049-2,Espoo-Kauniainen 2,Two-bedroom+,All,n_rent,1620.0
2025Q2,049-2,Espoo-Kauniainen 2,Two-bedroom+,All,rent_new_eur_m2,
2025Q2,049-2,Espoo-Kauniainen 2,Two-bedroom+,All,n_rent_new,
2025Q3,049-2,Espoo-Kauniainen 2,Two-bedroom+,All,index_2025,100.2
2025Q3,049-2,Espoo-Kauniainen 2,Two-bedroom+,All,index_qoq_pct,0.3
2025Q3,049-2,Espoo-Kauniainen 2,Two-bedroom+,All,index_yoy_pct,
2025Q3,049-2,Espoo-Kauniainen 2,Two-bedroom+,All,rent_eur_m2,15.53
2025Q3,049-2,Espoo-Kauniainen 2,Two-bedroom+,All,n_rent,1648.0
2025Q3,049-2,Espoo-Kauniainen 2,Two-bedroom+,All,rent_new_eur_m2,
2025Q3,049-2,Espoo-Kauniainen 2,Two-bedroom+,All,n_rent_new,
2025Q4,049-2,Espoo-Kauniainen 2,Two-bedroom+,All,index_2025,100.4
2025Q4,049-2,Espoo-Kauniainen 2,Two-bedroom+,All,index_qoq_pct,0.2
2025Q4,049-2,Espoo-Kauniainen 2,Two-bedroom+,All,index_yoy_pct,
2025Q4,049-2,Espoo-Kauniainen 2,Two-bedroom+,All,rent_eur_m2,15.58
2025Q4,049-2,Espoo-Kauniainen 2,Two-bedroom+,All,n_rent,1673.0
2025Q4,049-2,Espoo-Kauniainen 2,Two-bedroom+,All,rent_new_eur_m2,
2025Q4,049-2,Espoo-Kauniainen 2,Two-bedroom+,All,n_rent_new,
2026Q1,049-2,Espoo-Kauniainen 2,Two-bedroom+,All,index_2025,100.8
2026Q1,049-2,Espoo-Kauniainen 2,Two-bedroom+,All,index_qoq_pct,0.4
2026Q1,049-2,Espoo-Kauniainen 2,Two-bedroom+,All,index_yoy_pct,1.2
2026Q1,049-2,Espoo-Kauniainen 2,Two-bedroom+,All,rent_eur_m2,15.63
2026Q1,049-2,Espoo-Kauniainen 2,Two-bedroom+,All,n_rent,1678.0
2026Q1,049-2,Espoo-Kauniainen 2,Two-bedroom+,All,rent_new_eur_m2,
2026Q1,049-2,Espoo-Kauniainen 2,Two-bedroom+,All,n_rent_new,
2026Q2,049-2,Espoo-Kauniainen 2,Two-bedroom+,All,index_2025,101.1
2026Q2,049-2,Espoo-Kauniainen 2,Two-bedroom+,All,index_qoq_pct,0.3
2026Q2,049-2,Espoo-Kauniainen 2,Two-bedroom+,All,index_yoy_pct,1.2
2026Q2,049-2,Espoo-Kauniainen 2,Two-bedroom+,All,rent_eur_m2,15.76
2026Q2,049-2,Espoo-Kauniainen 2,Two-bedroom+,All,n_rent,1772.0
2026Q2,049-2,Espoo-Kauniainen 2,Two-bedroom+,All,rent_new_eur_m2,
2026Q2,049-2,Espoo-Kauniainen 2,Two-bedroom+,All,n_rent_new,
2025Q1,049-3,Espoo-Kauniainen 3,Two-bedroom+,All,index_2025,99.7
2025Q1,049-3,Espoo-Kauniainen 3,Two-bedroom+,All,index_qoq_pct,
2025Q1,049-3,Espoo-Kauniainen 3,Two-bedroom+,All,index_yoy_pct,
2025Q1,049-3,Espoo-Kauniainen 3,Two-bedroom+,All,rent_eur_m2,14.32
2025Q1,049-3,Espoo-Kauniainen 3,Two-bedroom+,All,n_rent,2333.0
2025Q1,049-3,Espoo-Kauniainen 3,Two-bedroom+,All,rent_new_eur_m2,
2025Q1,049-3,Espoo-Kauniainen 3,Two-bedroom+,All,n_rent_new,
2025Q2,049-3,Espoo-Kauniainen 3,Two-bedroom+,All,index_2025,100.0
2025Q2,049-3,Espoo-Kauniainen 3,Two-bedroom+,All,index_qoq_pct,0.2
2025Q2,049-3,Espoo-Kauniainen 3,Two-bedroom+,All,index_yoy_pct,
2025Q2,049-3,Espoo-Kauniainen 3,Two-bedroom+,All,rent_eur_m2,14.4
2025Q2,049-3,Espoo-Kauniainen 3,Two-bedroom+,All,n_rent,2265.0
2025Q2,049-3,Espoo-Kauniainen 3,Two-bedroom+,All,rent_new_eur_m2,
2025Q2,049-3,Espoo-Kauniainen 3,Two-bedroom+,All,n_rent_new,
2025Q3,049-3,Espoo-Kauniainen 3,Two-bedroom+,All,index_2025,100.1
2025Q3,049-3,Espoo-Kauniainen 3,Two-bedroom+,All,index_qoq_pct,0.1
2025Q3,049-3,Espoo-Kauniainen 3,Two-bedroom+,All,index_yoy_pct,
2025Q3,049-3,Espoo-Kauniainen 3,Two-bedroom+,All,rent_eur_m2,14.43
2025Q3,049-3,Espoo-Kauniainen 3,Two-bedroom+,All,n_rent,2305.0
2025Q3,049-3,Espoo-Kauniainen 3,Two-bedroom+,All,rent_new_eur_m2,
2025Q3,049-3,Espoo-Kauniainen 3,Two-bedroom+,All,n_rent_new,
2025Q4,049-3,Espoo-Kauniainen 3,Two-bedroom+,All,index_2025,100.3
2025Q4,049-3,Espoo-Kauniainen 3,Two-bedroom+,All,index_qoq_pct,0.2
2025Q4,049-3,Espoo-Kauniainen 3,Two-bedroom+,All,index_yoy_pct,
2025Q4,049-3,Espoo-Kauniainen 3,Two-bedroom+,All,rent_eur_m2,14.44
2025Q4,049-3,Espoo-Kauniainen 3,Two-bedroom+,All,n_rent,2302.0
2025Q4,049-3,Espoo-Kauniainen 3,Two-bedroom+,All,rent_new_eur_m2,
2025Q4,049-3,Espoo-Kauniainen 3,Two-bedroom+,All,n_rent_new,
2026Q1,049-3,Espoo-Kauniainen 3,Two-bedroom+,All,index_2025,100.5
2026Q1,049-3,Espoo-Kauniainen 3,Two-bedroom+,All,index_qoq_pct,0.2
2026Q1,049-3,Espoo-Kauniainen 3,Two-bedroom+,All,index_yoy_pct,0.7
2026Q1,049-3,Espoo-Kauniainen 3,Two-bedroom+,All,rent_eur_m2,14.48
2026Q1,049-3,Espoo-Kauniainen 3,Two-bedroom+,All,n_rent,2272.0
2026Q1,049-3,Espoo-Kauniainen 3,Two-bedroom+,All,rent_new_eur_m2,
2026Q1,049-3,Espoo-Kauniainen 3,Two-bedroom+,All,n_rent_new,
2026Q2,049-3,Espoo-Kauniainen 3,Two-bedroom+,All,index_2025,100.7
2026Q2,049-3,Espoo-Kauniainen 3,Two-bedroom+,All,index_qoq_pct,0.2
2026Q2,049-3,Espoo-Kauniainen 3,Two-bedroom+,All,index_yoy_pct,0.7
2026Q2,049-3,Espoo-Kauniainen 3,Two-bedroom+,All,rent_eur_m2,14.52
2026Q2,049-3,Espoo-Kauniainen 3,Two-bedroom+,All,n_rent,2278.0
2026Q2,049-3,Espoo-Kauniainen 3,Two-bedroom+,All,rent_new_eur_m2,
2026Q2,049-3,Espoo-Kauniainen 3,Two-bedroom+,All,n_rent_new,
2025Q1,092,Vantaa,Two-bedroom+,All,index_2025,100.4
2025Q1,092,Vantaa,Two-bedroom+,All,index_qoq_pct,
2025Q1,092,Vantaa,Two-bedroom+,All,index_yoy_pct,
2025Q1,092,Vantaa,Two-bedroom+,All,rent_eur_m2,14.87
2025Q1,092,Vantaa,Two-bedroom+,All,n_rent,6017.0
2025Q1,092,Vantaa,Two-bedroom+,All,rent_new_eur_m2,
2025Q1,092,Vantaa,Two-bedroom+,All,n_rent_new,
2025Q2,092,Vantaa,Two-bedroom+,All,index_2025,100.2
2025Q2,092,Vantaa,Two-bedroom+,All,index_qoq_pct,-0.2
2025Q2,092,Vantaa,Two-bedroom+,All,index_yoy_pct,
2025Q2,092,Vantaa,Two-bedroom+,All,rent_eur_m2,14.87
2025Q2,092,Vantaa,Two-bedroom+,All,n_rent,5973.0
2025Q2,092,Vantaa,Two-bedroom+,All,rent_new_eur_m2,
2025Q2,092,Vantaa,Two-bedroom+,All,n_rent_new,
2025Q3,092,Vantaa,Two-bedroom+,All,index_2025,99.8
2025Q3,092,Vantaa,Two-bedroom+,All,index_qoq_pct,-0.3
2025Q3,092,Vantaa,Two-bedroom+,All,index_yoy_pct,
2025Q3,092,Vantaa,Two-bedroom+,All,rent_eur_m2,14.87
2025Q3,092,Vantaa,Two-bedroom+,All,n_rent,6075.0
2025Q3,092,Vantaa,Two-bedroom+,All,rent_new_eur_m2,
2025Q3,092,Vantaa,Two-bedroom+,All,n_rent_new,
2025Q4,092,Vantaa,Two-bedroom+,All,index_2025,99.7
2025Q4,092,Vantaa,Two-bedroom+,All,index_qoq_pct,-0.1
2025Q4,092,Vantaa,Two-bedroom+,All,index_yoy_pct,
2025Q4,092,Vantaa,Two-bedroom+,All,rent_eur_m2,14.79
2025Q4,092,Vantaa,Two-bedroom+,All,n_rent,6181.0
2025Q4,092,Vantaa,Two-bedroom+,All,rent_new_eur_m2,
2025Q4,092,Vantaa,Two-bedroom+,All,n_rent_new,
2026Q1,092,Vantaa,Two-bedroom+,All,index_2025,99.6
2026Q1,092,Vantaa,Two-bedroom+,All,index_qoq_pct,-0.1
2026Q1,092,Vantaa,Two-bedroom+,All,index_yoy_pct,-0.7
2026Q1,092,Vantaa,Two-bedroom+,All,rent_eur_m2,14.79
2026Q1,092,Vantaa,Two-bedroom+,All,n_rent,6148.0
2026Q1,092,Vantaa,Two-bedroom+,All,rent_new_eur_m2,
2026Q1,092,Vantaa,Two-bedroom+,All,n_rent_new,
2026Q2,092,Vantaa,Two-bedroom+,All,index_2025,99.5
2026Q2,092,Vantaa,Two-bedroom+,All,index_qoq_pct,-0.1
2026Q2,092,Vantaa,Two-bedroom+,All,index_yoy_pct,-0.6
2026Q2,092,Vantaa,Two-bedroom+,All,rent_eur_m2,14.83
2026Q2,092,Vantaa,Two-bedroom+,All,n_rent,6332.0
2026Q2,092,Vantaa,Two-bedroom+,All,rent_new_eur_m2,
2026Q2,092,Vantaa,Two-bedroom+,All,n_rent_new,
2025Q1,092-1,Vantaa 1,Two-bedroom+,All,index_2025,100.4
2025Q1,092-1,Vantaa 1,Two-bedroom+,All,index_qoq_pct,
2025Q1,092-1,Vantaa 1,Two-bedroom+,All,index_yoy_pct,
2025Q1,092-1,Vantaa 1,Two-bedroom+,All,rent_eur_m2,16.44
2025Q1,092-1,Vantaa 1,Two-bedroom+,All,n_rent,1489.0
2025Q1,092-1,Vantaa 1,Two-bedroom+,All,rent_new_eur_m2,
2025Q1,092-1,Vantaa 1,Two-bedroom+,All,n_rent_new,
2025Q2,092-1,Vantaa 1,Two-bedroom+,All,index_2025,100.1
2025Q2,092-1,Vantaa 1,Two-bedroom+,All,index_qoq_pct,-0.3
2025Q2,092-1,Vantaa 1,Two-bedroom+,All,index_yoy_pct,
2025Q2,092-1,Vantaa 1,Two-bedroom+,All,rent_eur_m2,16.42
2025Q2,092-1,Vantaa 1,Two-bedroom+,All,n_rent,1473.0
2025Q2,092-1,Vantaa 1,Two-bedroom+,All,rent_new_eur_m2,
2025Q2,092-1,Vantaa 1,Two-bedroom+,All,n_rent_new,
2025Q3,092-1,Vantaa 1,Two-bedroom+,All,index_2025,99.8
2025Q3,092-1,Vantaa 1,Two-bedroom+,All,index_qoq_pct,-0.3
2025Q3,092-1,Vantaa 1,Two-bedroom+,All,index_yoy_pct,
2025Q3,092-1,Vantaa 1,Two-bedroom+,All,rent_eur_m2,16.39
2025Q3,092-1,Vantaa 1,Two-bedroom+,All,n_rent,1578.0
2025Q3,092-1,Vantaa 1,Two-bedroom+,All,rent_new_eur_m2,
2025Q3,092-1,Vantaa 1,Two-bedroom+,All,n_rent_new,
2025Q4,092-1,Vantaa 1,Two-bedroom+,All,index_2025,99.7
2025Q4,092-1,Vantaa 1,Two-bedroom+,All,index_qoq_pct,-0.1
2025Q4,092-1,Vantaa 1,Two-bedroom+,All,index_yoy_pct,
2025Q4,092-1,Vantaa 1,Two-bedroom+,All,rent_eur_m2,16.31
2025Q4,092-1,Vantaa 1,Two-bedroom+,All,n_rent,1552.0
2025Q4,092-1,Vantaa 1,Two-bedroom+,All,rent_new_eur_m2,
2025Q4,092-1,Vantaa 1,Two-bedroom+,All,n_rent_new,
2026Q1,092-1,Vantaa 1,Two-bedroom+,All,index_2025,99.6
2026Q1,092-1,Vantaa 1,Two-bedroom+,All,index_qoq_pct,-0.1
2026Q1,092-1,Vantaa 1,Two-bedroom+,All,index_yoy_pct,-0.8
2026Q1,092-1,Vantaa 1,Two-bedroom+,All,rent_eur_m2,16.32
2026Q1,092-1,Vantaa 1,Two-bedroom+,All,n_rent,1522.0
2026Q1,092-1,Vantaa 1,Two-bedroom+,All,rent_new_eur_m2,
2026Q1,092-1,Vantaa 1,Two-bedroom+,All,n_rent_new,
2026Q2,092-1,Vantaa 1,Two-bedroom+,All,index_2025,99.5
2026Q2,092-1,Vantaa 1,Two-bedroom+,All,index_qoq_pct,-0.1
2026Q2,092-1,Vantaa 1,Two-bedroom+,All,index_yoy_pct,-0.6
2026Q2,092-1,Vantaa 1,Two-bedroom+,All,rent_eur_m2,16.34
2026Q2,092-1,Vantaa 1,Two-bedroom+,All,n_rent,1672.0
2026Q2,092-1,Vantaa 1,Two-bedroom+,All,rent_new_eur_m2,
2026Q2,092-1,Vantaa 1,Two-bedroom+,All,n_rent_new,
2025Q1,092-2,Vantaa 2,Two-bedroom+,All,index_2025,100.4
2025Q1,092-2,Vantaa 2,Two-bedroom+,All,index_qoq_pct,
2025Q1,092-2,Vantaa 2,Two-bedroom+,All,index_yoy_pct,
2025Q1,092-2,Vantaa 2,Two-bedroom+,All,rent_eur_m2,14.45
2025Q1,092-2,Vantaa 2,Two-bedroom+,All,n_rent,1185.0
2025Q1,092-2,Vantaa 2,Two-bedroom+,All,rent_new_eur_m2,
2025Q1,092-2,Vantaa 2,Two-bedroom+,All,n_rent_new,
2025Q2,092-2,Vantaa 2,Two-bedroom+,All,index_2025,100.2
2025Q2,092-2,Vantaa 2,Two-bedroom+,All,index_qoq_pct,-0.2
2025Q2,092-2,Vantaa 2,Two-bedroom+,All,index_yoy_pct,
2025Q2,092-2,Vantaa 2,Two-bedroom+,All,rent_eur_m2,14.47
2025Q2,092-2,Vantaa 2,Two-bedroom+,All,n_rent,1193.0
2025Q2,092-2,Vantaa 2,Two-bedroom+,All,rent_new_eur_m2,
2025Q2,092-2,Vantaa 2,Two-bedroom+,All,n_rent_new,
2025Q3,092-2,Vantaa 2,Two-bedroom+,All,index_2025,99.8
2025Q3,092-2,Vantaa 2,Two-bedroom+,All,index_qoq_pct,-0.4
2025Q3,092-2,Vantaa 2,Two-bedroom+,All,index_yoy_pct,
2025Q3,092-2,Vantaa 2,Two-bedroom+,All,rent_eur_m2,14.48
2025Q3,092-2,Vantaa 2,Two-bedroom+,All,n_rent,1211.0
2025Q3,092-2,Vantaa 2,Two-bedroom+,All,rent_new_eur_m2,
2025Q3,092-2,Vantaa 2,Two-bedroom+,All,n_rent_new,
2025Q4,092-2,Vantaa 2,Two-bedroom+,All,index_2025,99.6
2025Q4,092-2,Vantaa 2,Two-bedroom+,All,index_qoq_pct,-0.2
2025Q4,092-2,Vantaa 2,Two-bedroom+,All,index_yoy_pct,
2025Q4,092-2,Vantaa 2,Two-bedroom+,All,rent_eur_m2,14.41
2025Q4,092-2,Vantaa 2,Two-bedroom+,All,n_rent,1190.0
2025Q4,092-2,Vantaa 2,Two-bedroom+,All,rent_new_eur_m2,
2025Q4,092-2,Vantaa 2,Two-bedroom+,All,n_rent_new,
2026Q1,092-2,Vantaa 2,Two-bedroom+,All,index_2025,99.6
2026Q1,092-2,Vantaa 2,Two-bedroom+,All,index_qoq_pct,0.0
2026Q1,092-2,Vantaa 2,Two-bedroom+,All,index_yoy_pct,-0.8
2026Q1,092-2,Vantaa 2,Two-bedroom+,All,rent_eur_m2,14.38
2026Q1,092-2,Vantaa 2,Two-bedroom+,All,n_rent,1218.0
2026Q1,092-2,Vantaa 2,Two-bedroom+,All,rent_new_eur_m2,
2026Q1,092-2,Vantaa 2,Two-bedroom+,All,n_rent_new,
2026Q2,092-2,Vantaa 2,Two-bedroom+,All,index_2025,99.5
2026Q2,092-2,Vantaa 2,Two-bedroom+,All,index_qoq_pct,-0.1
2026Q2,092-2,Vantaa 2,Two-bedroom+,All,index_yoy_pct,-0.7
2026Q2,092-2,Vantaa 2,Two-bedroom+,All,rent_eur_m2,14.41
2026Q2,092-2,Vantaa 2,Two-bedroom+,All,n_rent,1198.0
2026Q2,092-2,Vantaa 2,Two-bedroom+,All,rent_new_eur_m2,
2026Q2,092-2,Vantaa 2,Two-bedroom+,All,n_rent_new,
2025Q1,092-3,Vantaa 3,Two-bedroom+,All,index_2025,100.3
2025Q1,092-3,Vantaa 3,Two-bedroom+,All,index_qoq_pct,
2025Q1,092-3,Vantaa 3,Two-bedroom+,All,index_yoy_pct,
2025Q1,092-3,Vantaa 3,Two-bedroom+,All,rent_eur_m2,14.05
2025Q1,092-3,Vantaa 3,Two-bedroom+,All,n_rent,3343.0
2025Q1,092-3,Vantaa 3,Two-bedroom+,All,rent_new_eur_m2,
2025Q1,092-3,Vantaa 3,Two-bedroom+,All,n_rent_new,
2025Q2,092-3,Vantaa 3,Two-bedroom+,All,index_2025,100.2
2025Q2,092-3,Vantaa 3,Two-bedroom+,All,index_qoq_pct,-0.1
2025Q2,092-3,Vantaa 3,Two-bedroom+,All,index_yoy_pct,
2025Q2,092-3,Vantaa 3,Two-bedroom+,All,rent_eur_m2,14.07
2025Q2,092-3,Vantaa 3,Two-bedroom+,All,n_rent,3307.0
2025Q2,092-3,Vantaa 3,Two-bedroom+,All,rent_new_eur_m2,
2025Q2,092-3,Vantaa 3,Two-bedroom+,All,n_rent_new,
2025Q3,092-3,Vantaa 3,Two-bedroom+,All,index_2025,99.8
2025Q3,092-3,Vantaa 3,Two-bedroom+,All,index_qoq_pct,-0.4
2025Q3,092-3,Vantaa 3,Two-bedroom+,All,index_yoy_pct,
2025Q3,092-3,Vantaa 3,Two-bedroom+,All,rent_eur_m2,14.01
2025Q3,092-3,Vantaa 3,Two-bedroom+,All,n_rent,3286.0
2025Q3,092-3,Vantaa 3,Two-bedroom+,All,rent_new_eur_m2,
2025Q3,092-3,Vantaa 3,Two-bedroom+,All,n_rent_new,
2025Q4,092-3,Vantaa 3,Two-bedroom+,All,index_2025,99.7
2025Q4,092-3,Vantaa 3,Two-bedroom+,All,index_qoq_pct,-0.1
2025Q4,092-3,Vantaa 3,Two-bedroom+,All,index_yoy_pct,
2025Q4,092-3,Vantaa 3,Two-bedroom+,All,rent_eur_m2,13.98
2025Q4,092-3,Vantaa 3,Two-bedroom+,All,n_rent,3439.0
2025Q4,092-3,Vantaa 3,Two-bedroom+,All,rent_new_eur_m2,
2025Q4,092-3,Vantaa 3,Two-bedroom+,All,n_rent_new,
2026Q1,092-3,Vantaa 3,Two-bedroom+,All,index_2025,99.7
2026Q1,092-3,Vantaa 3,Two-bedroom+,All,index_qoq_pct,0.0
2026Q1,092-3,Vantaa 3,Two-bedroom+,All,index_yoy_pct,-0.7
2026Q1,092-3,Vantaa 3,Two-bedroom+,All,rent_eur_m2,13.98
2026Q1,092-3,Vantaa 3,Two-bedroom+,All,n_rent,3408.0
2026Q1,092-3,Vantaa 3,Two-bedroom+,All,rent_new_eur_m2,
2026Q1,092-3,Vantaa 3,Two-bedroom+,All,n_rent_new,
2026Q2,092-3,Vantaa 3,Two-bedroom+,All,index_2025,99.5
2026Q2,092-3,Vantaa 3,Two-bedroom+,All,index_qoq_pct,-0.1
2026Q2,092-3,Vantaa 3,Two-bedroom+,All,index_yoy_pct,-0.6
2026Q2,092-3,Vantaa 3,Two-bedroom+,All,rent_eur_m2,13.98
2026Q2,092-3,Vantaa 3,Two-bedroom+,All,n_rent,3462.0
2026Q2,092-3,Vantaa 3,Two-bedroom+,All,rent_new_eur_m2,
2026Q2,092-3,Vantaa 3,Two-bedroom+,All,n_rent_new,
2025Q1,ksu,Koko maa,All,Free-market,index_2025,100.0
2025Q1,ksu,Koko maa,All,Free-market,index_qoq_pct,
2025Q1,ksu,Koko maa,All,Free-market,index_yoy_pct,
2025Q1,ksu,Koko maa,All,Free-market,rent_eur_m2,15.69
2025Q1,ksu,Koko maa,All,Free-market,n_rent,216483.0
2025Q1,ksu,Koko maa,All,Free-market,rent_new_eur_m2,16.73
2025Q1,ksu,Koko maa,All,Free-market,n_rent_new,30524.0
2025Q2,ksu,Koko maa,All,Free-market,index_2025,100.0
2025Q2,ksu,Koko maa,All,Free-market,index_qoq_pct,0.0
2025Q2,ksu,Koko maa,All,Free-market,index_yoy_pct,
2025Q2,ksu,Koko maa,All,Free-market,rent_eur_m2,15.68
2025Q2,ksu,Koko maa,All,Free-market,n_rent,214169.0
2025Q2,ksu,Koko maa,All,Free-market,rent_new_eur_m2,16.69
2025Q2,ksu,Koko maa,All,Free-market,n_rent_new,29153.0
2025Q3,ksu,Koko maa,All,Free-market,index_2025,99.9
2025Q3,ksu,Koko maa,All,Free-market,index_qoq_pct,-0.1
2025Q3,ksu,Koko maa,All,Free-market,index_yoy_pct,
2025Q3,ksu,Koko maa,All,Free-market,rent_eur_m2,15.7
2025Q3,ksu,Koko maa,All,Free-market,n_rent,210690.0
2025Q3,ksu,Koko maa,All,Free-market,rent_new_eur_m2,16.79
2025Q3,ksu,Koko maa,All,Free-market,n_rent_new,32750.0
2025Q4,ksu,Koko maa,All,Free-market,index_2025,100.0
2025Q4,ksu,Koko maa,All,Free-market,index_qoq_pct,0.1
2025Q4,ksu,Koko maa,All,Free-market,index_yoy_pct,
2025Q4,ksu,Koko maa,All,Free-market,rent_eur_m2,15.72
2025Q4,ksu,Koko maa,All,Free-market,n_rent,218366.0
2025Q4,ksu,Koko maa,All,Free-market,rent_new_eur_m2,16.63
2025Q4,ksu,Koko maa,All,Free-market,n_rent_new,25322.0
2026Q1,ksu,Koko maa,All,Free-market,index_2025,100.1
2026Q1,ksu,Koko maa,All,Free-market,index_qoq_pct,0.1
2026Q1,ksu,Koko maa,All,Free-market,index_yoy_pct,0.1
2026Q1,ksu,Koko maa,All,Free-market,rent_eur_m2,15.74
2026Q1,ksu,Koko maa,All,Free-market,n_rent,220657.0
2026Q1,ksu,Koko maa,All,Free-market,rent_new_eur_m2,16.54
2026Q1,ksu,Koko maa,All,Free-market,n_rent_new,29996.0
2026Q2,ksu,Koko maa,All,Free-market,index_2025,100.1
2026Q2,ksu,Koko maa,All,Free-market,index_qoq_pct,0.0
2026Q2,ksu,Koko maa,All,Free-market,index_yoy_pct,0.1
2026Q2,ksu,Koko maa,All,Free-market,rent_eur_m2,15.94
2026Q2,ksu,Koko maa,All,Free-market,n_rent,225032.0
2026Q2,ksu,Koko maa,All,Free-market,rent_new_eur_m2,17.26
2026Q2,ksu,Koko maa,All,Free-market,n_rent_new,37419.0
2025Q1,pks,Pääkaupunkiseutu (PKS),All,Free-market,index_2025,100.2
2025Q1,pks,Pääkaupunkiseutu (PKS),All,Free-market,index_qoq_pct,
2025Q1,pks,Pääkaupunkiseutu (PKS),All,Free-market,index_yoy_pct,
2025Q1,pks,Pääkaupunkiseutu (PKS),All,Free-market,rent_eur_m2,20.11
2025Q1,pks,Pääkaupunkiseutu (PKS),All,Free-market,n_rent,74132.0
2025Q1,pks,Pääkaupunkiseutu (PKS),All,Free-market,rent_new_eur_m2,20.52
2025Q1,pks,Pääkaupunkiseutu (PKS),All,Free-market,n_rent_new,12237.0
2025Q2,pks,Pääkaupunkiseutu (PKS),All,Free-market,index_2025,100.0
2025Q2,pks,Pääkaupunkiseutu (PKS),All,Free-market,index_qoq_pct,-0.2
2025Q2,pks,Pääkaupunkiseutu (PKS),All,Free-market,index_yoy_pct,
2025Q2,pks,Pääkaupunkiseutu (PKS),All,Free-market,rent_eur_m2,20.09
2025Q2,pks,Pääkaupunkiseutu (PKS),All,Free-market,n_rent,72547.0
2025Q2,pks,Pääkaupunkiseutu (PKS),All,Free-market,rent_new_eur_m2,20.7
2025Q2,pks,Pääkaupunkiseutu (PKS),All,Free-market,n_rent_new,10834.0
2025Q3,pks,Pääkaupunkiseutu (PKS),All,Free-market,index_2025,99.9
2025Q3,pks,Pääkaupunkiseutu (PKS),All,Free-market,index_qoq_pct,-0.2
2025Q3,pks,Pääkaupunkiseutu (PKS),All,Free-market,index_yoy_pct,
2025Q3,pks,Pääkaupunkiseutu (PKS),All,Free-market,rent_eur_m2,20.04
2025Q3,pks,Pääkaupunkiseutu (PKS),All,Free-market,n_rent,73297.0
2025Q3,pks,Pääkaupunkiseutu (PKS),All,Free-market,rent_new_eur_m2,20.63
2025Q3,pks,Pääkaupunkiseutu (PKS),All,Free-market,n_rent_new,12706.0
2025Q4,pks,Pääkaupunkiseutu (PKS),All,Free-market,index_2025,99.9
2025Q4,pks,Pääkaupunkiseutu (PKS),All,Free-market,index_qoq_pct,0.0
2025Q4,pks,Pääkaupunkiseutu (PKS),All,Free-market,index_yoy_pct,
2025Q4,pks,Pääkaupunkiseutu (PKS),All,Free-market,rent_eur_m2,19.98
2025Q4,pks,Pääkaupunkiseutu (PKS),All,Free-market,n_rent,75000.0
2025Q4,pks,Pääkaupunkiseutu (PKS),All,Free-market,rent_new_eur_m2,20.37
2025Q4,pks,Pääkaupunkiseutu (PKS),All,Free-market,n_rent_new,10347.0
2026Q1,pks,Pääkaupunkiseutu (PKS),All,Free-market,index_2025,99.8
2026Q1,pks,Pääkaupunkiseutu (PKS),All,Free-market,index_qoq_pct,0.0
2026Q1,pks,Pääkaupunkiseutu (PKS),All,Free-market,index_yoy_pct,-0.4
2026Q1,pks,Pääkaupunkiseutu (PKS),All,Free-market,rent_eur_m2,19.97
2026Q1,pks,Pääkaupunkiseutu (PKS),All,Free-market,n_rent,75583.0
2026Q1,pks,Pääkaupunkiseutu (PKS),All,Free-market,rent_new_eur_m2,20.24
2026Q1,pks,Pääkaupunkiseutu (PKS),All,Free-market,n_rent_new,11807.0
2026Q2,pks,Pääkaupunkiseutu (PKS),All,Free-market,index_2025,99.7
2026Q2,pks,Pääkaupunkiseutu (PKS),All,Free-market,index_qoq_pct,-0.1
2026Q2,pks,Pääkaupunkiseutu (PKS),All,Free-market,index_yoy_pct,-0.3
2026Q2,pks,Pääkaupunkiseutu (PKS),All,Free-market,rent_eur_m2,20.11
2026Q2,pks,Pääkaupunkiseutu (PKS),All,Free-market,n_rent,78530.0
2026Q2,pks,Pääkaupunkiseutu (PKS),All,Free-market,rent_new_eur_m2,20.72
2026Q2,pks,Pääkaupunkiseutu (PKS),All,Free-market,n_rent_new,15449.0
2025Q1,091,Helsinki,All,Free-market,index_2025,100.1
2025Q1,091,Helsinki,All,Free-market,index_qoq_pct,
2025Q1,091,Helsinki,All,Free-market,index_yoy_pct,
2025Q1,091,Helsinki,All,Free-market,rent_eur_m2,21.36
2025Q1,091,Helsinki,All,Free-market,n_rent,42061.0
2025Q1,091,Helsinki,All,Free-market,rent_new_eur_m2,21.87
2025Q1,091,Helsinki,All,Free-market,n_rent_new,7061.0
2025Q2,091,Helsinki,All,Free-market,index_2025,100.0
2025Q2,091,Helsinki,All,Free-market,index_qoq_pct,-0.1
2025Q2,091,Helsinki,All,Free-market,index_yoy_pct,
2025Q2,091,Helsinki,All,Free-market,rent_eur_m2,21.37
2025Q2,091,Helsinki,All,Free-market,n_rent,40787.0
2025Q2,091,Helsinki,All,Free-market,rent_new_eur_m2,22.04
2025Q2,091,Helsinki,All,Free-market,n_rent_new,6044.0
2025Q3,091,Helsinki,All,Free-market,index_2025,99.9
2025Q3,091,Helsinki,All,Free-market,index_qoq_pct,-0.1
2025Q3,091,Helsinki,All,Free-market,index_yoy_pct,
2025Q3,091,Helsinki,All,Free-market,rent_eur_m2,21.34
2025Q3,091,Helsinki,All,Free-market,n_rent,40884.0
2025Q3,091,Helsinki,All,Free-market,rent_new_eur_m2,21.99
2025Q3,091,Helsinki,All,Free-market,n_rent_new,7167.0
2025Q4,091,Helsinki,All,Free-market,index_2025,100.0
2025Q4,091,Helsinki,All,Free-market,index_qoq_pct,0.0
2025Q4,091,Helsinki,All,Free-market,index_yoy_pct,
2025Q4,091,Helsinki,All,Free-market,rent_eur_m2,21.2
2025Q4,091,Helsinki,All,Free-market,n_rent,42526.0
2025Q4,091,Helsinki,All,Free-market,rent_new_eur_m2,21.8
2025Q4,091,Helsinki,All,Free-market,n_rent_new,5790.0
2026Q1,091,Helsinki,All,Free-market,index_2025,99.9
2026Q1,091,Helsinki,All,Free-market,index_qoq_pct,0.0
2026Q1,091,Helsinki,All,Free-market,index_yoy_pct,-0.2
2026Q1,091,Helsinki,All,Free-market,rent_eur_m2,21.17
2026Q1,091,Helsinki,All,Free-market,n_rent,42829.0
2026Q1,091,Helsinki,All,Free-market,rent_new_eur_m2,21.61
2026Q1,091,Helsinki,All,Free-market,n_rent_new,6676.0
2026Q2,091,Helsinki,All,Free-market,index_2025,99.8
2026Q2,091,Helsinki,All,Free-market,index_qoq_pct,-0.1
2026Q2,091,Helsinki,All,Free-market,index_yoy_pct,-0.2
2026Q2,091,Helsinki,All,Free-market,rent_eur_m2,21.34
2026Q2,091,Helsinki,All,Free-market,n_rent,44509.0
2026Q2,091,Helsinki,All,Free-market,rent_new_eur_m2,22.04
2026Q2,091,Helsinki,All,Free-market,n_rent_new,8816.0
2025Q1,091-1,Helsinki 1,All,Free-market,index_2025,99.9
2025Q1,091-1,Helsinki 1,All,Free-market,index_qoq_pct,
2025Q1,091-1,Helsinki 1,All,Free-market,index_yoy_pct,
2025Q1,091-1,Helsinki 1,All,Free-market,rent_eur_m2,24.63
2025Q1,091-1,Helsinki 1,All,Free-market,n_rent,7410.0
2025Q1,091-1,Helsinki 1,All,Free-market,rent_new_eur_m2,24.96
2025Q1,091-1,Helsinki 1,All,Free-market,n_rent_new,1401.0
2025Q2,091-1,Helsinki 1,All,Free-market,index_2025,99.9
2025Q2,091-1,Helsinki 1,All,Free-market,index_qoq_pct,0.0
2025Q2,091-1,Helsinki 1,All,Free-market,index_yoy_pct,
2025Q2,091-1,Helsinki 1,All,Free-market,rent_eur_m2,24.74
2025Q2,091-1,Helsinki 1,All,Free-market,n_rent,7002.0
2025Q2,091-1,Helsinki 1,All,Free-market,rent_new_eur_m2,25.34
2025Q2,091-1,Helsinki 1,All,Free-market,n_rent_new,1114.0
2025Q3,091-1,Helsinki 1,All,Free-market,index_2025,100.0
2025Q3,091-1,Helsinki 1,All,Free-market,index_qoq_pct,0.1
2025Q3,091-1,Helsinki 1,All,Free-market,index_yoy_pct,
2025Q3,091-1,Helsinki 1,All,Free-market,rent_eur_m2,24.85
2025Q3,091-1,Helsinki 1,All,Free-market,n_rent,6918.0
2025Q3,091-1,Helsinki 1,All,Free-market,rent_new_eur_m2,24.96
2025Q3,091-1,Helsinki 1,All,Free-market,n_rent_new,1378.0
2025Q4,091-1,Helsinki 1,All,Free-market,index_2025,100.2
2025Q4,091-1,Helsinki 1,All,Free-market,index_qoq_pct,0.2
2025Q4,091-1,Helsinki 1,All,Free-market,index_yoy_pct,
2025Q4,091-1,Helsinki 1,All,Free-market,rent_eur_m2,24.25
2025Q4,091-1,Helsinki 1,All,Free-market,n_rent,7279.0
2025Q4,091-1,Helsinki 1,All,Free-market,rent_new_eur_m2,24.95
2025Q4,091-1,Helsinki 1,All,Free-market,n_rent_new,1056.0
2026Q1,091-1,Helsinki 1,All,Free-market,index_2025,100.2
2026Q1,091-1,Helsinki 1,All,Free-market,index_qoq_pct,0.0
2026Q1,091-1,Helsinki 1,All,Free-market,index_yoy_pct,0.2
2026Q1,091-1,Helsinki 1,All,Free-market,rent_eur_m2,24.03
2026Q1,091-1,Helsinki 1,All,Free-market,n_rent,7394.0
2026Q1,091-1,Helsinki 1,All,Free-market,rent_new_eur_m2,24.67
2026Q1,091-1,Helsinki 1,All,Free-market,n_rent_new,1211.0
2026Q2,091-1,Helsinki 1,All,Free-market,index_2025,100.2
2026Q2,091-1,Helsinki 1,All,Free-market,index_qoq_pct,0.0
2026Q2,091-1,Helsinki 1,All,Free-market,index_yoy_pct,0.2
2026Q2,091-1,Helsinki 1,All,Free-market,rent_eur_m2,24.32
2026Q2,091-1,Helsinki 1,All,Free-market,n_rent,7673.0
2026Q2,091-1,Helsinki 1,All,Free-market,rent_new_eur_m2,25.24
2026Q2,091-1,Helsinki 1,All,Free-market,n_rent_new,1568.0
2025Q1,091-2,Helsinki 2,All,Free-market,index_2025,100.0
2025Q1,091-2,Helsinki 2,All,Free-market,index_qoq_pct,
2025Q1,091-2,Helsinki 2,All,Free-market,index_yoy_pct,
2025Q1,091-2,Helsinki 2,All,Free-market,rent_eur_m2,22.14
2025Q1,091-2,Helsinki 2,All,Free-market,n_rent,17484.0
2025Q1,091-2,Helsinki 2,All,Free-market,rent_new_eur_m2,22.34
2025Q1,091-2,Helsinki 2,All,Free-market,n_rent_new,3104.0
2025Q2,091-2,Helsinki 2,All,Free-market,index_2025,100.0
2025Q2,091-2,Helsinki 2,All,Free-market,index_qoq_pct,0.0
2025Q2,091-2,Helsinki 2,All,Free-market,index_yoy_pct,
2025Q2,091-2,Helsinki 2,All,Free-market,rent_eur_m2,22.19
2025Q2,091-2,Helsinki 2,All,Free-market,n_rent,16917.0
2025Q2,091-2,Helsinki 2,All,Free-market,rent_new_eur_m2,22.39
2025Q2,091-2,Helsinki 2,All,Free-market,n_rent_new,2783.0
2025Q3,091-2,Helsinki 2,All,Free-market,index_2025,100.0
2025Q3,091-2,Helsinki 2,All,Free-market,index_qoq_pct,0.0
2025Q3,091-2,Helsinki 2,All,Free-market,index_yoy_pct,
2025Q3,091-2,Helsinki 2,All,Free-market,rent_eur_m2,22.25
2025Q3,091-2,Helsinki 2,All,Free-market,n_rent,16824.0
2025Q3,091-2,Helsinki 2,All,Free-market,rent_new_eur_m2,22.59
2025Q3,091-2,Helsinki 2,All,Free-market,n_rent_new,3257.0
2025Q4,091-2,Helsinki 2,All,Free-market,index_2025,100.1
2025Q4,091-2,Helsinki 2,All,Free-market,index_qoq_pct,0.1
2025Q4,091-2,Helsinki 2,All,Free-market,index_yoy_pct,
2025Q4,091-2,Helsinki 2,All,Free-market,rent_eur_m2,22.1
2025Q4,091-2,Helsinki 2,All,Free-market,n_rent,17835.0
2025Q4,091-2,Helsinki 2,All,Free-market,rent_new_eur_m2,22.24
2025Q4,091-2,Helsinki 2,All,Free-market,n_rent_new,2703.0
2026Q1,091-2,Helsinki 2,All,Free-market,index_2025,100.1
2026Q1,091-2,Helsinki 2,All,Free-market,index_qoq_pct,0.0
2026Q1,091-2,Helsinki 2,All,Free-market,index_yoy_pct,0.1
2026Q1,091-2,Helsinki 2,All,Free-market,rent_eur_m2,22.11
2026Q1,091-2,Helsinki 2,All,Free-market,n_rent,17922.0
2026Q1,091-2,Helsinki 2,All,Free-market,rent_new_eur_m2,22.11
2026Q1,091-2,Helsinki 2,All,Free-market,n_rent_new,3069.0
2026Q2,091-2,Helsinki 2,All,Free-market,index_2025,100.0
2026Q2,091-2,Helsinki 2,All,Free-market,index_qoq_pct,-0.1
2026Q2,091-2,Helsinki 2,All,Free-market,index_yoy_pct,0.0
2026Q2,091-2,Helsinki 2,All,Free-market,rent_eur_m2,22.22
2026Q2,091-2,Helsinki 2,All,Free-market,n_rent,18808.0
2026Q2,091-2,Helsinki 2,All,Free-market,rent_new_eur_m2,22.47
2026Q2,091-2,Helsinki 2,All,Free-market,n_rent_new,4300.0
2025Q1,091-3,Helsinki 3,All,Free-market,index_2025,100.2
2025Q1,091-3,Helsinki 3,All,Free-market,index_qoq_pct,
2025Q1,091-3,Helsinki 3,All,Free-market,index_yoy_pct,
2025Q1,091-3,Helsinki 3,All,Free-market,rent_eur_m2,19.58
2025Q1,091-3,Helsinki 3,All,Free-market,n_rent,5369.0
2025Q1,091-3,Helsinki 3,All,Free-market,rent_new_eur_m2,19.42
2025Q1,091-3,Helsinki 3,All,Free-market,n_rent_new,878.0
2025Q2,091-3,Helsinki 3,All,Free-market,index_2025,100.0
2025Q2,091-3,Helsinki 3,All,Free-market,index_qoq_pct,-0.2
2025Q2,091-3,Helsinki 3,All,Free-market,index_yoy_pct,
2025Q2,091-3,Helsinki 3,All,Free-market,rent_eur_m2,19.64
2025Q2,091-3,Helsinki 3,All,Free-market,n_rent,5253.0
2025Q2,091-3,Helsinki 3,All,Free-market,rent_new_eur_m2,19.56
2025Q2,091-3,Helsinki 3,All,Free-market,n_rent_new,759.0
2025Q3,091-3,Helsinki 3,All,Free-market,index_2025,99.9
2025Q3,091-3,Helsinki 3,All,Free-market,index_qoq_pct,-0.1
2025Q3,091-3,Helsinki 3,All,Free-market,index_yoy_pct,
2025Q3,091-3,Helsinki 3,All,Free-market,rent_eur_m2,19.58
2025Q3,091-3,Helsinki 3,All,Free-market,n_rent,5357.0
2025Q3,091-3,Helsinki 3,All,Free-market,rent_new_eur_m2,19.53
2025Q3,091-3,Helsinki 3,All,Free-market,n_rent_new,895.0
2025Q4,091-3,Helsinki 3,All,Free-market,index_2025,99.9
2025Q4,091-3,Helsinki 3,All,Free-market,index_qoq_pct,0.0
2025Q4,091-3,Helsinki 3,All,Free-market,index_yoy_pct,
2025Q4,091-3,Helsinki 3,All,Free-market,rent_eur_m2,19.41
2025Q4,091-3,Helsinki 3,All,Free-market,n_rent,5501.0
2025Q4,091-3,Helsinki 3,All,Free-market,rent_new_eur_m2,19.03
2025Q4,091-3,Helsinki 3,All,Free-market,n_rent_new,749.0
2026Q1,091-3,Helsinki 3,All,Free-market,index_2025,99.8
2026Q1,091-3,Helsinki 3,All,Free-market,index_qoq_pct,0.0
2026Q1,091-3,Helsinki 3,All,Free-market,index_yoy_pct,-0.4
2026Q1,091-3,Helsinki 3,All,Free-market,rent_eur_m2,19.5
2026Q1,091-3,Helsinki 3,All,Free-market,n_rent,5541.0
2026Q1,091-3,Helsinki 3,All,Free-market,rent_new_eur_m2,19.46
2026Q1,091-3,Helsinki 3,All,Free-market,n_rent_new,948.0
2026Q2,091-3,Helsinki 3,All,Free-market,index_2025,99.8
2026Q2,091-3,Helsinki 3,All,Free-market,index_qoq_pct,-0.1
2026Q2,091-3,Helsinki 3,All,Free-market,index_yoy_pct,-0.2
2026Q2,091-3,Helsinki 3,All,Free-market,rent_eur_m2,19.74
2026Q2,091-3,Helsinki 3,All,Free-market,n_rent,5941.0
2026Q2,091-3,Helsinki 3,All,Free-market,rent_new_eur_m2,20.14
2026Q2,091-3,Helsinki 3,All,Free-market,n_rent_new,1252.0
2025Q1,091-4,Helsinki 4,All,Free-market,index_2025,100.6
2025Q1,091-4,Helsinki 4,All,Free-market,index_qoq_pct,
2025Q1,091-4,Helsinki 4,All,Free-market,index_yoy_pct,
2025Q1,091-4,Helsinki 4,All,Free-market,rent_eur_m2,18.24
2025Q1,091-4,Helsinki 4,All,Free-market,n_rent,11798.0
2025Q1,091-4,Helsinki 4,All,Free-market,rent_new_eur_m2,17.27
2025Q1,091-4,Helsinki 4,All,Free-market,n_rent_new,1678.0
2025Q2,091-4,Helsinki 4,All,Free-market,index_2025,100.2
2025Q2,091-4,Helsinki 4,All,Free-market,index_qoq_pct,-0.4
2025Q2,091-4,Helsinki 4,All,Free-market,index_yoy_pct,
2025Q2,091-4,Helsinki 4,All,Free-market,rent_eur_m2,18.19
2025Q2,091-4,Helsinki 4,All,Free-market,n_rent,11615.0
2025Q2,091-4,Helsinki 4,All,Free-market,rent_new_eur_m2,17.1
2025Q2,091-4,Helsinki 4,All,Free-market,n_rent_new,1388.0
2025Q3,091-4,Helsinki 4,All,Free-market,index_2025,99.8
2025Q3,091-4,Helsinki 4,All,Free-market,index_qoq_pct,-0.4
2025Q3,091-4,Helsinki 4,All,Free-market,index_yoy_pct,
2025Q3,091-4,Helsinki 4,All,Free-market,rent_eur_m2,18.09
2025Q3,091-4,Helsinki 4,All,Free-market,n_rent,11785.0
2025Q3,091-4,Helsinki 4,All,Free-market,rent_new_eur_m2,17.05
2025Q3,091-4,Helsinki 4,All,Free-market,n_rent_new,1637.0
2025Q4,091-4,Helsinki 4,All,Free-market,index_2025,99.5
2025Q4,091-4,Helsinki 4,All,Free-market,index_qoq_pct,-0.3
2025Q4,091-4,Helsinki 4,All,Free-market,index_yoy_pct,
2025Q4,091-4,Helsinki 4,All,Free-market,rent_eur_m2,17.94
2025Q4,091-4,Helsinki 4,All,Free-market,n_rent,11911.0
2025Q4,091-4,Helsinki 4,All,Free-market,rent_new_eur_m2,17.2
2025Q4,091-4,Helsinki 4,All,Free-market,n_rent_new,1282.0
2026Q1,091-4,Helsinki 4,All,Free-market,index_2025,99.3
2026Q1,091-4,Helsinki 4,All,Free-market,index_qoq_pct,-0.2
2026Q1,091-4,Helsinki 4,All,Free-market,index_yoy_pct,-1.3
2026Q1,091-4,Helsinki 4,All,Free-market,rent_eur_m2,17.91
2026Q1,091-4,Helsinki 4,All,Free-market,n_rent,11972.0
2026Q1,091-4,Helsinki 4,All,Free-market,rent_new_eur_m2,16.86
2026Q1,091-4,Helsinki 4,All,Free-market,n_rent_new,1448.0
2026Q2,091-4,Helsinki 4,All,Free-market,index_2025,99.1
2026Q2,091-4,Helsinki 4,All,Free-market,index_qoq_pct,-0.2
2026Q2,091-4,Helsinki 4,All,Free-market,index_yoy_pct,-1.1
2026Q2,091-4,Helsinki 4,All,Free-market,rent_eur_m2,17.86
2026Q2,091-4,Helsinki 4,All,Free-market,n_rent,12087.0
2026Q2,091-4,Helsinki 4,All,Free-market,rent_new_eur_m2,16.84
2026Q2,091-4,Helsinki 4,All,Free-market,n_rent_new,1696.0
2025Q1,049,Espoo-Kauniainen,All,Free-market,index_2025,100.1
2025Q1,049,Espoo-Kauniainen,All,Free-market,index_qoq_pct,
2025Q1,049,Espoo-Kauniainen,All,Free-market,index_yoy_pct,
2025Q1,049,Espoo-Kauniainen,All,Free-market,rent_eur_m2,18.71
2025Q1,049,Espoo-Kauniainen,All,Free-market,n_rent,15640.0
2025Q1,049,Espoo-Kauniainen,All,Free-market,rent_new_eur_m2,18.69
2025Q1,049,Espoo-Kauniainen,All,Free-market,n_rent_new,2544.0
2025Q2,049,Espoo-Kauniainen,All,Free-market,index_2025,100.0
2025Q2,049,Espoo-Kauniainen,All,Free-market,index_qoq_pct,-0.1
2025Q2,049,Espoo-Kauniainen,All,Free-market,index_yoy_pct,
2025Q2,049,Espoo-Kauniainen,All,Free-market,rent_eur_m2,18.7
2025Q2,049,Espoo-Kauniainen,All,Free-market,n_rent,15319.0
2025Q2,049,Espoo-Kauniainen,All,Free-market,rent_new_eur_m2,19.01
2025Q2,049,Espoo-Kauniainen,All,Free-market,n_rent_new,2254.0
2025Q3,049,Espoo-Kauniainen,All,Free-market,index_2025,99.9
2025Q3,049,Espoo-Kauniainen,All,Free-market,index_qoq_pct,-0.1
2025Q3,049,Espoo-Kauniainen,All,Free-market,index_yoy_pct,
2025Q3,049,Espoo-Kauniainen,All,Free-market,rent_eur_m2,18.69
2025Q3,049,Espoo-Kauniainen,All,Free-market,n_rent,15375.0
2025Q3,049,Espoo-Kauniainen,All,Free-market,rent_new_eur_m2,18.87
2025Q3,049,Espoo-Kauniainen,All,Free-market,n_rent_new,2583.0
2025Q4,049,Espoo-Kauniainen,All,Free-market,index_2025,100.0
2025Q4,049,Espoo-Kauniainen,All,Free-market,index_qoq_pct,0.0
2025Q4,049,Espoo-Kauniainen,All,Free-market,index_yoy_pct,
2025Q4,049,Espoo-Kauniainen,All,Free-market,rent_eur_m2,18.67
2025Q4,049,Espoo-Kauniainen,All,Free-market,n_rent,15390.0
2025Q4,049,Espoo-Kauniainen,All,Free-market,rent_new_eur_m2,18.44
2025Q4,049,Espoo-Kauniainen,All,Free-market,n_rent_new,2114.0
2026Q1,049,Espoo-Kauniainen,All,Free-market,index_2025,100.0
2026Q1,049,Espoo-Kauniainen,All,Free-market,index_qoq_pct,0.1
2026Q1,049,Espoo-Kauniainen,All,Free-market,index_yoy_pct,-0.1
2026Q1,049,Espoo-Kauniainen,All,Free-market,rent_eur_m2,18.7
2026Q1,049,Espoo-Kauniainen,All,Free-market,n_rent,15608.0
2026Q1,049,Espoo-Kauniainen,All,Free-market,rent_new_eur_m2,18.51
2026Q1,049,Espoo-Kauniainen,All,Free-market,n_rent_new,2414.0
2026Q2,049,Espoo-Kauniainen,All,Free-market,index_2025,100.0
2026Q2,049,Espoo-Kauniainen,All,Free-market,index_qoq_pct,0.0
2026Q2,049,Espoo-Kauniainen,All,Free-market,index_yoy_pct,0.0
2026Q2,049,Espoo-Kauniainen,All,Free-market,rent_eur_m2,18.82
2026Q2,049,Espoo-Kauniainen,All,Free-market,n_rent,16254.0
2026Q2,049,Espoo-Kauniainen,All,Free-market,rent_new_eur_m2,19.02
2026Q2,049,Espoo-Kauniainen,All,Free-market,n_rent_new,3316.0
2025Q1,049-1,Espoo-Kauniainen 1,All,Free-market,index_2025,100.0
2025Q1,049-1,Espoo-Kauniainen 1,All,Free-market,index_qoq_pct,
2025Q1,049-1,Espoo-Kauniainen 1,All,Free-market,index_yoy_pct,
2025Q1,049-1,Espoo-Kauniainen 1,All,Free-market,rent_eur_m2,19.76
2025Q1,049-1,Espoo-Kauniainen 1,All,Free-market,n_rent,7328.0
2025Q1,049-1,Espoo-Kauniainen 1,All,Free-market,rent_new_eur_m2,19.71
2025Q1,049-1,Espoo-Kauniainen 1,All,Free-market,n_rent_new,1200.0
2025Q2,049-1,Espoo-Kauniainen 1,All,Free-market,index_2025,100.0
2025Q2,049-1,Espoo-Kauniainen 1,All,Free-market,index_qoq_pct,0.0
2025Q2,049-1,Espoo-Kauniainen 1,All,Free-market,index_yoy_pct,
2025Q2,049-1,Espoo-Kauniainen 1,All,Free-market,rent_eur_m2,19.79
2025Q2,049-1,Espoo-Kauniainen 1,All,Free-market,n_rent,7150.0
2025Q2,049-1,Espoo-Kauniainen 1,All,Free-market,rent_new_eur_m2,20.16
2025Q2,049-1,Espoo-Kauniainen 1,All,Free-market,n_rent_new,1104.0
2025Q3,049-1,Espoo-Kauniainen 1,All,Free-market,index_2025,99.9
2025Q3,049-1,Espoo-Kauniainen 1,All,Free-market,index_qoq_pct,-0.1
2025Q3,049-1,Espoo-Kauniainen 1,All,Free-market,index_yoy_pct,
2025Q3,049-1,Espoo-Kauniainen 1,All,Free-market,rent_eur_m2,19.79
2025Q3,049-1,Espoo-Kauniainen 1,All,Free-market,n_rent,7107.0
2025Q3,049-1,Espoo-Kauniainen 1,All,Free-market,rent_new_eur_m2,19.95
2025Q3,049-1,Espoo-Kauniainen 1,All,Free-market,n_rent_new,1268.0
2025Q4,049-1,Espoo-Kauniainen 1,All,Free-market,index_2025,100.0
2025Q4,049-1,Espoo-Kauniainen 1,All,Free-market,index_qoq_pct,0.1
2025Q4,049-1,Espoo-Kauniainen 1,All,Free-market,index_yoy_pct,
2025Q4,049-1,Espoo-Kauniainen 1,All,Free-market,rent_eur_m2,19.8
2025Q4,049-1,Espoo-Kauniainen 1,All,Free-market,n_rent,7109.0
2025Q4,049-1,Espoo-Kauniainen 1,All,Free-market,rent_new_eur_m2,19.56
2025Q4,049-1,Espoo-Kauniainen 1,All,Free-market,n_rent_new,1000.0
2026Q1,049-1,Espoo-Kauniainen 1,All,Free-market,index_2025,100.1
2026Q1,049-1,Espoo-Kauniainen 1,All,Free-market,index_qoq_pct,0.1
2026Q1,049-1,Espoo-Kauniainen 1,All,Free-market,index_yoy_pct,0.0
2026Q1,049-1,Espoo-Kauniainen 1,All,Free-market,rent_eur_m2,19.82
2026Q1,049-1,Espoo-Kauniainen 1,All,Free-market,n_rent,7295.0
2026Q1,049-1,Espoo-Kauniainen 1,All,Free-market,rent_new_eur_m2,19.75
2026Q1,049-1,Espoo-Kauniainen 1,All,Free-market,n_rent_new,1197.0
2026Q2,049-1,Espoo-Kauniainen 1,All,Free-market,index_2025,100.1
2026Q2,049-1,Espoo-Kauniainen 1,All,Free-market,index_qoq_pct,0.1
2026Q2,049-1,Espoo-Kauniainen 1,All,Free-market,index_yoy_pct,0.1
2026Q2,049-1,Espoo-Kauniainen 1,All,Free-market,rent_eur_m2,20.03
2026Q2,049-1,Espoo-Kauniainen 1,All,Free-market,n_rent,7707.0
2026Q2,049-1,Espoo-Kauniainen 1,All,Free-market,rent_new_eur_m2,20.48
2026Q2,049-1,Espoo-Kauniainen 1,All,Free-market,n_rent_new,1742.0
2025Q1,049-2,Espoo-Kauniainen 2,All,Free-market,index_2025,100.1
2025Q1,049-2,Espoo-Kauniainen 2,All,Free-market,index_qoq_pct,
2025Q1,049-2,Espoo-Kauniainen 2,All,Free-market,index_yoy_pct,
2025Q1,049-2,Espoo-Kauniainen 2,All,Free-market,rent_eur_m2,18.73
2025Q1,049-2,Espoo-Kauniainen 2,All,Free-market,n_rent,3222.0
2025Q1,049-2,Espoo-Kauniainen 2,All,Free-market,rent_new_eur_m2,18.73
2025Q1,049-2,Espoo-Kauniainen 2,All,Free-market,n_rent_new,556.0
2025Q2,049-2,Espoo-Kauniainen 2,All,Free-market,index_2025,100.0
2025Q2,049-2,Espoo-Kauniainen 2,All,Free-market,index_qoq_pct,-0.2
2025Q2,049-2,Espoo-Kauniainen 2,All,Free-market,index_yoy_pct,
2025Q2,049-2,Espoo-Kauniainen 2,All,Free-market,rent_eur_m2,18.7
2025Q2,049-2,Espoo-Kauniainen 2,All,Free-market,n_rent,3204.0
2025Q2,049-2,Espoo-Kauniainen 2,All,Free-market,rent_new_eur_m2,18.71
2025Q2,049-2,Espoo-Kauniainen 2,All,Free-market,n_rent_new,506.0
2025Q3,049-2,Espoo-Kauniainen 2,All,Free-market,index_2025,99.9
2025Q3,049-2,Espoo-Kauniainen 2,All,Free-market,index_qoq_pct,-0.1
2025Q3,049-2,Espoo-Kauniainen 2,All,Free-market,index_yoy_pct,
2025Q3,049-2,Espoo-Kauniainen 2,All,Free-market,rent_eur_m2,18.71
2025Q3,049-2,Espoo-Kauniainen 2,All,Free-market,n_rent,3232.0
2025Q3,049-2,Espoo-Kauniainen 2,All,Free-market,rent_new_eur_m2,18.93
2025Q3,049-2,Espoo-Kauniainen 2,All,Free-market,n_rent_new,557.0
2025Q4,049-2,Espoo-Kauniainen 2,All,Free-market,index_2025,100.0
2025Q4,049-2,Espoo-Kauniainen 2,All,Free-market,index_qoq_pct,0.1
2025Q4,049-2,Espoo-Kauniainen 2,All,Free-market,index_yoy_pct,
2025Q4,049-2,Espoo-Kauniainen 2,All,Free-market,rent_eur_m2,18.65
2025Q4,049-2,Espoo-Kauniainen 2,All,Free-market,n_rent,3234.0
2025Q4,049-2,Espoo-Kauniainen 2,All,Free-market,rent_new_eur_m2,18.33
2025Q4,049-2,Espoo-Kauniainen 2,All,Free-market,n_rent_new,465.0
2026Q1,049-2,Espoo-Kauniainen 2,All,Free-market,index_2025,100.2
2026Q1,049-2,Espoo-Kauniainen 2,All,Free-market,index_qoq_pct,0.2
2026Q1,049-2,Espoo-Kauniainen 2,All,Free-market,index_yoy_pct,0.0
2026Q1,049-2,Espoo-Kauniainen 2,All,Free-market,rent_eur_m2,18.64
2026Q1,049-2,Espoo-Kauniainen 2,All,Free-market,n_rent,3273.0
2026Q1,049-2,Espoo-Kauniainen 2,All,Free-market,rent_new_eur_m2,18.19
2026Q1,049-2,Espoo-Kauniainen 2,All,Free-market,n_rent_new,511.0
2026Q2,049-2,Espoo-Kauniainen 2,All,Free-market,index_2025,100.2
2026Q2,049-2,Espoo-Kauniainen 2,All,Free-market,index_qoq_pct,0.0
2026Q2,049-2,Espoo-Kauniainen 2,All,Free-market,index_yoy_pct,0.2
2026Q2,049-2,Espoo-Kauniainen 2,All,Free-market,rent_eur_m2,18.66
2026Q2,049-2,Espoo-Kauniainen 2,All,Free-market,n_rent,3477.0
2026Q2,049-2,Espoo-Kauniainen 2,All,Free-market,rent_new_eur_m2,18.52
2026Q2,049-2,Espoo-Kauniainen 2,All,Free-market,n_rent_new,753.0
2025Q1,049-3,Espoo-Kauniainen 3,All,Free-market,index_2025,100.3
2025Q1,049-3,Espoo-Kauniainen 3,All,Free-market,index_qoq_pct,
2025Q1,049-3,Espoo-Kauniainen 3,All,Free-market,index_yoy_pct,
2025Q1,049-3,Espoo-Kauniainen 3,All,Free-market,rent_eur_m2,17.03
2025Q1,049-3,Espoo-Kauniainen 3,All,Free-market,n_rent,5090.0
2025Q1,049-3,Espoo-Kauniainen 3,All,Free-market,rent_new_eur_m2,16.76
2025Q1,049-3,Espoo-Kauniainen 3,All,Free-market,n_rent_new,788.0
2025Q2,049-3,Espoo-Kauniainen 3,All,Free-market,index_2025,100.0
2025Q2,049-3,Espoo-Kauniainen 3,All,Free-market,index_qoq_pct,-0.3
2025Q2,049-3,Espoo-Kauniainen 3,All,Free-market,index_yoy_pct,
2025Q2,049-3,Espoo-Kauniainen 3,All,Free-market,rent_eur_m2,17.0
2025Q2,049-3,Espoo-Kauniainen 3,All,Free-market,n_rent,4965.0
2025Q2,049-3,Espoo-Kauniainen 3,All,Free-market,rent_new_eur_m2,16.95
2025Q2,049-3,Espoo-Kauniainen 3,All,Free-market,n_rent_new,644.0
2025Q3,049-3,Espoo-Kauniainen 3,All,Free-market,index_2025,99.9
2025Q3,049-3,Espoo-Kauniainen 3,All,Free-market,index_qoq_pct,-0.2
2025Q3,049-3,Espoo-Kauniainen 3,All,Free-market,index_yoy_pct,
2025Q3,049-3,Espoo-Kauniainen 3,All,Free-market,rent_eur_m2,16.98
2025Q3,049-3,Espoo-Kauniainen 3,All,Free-market,n_rent,5036.0
2025Q3,049-3,Espoo-Kauniainen 3,All,Free-market,rent_new_eur_m2,16.84
2025Q3,049-3,Espoo-Kauniainen 3,All,Free-market,n_rent_new,758.0
2025Q4,049-3,Espoo-Kauniainen 3,All,Free-market,index_2025,99.8
2025Q4,049-3,Espoo-Kauniainen 3,All,Free-market,index_qoq_pct,0.0
2025Q4,049-3,Espoo-Kauniainen 3,All,Free-market,index_yoy_pct,
2025Q4,049-3,Espoo-Kauniainen 3,All,Free-market,rent_eur_m2,16.93
2025Q4,049-3,Espoo-Kauniainen 3,All,Free-market,n_rent,5047.0
2025Q4,049-3,Espoo-Kauniainen 3,All,Free-market,rent_new_eur_m2,16.45
2025Q4,049-3,Espoo-Kauniainen 3,All,Free-market,n_rent_new,649.0
2026Q1,049-3,Espoo-Kauniainen 3,All,Free-market,index_2025,99.8
2026Q1,049-3,Espoo-Kauniainen 3,All,Free-market,index_qoq_pct,0.0
2026Q1,049-3,Espoo-Kauniainen 3,All,Free-market,index_yoy_pct,-0.5
2026Q1,049-3,Espoo-Kauniainen 3,All,Free-market,rent_eur_m2,16.95
2026Q1,049-3,Espoo-Kauniainen 3,All,Free-market,n_rent,5040.0
2026Q1,049-3,Espoo-Kauniainen 3,All,Free-market,rent_new_eur_m2,16.36
2026Q1,049-3,Espoo-Kauniainen 3,All,Free-market,n_rent_new,706.0
2026Q2,049-3,Espoo-Kauniainen 3,All,Free-market,index_2025,99.7
2026Q2,049-3,Espoo-Kauniainen 3,All,Free-market,index_qoq_pct,-0.1
2026Q2,049-3,Espoo-Kauniainen 3,All,Free-market,index_yoy_pct,-0.3
2026Q2,049-3,Espoo-Kauniainen 3,All,Free-market,rent_eur_m2,16.93
2026Q2,049-3,Espoo-Kauniainen 3,All,Free-market,n_rent,5070.0
2026Q2,049-3,Espoo-Kauniainen 3,All,Free-market,rent_new_eur_m2,16.32
2026Q2,049-3,Espoo-Kauniainen 3,All,Free-market,n_rent_new,821.0
2025Q1,092,Vantaa,All,Free-market,index_2025,100.6
2025Q1,092,Vantaa,All,Free-market,index_qoq_pct,
2025Q1,092,Vantaa,All,Free-market,index_yoy_pct,
2025Q1,092,Vantaa,All,Free-market,rent_eur_m2,17.94
2025Q1,092,Vantaa,All,Free-market,n_rent,16431.0
2025Q1,092,Vantaa,All,Free-market,rent_new_eur_m2,17.7
2025Q1,092,Vantaa,All,Free-market,n_rent_new,2632.0
2025Q2,092,Vantaa,All,Free-market,index_2025,100.2
2025Q2,092,Vantaa,All,Free-market,index_qoq_pct,-0.4
2025Q2,092,Vantaa,All,Free-market,index_yoy_pct,
2025Q2,092,Vantaa,All,Free-market,rent_eur_m2,17.89
2025Q2,092,Vantaa,All,Free-market,n_rent,16441.0
2025Q2,092,Vantaa,All,Free-market,rent_new_eur_m2,17.96
2025Q2,092,Vantaa,All,Free-market,n_rent_new,2536.0
2025Q3,092,Vantaa,All,Free-market,index_2025,99.7
2025Q3,092,Vantaa,All,Free-market,index_qoq_pct,-0.5
2025Q3,092,Vantaa,All,Free-market,index_yoy_pct,
2025Q3,092,Vantaa,All,Free-market,rent_eur_m2,17.84
2025Q3,092,Vantaa,All,Free-market,n_rent,17038.0
2025Q3,092,Vantaa,All,Free-market,rent_new_eur_m2,17.83
2025Q3,092,Vantaa,All,Free-market,n_rent_new,2956.0
2025Q4,092,Vantaa,All,Free-market,index_2025,99.5
2025Q4,092,Vantaa,All,Free-market,index_qoq_pct,-0.3
2025Q4,092,Vantaa,All,Free-market,index_yoy_pct,
2025Q4,092,Vantaa,All,Free-market,rent_eur_m2,17.71
2025Q4,092,Vantaa,All,Free-market,n_rent,17084.0
2025Q4,092,Vantaa,All,Free-market,rent_new_eur_m2,17.67
2025Q4,092,Vantaa,All,Free-market,n_rent_new,2443.0
2026Q1,092,Vantaa,All,Free-market,index_2025,99.3
2026Q1,092,Vantaa,All,Free-market,index_qoq_pct,-0.2
2026Q1,092,Vantaa,All,Free-market,index_yoy_pct,-1.3
2026Q1,092,Vantaa,All,Free-market,rent_eur_m2,17.69
2026Q1,092,Vantaa,All,Free-market,n_rent,17146.0
2026Q1,092,Vantaa,All,Free-market,rent_new_eur_m2,17.44
2026Q1,092,Vantaa,All,Free-market,n_rent_new,2717.0
2026Q2,092,Vantaa,All,Free-market,index_2025,99.0
2026Q2,092,Vantaa,All,Free-market,index_qoq_pct,-0.3
2026Q2,092,Vantaa,All,Free-market,index_yoy_pct,-1.2
2026Q2,092,Vantaa,All,Free-market,rent_eur_m2,17.8
2026Q2,092,Vantaa,All,Free-market,n_rent,17767.0
2026Q2,092,Vantaa,All,Free-market,rent_new_eur_m2,17.98
2026Q2,092,Vantaa,All,Free-market,n_rent_new,3317.0
2025Q1,092-1,Vantaa 1,All,Free-market,index_2025,100.4
2025Q1,092-1,Vantaa 1,All,Free-market,index_qoq_pct,
2025Q1,092-1,Vantaa 1,All,Free-market,index_yoy_pct,
2025Q1,092-1,Vantaa 1,All,Free-market,rent_eur_m2,19.18
2025Q1,092-1,Vantaa 1,All,Free-market,n_rent,4624.0
2025Q1,092-1,Vantaa 1,All,Free-market,rent_new_eur_m2,19.22
2025Q1,092-1,Vantaa 1,All,Free-market,n_rent_new,883.0
2025Q2,092-1,Vantaa 1,All,Free-market,index_2025,100.2
2025Q2,092-1,Vantaa 1,All,Free-market,index_qoq_pct,-0.2
2025Q2,092-1,Vantaa 1,All,Free-market,index_yoy_pct,
2025Q2,092-1,Vantaa 1,All,Free-market,rent_eur_m2,19.2
2025Q2,092-1,Vantaa 1,All,Free-market,n_rent,4605.0
2025Q2,092-1,Vantaa 1,All,Free-market,rent_new_eur_m2,19.62
2025Q2,092-1,Vantaa 1,All,Free-market,n_rent_new,867.0
2025Q3,092-1,Vantaa 1,All,Free-market,index_2025,99.8
2025Q3,092-1,Vantaa 1,All,Free-market,index_qoq_pct,-0.4
2025Q3,092-1,Vantaa 1,All,Free-market,index_yoy_pct,
2025Q3,092-1,Vantaa 1,All,Free-market,rent_eur_m2,19.2
2025Q3,092-1,Vantaa 1,All,Free-market,n_rent,4960.0
2025Q3,092-1,Vantaa 1,All,Free-market,rent_new_eur_m2,19.29
2025Q3,092-1,Vantaa 1,All,Free-market,n_rent_new,992.0
2025Q4,092-1,Vantaa 1,All,Free-market,index_2025,99.6
2025Q4,092-1,Vantaa 1,All,Free-market,index_qoq_pct,-0.3
2025Q4,092-1,Vantaa 1,All,Free-market,index_yoy_pct,
2025Q4,092-1,Vantaa 1,All,Free-market,rent_eur_m2,19.11
2025Q4,092-1,Vantaa 1,All,Free-market,n_rent,4783.0
2025Q4,092-1,Vantaa 1,All,Free-market,rent_new_eur_m2,19.18
2025Q4,092-1,Vantaa 1,All,Free-market,n_rent_new,805.0
2026Q1,092-1,Vantaa 1,All,Free-market,index_2025,99.4
2026Q1,092-1,Vantaa 1,All,Free-market,index_qoq_pct,-0.2
2026Q1,092-1,Vantaa 1,All,Free-market,index_yoy_pct,-1.0
2026Q1,092-1,Vantaa 1,All,Free-market,rent_eur_m2,19.08
2026Q1,092-1,Vantaa 1,All,Free-market,n_rent,4794.0
2026Q1,092-1,Vantaa 1,All,Free-market,rent_new_eur_m2,19.12
2026Q1,092-1,Vantaa 1,All,Free-market,n_rent_new,876.0
2026Q2,092-1,Vantaa 1,All,Free-market,index_2025,99.1
2026Q2,092-1,Vantaa 1,All,Free-market,index_qoq_pct,-0.3
2026Q2,092-1,Vantaa 1,All,Free-market,index_yoy_pct,-1.1
2026Q2,092-1,Vantaa 1,All,Free-market,rent_eur_m2,19.26
2026Q2,092-1,Vantaa 1,All,Free-market,n_rent,5409.0
2026Q2,092-1,Vantaa 1,All,Free-market,rent_new_eur_m2,19.7
2026Q2,092-1,Vantaa 1,All,Free-market,n_rent_new,1431.0
2025Q1,092-2,Vantaa 2,All,Free-market,index_2025,101.0
2025Q1,092-2,Vantaa 2,All,Free-market,index_qoq_pct,
2025Q1,092-2,Vantaa 2,All,Free-market,index_yoy_pct,
2025Q1,092-2,Vantaa 2,All,Free-market,rent_eur_m2,17.9
2025Q1,092-2,Vantaa 2,All,Free-market,n_rent,3425.0
2025Q1,092-2,Vantaa 2,All,Free-market,rent_new_eur_m2,18.28
2025Q1,092-2,Vantaa 2,All,Free-market,n_rent_new,475.0
2025Q2,092-2,Vantaa 2,All,Free-market,index_2025,100.3
2025Q2,092-2,Vantaa 2,All,Free-market,index_qoq_pct,-0.7
2025Q2,092-2,Vantaa 2,All,Free-market,index_yoy_pct,
2025Q2,092-2,Vantaa 2,All,Free-market,rent_eur_m2,17.79
2025Q2,092-2,Vantaa 2,All,Free-market,n_rent,3461.0
2025Q2,092-2,Vantaa 2,All,Free-market,rent_new_eur_m2,18.55
2025Q2,092-2,Vantaa 2,All,Free-market,n_rent_new,467.0
2025Q3,092-2,Vantaa 2,All,Free-market,index_2025,99.5
2025Q3,092-2,Vantaa 2,All,Free-market,index_qoq_pct,-0.8
2025Q3,092-2,Vantaa 2,All,Free-market,index_yoy_pct,
2025Q3,092-2,Vantaa 2,All,Free-market,rent_eur_m2,17.66
2025Q3,092-2,Vantaa 2,All,Free-market,n_rent,3600.0
2025Q3,092-2,Vantaa 2,All,Free-market,rent_new_eur_m2,18.0
2025Q3,092-2,Vantaa 2,All,Free-market,n_rent_new,579.0
2025Q4,092-2,Vantaa 2,All,Free-market,index_2025,99.2
2025Q4,092-2,Vantaa 2,All,Free-market,index_qoq_pct,-0.4
2025Q4,092-2,Vantaa 2,All,Free-market,index_yoy_pct,
2025Q4,092-2,Vantaa 2,All,Free-market,rent_eur_m2,17.53
2025Q4,092-2,Vantaa 2,All,Free-market,n_rent,3525.0
2025Q4,092-2,Vantaa 2,All,Free-market,rent_new_eur_m2,18.0
2025Q4,092-2,Vantaa 2,All,Free-market,n_rent_new,484.0
2026Q1,092-2,Vantaa 2,All,Free-market,index_2025,99.0
2026Q1,092-2,Vantaa 2,All,Free-market,index_qoq_pct,-0.2
2026Q1,092-2,Vantaa 2,All,Free-market,index_yoy_pct,-2.0
2026Q1,092-2,Vantaa 2,All,Free-market,rent_eur_m2,17.47
2026Q1,092-2,Vantaa 2,All,Free-market,n_rent,3535.0
2026Q1,092-2,Vantaa 2,All,Free-market,rent_new_eur_m2,17.71
2026Q1,092-2,Vantaa 2,All,Free-market,n_rent_new,535.0
2026Q2,092-2,Vantaa 2,All,Free-market,index_2025,98.7
2026Q2,092-2,Vantaa 2,All,Free-market,index_qoq_pct,-0.3
2026Q2,092-2,Vantaa 2,All,Free-market,index_yoy_pct,-1.6
2026Q2,092-2,Vantaa 2,All,Free-market,rent_eur_m2,17.44
2026Q2,092-2,Vantaa 2,All,Free-market,n_rent,3521.0
2026Q2,092-2,Vantaa 2,All,Free-market,rent_new_eur_m2,17.48
2026Q2,092-2,Vantaa 2,All,Free-market,n_rent_new,541.0
2025Q1,092-3,Vantaa 3,All,Free-market,index_2025,100.6
2025Q1,092-3,Vantaa 3,All,Free-market,index_qoq_pct,
2025Q1,092-3,Vantaa 3,All,Free-market,index_yoy_pct,
2025Q1,092-3,Vantaa 3,All,Free-market,rent_eur_m2,17.0
2025Q1,092-3,Vantaa 3,All,Free-market,n_rent,8382.0
2025Q1,092-3,Vantaa 3,All,Free-market,rent_new_eur_m2,16.2
2025Q1,092-3,Vantaa 3,All,Free-market,n_rent_new,1274.0
2025Q2,092-3,Vantaa 3,All,Free-market,index_2025,100.2
2025Q2,092-3,Vantaa 3,All,Free-market,index_qoq_pct,-0.4
2025Q2,092-3,Vantaa 3,All,Free-market,index_yoy_pct,
2025Q2,092-3,Vantaa 3,All,Free-market,rent_eur_m2,16.94
2025Q2,092-3,Vantaa 3,All,Free-market,n_rent,8375.0
2025Q2,092-3,Vantaa 3,All,Free-market,rent_new_eur_m2,16.38
2025Q2,092-3,Vantaa 3,All,Free-market,n_rent_new,1202.0
2025Q3,092-3,Vantaa 3,All,Free-market,index_2025,99.7
2025Q3,092-3,Vantaa 3,All,Free-market,index_qoq_pct,-0.5
2025Q3,092-3,Vantaa 3,All,Free-market,index_yoy_pct,
2025Q3,092-3,Vantaa 3,All,Free-market,rent_eur_m2,16.81
2025Q3,092-3,Vantaa 3,All,Free-market,n_rent,8478.0
2025Q3,092-3,Vantaa 3,All,Free-market,rent_new_eur_m2,16.44
2025Q3,092-3,Vantaa 3,All,Free-market,n_rent_new,1385.0
2025Q4,092-3,Vantaa 3,All,Free-market,index_2025,99.5
2025Q4,092-3,Vantaa 3,All,Free-market,index_qoq_pct,-0.2
2025Q4,092-3,Vantaa 3,All,Free-market,index_yoy_pct,
2025Q4,092-3,Vantaa 3,All,Free-market,rent_eur_m2,16.71
2025Q4,092-3,Vantaa 3,All,Free-market,n_rent,8776.0
2025Q4,092-3,Vantaa 3,All,Free-market,rent_new_eur_m2,16.29
2025Q4,092-3,Vantaa 3,All,Free-market,n_rent_new,1154.0
2026Q1,092-3,Vantaa 3,All,Free-market,index_2025,99.3
2026Q1,092-3,Vantaa 3,All,Free-market,index_qoq_pct,-0.1
2026Q1,092-3,Vantaa 3,All,Free-market,index_yoy_pct,-1.3
2026Q1,092-3,Vantaa 3,All,Free-market,rent_eur_m2,16.7
2026Q1,092-3,Vantaa 3,All,Free-market,n_rent,8817.0
2026Q1,092-3,Vantaa 3,All,Free-market,rent_new_eur_m2,16.05
2026Q1,092-3,Vantaa 3,All,Free-market,n_rent_new,1306.0
2026Q2,092-3,Vantaa 3,All,Free-market,index_2025,99.1
2026Q2,092-3,Vantaa 3,All,Free-market,index_qoq_pct,-0.2
2026Q2,092-3,Vantaa 3,All,Free-market,index_yoy_pct,-1.1
2026Q2,092-3,Vantaa 3,All,Free-market,rent_eur_m2,16.66
2026Q2,092-3,Vantaa 3,All,Free-market,n_rent,8837.0
2026Q2,092-3,Vantaa 3,All,Free-market,rent_new_eur_m2,15.95
2026Q2,092-3,Vantaa 3,All,Free-market,n_rent_new,1345.0
2025Q1,ksu,Koko maa,Studio,Free-market,index_2025,99.9
2025Q1,ksu,Koko maa,Studio,Free-market,index_qoq_pct,
2025Q1,ksu,Koko maa,Studio,Free-market,index_yoy_pct,
2025Q1,ksu,Koko maa,Studio,Free-market,rent_eur_m2,20.22
2025Q1,ksu,Koko maa,Studio,Free-market,n_rent,92405.0
2025Q1,ksu,Koko maa,Studio,Free-market,rent_new_eur_m2,21.22
2025Q1,ksu,Koko maa,Studio,Free-market,n_rent_new,12815.0
2025Q2,ksu,Koko maa,Studio,Free-market,index_2025,99.9
2025Q2,ksu,Koko maa,Studio,Free-market,index_qoq_pct,0.0
2025Q2,ksu,Koko maa,Studio,Free-market,index_yoy_pct,
2025Q2,ksu,Koko maa,Studio,Free-market,rent_eur_m2,20.2
2025Q2,ksu,Koko maa,Studio,Free-market,n_rent,92327.0
2025Q2,ksu,Koko maa,Studio,Free-market,rent_new_eur_m2,21.07
2025Q2,ksu,Koko maa,Studio,Free-market,n_rent_new,13035.0
2025Q3,ksu,Koko maa,Studio,Free-market,index_2025,100.0
2025Q3,ksu,Koko maa,Studio,Free-market,index_qoq_pct,0.0
2025Q3,ksu,Koko maa,Studio,Free-market,index_yoy_pct,
2025Q3,ksu,Koko maa,Studio,Free-market,rent_eur_m2,20.22
2025Q3,ksu,Koko maa,Studio,Free-market,n_rent,89133.0
2025Q3,ksu,Koko maa,Studio,Free-market,rent_new_eur_m2,21.48
2025Q3,ksu,Koko maa,Studio,Free-market,n_rent_new,14315.0
2025Q4,ksu,Koko maa,Studio,Free-market,index_2025,100.2
2025Q4,ksu,Koko maa,Studio,Free-market,index_qoq_pct,0.2
2025Q4,ksu,Koko maa,Studio,Free-market,index_yoy_pct,
2025Q4,ksu,Koko maa,Studio,Free-market,rent_eur_m2,20.27
2025Q4,ksu,Koko maa,Studio,Free-market,n_rent,92208.0
2025Q4,ksu,Koko maa,Studio,Free-market,rent_new_eur_m2,21.18
2025Q4,ksu,Koko maa,Studio,Free-market,n_rent_new,10464.0
2026Q1,ksu,Koko maa,Studio,Free-market,index_2025,100.2
2026Q1,ksu,Koko maa,Studio,Free-market,index_qoq_pct,0.1
2026Q1,ksu,Koko maa,Studio,Free-market,index_yoy_pct,0.3
2026Q1,ksu,Koko maa,Studio,Free-market,rent_eur_m2,20.28
2026Q1,ksu,Koko maa,Studio,Free-market,n_rent,93482.0
2026Q1,ksu,Koko maa,Studio,Free-market,rent_new_eur_m2,21.0
2026Q1,ksu,Koko maa,Studio,Free-market,n_rent_new,12782.0
2026Q2,ksu,Koko maa,Studio,Free-market,index_2025,100.2
2026Q2,ksu,Koko maa,Studio,Free-market,index_qoq_pct,0.0
2026Q2,ksu,Koko maa,Studio,Free-market,index_yoy_pct,0.3
2026Q2,ksu,Koko maa,Studio,Free-market,rent_eur_m2,20.46
2026Q2,ksu,Koko maa,Studio,Free-market,n_rent,95269.0
2026Q2,ksu,Koko maa,Studio,Free-market,rent_new_eur_m2,21.56
2026Q2,ksu,Koko maa,Studio,Free-market,n_rent_new,15665.0
2025Q1,pks,Pääkaupunkiseutu (PKS),Studio,Free-market,index_2025,100.1
2025Q1,pks,Pääkaupunkiseutu (PKS),Studio,Free-market,index_qoq_pct,
2025Q1,pks,Pääkaupunkiseutu (PKS),Studio,Free-market,index_yoy_pct,
2025Q1,pks,Pääkaupunkiseutu (PKS),Studio,Free-market,rent_eur_m2,25.66
2025Q1,pks,Pääkaupunkiseutu (PKS),Studio,Free-market,n_rent,29954.0
2025Q1,pks,Pääkaupunkiseutu (PKS),Studio,Free-market,rent_new_eur_m2,25.5
2025Q1,pks,Pääkaupunkiseutu (PKS),Studio,Free-market,n_rent_new,5353.0
2025Q2,pks,Pääkaupunkiseutu (PKS),Studio,Free-market,index_2025,100.0
2025Q2,pks,Pääkaupunkiseutu (PKS),Studio,Free-market,index_qoq_pct,-0.1
2025Q2,pks,Pääkaupunkiseutu (PKS),Studio,Free-market,index_yoy_pct,
2025Q2,pks,Pääkaupunkiseutu (PKS),Studio,Free-market,rent_eur_m2,25.63
2025Q2,pks,Pääkaupunkiseutu (PKS),Studio,Free-market,n_rent,29360.0
2025Q2,pks,Pääkaupunkiseutu (PKS),Studio,Free-market,rent_new_eur_m2,25.51
2025Q2,pks,Pääkaupunkiseutu (PKS),Studio,Free-market,n_rent_new,4862.0
2025Q3,pks,Pääkaupunkiseutu (PKS),Studio,Free-market,index_2025,99.9
2025Q3,pks,Pääkaupunkiseutu (PKS),Studio,Free-market,index_qoq_pct,-0.1
2025Q3,pks,Pääkaupunkiseutu (PKS),Studio,Free-market,index_yoy_pct,
2025Q3,pks,Pääkaupunkiseutu (PKS),Studio,Free-market,rent_eur_m2,25.59
2025Q3,pks,Pääkaupunkiseutu (PKS),Studio,Free-market,n_rent,29315.0
2025Q3,pks,Pääkaupunkiseutu (PKS),Studio,Free-market,rent_new_eur_m2,25.76
2025Q3,pks,Pääkaupunkiseutu (PKS),Studio,Free-market,n_rent_new,5872.0
2025Q4,pks,Pääkaupunkiseutu (PKS),Studio,Free-market,index_2025,100.0
2025Q4,pks,Pääkaupunkiseutu (PKS),Studio,Free-market,index_qoq_pct,0.1
2025Q4,pks,Pääkaupunkiseutu (PKS),Studio,Free-market,index_yoy_pct,
2025Q4,pks,Pääkaupunkiseutu (PKS),Studio,Free-market,rent_eur_m2,25.6
2025Q4,pks,Pääkaupunkiseutu (PKS),Studio,Free-market,n_rent,29706.0
2025Q4,pks,Pääkaupunkiseutu (PKS),Studio,Free-market,rent_new_eur_m2,25.27
2025Q4,pks,Pääkaupunkiseutu (PKS),Studio,Free-market,n_rent_new,4535.0
2026Q1,pks,Pääkaupunkiseutu (PKS),Studio,Free-market,index_2025,100.0
2026Q1,pks,Pääkaupunkiseutu (PKS),Studio,Free-market,index_qoq_pct,0.0
2026Q1,pks,Pääkaupunkiseutu (PKS),Studio,Free-market,index_yoy_pct,-0.2
2026Q1,pks,Pääkaupunkiseutu (PKS),Studio,Free-market,rent_eur_m2,25.56
2026Q1,pks,Pääkaupunkiseutu (PKS),Studio,Free-market,n_rent,30079.0
2026Q1,pks,Pääkaupunkiseutu (PKS),Studio,Free-market,rent_new_eur_m2,25.05
2026Q1,pks,Pääkaupunkiseutu (PKS),Studio,Free-market,n_rent_new,5311.0
2026Q2,pks,Pääkaupunkiseutu (PKS),Studio,Free-market,index_2025,99.8
2026Q2,pks,Pääkaupunkiseutu (PKS),Studio,Free-market,index_qoq_pct,-0.1
2026Q2,pks,Pääkaupunkiseutu (PKS),Studio,Free-market,index_yoy_pct,-0.2
2026Q2,pks,Pääkaupunkiseutu (PKS),Studio,Free-market,rent_eur_m2,25.54
2026Q2,pks,Pääkaupunkiseutu (PKS),Studio,Free-market,n_rent,30915.0
2026Q2,pks,Pääkaupunkiseutu (PKS),Studio,Free-market,rent_new_eur_m2,25.36
2026Q2,pks,Pääkaupunkiseutu (PKS),Studio,Free-market,n_rent_new,6360.0
2025Q1,091,Helsinki,Studio,Free-market,index_2025,100.1
2025Q1,091,Helsinki,Studio,Free-market,index_qoq_pct,
2025Q1,091,Helsinki,Studio,Free-market,index_yoy_pct,
2025Q1,091,Helsinki,Studio,Free-market,rent_eur_m2,26.8
2025Q1,091,Helsinki,Studio,Free-market,n_rent,19560.0
2025Q1,091,Helsinki,Studio,Free-market,rent_new_eur_m2,26.77
2025Q1,091,Helsinki,Studio,Free-market,n_rent_new,3328.0
2025Q2,091,Helsinki,Studio,Free-market,index_2025,100.0
2025Q2,091,Helsinki,Studio,Free-market,index_qoq_pct,-0.1
2025Q2,091,Helsinki,Studio,Free-market,index_yoy_pct,
2025Q2,091,Helsinki,Studio,Free-market,rent_eur_m2,26.79
2025Q2,091,Helsinki,Studio,Free-market,n_rent,19016.0
2025Q2,091,Helsinki,Studio,Free-market,rent_new_eur_m2,26.87
2025Q2,091,Helsinki,Studio,Free-market,n_rent_new,2928.0
2025Q3,091,Helsinki,Studio,Free-market,index_2025,99.9
2025Q3,091,Helsinki,Studio,Free-market,index_qoq_pct,-0.1
2025Q3,091,Helsinki,Studio,Free-market,index_yoy_pct,
2025Q3,091,Helsinki,Studio,Free-market,rent_eur_m2,26.77
2025Q3,091,Helsinki,Studio,Free-market,n_rent,18787.0
2025Q3,091,Helsinki,Studio,Free-market,rent_new_eur_m2,27.08
2025Q3,091,Helsinki,Studio,Free-market,n_rent_new,3568.0
2025Q4,091,Helsinki,Studio,Free-market,index_2025,100.0
2025Q4,091,Helsinki,Studio,Free-market,index_qoq_pct,0.1
2025Q4,091,Helsinki,Studio,Free-market,index_yoy_pct,
2025Q4,091,Helsinki,Studio,Free-market,rent_eur_m2,26.77
2025Q4,091,Helsinki,Studio,Free-market,n_rent,19341.0
2025Q4,091,Helsinki,Studio,Free-market,rent_new_eur_m2,26.59
2025Q4,091,Helsinki,Studio,Free-market,n_rent_new,2749.0
2026Q1,091,Helsinki,Studio,Free-market,index_2025,100.0
2026Q1,091,Helsinki,Studio,Free-market,index_qoq_pct,0.0
2026Q1,091,Helsinki,Studio,Free-market,index_yoy_pct,-0.1
2026Q1,091,Helsinki,Studio,Free-market,rent_eur_m2,26.73
2026Q1,091,Helsinki,Studio,Free-market,n_rent,19543.0
2026Q1,091,Helsinki,Studio,Free-market,rent_new_eur_m2,26.4
2026Q1,091,Helsinki,Studio,Free-market,n_rent_new,3255.0
2026Q2,091,Helsinki,Studio,Free-market,index_2025,99.8
2026Q2,091,Helsinki,Studio,Free-market,index_qoq_pct,-0.2
2026Q2,091,Helsinki,Studio,Free-market,index_yoy_pct,-0.1
2026Q2,091,Helsinki,Studio,Free-market,rent_eur_m2,26.71
2026Q2,091,Helsinki,Studio,Free-market,n_rent,19964.0
2026Q2,091,Helsinki,Studio,Free-market,rent_new_eur_m2,26.71
2026Q2,091,Helsinki,Studio,Free-market,n_rent_new,3853.0
2025Q1,091-1,Helsinki 1,Studio,Free-market,index_2025,100.0
2025Q1,091-1,Helsinki 1,Studio,Free-market,index_qoq_pct,
2025Q1,091-1,Helsinki 1,Studio,Free-market,index_yoy_pct,
2025Q1,091-1,Helsinki 1,Studio,Free-market,rent_eur_m2,28.87
2025Q1,091-1,Helsinki 1,Studio,Free-market,n_rent,4172.0
2025Q1,091-1,Helsinki 1,Studio,Free-market,rent_new_eur_m2,29.25
2025Q1,091-1,Helsinki 1,Studio,Free-market,n_rent_new,748.0
2025Q2,091-1,Helsinki 1,Studio,Free-market,index_2025,99.9
2025Q2,091-1,Helsinki 1,Studio,Free-market,index_qoq_pct,-0.1
2025Q2,091-1,Helsinki 1,Studio,Free-market,index_yoy_pct,
2025Q2,091-1,Helsinki 1,Studio,Free-market,rent_eur_m2,28.91
2025Q2,091-1,Helsinki 1,Studio,Free-market,n_rent,3940.0
2025Q2,091-1,Helsinki 1,Studio,Free-market,rent_new_eur_m2,29.41
2025Q2,091-1,Helsinki 1,Studio,Free-market,n_rent_new,567.0
2025Q3,091-1,Helsinki 1,Studio,Free-market,index_2025,99.9
2025Q3,091-1,Helsinki 1,Studio,Free-market,index_qoq_pct,0.0
2025Q3,091-1,Helsinki 1,Studio,Free-market,index_yoy_pct,
2025Q3,091-1,Helsinki 1,Studio,Free-market,rent_eur_m2,29.0
2025Q3,091-1,Helsinki 1,Studio,Free-market,n_rent,3882.0
2025Q3,091-1,Helsinki 1,Studio,Free-market,rent_new_eur_m2,29.76
2025Q3,091-1,Helsinki 1,Studio,Free-market,n_rent_new,748.0
2025Q4,091-1,Helsinki 1,Studio,Free-market,index_2025,100.2
2025Q4,091-1,Helsinki 1,Studio,Free-market,index_qoq_pct,0.3
2025Q4,091-1,Helsinki 1,Studio,Free-market,index_yoy_pct,
2025Q4,091-1,Helsinki 1,Studio,Free-market,rent_eur_m2,29.02
2025Q4,091-1,Helsinki 1,Studio,Free-market,n_rent,4015.0
2025Q4,091-1,Helsinki 1,Studio,Free-market,rent_new_eur_m2,29.29
2025Q4,091-1,Helsinki 1,Studio,Free-market,n_rent_new,553.0
2026Q1,091-1,Helsinki 1,Studio,Free-market,index_2025,100.2
2026Q1,091-1,Helsinki 1,Studio,Free-market,index_qoq_pct,0.0
2026Q1,091-1,Helsinki 1,Studio,Free-market,index_yoy_pct,0.2
2026Q1,091-1,Helsinki 1,Studio,Free-market,rent_eur_m2,28.92
2026Q1,091-1,Helsinki 1,Studio,Free-market,n_rent,4062.0
2026Q1,091-1,Helsinki 1,Studio,Free-market,rent_new_eur_m2,29.07
2026Q1,091-1,Helsinki 1,Studio,Free-market,n_rent_new,639.0
2026Q2,091-1,Helsinki 1,Studio,Free-market,index_2025,100.1
2026Q2,091-1,Helsinki 1,Studio,Free-market,index_qoq_pct,0.0
2026Q2,091-1,Helsinki 1,Studio,Free-market,index_yoy_pct,0.2
2026Q2,091-1,Helsinki 1,Studio,Free-market,rent_eur_m2,28.99
2026Q2,091-1,Helsinki 1,Studio,Free-market,n_rent,4099.0
2026Q2,091-1,Helsinki 1,Studio,Free-market,rent_new_eur_m2,30.02
2026Q2,091-1,Helsinki 1,Studio,Free-market,n_rent_new,721.0
2025Q1,091-2,Helsinki 2,Studio,Free-market,index_2025,100.0
2025Q1,091-2,Helsinki 2,Studio,Free-market,index_qoq_pct,
2025Q1,091-2,Helsinki 2,Studio,Free-market,index_yoy_pct,
2025Q1,091-2,Helsinki 2,Studio,Free-market,rent_eur_m2,26.9
2025Q1,091-2,Helsinki 2,Studio,Free-market,n_rent,9808.0
2025Q1,091-2,Helsinki 2,Studio,Free-market,rent_new_eur_m2,26.57
2025Q1,091-2,Helsinki 2,Studio,Free-market,n_rent_new,1721.0
2025Q2,091-2,Helsinki 2,Studio,Free-market,index_2025,100.0
2025Q2,091-2,Helsinki 2,Studio,Free-market,index_qoq_pct,-0.1
2025Q2,091-2,Helsinki 2,Studio,Free-market,index_yoy_pct,
2025Q2,091-2,Helsinki 2,Studio,Free-market,rent_eur_m2,26.91
2025Q2,091-2,Helsinki 2,Studio,Free-market,n_rent,9538.0
2025Q2,091-2,Helsinki 2,Studio,Free-market,rent_new_eur_m2,26.88
2025Q2,091-2,Helsinki 2,Studio,Free-market,n_rent_new,1568.0
2025Q3,091-2,Helsinki 2,Studio,Free-market,index_2025,99.9
2025Q3,091-2,Helsinki 2,Studio,Free-market,index_qoq_pct,0.0
2025Q3,091-2,Helsinki 2,Studio,Free-market,index_yoy_pct,
2025Q3,091-2,Helsinki 2,Studio,Free-market,rent_eur_m2,26.89
2025Q3,091-2,Helsinki 2,Studio,Free-market,n_rent,9375.0
2025Q3,091-2,Helsinki 2,Studio,Free-market,rent_new_eur_m2,27.03
2025Q3,091-2,Helsinki 2,Studio,Free-market,n_rent_new,1900.0
2025Q4,091-2,Helsinki 2,Studio,Free-market,index_2025,100.1
2025Q4,091-2,Helsinki 2,Studio,Free-market,index_qoq_pct,0.2
2025Q4,091-2,Helsinki 2,Studio,Free-market,index_yoy_pct,
2025Q4,091-2,Helsinki 2,Studio,Free-market,rent_eur_m2,26.88
2025Q4,091-2,Helsinki 2,Studio,Free-market,n_rent,9792.0
2025Q4,091-2,Helsinki 2,Studio,Free-market,rent_new_eur_m2,26.5
2025Q4,091-2,Helsinki 2,Studio,Free-market,n_rent_new,1493.0
2026Q1,091-2,Helsinki 2,Studio,Free-market,index_2025,100.0
2026Q1,091-2,Helsinki 2,Studio,Free-market,index_qoq_pct,-0.1
2026Q1,091-2,Helsinki 2,Studio,Free-market,index_yoy_pct,0.0
2026Q1,091-2,Helsinki 2,Studio,Free-market,rent_eur_m2,26.82
2026Q1,091-2,Helsinki 2,Studio,Free-market,n_rent,9895.0
2026Q1,091-2,Helsinki 2,Studio,Free-market,rent_new_eur_m2,26.26
2026Q1,091-2,Helsinki 2,Studio,Free-market,n_rent_new,1785.0
2026Q2,091-2,Helsinki 2,Studio,Free-market,index_2025,99.8
2026Q2,091-2,Helsinki 2,Studio,Free-market,index_qoq_pct,-0.2
2026Q2,091-2,Helsinki 2,Studio,Free-market,index_yoy_pct,-0.2
2026Q2,091-2,Helsinki 2,Studio,Free-market,rent_eur_m2,26.73
2026Q2,091-2,Helsinki 2,Studio,Free-market,n_rent,10062.0
2026Q2,091-2,Helsinki 2,Studio,Free-market,rent_new_eur_m2,26.33
2026Q2,091-2,Helsinki 2,Studio,Free-market,n_rent_new,2092.0
2025Q1,091-3,Helsinki 3,Studio,Free-market,index_2025,100.1
2025Q1,091-3,Helsinki 3,Studio,Free-market,index_qoq_pct,
2025Q1,091-3,Helsinki 3,Studio,Free-market,index_yoy_pct,
2025Q1,091-3,Helsinki 3,Studio,Free-market,rent_eur_m2,26.07
2025Q1,091-3,Helsinki 3,Studio,Free-market,n_rent,2087.0
2025Q1,091-3,Helsinki 3,Studio,Free-market,rent_new_eur_m2,25.25
2025Q1,091-3,Helsinki 3,Studio,Free-market,n_rent_new,359.0
2025Q2,091-3,Helsinki 3,Studio,Free-market,index_2025,100.0
2025Q2,091-3,Helsinki 3,Studio,Free-market,index_qoq_pct,-0.1
2025Q2,091-3,Helsinki 3,Studio,Free-market,index_yoy_pct,
2025Q2,091-3,Helsinki 3,Studio,Free-market,rent_eur_m2,26.09
2025Q2,091-3,Helsinki 3,Studio,Free-market,n_rent,2096.0
2025Q2,091-3,Helsinki 3,Studio,Free-market,rent_new_eur_m2,25.36
2025Q2,091-3,Helsinki 3,Studio,Free-market,n_rent_new,353.0
2025Q3,091-3,Helsinki 3,Studio,Free-market,index_2025,99.9
2025Q3,091-3,Helsinki 3,Studio,Free-market,index_qoq_pct,-0.1
2025Q3,091-3,Helsinki 3,Studio,Free-market,index_yoy_pct,
2025Q3,091-3,Helsinki 3,Studio,Free-market,rent_eur_m2,26.1
2025Q3,091-3,Helsinki 3,Studio,Free-market,n_rent,2076.0
2025Q3,091-3,Helsinki 3,Studio,Free-market,rent_new_eur_m2,25.35
2025Q3,091-3,Helsinki 3,Studio,Free-market,n_rent_new,402.0
2025Q4,091-3,Helsinki 3,Studio,Free-market,index_2025,99.9
2025Q4,091-3,Helsinki 3,Studio,Free-market,index_qoq_pct,0.0
2025Q4,091-3,Helsinki 3,Studio,Free-market,index_yoy_pct,
2025Q4,091-3,Helsinki 3,Studio,Free-market,rent_eur_m2,26.02
2025Q4,091-3,Helsinki 3,Studio,Free-market,n_rent,2070.0
2025Q4,091-3,Helsinki 3,Studio,Free-market,rent_new_eur_m2,25.1
2025Q4,091-3,Helsinki 3,Studio,Free-market,n_rent_new,295.0
2026Q1,091-3,Helsinki 3,Studio,Free-market,index_2025,100.0
2026Q1,091-3,Helsinki 3,Studio,Free-market,index_qoq_pct,0.1
2026Q1,091-3,Helsinki 3,Studio,Free-market,index_yoy_pct,-0.1
2026Q1,091-3,Helsinki 3,Studio,Free-market,rent_eur_m2,26.09
2026Q1,091-3,Helsinki 3,Studio,Free-market,n_rent,2138.0
2026Q1,091-3,Helsinki 3,Studio,Free-market,rent_new_eur_m2,25.14
2026Q1,091-3,Helsinki 3,Studio,Free-market,n_rent_new,401.0
2026Q2,091-3,Helsinki 3,Studio,Free-market,index_2025,99.9
2026Q2,091-3,Helsinki 3,Studio,Free-market,index_qoq_pct,-0.1
2026Q2,091-3,Helsinki 3,Studio,Free-market,index_yoy_pct,-0.1
2026Q2,091-3,Helsinki 3,Studio,Free-market,rent_eur_m2,26.27
2026Q2,091-3,Helsinki 3,Studio,Free-market,n_rent,2357.0
2026Q2,091-3,Helsinki 3,Studio,Free-market,rent_new_eur_m2,26.23
2026Q2,091-3,Helsinki 3,Studio,Free-market,n_rent_new,585.0
2025Q1,091-4,Helsinki 4,Studio,Free-market,index_2025,100.4
2025Q1,091-4,Helsinki 4,Studio,Free-market,index_qoq_pct,
2025Q1,091-4,Helsinki 4,Studio,Free-market,index_yoy_pct,
2025Q1,091-4,Helsinki 4,Studio,Free-market,rent_eur_m2,24.12
2025Q1,091-4,Helsinki 4,Studio,Free-market,n_rent,3493.0
2025Q1,091-4,Helsinki 4,Studio,Free-market,rent_new_eur_m2,23.4
2025Q1,091-4,Helsinki 4,Studio,Free-market,n_rent_new,500.0
2025Q2,091-4,Helsinki 4,Studio,Free-market,index_2025,100.1
2025Q2,091-4,Helsinki 4,Studio,Free-market,index_qoq_pct,-0.3
2025Q2,091-4,Helsinki 4,Studio,Free-market,index_yoy_pct,
2025Q2,091-4,Helsinki 4,Studio,Free-market,rent_eur_m2,24.05
2025Q2,091-4,Helsinki 4,Studio,Free-market,n_rent,3442.0
2025Q2,091-4,Helsinki 4,Studio,Free-market,rent_new_eur_m2,23.39
2025Q2,091-4,Helsinki 4,Studio,Free-market,n_rent_new,440.0
2025Q3,091-4,Helsinki 4,Studio,Free-market,index_2025,99.9
2025Q3,091-4,Helsinki 4,Studio,Free-market,index_qoq_pct,-0.2
2025Q3,091-4,Helsinki 4,Studio,Free-market,index_yoy_pct,
2025Q3,091-4,Helsinki 4,Studio,Free-market,rent_eur_m2,24.0
2025Q3,091-4,Helsinki 4,Studio,Free-market,n_rent,3454.0
2025Q3,091-4,Helsinki 4,Studio,Free-market,rent_new_eur_m2,23.17
2025Q3,091-4,Helsinki 4,Studio,Free-market,n_rent_new,518.0
2025Q4,091-4,Helsinki 4,Studio,Free-market,index_2025,99.7
2025Q4,091-4,Helsinki 4,Studio,Free-market,index_qoq_pct,-0.2
2025Q4,091-4,Helsinki 4,Studio,Free-market,index_yoy_pct,
2025Q4,091-4,Helsinki 4,Studio,Free-market,rent_eur_m2,23.91
2025Q4,091-4,Helsinki 4,Studio,Free-market,n_rent,3464.0
2025Q4,091-4,Helsinki 4,Studio,Free-market,rent_new_eur_m2,22.94
2025Q4,091-4,Helsinki 4,Studio,Free-market,n_rent_new,408.0
2026Q1,091-4,Helsinki 4,Studio,Free-market,index_2025,99.6
2026Q1,091-4,Helsinki 4,Studio,Free-market,index_qoq_pct,-0.1
2026Q1,091-4,Helsinki 4,Studio,Free-market,index_yoy_pct,-0.8
2026Q1,091-4,Helsinki 4,Studio,Free-market,rent_eur_m2,23.88
2026Q1,091-4,Helsinki 4,Studio,Free-market,n_rent,3448.0
2026Q1,091-4,Helsinki 4,Studio,Free-market,rent_new_eur_m2,22.73
2026Q1,091-4,Helsinki 4,Studio,Free-market,n_rent_new,430.0
2026Q2,091-4,Helsinki 4,Studio,Free-market,index_2025,99.4
2026Q2,091-4,Helsinki 4,Studio,Free-market,index_qoq_pct,-0.2
2026Q2,091-4,Helsinki 4,Studio,Free-market,index_yoy_pct,-0.6
2026Q2,091-4,Helsinki 4,Studio,Free-market,rent_eur_m2,23.86
2026Q2,091-4,Helsinki 4,Studio,Free-market,n_rent,3446.0
2026Q2,091-4,Helsinki 4,Studio,Free-market,rent_new_eur_m2,22.84
2026Q2,091-4,Helsinki 4,Studio,Free-market,n_rent_new,455.0
2025Q1,049,Espoo-Kauniainen,Studio,Free-market,index_2025,100.1
2025Q1,049,Espoo-Kauniainen,Studio,Free-market,index_qoq_pct,
2025Q1,049,Espoo-Kauniainen,Studio,Free-market,index_yoy_pct,
2025Q1,049,Espoo-Kauniainen,Studio,Free-market,rent_eur_m2,23.79
2025Q1,049,Espoo-Kauniainen,Studio,Free-market,n_rent,5475.0
2025Q1,049,Espoo-Kauniainen,Studio,Free-market,rent_new_eur_m2,23.47
2025Q1,049,Espoo-Kauniainen,Studio,Free-market,n_rent_new,995.0
2025Q2,049,Espoo-Kauniainen,Studio,Free-market,index_2025,100.0
2025Q2,049,Espoo-Kauniainen,Studio,Free-market,index_qoq_pct,-0.2
2025Q2,049,Espoo-Kauniainen,Studio,Free-market,index_yoy_pct,
2025Q2,049,Espoo-Kauniainen,Studio,Free-market,rent_eur_m2,23.74
2025Q2,049,Espoo-Kauniainen,Studio,Free-market,n_rent,5372.0
2025Q2,049,Espoo-Kauniainen,Studio,Free-market,rent_new_eur_m2,23.6
2025Q2,049,Espoo-Kauniainen,Studio,Free-market,n_rent_new,868.0
2025Q3,049,Espoo-Kauniainen,Studio,Free-market,index_2025,99.9
2025Q3,049,Espoo-Kauniainen,Studio,Free-market,index_qoq_pct,-0.1
2025Q3,049,Espoo-Kauniainen,Studio,Free-market,index_yoy_pct,
2025Q3,049,Espoo-Kauniainen,Studio,Free-market,rent_eur_m2,23.74
2025Q3,049,Espoo-Kauniainen,Studio,Free-market,n_rent,5423.0
2025Q3,049,Espoo-Kauniainen,Studio,Free-market,rent_new_eur_m2,23.67
2025Q3,049,Espoo-Kauniainen,Studio,Free-market,n_rent_new,1092.0
2025Q4,049,Espoo-Kauniainen,Studio,Free-market,index_2025,100.0
2025Q4,049,Espoo-Kauniainen,Studio,Free-market,index_qoq_pct,0.1
2025Q4,049,Espoo-Kauniainen,Studio,Free-market,index_yoy_pct,
2025Q4,049,Espoo-Kauniainen,Studio,Free-market,rent_eur_m2,23.74
2025Q4,049,Espoo-Kauniainen,Studio,Free-market,n_rent,5316.0
2025Q4,049,Espoo-Kauniainen,Studio,Free-market,rent_new_eur_m2,23.31
2025Q4,049,Espoo-Kauniainen,Studio,Free-market,n_rent_new,796.0
2026Q1,049,Espoo-Kauniainen,Studio,Free-market,index_2025,100.1
2026Q1,049,Espoo-Kauniainen,Studio,Free-market,index_qoq_pct,0.1
2026Q1,049,Espoo-Kauniainen,Studio,Free-market,index_yoy_pct,-0.1
2026Q1,049,Espoo-Kauniainen,Studio,Free-market,rent_eur_m2,23.73
2026Q1,049,Espoo-Kauniainen,Studio,Free-market,n_rent,5455.0
2026Q1,049,Espoo-Kauniainen,Studio,Free-market,rent_new_eur_m2,23.15
2026Q1,049,Espoo-Kauniainen,Studio,Free-market,n_rent_new,963.0
2026Q2,049,Espoo-Kauniainen,Studio,Free-market,index_2025,100.0
2026Q2,049,Espoo-Kauniainen,Studio,Free-market,index_qoq_pct,-0.1
2026Q2,049,Espoo-Kauniainen,Studio,Free-market,index_yoy_pct,0.0
2026Q2,049,Espoo-Kauniainen,Studio,Free-market,rent_eur_m2,23.77
2026Q2,049,Espoo-Kauniainen,Studio,Free-market,n_rent,5599.0
2026Q2,049,Espoo-Kauniainen,Studio,Free-market,rent_new_eur_m2,23.53
2026Q2,049,Espoo-Kauniainen,Studio,Free-market,n_rent_new,1186.0
2025Q1,049-1,Espoo-Kauniainen 1,Studio,Free-market,index_2025,100.2
2025Q1,049-1,Espoo-Kauniainen 1,Studio,Free-market,index_qoq_pct,
2025Q1,049-1,Espoo-Kauniainen 1,Studio,Free-market,index_yoy_pct,
2025Q1,049-1,Espoo-Kauniainen 1,Studio,Free-market,rent_eur_m2,25.0
2025Q1,049-1,Espoo-Kauniainen 1,Studio,Free-market,n_rent,2728.0
2025Q1,049-1,Espoo-Kauniainen 1,Studio,Free-market,rent_new_eur_m2,24.6
2025Q1,049-1,Espoo-Kauniainen 1,Studio,Free-market,n_rent_new,474.0
2025Q2,049-1,Espoo-Kauniainen 1,Studio,Free-market,index_2025,100.0
2025Q2,049-1,Espoo-Kauniainen 1,Studio,Free-market,index_qoq_pct,-0.2
2025Q2,049-1,Espoo-Kauniainen 1,Studio,Free-market,index_yoy_pct,
2025Q2,049-1,Espoo-Kauniainen 1,Studio,Free-market,rent_eur_m2,24.98
2025Q2,049-1,Espoo-Kauniainen 1,Studio,Free-market,n_rent,2675.0
2025Q2,049-1,Espoo-Kauniainen 1,Studio,Free-market,rent_new_eur_m2,24.68
2025Q2,049-1,Espoo-Kauniainen 1,Studio,Free-market,n_rent_new,446.0
2025Q3,049-1,Espoo-Kauniainen 1,Studio,Free-market,index_2025,99.9
2025Q3,049-1,Espoo-Kauniainen 1,Studio,Free-market,index_qoq_pct,-0.1
2025Q3,049-1,Espoo-Kauniainen 1,Studio,Free-market,index_yoy_pct,
2025Q3,049-1,Espoo-Kauniainen 1,Studio,Free-market,rent_eur_m2,24.97
2025Q3,049-1,Espoo-Kauniainen 1,Studio,Free-market,n_rent,2667.0
2025Q3,049-1,Espoo-Kauniainen 1,Studio,Free-market,rent_new_eur_m2,24.62
2025Q3,049-1,Espoo-Kauniainen 1,Studio,Free-market,n_rent_new,568.0
2025Q4,049-1,Espoo-Kauniainen 1,Studio,Free-market,index_2025,99.9
2025Q4,049-1,Espoo-Kauniainen 1,Studio,Free-market,index_qoq_pct,0.1
2025Q4,049-1,Espoo-Kauniainen 1,Studio,Free-market,index_yoy_pct,
2025Q4,049-1,Espoo-Kauniainen 1,Studio,Free-market,rent_eur_m2,24.98
2025Q4,049-1,Espoo-Kauniainen 1,Studio,Free-market,n_rent,2613.0
2025Q4,049-1,Espoo-Kauniainen 1,Studio,Free-market,rent_new_eur_m2,24.38
2025Q4,049-1,Espoo-Kauniainen 1,Studio,Free-market,n_rent_new,380.0
2026Q1,049-1,Espoo-Kauniainen 1,Studio,Free-market,index_2025,99.9
2026Q1,049-1,Espoo-Kauniainen 1,Studio,Free-market,index_qoq_pct,0.0
2026Q1,049-1,Espoo-Kauniainen 1,Studio,Free-market,index_yoy_pct,-0.2
2026Q1,049-1,Espoo-Kauniainen 1,Studio,Free-market,rent_eur_m2,24.96
2026Q1,049-1,Espoo-Kauniainen 1,Studio,Free-market,n_rent,2719.0
2026Q1,049-1,Espoo-Kauniainen 1,Studio,Free-market,rent_new_eur_m2,24.46
2026Q1,049-1,Espoo-Kauniainen 1,Studio,Free-market,n_rent_new,501.0
2026Q2,049-1,Espoo-Kauniainen 1,Studio,Free-market,index_2025,99.9
2026Q2,049-1,Espoo-Kauniainen 1,Studio,Free-market,index_qoq_pct,-0.1
2026Q2,049-1,Espoo-Kauniainen 1,Studio,Free-market,index_yoy_pct,-0.1
2026Q2,049-1,Espoo-Kauniainen 1,Studio,Free-market,rent_eur_m2,25.02
2026Q2,049-1,Espoo-Kauniainen 1,Studio,Free-market,n_rent,2841.0
2026Q2,049-1,Espoo-Kauniainen 1,Studio,Free-market,rent_new_eur_m2,24.86
2026Q2,049-1,Espoo-Kauniainen 1,Studio,Free-market,n_rent_new,665.0
2025Q1,049-2,Espoo-Kauniainen 2,Studio,Free-market,index_2025,100.2
2025Q1,049-2,Espoo-Kauniainen 2,Studio,Free-market,index_qoq_pct,
2025Q1,049-2,Espoo-Kauniainen 2,Studio,Free-market,index_yoy_pct,
2025Q1,049-2,Espoo-Kauniainen 2,Studio,Free-market,rent_eur_m2,23.27
2025Q1,049-2,Espoo-Kauniainen 2,Studio,Free-market,n_rent,1217.0
2025Q1,049-2,Espoo-Kauniainen 2,Studio,Free-market,rent_new_eur_m2,23.09
2025Q1,049-2,Espoo-Kauniainen 2,Studio,Free-market,n_rent_new,234.0
2025Q2,049-2,Espoo-Kauniainen 2,Studio,Free-market,index_2025,99.9
2025Q2,049-2,Espoo-Kauniainen 2,Studio,Free-market,index_qoq_pct,-0.3
2025Q2,049-2,Espoo-Kauniainen 2,Studio,Free-market,index_yoy_pct,
2025Q2,049-2,Espoo-Kauniainen 2,Studio,Free-market,rent_eur_m2,23.19
2025Q2,049-2,Espoo-Kauniainen 2,Studio,Free-market,n_rent,1213.0
2025Q2,049-2,Espoo-Kauniainen 2,Studio,Free-market,rent_new_eur_m2,23.21
2025Q2,049-2,Espoo-Kauniainen 2,Studio,Free-market,n_rent_new,204.0
2025Q3,049-2,Espoo-Kauniainen 2,Studio,Free-market,index_2025,99.9
2025Q3,049-2,Espoo-Kauniainen 2,Studio,Free-market,index_qoq_pct,0.0
2025Q3,049-2,Espoo-Kauniainen 2,Studio,Free-market,index_yoy_pct,
2025Q3,049-2,Espoo-Kauniainen 2,Studio,Free-market,rent_eur_m2,23.18
2025Q3,049-2,Espoo-Kauniainen 2,Studio,Free-market,n_rent,1251.0
2025Q3,049-2,Espoo-Kauniainen 2,Studio,Free-market,rent_new_eur_m2,23.42
2025Q3,049-2,Espoo-Kauniainen 2,Studio,Free-market,n_rent_new,266.0
2025Q4,049-2,Espoo-Kauniainen 2,Studio,Free-market,index_2025,100.1
2025Q4,049-2,Espoo-Kauniainen 2,Studio,Free-market,index_qoq_pct,0.2
2025Q4,049-2,Espoo-Kauniainen 2,Studio,Free-market,index_yoy_pct,
2025Q4,049-2,Espoo-Kauniainen 2,Studio,Free-market,rent_eur_m2,23.22
2025Q4,049-2,Espoo-Kauniainen 2,Studio,Free-market,n_rent,1208.0
2025Q4,049-2,Espoo-Kauniainen 2,Studio,Free-market,rent_new_eur_m2,23.27
2025Q4,049-2,Espoo-Kauniainen 2,Studio,Free-market,n_rent_new,194.0
2026Q1,049-2,Espoo-Kauniainen 2,Studio,Free-market,index_2025,100.3
2026Q1,049-2,Espoo-Kauniainen 2,Studio,Free-market,index_qoq_pct,0.2
2026Q1,049-2,Espoo-Kauniainen 2,Studio,Free-market,index_yoy_pct,0.1
2026Q1,049-2,Espoo-Kauniainen 2,Studio,Free-market,rent_eur_m2,23.27
2026Q1,049-2,Espoo-Kauniainen 2,Studio,Free-market,n_rent,1214.0
2026Q1,049-2,Espoo-Kauniainen 2,Studio,Free-market,rent_new_eur_m2,22.84
2026Q1,049-2,Espoo-Kauniainen 2,Studio,Free-market,n_rent_new,206.0
2026Q2,049-2,Espoo-Kauniainen 2,Studio,Free-market,index_2025,100.3
2026Q2,049-2,Espoo-Kauniainen 2,Studio,Free-market,index_qoq_pct,0.0
2026Q2,049-2,Espoo-Kauniainen 2,Studio,Free-market,index_yoy_pct,0.4
2026Q2,049-2,Espoo-Kauniainen 2,Studio,Free-market,rent_eur_m2,23.26
2026Q2,049-2,Espoo-Kauniainen 2,Studio,Free-market,n_rent,1243.0
2026Q2,049-2,Espoo-Kauniainen 2,Studio,Free-market,rent_new_eur_m2,22.83
2026Q2,049-2,Espoo-Kauniainen 2,Studio,Free-market,n_rent_new,253.0
2025Q1,049-3,Espoo-Kauniainen 3,Studio,Free-market,index_2025,100.1
2025Q1,049-3,Espoo-Kauniainen 3,Studio,Free-market,index_qoq_pct,
2025Q1,049-3,Espoo-Kauniainen 3,Studio,Free-market,index_yoy_pct,
2025Q1,049-3,Espoo-Kauniainen 3,Studio,Free-market,rent_eur_m2,22.28
2025Q1,049-3,Espoo-Kauniainen 3,Studio,Free-market,n_rent,1530.0
2025Q1,049-3,Espoo-Kauniainen 3,Studio,Free-market,rent_new_eur_m2,21.92
2025Q1,049-3,Espoo-Kauniainen 3,Studio,Free-market,n_rent_new,287.0
2025Q2,049-3,Espoo-Kauniainen 3,Studio,Free-market,index_2025,100.0
2025Q2,049-3,Espoo-Kauniainen 3,Studio,Free-market,index_qoq_pct,-0.1
2025Q2,049-3,Espoo-Kauniainen 3,Studio,Free-market,index_yoy_pct,
2025Q2,049-3,Espoo-Kauniainen 3,Studio,Free-market,rent_eur_m2,22.25
2025Q2,049-3,Espoo-Kauniainen 3,Studio,Free-market,n_rent,1484.0
2025Q2,049-3,Espoo-Kauniainen 3,Studio,Free-market,rent_new_eur_m2,21.79
2025Q2,049-3,Espoo-Kauniainen 3,Studio,Free-market,n_rent_new,218.0
2025Q3,049-3,Espoo-Kauniainen 3,Studio,Free-market,index_2025,100.0
2025Q3,049-3,Espoo-Kauniainen 3,Studio,Free-market,index_qoq_pct,0.0
2025Q3,049-3,Espoo-Kauniainen 3,Studio,Free-market,index_yoy_pct,
2025Q3,049-3,Espoo-Kauniainen 3,Studio,Free-market,rent_eur_m2,22.31
2025Q3,049-3,Espoo-Kauniainen 3,Studio,Free-market,n_rent,1505.0
2025Q3,049-3,Espoo-Kauniainen 3,Studio,Free-market,rent_new_eur_m2,21.79
2025Q3,049-3,Espoo-Kauniainen 3,Studio,Free-market,n_rent_new,258.0
2025Q4,049-3,Espoo-Kauniainen 3,Studio,Free-market,index_2025,100.0
2025Q4,049-3,Espoo-Kauniainen 3,Studio,Free-market,index_qoq_pct,0.0
2025Q4,049-3,Espoo-Kauniainen 3,Studio,Free-market,index_yoy_pct,
2025Q4,049-3,Espoo-Kauniainen 3,Studio,Free-market,rent_eur_m2,22.23
2025Q4,049-3,Espoo-Kauniainen 3,Studio,Free-market,n_rent,1495.0
2025Q4,049-3,Espoo-Kauniainen 3,Studio,Free-market,rent_new_eur_m2,21.54
2025Q4,049-3,Espoo-Kauniainen 3,Studio,Free-market,n_rent_new,222.0
2026Q1,049-3,Espoo-Kauniainen 3,Studio,Free-market,index_2025,100.1
2026Q1,049-3,Espoo-Kauniainen 3,Studio,Free-market,index_qoq_pct,0.1
2026Q1,049-3,Espoo-Kauniainen 3,Studio,Free-market,index_yoy_pct,0.0
2026Q1,049-3,Espoo-Kauniainen 3,Studio,Free-market,rent_eur_m2,22.21
2026Q1,049-3,Espoo-Kauniainen 3,Studio,Free-market,n_rent,1522.0
2026Q1,049-3,Espoo-Kauniainen 3,Studio,Free-market,rent_new_eur_m2,20.87
2026Q1,049-3,Espoo-Kauniainen 3,Studio,Free-market,n_rent_new,256.0
2026Q2,049-3,Espoo-Kauniainen 3,Studio,Free-market,index_2025,100.0
2026Q2,049-3,Espoo-Kauniainen 3,Studio,Free-market,index_qoq_pct,-0.1
2026Q2,049-3,Espoo-Kauniainen 3,Studio,Free-market,index_yoy_pct,0.0
2026Q2,049-3,Espoo-Kauniainen 3,Studio,Free-market,rent_eur_m2,22.16
2026Q2,049-3,Espoo-Kauniainen 3,Studio,Free-market,n_rent,1515.0
2026Q2,049-3,Espoo-Kauniainen 3,Studio,Free-market,rent_new_eur_m2,21.0
2026Q2,049-3,Espoo-Kauniainen 3,Studio,Free-market,n_rent_new,268.0
2025Q1,092,Vantaa,Studio,Free-market,index_2025,100.2
2025Q1,092,Vantaa,Studio,Free-market,index_qoq_pct,
2025Q1,092,Vantaa,Studio,Free-market,index_yoy_pct,
2025Q1,092,Vantaa,Studio,Free-market,rent_eur_m2,23.2
2025Q1,092,Vantaa,Studio,Free-market,n_rent,4919.0
2025Q1,092,Vantaa,Studio,Free-market,rent_new_eur_m2,22.59
2025Q1,092,Vantaa,Studio,Free-market,n_rent_new,1030.0
2025Q2,092,Vantaa,Studio,Free-market,index_2025,100.1
2025Q2,092,Vantaa,Studio,Free-market,index_qoq_pct,-0.1
2025Q2,092,Vantaa,Studio,Free-market,index_yoy_pct,
2025Q2,092,Vantaa,Studio,Free-market,rent_eur_m2,23.17
2025Q2,092,Vantaa,Studio,Free-market,n_rent,4972.0
2025Q2,092,Vantaa,Studio,Free-market,rent_new_eur_m2,22.68
2025Q2,092,Vantaa,Studio,Free-market,n_rent_new,1066.0
2025Q3,092,Vantaa,Studio,Free-market,index_2025,99.9
2025Q3,092,Vantaa,Studio,Free-market,index_qoq_pct,-0.2
2025Q3,092,Vantaa,Studio,Free-market,index_yoy_pct,
2025Q3,092,Vantaa,Studio,Free-market,rent_eur_m2,23.17
2025Q3,092,Vantaa,Studio,Free-market,n_rent,5105.0
2025Q3,092,Vantaa,Studio,Free-market,rent_new_eur_m2,23.03
2025Q3,092,Vantaa,Studio,Free-market,n_rent_new,1212.0
2025Q4,092,Vantaa,Studio,Free-market,index_2025,99.8
2025Q4,092,Vantaa,Studio,Free-market,index_qoq_pct,-0.1
2025Q4,092,Vantaa,Studio,Free-market,index_yoy_pct,
2025Q4,092,Vantaa,Studio,Free-market,rent_eur_m2,23.1
2025Q4,092,Vantaa,Studio,Free-market,n_rent,5049.0
2025Q4,092,Vantaa,Studio,Free-market,rent_new_eur_m2,22.59
2025Q4,092,Vantaa,Studio,Free-market,n_rent_new,990.0
2026Q1,092,Vantaa,Studio,Free-market,index_2025,99.7
2026Q1,092,Vantaa,Studio,Free-market,index_qoq_pct,-0.1
2026Q1,092,Vantaa,Studio,Free-market,index_yoy_pct,-0.5
2026Q1,092,Vantaa,Studio,Free-market,rent_eur_m2,23.07
2026Q1,092,Vantaa,Studio,Free-market,n_rent,5081.0
2026Q1,092,Vantaa,Studio,Free-market,rent_new_eur_m2,22.06
2026Q1,092,Vantaa,Studio,Free-market,n_rent_new,1093.0
2026Q2,092,Vantaa,Studio,Free-market,index_2025,99.5
2026Q2,092,Vantaa,Studio,Free-market,index_qoq_pct,-0.2
2026Q2,092,Vantaa,Studio,Free-market,index_yoy_pct,-0.6
2026Q2,092,Vantaa,Studio,Free-market,rent_eur_m2,23.03
2026Q2,092,Vantaa,Studio,Free-market,n_rent,5352.0
2026Q2,092,Vantaa,Studio,Free-market,rent_new_eur_m2,22.61
2026Q2,092,Vantaa,Studio,Free-market,n_rent_new,1321.0
2025Q1,092-1,Vantaa 1,Studio,Free-market,index_2025,100.0
2025Q1,092-1,Vantaa 1,Studio,Free-market,index_qoq_pct,
2025Q1,092-1,Vantaa 1,Studio,Free-market,index_yoy_pct,
2025Q1,092-1,Vantaa 1,Studio,Free-market,rent_eur_m2,23.8
2025Q1,092-1,Vantaa 1,Studio,Free-market,n_rent,1305.0
2025Q1,092-1,Vantaa 1,Studio,Free-market,rent_new_eur_m2,23.47
2025Q1,092-1,Vantaa 1,Studio,Free-market,n_rent_new,337.0
2025Q2,092-1,Vantaa 1,Studio,Free-market,index_2025,100.2
2025Q2,092-1,Vantaa 1,Studio,Free-market,index_qoq_pct,0.2
2025Q2,092-1,Vantaa 1,Studio,Free-market,index_yoy_pct,
2025Q2,092-1,Vantaa 1,Studio,Free-market,rent_eur_m2,23.85
2025Q2,092-1,Vantaa 1,Studio,Free-market,n_rent,1373.0
2025Q2,092-1,Vantaa 1,Studio,Free-market,rent_new_eur_m2,23.83
2025Q2,092-1,Vantaa 1,Studio,Free-market,n_rent_new,403.0
2025Q3,092-1,Vantaa 1,Studio,Free-market,index_2025,100.0
2025Q3,092-1,Vantaa 1,Studio,Free-market,index_qoq_pct,-0.2
2025Q3,092-1,Vantaa 1,Studio,Free-market,index_yoy_pct,
2025Q3,092-1,Vantaa 1,Studio,Free-market,rent_eur_m2,23.86
2025Q3,092-1,Vantaa 1,Studio,Free-market,n_rent,1444.0
2025Q3,092-1,Vantaa 1,Studio,Free-market,rent_new_eur_m2,23.79
2025Q3,092-1,Vantaa 1,Studio,Free-market,n_rent_new,425.0
2025Q4,092-1,Vantaa 1,Studio,Free-market,index_2025,99.9
2025Q4,092-1,Vantaa 1,Studio,Free-market,index_qoq_pct,-0.1
2025Q4,092-1,Vantaa 1,Studio,Free-market,index_yoy_pct,
2025Q4,092-1,Vantaa 1,Studio,Free-market,rent_eur_m2,23.81
2025Q4,092-1,Vantaa 1,Studio,Free-market,n_rent,1386.0
2025Q4,092-1,Vantaa 1,Studio,Free-market,rent_new_eur_m2,23.96
2025Q4,092-1,Vantaa 1,Studio,Free-market,n_rent_new,353.0
2026Q1,092-1,Vantaa 1,Studio,Free-market,index_2025,99.8
2026Q1,092-1,Vantaa 1,Studio,Free-market,index_qoq_pct,-0.1
2026Q1,092-1,Vantaa 1,Studio,Free-market,index_yoy_pct,-0.2
2026Q1,092-1,Vantaa 1,Studio,Free-market,rent_eur_m2,23.77
2026Q1,092-1,Vantaa 1,Studio,Free-market,n_rent,1418.0
2026Q1,092-1,Vantaa 1,Studio,Free-market,rent_new_eur_m2,23.11
2026Q1,092-1,Vantaa 1,Studio,Free-market,n_rent_new,390.0
2026Q2,092-1,Vantaa 1,Studio,Free-market,index_2025,99.6
2026Q2,092-1,Vantaa 1,Studio,Free-market,index_qoq_pct,-0.2
2026Q2,092-1,Vantaa 1,Studio,Free-market,index_yoy_pct,-0.6
2026Q2,092-1,Vantaa 1,Studio,Free-market,rent_eur_m2,23.58
2026Q2,092-1,Vantaa 1,Studio,Free-market,n_rent,1694.0
2026Q2,092-1,Vantaa 1,Studio,Free-market,rent_new_eur_m2,23.4
2026Q2,092-1,Vantaa 1,Studio,Free-market,n_rent_new,623.0
2025Q1,092-2,Vantaa 2,Studio,Free-market,index_2025,100.6
2025Q1,092-2,Vantaa 2,Studio,Free-market,index_qoq_pct,
2025Q1,092-2,Vantaa 2,Studio,Free-market,index_yoy_pct,
2025Q1,092-2,Vantaa 2,Studio,Free-market,rent_eur_m2,23.33
2025Q1,092-2,Vantaa 2,Studio,Free-market,n_rent,1048.0
2025Q1,092-2,Vantaa 2,Studio,Free-market,rent_new_eur_m2,22.52
2025Q1,092-2,Vantaa 2,Studio,Free-market,n_rent_new,219.0
2025Q2,092-2,Vantaa 2,Studio,Free-market,index_2025,100.1
2025Q2,092-2,Vantaa 2,Studio,Free-market,index_qoq_pct,-0.5
2025Q2,092-2,Vantaa 2,Studio,Free-market,index_yoy_pct,
2025Q2,092-2,Vantaa 2,Studio,Free-market,rent_eur_m2,23.3
2025Q2,092-2,Vantaa 2,Studio,Free-market,n_rent,1054.0
2025Q2,092-2,Vantaa 2,Studio,Free-market,rent_new_eur_m2,23.11
2025Q2,092-2,Vantaa 2,Studio,Free-market,n_rent_new,240.0
2025Q3,092-2,Vantaa 2,Studio,Free-market,index_2025,99.8
2025Q3,092-2,Vantaa 2,Studio,Free-market,index_qoq_pct,-0.3
2025Q3,092-2,Vantaa 2,Studio,Free-market,index_yoy_pct,
2025Q3,092-2,Vantaa 2,Studio,Free-market,rent_eur_m2,23.22
2025Q3,092-2,Vantaa 2,Studio,Free-market,n_rent,1082.0
2025Q3,092-2,Vantaa 2,Studio,Free-market,rent_new_eur_m2,23.34
2025Q3,092-2,Vantaa 2,Studio,Free-market,n_rent_new,263.0
2025Q4,092-2,Vantaa 2,Studio,Free-market,index_2025,99.6
2025Q4,092-2,Vantaa 2,Studio,Free-market,index_qoq_pct,-0.2
2025Q4,092-2,Vantaa 2,Studio,Free-market,index_yoy_pct,
2025Q4,092-2,Vantaa 2,Studio,Free-market,rent_eur_m2,23.1
2025Q4,092-2,Vantaa 2,Studio,Free-market,n_rent,1062.0
2025Q4,092-2,Vantaa 2,Studio,Free-market,rent_new_eur_m2,22.5
2025Q4,092-2,Vantaa 2,Studio,Free-market,n_rent_new,227.0
2026Q1,092-2,Vantaa 2,Studio,Free-market,index_2025,99.4
2026Q1,092-2,Vantaa 2,Studio,Free-market,index_qoq_pct,-0.2
2026Q1,092-2,Vantaa 2,Studio,Free-market,index_yoy_pct,-1.2
2026Q1,092-2,Vantaa 2,Studio,Free-market,rent_eur_m2,22.99
2026Q1,092-2,Vantaa 2,Studio,Free-market,n_rent,1047.0
2026Q1,092-2,Vantaa 2,Studio,Free-market,rent_new_eur_m2,21.93
2026Q1,092-2,Vantaa 2,Studio,Free-market,n_rent_new,227.0
2026Q2,092-2,Vantaa 2,Studio,Free-market,index_2025,99.1
2026Q2,092-2,Vantaa 2,Studio,Free-market,index_qoq_pct,-0.3
2026Q2,092-2,Vantaa 2,Studio,Free-market,index_yoy_pct,-0.9
2026Q2,092-2,Vantaa 2,Studio,Free-market,rent_eur_m2,22.9
2026Q2,092-2,Vantaa 2,Studio,Free-market,n_rent,1025.0
2026Q2,092-2,Vantaa 2,Studio,Free-market,rent_new_eur_m2,22.37
2026Q2,092-2,Vantaa 2,Studio,Free-market,n_rent_new,213.0
2025Q1,092-3,Vantaa 3,Studio,Free-market,index_2025,100.3
2025Q1,092-3,Vantaa 3,Studio,Free-market,index_qoq_pct,
2025Q1,092-3,Vantaa 3,Studio,Free-market,index_yoy_pct,
2025Q1,092-3,Vantaa 3,Studio,Free-market,rent_eur_m2,22.66
2025Q1,092-3,Vantaa 3,Studio,Free-market,n_rent,2566.0
2025Q1,092-3,Vantaa 3,Studio,Free-market,rent_new_eur_m2,21.86
2025Q1,092-3,Vantaa 3,Studio,Free-market,n_rent_new,474.0
2025Q2,092-3,Vantaa 3,Studio,Free-market,index_2025,100.1
2025Q2,092-3,Vantaa 3,Studio,Free-market,index_qoq_pct,-0.1
2025Q2,092-3,Vantaa 3,Studio,Free-market,index_yoy_pct,
2025Q2,092-3,Vantaa 3,Studio,Free-market,rent_eur_m2,22.58
2025Q2,092-3,Vantaa 3,Studio,Free-market,n_rent,2545.0
2025Q2,092-3,Vantaa 3,Studio,Free-market,rent_new_eur_m2,21.25
2025Q2,092-3,Vantaa 3,Studio,Free-market,n_rent_new,423.0
2025Q3,092-3,Vantaa 3,Studio,Free-market,index_2025,99.8
2025Q3,092-3,Vantaa 3,Studio,Free-market,index_qoq_pct,-0.3
2025Q3,092-3,Vantaa 3,Studio,Free-market,index_yoy_pct,
2025Q3,092-3,Vantaa 3,Studio,Free-market,rent_eur_m2,22.55
2025Q3,092-3,Vantaa 3,Studio,Free-market,n_rent,2579.0
2025Q3,092-3,Vantaa 3,Studio,Free-market,rent_new_eur_m2,22.17
2025Q3,092-3,Vantaa 3,Studio,Free-market,n_rent_new,524.0
2025Q4,092-3,Vantaa 3,Studio,Free-market,index_2025,99.8
2025Q4,092-3,Vantaa 3,Studio,Free-market,index_qoq_pct,-0.1
2025Q4,092-3,Vantaa 3,Studio,Free-market,index_yoy_pct,
2025Q4,092-3,Vantaa 3,Studio,Free-market,rent_eur_m2,22.5
2025Q4,092-3,Vantaa 3,Studio,Free-market,n_rent,2601.0
2025Q4,092-3,Vantaa 3,Studio,Free-market,rent_new_eur_m2,21.28
2025Q4,092-3,Vantaa 3,Studio,Free-market,n_rent_new,410.0
2026Q1,092-3,Vantaa 3,Studio,Free-market,index_2025,99.7
2026Q1,092-3,Vantaa 3,Studio,Free-market,index_qoq_pct,0.0
2026Q1,092-3,Vantaa 3,Studio,Free-market,index_yoy_pct,-0.5
2026Q1,092-3,Vantaa 3,Studio,Free-market,rent_eur_m2,22.5
2026Q1,092-3,Vantaa 3,Studio,Free-market,n_rent,2616.0
2026Q1,092-3,Vantaa 3,Studio,Free-market,rent_new_eur_m2,21.12
2026Q1,092-3,Vantaa 3,Studio,Free-market,n_rent_new,476.0
2026Q2,092-3,Vantaa 3,Studio,Free-market,index_2025,99.6
2026Q2,092-3,Vantaa 3,Studio,Free-market,index_qoq_pct,-0.1
2026Q2,092-3,Vantaa 3,Studio,Free-market,index_yoy_pct,-0.5
2026Q2,092-3,Vantaa 3,Studio,Free-market,rent_eur_m2,22.45
2026Q2,092-3,Vantaa 3,Studio,Free-market,n_rent,2633.0
2026Q2,092-3,Vantaa 3,Studio,Free-market,rent_new_eur_m2,20.96
2026Q2,092-3,Vantaa 3,Studio,Free-market,n_rent_new,485.0
2025Q1,ksu,Koko maa,One-bedroom,Free-market,index_2025,100.1
2025Q1,ksu,Koko maa,One-bedroom,Free-market,index_qoq_pct,
2025Q1,ksu,Koko maa,One-bedroom,Free-market,index_yoy_pct,
2025Q1,ksu,Koko maa,One-bedroom,Free-market,rent_eur_m2,14.78
2025Q1,ksu,Koko maa,One-bedroom,Free-market,n_rent,91809.0
2025Q1,ksu,Koko maa,One-bedroom,Free-market,rent_new_eur_m2,16.16
2025Q1,ksu,Koko maa,One-bedroom,Free-market,n_rent_new,13400.0
2025Q2,ksu,Koko maa,One-bedroom,Free-market,index_2025,100.0
2025Q2,ksu,Koko maa,One-bedroom,Free-market,index_qoq_pct,-0.1
2025Q2,ksu,Koko maa,One-bedroom,Free-market,index_yoy_pct,
2025Q2,ksu,Koko maa,One-bedroom,Free-market,rent_eur_m2,14.75
2025Q2,ksu,Koko maa,One-bedroom,Free-market,n_rent,90148.0
2025Q2,ksu,Koko maa,One-bedroom,Free-market,rent_new_eur_m2,15.98
2025Q2,ksu,Koko maa,One-bedroom,Free-market,n_rent_new,12211.0
2025Q3,ksu,Koko maa,One-bedroom,Free-market,index_2025,99.9
2025Q3,ksu,Koko maa,One-bedroom,Free-market,index_qoq_pct,-0.1
2025Q3,ksu,Koko maa,One-bedroom,Free-market,index_yoy_pct,
2025Q3,ksu,Koko maa,One-bedroom,Free-market,rent_eur_m2,14.78
2025Q3,ksu,Koko maa,One-bedroom,Free-market,n_rent,89393.0
2025Q3,ksu,Koko maa,One-bedroom,Free-market,rent_new_eur_m2,16.05
2025Q3,ksu,Koko maa,One-bedroom,Free-market,n_rent_new,13950.0
2025Q4,ksu,Koko maa,One-bedroom,Free-market,index_2025,100.0
2025Q4,ksu,Koko maa,One-bedroom,Free-market,index_qoq_pct,0.1
2025Q4,ksu,Koko maa,One-bedroom,Free-market,index_yoy_pct,
2025Q4,ksu,Koko maa,One-bedroom,Free-market,rent_eur_m2,14.87
2025Q4,ksu,Koko maa,One-bedroom,Free-market,n_rent,93358.0
2025Q4,ksu,Koko maa,One-bedroom,Free-market,rent_new_eur_m2,16.02
2025Q4,ksu,Koko maa,One-bedroom,Free-market,n_rent_new,11274.0
2026Q1,ksu,Koko maa,One-bedroom,Free-market,index_2025,100.1
2026Q1,ksu,Koko maa,One-bedroom,Free-market,index_qoq_pct,0.1
2026Q1,ksu,Koko maa,One-bedroom,Free-market,index_yoy_pct,0.0
2026Q1,ksu,Koko maa,One-bedroom,Free-market,rent_eur_m2,14.89
2026Q1,ksu,Koko maa,One-bedroom,Free-market,n_rent,94151.0
2026Q1,ksu,Koko maa,One-bedroom,Free-market,rent_new_eur_m2,15.93
2026Q1,ksu,Koko maa,One-bedroom,Free-market,n_rent_new,12935.0
2026Q2,ksu,Koko maa,One-bedroom,Free-market,index_2025,100.1
2026Q2,ksu,Koko maa,One-bedroom,Free-market,index_qoq_pct,0.0
2026Q2,ksu,Koko maa,One-bedroom,Free-market,index_yoy_pct,0.1
2026Q2,ksu,Koko maa,One-bedroom,Free-market,rent_eur_m2,15.04
2026Q2,ksu,Koko maa,One-bedroom,Free-market,n_rent,95651.0
2026Q2,ksu,Koko maa,One-bedroom,Free-market,rent_new_eur_m2,16.42
2026Q2,ksu,Koko maa,One-bedroom,Free-market,n_rent_new,15940.0
2025Q1,pks,Pääkaupunkiseutu (PKS),One-bedroom,Free-market,index_2025,100.2
2025Q1,pks,Pääkaupunkiseutu (PKS),One-bedroom,Free-market,index_qoq_pct,
2025Q1,pks,Pääkaupunkiseutu (PKS),One-bedroom,Free-market,index_yoy_pct,
2025Q1,pks,Pääkaupunkiseutu (PKS),One-bedroom,Free-market,rent_eur_m2,19.15
2025Q1,pks,Pääkaupunkiseutu (PKS),One-bedroom,Free-market,n_rent,29381.0
2025Q1,pks,Pääkaupunkiseutu (PKS),One-bedroom,Free-market,rent_new_eur_m2,19.79
2025Q1,pks,Pääkaupunkiseutu (PKS),One-bedroom,Free-market,n_rent_new,5032.0
2025Q2,pks,Pääkaupunkiseutu (PKS),One-bedroom,Free-market,index_2025,100.0
2025Q2,pks,Pääkaupunkiseutu (PKS),One-bedroom,Free-market,index_qoq_pct,-0.2
2025Q2,pks,Pääkaupunkiseutu (PKS),One-bedroom,Free-market,index_yoy_pct,
2025Q2,pks,Pääkaupunkiseutu (PKS),One-bedroom,Free-market,rent_eur_m2,19.1
2025Q2,pks,Pääkaupunkiseutu (PKS),One-bedroom,Free-market,n_rent,28636.0
2025Q2,pks,Pääkaupunkiseutu (PKS),One-bedroom,Free-market,rent_new_eur_m2,19.83
2025Q2,pks,Pääkaupunkiseutu (PKS),One-bedroom,Free-market,n_rent_new,4394.0
2025Q3,pks,Pääkaupunkiseutu (PKS),One-bedroom,Free-market,index_2025,99.9
2025Q3,pks,Pääkaupunkiseutu (PKS),One-bedroom,Free-market,index_qoq_pct,-0.2
2025Q3,pks,Pääkaupunkiseutu (PKS),One-bedroom,Free-market,index_yoy_pct,
2025Q3,pks,Pääkaupunkiseutu (PKS),One-bedroom,Free-market,rent_eur_m2,19.1
2025Q3,pks,Pääkaupunkiseutu (PKS),One-bedroom,Free-market,n_rent,29015.0
2025Q3,pks,Pääkaupunkiseutu (PKS),One-bedroom,Free-market,rent_new_eur_m2,19.8
2025Q3,pks,Pääkaupunkiseutu (PKS),One-bedroom,Free-market,n_rent_new,4973.0
2025Q4,pks,Pääkaupunkiseutu (PKS),One-bedroom,Free-market,index_2025,99.9
2025Q4,pks,Pääkaupunkiseutu (PKS),One-bedroom,Free-market,index_qoq_pct,0.0
2025Q4,pks,Pääkaupunkiseutu (PKS),One-bedroom,Free-market,index_yoy_pct,
2025Q4,pks,Pääkaupunkiseutu (PKS),One-bedroom,Free-market,rent_eur_m2,19.16
2025Q4,pks,Pääkaupunkiseutu (PKS),One-bedroom,Free-market,n_rent,30129.0
2025Q4,pks,Pääkaupunkiseutu (PKS),One-bedroom,Free-market,rent_new_eur_m2,19.59
2025Q4,pks,Pääkaupunkiseutu (PKS),One-bedroom,Free-market,n_rent_new,4286.0
2026Q1,pks,Pääkaupunkiseutu (PKS),One-bedroom,Free-market,index_2025,99.8
2026Q1,pks,Pääkaupunkiseutu (PKS),One-bedroom,Free-market,index_qoq_pct,0.0
2026Q1,pks,Pääkaupunkiseutu (PKS),One-bedroom,Free-market,index_yoy_pct,-0.4
2026Q1,pks,Pääkaupunkiseutu (PKS),One-bedroom,Free-market,rent_eur_m2,19.16
2026Q1,pks,Pääkaupunkiseutu (PKS),One-bedroom,Free-market,n_rent,30237.0
2026Q1,pks,Pääkaupunkiseutu (PKS),One-bedroom,Free-market,rent_new_eur_m2,19.53
2026Q1,pks,Pääkaupunkiseutu (PKS),One-bedroom,Free-market,n_rent_new,4674.0
2026Q2,pks,Pääkaupunkiseutu (PKS),One-bedroom,Free-market,index_2025,99.7
2026Q2,pks,Pääkaupunkiseutu (PKS),One-bedroom,Free-market,index_qoq_pct,-0.1
2026Q2,pks,Pääkaupunkiseutu (PKS),One-bedroom,Free-market,index_yoy_pct,-0.3
2026Q2,pks,Pääkaupunkiseutu (PKS),One-bedroom,Free-market,rent_eur_m2,19.27
2026Q2,pks,Pääkaupunkiseutu (PKS),One-bedroom,Free-market,n_rent,31418.0
2026Q2,pks,Pääkaupunkiseutu (PKS),One-bedroom,Free-market,rent_new_eur_m2,19.93
2026Q2,pks,Pääkaupunkiseutu (PKS),One-bedroom,Free-market,n_rent_new,6215.0
2025Q1,091,Helsinki,One-bedroom,Free-market,index_2025,100.1
2025Q1,091,Helsinki,One-bedroom,Free-market,index_qoq_pct,
2025Q1,091,Helsinki,One-bedroom,Free-market,index_yoy_pct,
2025Q1,091,Helsinki,One-bedroom,Free-market,rent_eur_m2,20.19
2025Q1,091,Helsinki,One-bedroom,Free-market,n_rent,15407.0
2025Q1,091,Helsinki,One-bedroom,Free-market,rent_new_eur_m2,21.06
2025Q1,091,Helsinki,One-bedroom,Free-market,n_rent_new,2775.0
2025Q2,091,Helsinki,One-bedroom,Free-market,index_2025,100.0
2025Q2,091,Helsinki,One-bedroom,Free-market,index_qoq_pct,-0.1
2025Q2,091,Helsinki,One-bedroom,Free-market,index_yoy_pct,
2025Q2,091,Helsinki,One-bedroom,Free-market,rent_eur_m2,20.15
2025Q2,091,Helsinki,One-bedroom,Free-market,n_rent,14840.0
2025Q2,091,Helsinki,One-bedroom,Free-market,rent_new_eur_m2,21.1
2025Q2,091,Helsinki,One-bedroom,Free-market,n_rent_new,2310.0
2025Q3,091,Helsinki,One-bedroom,Free-market,index_2025,99.9
2025Q3,091,Helsinki,One-bedroom,Free-market,index_qoq_pct,-0.1
2025Q3,091,Helsinki,One-bedroom,Free-market,index_yoy_pct,
2025Q3,091,Helsinki,One-bedroom,Free-market,rent_eur_m2,20.19
2025Q3,091,Helsinki,One-bedroom,Free-market,n_rent,14954.0
2025Q3,091,Helsinki,One-bedroom,Free-market,rent_new_eur_m2,21.24
2025Q3,091,Helsinki,One-bedroom,Free-market,n_rent_new,2633.0
2025Q4,091,Helsinki,One-bedroom,Free-market,index_2025,100.0
2025Q4,091,Helsinki,One-bedroom,Free-market,index_qoq_pct,0.1
2025Q4,091,Helsinki,One-bedroom,Free-market,index_yoy_pct,
2025Q4,091,Helsinki,One-bedroom,Free-market,rent_eur_m2,20.25
2025Q4,091,Helsinki,One-bedroom,Free-market,n_rent,15974.0
2025Q4,091,Helsinki,One-bedroom,Free-market,rent_new_eur_m2,20.95
2025Q4,091,Helsinki,One-bedroom,Free-market,n_rent_new,2299.0
2026Q1,091,Helsinki,One-bedroom,Free-market,index_2025,100.0
2026Q1,091,Helsinki,One-bedroom,Free-market,index_qoq_pct,0.0
2026Q1,091,Helsinki,One-bedroom,Free-market,index_yoy_pct,-0.1
2026Q1,091,Helsinki,One-bedroom,Free-market,rent_eur_m2,20.26
2026Q1,091,Helsinki,One-bedroom,Free-market,n_rent,15999.0
2026Q1,091,Helsinki,One-bedroom,Free-market,rent_new_eur_m2,20.9
2026Q1,091,Helsinki,One-bedroom,Free-market,n_rent_new,2507.0
2026Q2,091,Helsinki,One-bedroom,Free-market,index_2025,99.9
2026Q2,091,Helsinki,One-bedroom,Free-market,index_qoq_pct,-0.1
2026Q2,091,Helsinki,One-bedroom,Free-market,index_yoy_pct,-0.1
2026Q2,091,Helsinki,One-bedroom,Free-market,rent_eur_m2,20.37
2026Q2,091,Helsinki,One-bedroom,Free-market,n_rent,16762.0
2026Q2,091,Helsinki,One-bedroom,Free-market,rent_new_eur_m2,21.19
2026Q2,091,Helsinki,One-bedroom,Free-market,n_rent_new,3473.0
2025Q1,091-1,Helsinki 1,One-bedroom,Free-market,index_2025,99.9
2025Q1,091-1,Helsinki 1,One-bedroom,Free-market,index_qoq_pct,
2025Q1,091-1,Helsinki 1,One-bedroom,Free-market,index_yoy_pct,
2025Q1,091-1,Helsinki 1,One-bedroom,Free-market,rent_eur_m2,23.72
2025Q1,091-1,Helsinki 1,One-bedroom,Free-market,n_rent,2486.0
2025Q1,091-1,Helsinki 1,One-bedroom,Free-market,rent_new_eur_m2,24.96
2025Q1,091-1,Helsinki 1,One-bedroom,Free-market,n_rent_new,507.0
2025Q2,091-1,Helsinki 1,One-bedroom,Free-market,index_2025,99.9
2025Q2,091-1,Helsinki 1,One-bedroom,Free-market,index_qoq_pct,0.0
2025Q2,091-1,Helsinki 1,One-bedroom,Free-market,index_yoy_pct,
2025Q2,091-1,Helsinki 1,One-bedroom,Free-market,rent_eur_m2,23.78
2025Q2,091-1,Helsinki 1,One-bedroom,Free-market,n_rent,2326.0
2025Q2,091-1,Helsinki 1,One-bedroom,Free-market,rent_new_eur_m2,25.08
2025Q2,091-1,Helsinki 1,One-bedroom,Free-market,n_rent_new,409.0
2025Q3,091-1,Helsinki 1,One-bedroom,Free-market,index_2025,100.0
2025Q3,091-1,Helsinki 1,One-bedroom,Free-market,index_qoq_pct,0.1
2025Q3,091-1,Helsinki 1,One-bedroom,Free-market,index_yoy_pct,
2025Q3,091-1,Helsinki 1,One-bedroom,Free-market,rent_eur_m2,24.03
2025Q3,091-1,Helsinki 1,One-bedroom,Free-market,n_rent,2296.0
2025Q3,091-1,Helsinki 1,One-bedroom,Free-market,rent_new_eur_m2,25.02
2025Q3,091-1,Helsinki 1,One-bedroom,Free-market,n_rent_new,481.0
2025Q4,091-1,Helsinki 1,One-bedroom,Free-market,index_2025,100.1
2025Q4,091-1,Helsinki 1,One-bedroom,Free-market,index_qoq_pct,0.1
2025Q4,091-1,Helsinki 1,One-bedroom,Free-market,index_yoy_pct,
2025Q4,091-1,Helsinki 1,One-bedroom,Free-market,rent_eur_m2,23.71
2025Q4,091-1,Helsinki 1,One-bedroom,Free-market,n_rent,2496.0
2025Q4,091-1,Helsinki 1,One-bedroom,Free-market,rent_new_eur_m2,24.79
2025Q4,091-1,Helsinki 1,One-bedroom,Free-market,n_rent_new,378.0
2026Q1,091-1,Helsinki 1,One-bedroom,Free-market,index_2025,100.1
2026Q1,091-1,Helsinki 1,One-bedroom,Free-market,index_qoq_pct,0.0
2026Q1,091-1,Helsinki 1,One-bedroom,Free-market,index_yoy_pct,0.2
2026Q1,091-1,Helsinki 1,One-bedroom,Free-market,rent_eur_m2,23.72
2026Q1,091-1,Helsinki 1,One-bedroom,Free-market,n_rent,2540.0
2026Q1,091-1,Helsinki 1,One-bedroom,Free-market,rent_new_eur_m2,24.61
2026Q1,091-1,Helsinki 1,One-bedroom,Free-market,n_rent_new,436.0
2026Q2,091-1,Helsinki 1,One-bedroom,Free-market,index_2025,100.2
2026Q2,091-1,Helsinki 1,One-bedroom,Free-market,index_qoq_pct,0.1
2026Q2,091-1,Helsinki 1,One-bedroom,Free-market,index_yoy_pct,0.3
2026Q2,091-1,Helsinki 1,One-bedroom,Free-market,rent_eur_m2,23.96
2026Q2,091-1,Helsinki 1,One-bedroom,Free-market,n_rent,2670.0
2026Q2,091-1,Helsinki 1,One-bedroom,Free-market,rent_new_eur_m2,25.14
2026Q2,091-1,Helsinki 1,One-bedroom,Free-market,n_rent_new,600.0
2025Q1,091-2,Helsinki 2,One-bedroom,Free-market,index_2025,100.0
2025Q1,091-2,Helsinki 2,One-bedroom,Free-market,index_qoq_pct,
2025Q1,091-2,Helsinki 2,One-bedroom,Free-market,index_yoy_pct,
2025Q1,091-2,Helsinki 2,One-bedroom,Free-market,rent_eur_m2,20.65
2025Q1,091-2,Helsinki 2,One-bedroom,Free-market,n_rent,5651.0
2025Q1,091-2,Helsinki 2,One-bedroom,Free-market,rent_new_eur_m2,21.37
2025Q1,091-2,Helsinki 2,One-bedroom,Free-market,n_rent_new,1108.0
2025Q2,091-2,Helsinki 2,One-bedroom,Free-market,index_2025,100.0
2025Q2,091-2,Helsinki 2,One-bedroom,Free-market,index_qoq_pct,0.0
2025Q2,091-2,Helsinki 2,One-bedroom,Free-market,index_yoy_pct,
2025Q2,091-2,Helsinki 2,One-bedroom,Free-market,rent_eur_m2,20.67
2025Q2,091-2,Helsinki 2,One-bedroom,Free-market,n_rent,5399.0
2025Q2,091-2,Helsinki 2,One-bedroom,Free-market,rent_new_eur_m2,21.41
2025Q2,091-2,Helsinki 2,One-bedroom,Free-market,n_rent_new,974.0
2025Q3,091-2,Helsinki 2,One-bedroom,Free-market,index_2025,99.9
2025Q3,091-2,Helsinki 2,One-bedroom,Free-market,index_qoq_pct,0.0
2025Q3,091-2,Helsinki 2,One-bedroom,Free-market,index_yoy_pct,
2025Q3,091-2,Helsinki 2,One-bedroom,Free-market,rent_eur_m2,20.8
2025Q3,091-2,Helsinki 2,One-bedroom,Free-market,n_rent,5419.0
2025Q3,091-2,Helsinki 2,One-bedroom,Free-market,rent_new_eur_m2,21.63
2025Q3,091-2,Helsinki 2,One-bedroom,Free-market,n_rent_new,1085.0
2025Q4,091-2,Helsinki 2,One-bedroom,Free-market,index_2025,100.1
2025Q4,091-2,Helsinki 2,One-bedroom,Free-market,index_qoq_pct,0.2
2025Q4,091-2,Helsinki 2,One-bedroom,Free-market,index_yoy_pct,
2025Q4,091-2,Helsinki 2,One-bedroom,Free-market,rent_eur_m2,20.9
2025Q4,091-2,Helsinki 2,One-bedroom,Free-market,n_rent,5956.0
2025Q4,091-2,Helsinki 2,One-bedroom,Free-market,rent_new_eur_m2,21.43
2025Q4,091-2,Helsinki 2,One-bedroom,Free-market,n_rent_new,983.0
2026Q1,091-2,Helsinki 2,One-bedroom,Free-market,index_2025,100.2
2026Q1,091-2,Helsinki 2,One-bedroom,Free-market,index_qoq_pct,0.0
2026Q1,091-2,Helsinki 2,One-bedroom,Free-market,index_yoy_pct,0.2
2026Q1,091-2,Helsinki 2,One-bedroom,Free-market,rent_eur_m2,20.91
2026Q1,091-2,Helsinki 2,One-bedroom,Free-market,n_rent,5940.0
2026Q1,091-2,Helsinki 2,One-bedroom,Free-market,rent_new_eur_m2,21.26
2026Q1,091-2,Helsinki 2,One-bedroom,Free-market,n_rent_new,1025.0
2026Q2,091-2,Helsinki 2,One-bedroom,Free-market,index_2025,100.1
2026Q2,091-2,Helsinki 2,One-bedroom,Free-market,index_qoq_pct,0.0
2026Q2,091-2,Helsinki 2,One-bedroom,Free-market,index_yoy_pct,0.2
2026Q2,091-2,Helsinki 2,One-bedroom,Free-market,rent_eur_m2,21.04
2026Q2,091-2,Helsinki 2,One-bedroom,Free-market,n_rent,6392.0
2026Q2,091-2,Helsinki 2,One-bedroom,Free-market,rent_new_eur_m2,21.65
2026Q2,091-2,Helsinki 2,One-bedroom,Free-market,n_rent_new,1611.0
2025Q1,091-3,Helsinki 3,One-bedroom,Free-market,index_2025,100.1
2025Q1,091-3,Helsinki 3,One-bedroom,Free-market,index_qoq_pct,
2025Q1,091-3,Helsinki 3,One-bedroom,Free-market,index_yoy_pct,
2025Q1,091-3,Helsinki 3,One-bedroom,Free-market,rent_eur_m2,18.56
2025Q1,091-3,Helsinki 3,One-bedroom,Free-market,n_rent,2123.0
2025Q1,091-3,Helsinki 3,One-bedroom,Free-market,rent_new_eur_m2,18.51
2025Q1,091-3,Helsinki 3,One-bedroom,Free-market,n_rent_new,383.0
2025Q2,091-3,Helsinki 3,One-bedroom,Free-market,index_2025,100.0
2025Q2,091-3,Helsinki 3,One-bedroom,Free-market,index_qoq_pct,-0.1
2025Q2,091-3,Helsinki 3,One-bedroom,Free-market,index_yoy_pct,
2025Q2,091-3,Helsinki 3,One-bedroom,Free-market,rent_eur_m2,18.55
2025Q2,091-3,Helsinki 3,One-bedroom,Free-market,n_rent,2042.0
2025Q2,091-3,Helsinki 3,One-bedroom,Free-market,rent_new_eur_m2,18.59
2025Q2,091-3,Helsinki 3,One-bedroom,Free-market,n_rent_new,301.0
2025Q3,091-3,Helsinki 3,One-bedroom,Free-market,index_2025,100.0
2025Q3,091-3,Helsinki 3,One-bedroom,Free-market,index_qoq_pct,0.0
2025Q3,091-3,Helsinki 3,One-bedroom,Free-market,index_yoy_pct,
2025Q3,091-3,Helsinki 3,One-bedroom,Free-market,rent_eur_m2,18.59
2025Q3,091-3,Helsinki 3,One-bedroom,Free-market,n_rent,2093.0
2025Q3,091-3,Helsinki 3,One-bedroom,Free-market,rent_new_eur_m2,18.77
2025Q3,091-3,Helsinki 3,One-bedroom,Free-market,n_rent_new,359.0
2025Q4,091-3,Helsinki 3,One-bedroom,Free-market,index_2025,99.9
2025Q4,091-3,Helsinki 3,One-bedroom,Free-market,index_qoq_pct,0.0
2025Q4,091-3,Helsinki 3,One-bedroom,Free-market,index_yoy_pct,
2025Q4,091-3,Helsinki 3,One-bedroom,Free-market,rent_eur_m2,18.47
2025Q4,091-3,Helsinki 3,One-bedroom,Free-market,n_rent,2233.0
2025Q4,091-3,Helsinki 3,One-bedroom,Free-market,rent_new_eur_m2,18.1
2025Q4,091-3,Helsinki 3,One-bedroom,Free-market,n_rent_new,352.0
2026Q1,091-3,Helsinki 3,One-bedroom,Free-market,index_2025,99.9
2026Q1,091-3,Helsinki 3,One-bedroom,Free-market,index_qoq_pct,-0.1
2026Q1,091-3,Helsinki 3,One-bedroom,Free-market,index_yoy_pct,-0.2
2026Q1,091-3,Helsinki 3,One-bedroom,Free-market,rent_eur_m2,18.52
2026Q1,091-3,Helsinki 3,One-bedroom,Free-market,n_rent,2190.0
2026Q1,091-3,Helsinki 3,One-bedroom,Free-market,rent_new_eur_m2,18.67
2026Q1,091-3,Helsinki 3,One-bedroom,Free-market,n_rent_new,380.0
2026Q2,091-3,Helsinki 3,One-bedroom,Free-market,index_2025,99.8
2026Q2,091-3,Helsinki 3,One-bedroom,Free-market,index_qoq_pct,-0.1
2026Q2,091-3,Helsinki 3,One-bedroom,Free-market,index_yoy_pct,-0.2
2026Q2,091-3,Helsinki 3,One-bedroom,Free-market,rent_eur_m2,18.5
2026Q2,091-3,Helsinki 3,One-bedroom,Free-market,n_rent,2310.0
2026Q2,091-3,Helsinki 3,One-bedroom,Free-market,rent_new_eur_m2,18.55
2026Q2,091-3,Helsinki 3,One-bedroom,Free-market,n_rent_new,464.0
2025Q1,091-4,Helsinki 4,One-bedroom,Free-market,index_2025,100.5
2025Q1,091-4,Helsinki 4,One-bedroom,Free-market,index_qoq_pct,
2025Q1,091-4,Helsinki 4,One-bedroom,Free-market,index_yoy_pct,
2025Q1,091-4,Helsinki 4,One-bedroom,Free-market,rent_eur_m2,17.5
2025Q1,091-4,Helsinki 4,One-bedroom,Free-market,n_rent,5147.0
2025Q1,091-4,Helsinki 4,One-bedroom,Free-market,rent_new_eur_m2,16.75
2025Q1,091-4,Helsinki 4,One-bedroom,Free-market,n_rent_new,777.0
2025Q2,091-4,Helsinki 4,One-bedroom,Free-market,index_2025,100.2
2025Q2,091-4,Helsinki 4,One-bedroom,Free-market,index_qoq_pct,-0.3
2025Q2,091-4,Helsinki 4,One-bedroom,Free-market,index_yoy_pct,
2025Q2,091-4,Helsinki 4,One-bedroom,Free-market,rent_eur_m2,17.46
2025Q2,091-4,Helsinki 4,One-bedroom,Free-market,n_rent,5073.0
2025Q2,091-4,Helsinki 4,One-bedroom,Free-market,rent_new_eur_m2,16.54
2025Q2,091-4,Helsinki 4,One-bedroom,Free-market,n_rent_new,626.0
2025Q3,091-4,Helsinki 4,One-bedroom,Free-market,index_2025,99.7
2025Q3,091-4,Helsinki 4,One-bedroom,Free-market,index_qoq_pct,-0.4
2025Q3,091-4,Helsinki 4,One-bedroom,Free-market,index_yoy_pct,
2025Q3,091-4,Helsinki 4,One-bedroom,Free-market,rent_eur_m2,17.39
2025Q3,091-4,Helsinki 4,One-bedroom,Free-market,n_rent,5146.0
2025Q3,091-4,Helsinki 4,One-bedroom,Free-market,rent_new_eur_m2,16.58
2025Q3,091-4,Helsinki 4,One-bedroom,Free-market,n_rent_new,708.0
2025Q4,091-4,Helsinki 4,One-bedroom,Free-market,index_2025,99.6
2025Q4,091-4,Helsinki 4,One-bedroom,Free-market,index_qoq_pct,-0.2
2025Q4,091-4,Helsinki 4,One-bedroom,Free-market,index_yoy_pct,
2025Q4,091-4,Helsinki 4,One-bedroom,Free-market,rent_eur_m2,17.29
2025Q4,091-4,Helsinki 4,One-bedroom,Free-market,n_rent,5289.0
2025Q4,091-4,Helsinki 4,One-bedroom,Free-market,rent_new_eur_m2,16.68
2025Q4,091-4,Helsinki 4,One-bedroom,Free-market,n_rent_new,586.0
2026Q1,091-4,Helsinki 4,One-bedroom,Free-market,index_2025,99.4
2026Q1,091-4,Helsinki 4,One-bedroom,Free-market,index_qoq_pct,-0.1
2026Q1,091-4,Helsinki 4,One-bedroom,Free-market,index_yoy_pct,-1.1
2026Q1,091-4,Helsinki 4,One-bedroom,Free-market,rent_eur_m2,17.26
2026Q1,091-4,Helsinki 4,One-bedroom,Free-market,n_rent,5329.0
2026Q1,091-4,Helsinki 4,One-bedroom,Free-market,rent_new_eur_m2,16.47
2026Q1,091-4,Helsinki 4,One-bedroom,Free-market,n_rent_new,666.0
2026Q2,091-4,Helsinki 4,One-bedroom,Free-market,index_2025,99.2
2026Q2,091-4,Helsinki 4,One-bedroom,Free-market,index_qoq_pct,-0.2
2026Q2,091-4,Helsinki 4,One-bedroom,Free-market,index_yoy_pct,-1.0
2026Q2,091-4,Helsinki 4,One-bedroom,Free-market,rent_eur_m2,17.2
2026Q2,091-4,Helsinki 4,One-bedroom,Free-market,n_rent,5390.0
2026Q2,091-4,Helsinki 4,One-bedroom,Free-market,rent_new_eur_m2,16.4
2026Q2,091-4,Helsinki 4,One-bedroom,Free-market,n_rent_new,798.0
2025Q1,049,Espoo-Kauniainen,One-bedroom,Free-market,index_2025,100.2
2025Q1,049,Espoo-Kauniainen,One-bedroom,Free-market,index_qoq_pct,
2025Q1,049,Espoo-Kauniainen,One-bedroom,Free-market,index_yoy_pct,
2025Q1,049,Espoo-Kauniainen,One-bedroom,Free-market,rent_eur_m2,18.14
2025Q1,049,Espoo-Kauniainen,One-bedroom,Free-market,n_rent,6551.0
2025Q1,049,Espoo-Kauniainen,One-bedroom,Free-market,rent_new_eur_m2,18.36
2025Q1,049,Espoo-Kauniainen,One-bedroom,Free-market,n_rent_new,1086.0
2025Q2,049,Espoo-Kauniainen,One-bedroom,Free-market,index_2025,100.0
2025Q2,049,Espoo-Kauniainen,One-bedroom,Free-market,index_qoq_pct,-0.2
2025Q2,049,Espoo-Kauniainen,One-bedroom,Free-market,index_yoy_pct,
2025Q2,049,Espoo-Kauniainen,One-bedroom,Free-market,rent_eur_m2,18.14
2025Q2,049,Espoo-Kauniainen,One-bedroom,Free-market,n_rent,6401.0
2025Q2,049,Espoo-Kauniainen,One-bedroom,Free-market,rent_new_eur_m2,18.63
2025Q2,049,Espoo-Kauniainen,One-bedroom,Free-market,n_rent_new,1014.0
2025Q3,049,Espoo-Kauniainen,One-bedroom,Free-market,index_2025,99.9
2025Q3,049,Espoo-Kauniainen,One-bedroom,Free-market,index_qoq_pct,-0.1
2025Q3,049,Espoo-Kauniainen,One-bedroom,Free-market,index_yoy_pct,
2025Q3,049,Espoo-Kauniainen,One-bedroom,Free-market,rent_eur_m2,18.15
2025Q3,049,Espoo-Kauniainen,One-bedroom,Free-market,n_rent,6339.0
2025Q3,049,Espoo-Kauniainen,One-bedroom,Free-market,rent_new_eur_m2,18.57
2025Q3,049,Espoo-Kauniainen,One-bedroom,Free-market,n_rent_new,1033.0
2025Q4,049,Espoo-Kauniainen,One-bedroom,Free-market,index_2025,99.9
2025Q4,049,Espoo-Kauniainen,One-bedroom,Free-market,index_qoq_pct,0.0
2025Q4,049,Espoo-Kauniainen,One-bedroom,Free-market,index_yoy_pct,
2025Q4,049,Espoo-Kauniainen,One-bedroom,Free-market,rent_eur_m2,18.17
2025Q4,049,Espoo-Kauniainen,One-bedroom,Free-market,n_rent,6436.0
2025Q4,049,Espoo-Kauniainen,One-bedroom,Free-market,rent_new_eur_m2,18.15
2025Q4,049,Espoo-Kauniainen,One-bedroom,Free-market,n_rent_new,932.0
2026Q1,049,Espoo-Kauniainen,One-bedroom,Free-market,index_2025,100.0
2026Q1,049,Espoo-Kauniainen,One-bedroom,Free-market,index_qoq_pct,0.0
2026Q1,049,Espoo-Kauniainen,One-bedroom,Free-market,index_yoy_pct,-0.2
2026Q1,049,Espoo-Kauniainen,One-bedroom,Free-market,rent_eur_m2,18.18
2026Q1,049,Espoo-Kauniainen,One-bedroom,Free-market,n_rent,6500.0
2026Q1,049,Espoo-Kauniainen,One-bedroom,Free-market,rent_new_eur_m2,18.25
2026Q1,049,Espoo-Kauniainen,One-bedroom,Free-market,n_rent_new,1006.0
2026Q2,049,Espoo-Kauniainen,One-bedroom,Free-market,index_2025,99.9
2026Q2,049,Espoo-Kauniainen,One-bedroom,Free-market,index_qoq_pct,-0.1
2026Q2,049,Espoo-Kauniainen,One-bedroom,Free-market,index_yoy_pct,-0.1
2026Q2,049,Espoo-Kauniainen,One-bedroom,Free-market,rent_eur_m2,18.29
2026Q2,049,Espoo-Kauniainen,One-bedroom,Free-market,n_rent,6737.0
2026Q2,049,Espoo-Kauniainen,One-bedroom,Free-market,rent_new_eur_m2,18.73
2026Q2,049,Espoo-Kauniainen,One-bedroom,Free-market,n_rent_new,1370.0
2025Q1,049-1,Espoo-Kauniainen 1,One-bedroom,Free-market,index_2025,100.0
2025Q1,049-1,Espoo-Kauniainen 1,One-bedroom,Free-market,index_qoq_pct,
2025Q1,049-1,Espoo-Kauniainen 1,One-bedroom,Free-market,index_yoy_pct,
2025Q1,049-1,Espoo-Kauniainen 1,One-bedroom,Free-market,rent_eur_m2,19.25
2025Q1,049-1,Espoo-Kauniainen 1,One-bedroom,Free-market,n_rent,3041.0
2025Q1,049-1,Espoo-Kauniainen 1,One-bedroom,Free-market,rent_new_eur_m2,19.42
2025Q1,049-1,Espoo-Kauniainen 1,One-bedroom,Free-market,n_rent_new,533.0
2025Q2,049-1,Espoo-Kauniainen 1,One-bedroom,Free-market,index_2025,100.0
2025Q2,049-1,Espoo-Kauniainen 1,One-bedroom,Free-market,index_qoq_pct,0.0
2025Q2,049-1,Espoo-Kauniainen 1,One-bedroom,Free-market,index_yoy_pct,
2025Q2,049-1,Espoo-Kauniainen 1,One-bedroom,Free-market,rent_eur_m2,19.33
2025Q2,049-1,Espoo-Kauniainen 1,One-bedroom,Free-market,n_rent,2962.0
2025Q2,049-1,Espoo-Kauniainen 1,One-bedroom,Free-market,rent_new_eur_m2,19.75
2025Q2,049-1,Espoo-Kauniainen 1,One-bedroom,Free-market,n_rent_new,504.0
2025Q3,049-1,Espoo-Kauniainen 1,One-bedroom,Free-market,index_2025,99.9
2025Q3,049-1,Espoo-Kauniainen 1,One-bedroom,Free-market,index_qoq_pct,-0.1
2025Q3,049-1,Espoo-Kauniainen 1,One-bedroom,Free-market,index_yoy_pct,
2025Q3,049-1,Espoo-Kauniainen 1,One-bedroom,Free-market,rent_eur_m2,19.34
2025Q3,049-1,Espoo-Kauniainen 1,One-bedroom,Free-market,n_rent,2918.0
2025Q3,049-1,Espoo-Kauniainen 1,One-bedroom,Free-market,rent_new_eur_m2,19.6
2025Q3,049-1,Espoo-Kauniainen 1,One-bedroom,Free-market,n_rent_new,517.0
2025Q4,049-1,Espoo-Kauniainen 1,One-bedroom,Free-market,index_2025,100.0
2025Q4,049-1,Espoo-Kauniainen 1,One-bedroom,Free-market,index_qoq_pct,0.1
2025Q4,049-1,Espoo-Kauniainen 1,One-bedroom,Free-market,index_yoy_pct,
2025Q4,049-1,Espoo-Kauniainen 1,One-bedroom,Free-market,rent_eur_m2,19.35
2025Q4,049-1,Espoo-Kauniainen 1,One-bedroom,Free-market,n_rent,2968.0
2025Q4,049-1,Espoo-Kauniainen 1,One-bedroom,Free-market,rent_new_eur_m2,19.36
2025Q4,049-1,Espoo-Kauniainen 1,One-bedroom,Free-market,n_rent_new,450.0
2026Q1,049-1,Espoo-Kauniainen 1,One-bedroom,Free-market,index_2025,100.1
2026Q1,049-1,Espoo-Kauniainen 1,One-bedroom,Free-market,index_qoq_pct,0.1
2026Q1,049-1,Espoo-Kauniainen 1,One-bedroom,Free-market,index_yoy_pct,0.0
2026Q1,049-1,Espoo-Kauniainen 1,One-bedroom,Free-market,rent_eur_m2,19.36
2026Q1,049-1,Espoo-Kauniainen 1,One-bedroom,Free-market,n_rent,3044.0
2026Q1,049-1,Espoo-Kauniainen 1,One-bedroom,Free-market,rent_new_eur_m2,19.37
2026Q1,049-1,Espoo-Kauniainen 1,One-bedroom,Free-market,n_rent_new,507.0
2026Q2,049-1,Espoo-Kauniainen 1,One-bedroom,Free-market,index_2025,100.1
2026Q2,049-1,Espoo-Kauniainen 1,One-bedroom,Free-market,index_qoq_pct,0.0
2026Q2,049-1,Espoo-Kauniainen 1,One-bedroom,Free-market,index_yoy_pct,0.1
2026Q2,049-1,Espoo-Kauniainen 1,One-bedroom,Free-market,rent_eur_m2,19.52
2026Q2,049-1,Espoo-Kauniainen 1,One-bedroom,Free-market,n_rent,3165.0
2026Q2,049-1,Espoo-Kauniainen 1,One-bedroom,Free-market,rent_new_eur_m2,19.95
2026Q2,049-1,Espoo-Kauniainen 1,One-bedroom,Free-market,n_rent_new,706.0
2025Q1,049-2,Espoo-Kauniainen 2,One-bedroom,Free-market,index_2025,100.2
2025Q1,049-2,Espoo-Kauniainen 2,One-bedroom,Free-market,index_qoq_pct,
2025Q1,049-2,Espoo-Kauniainen 2,One-bedroom,Free-market,index_yoy_pct,
2025Q1,049-2,Espoo-Kauniainen 2,One-bedroom,Free-market,rent_eur_m2,17.92
2025Q1,049-2,Espoo-Kauniainen 2,One-bedroom,Free-market,n_rent,1277.0
2025Q1,049-2,Espoo-Kauniainen 2,One-bedroom,Free-market,rent_new_eur_m2,18.05
2025Q1,049-2,Espoo-Kauniainen 2,One-bedroom,Free-market,n_rent_new,220.0
2025Q2,049-2,Espoo-Kauniainen 2,One-bedroom,Free-market,index_2025,100.0
2025Q2,049-2,Espoo-Kauniainen 2,One-bedroom,Free-market,index_qoq_pct,-0.2
2025Q2,049-2,Espoo-Kauniainen 2,One-bedroom,Free-market,index_yoy_pct,
2025Q2,049-2,Espoo-Kauniainen 2,One-bedroom,Free-market,rent_eur_m2,17.85
2025Q2,049-2,Espoo-Kauniainen 2,One-bedroom,Free-market,n_rent,1255.0
2025Q2,049-2,Espoo-Kauniainen 2,One-bedroom,Free-market,rent_new_eur_m2,18.14
2025Q2,049-2,Espoo-Kauniainen 2,One-bedroom,Free-market,n_rent_new,219.0
2025Q3,049-2,Espoo-Kauniainen 2,One-bedroom,Free-market,index_2025,99.9
2025Q3,049-2,Espoo-Kauniainen 2,One-bedroom,Free-market,index_qoq_pct,-0.2
2025Q3,049-2,Espoo-Kauniainen 2,One-bedroom,Free-market,index_yoy_pct,
2025Q3,049-2,Espoo-Kauniainen 2,One-bedroom,Free-market,rent_eur_m2,17.9
2025Q3,049-2,Espoo-Kauniainen 2,One-bedroom,Free-market,n_rent,1220.0
2025Q3,049-2,Espoo-Kauniainen 2,One-bedroom,Free-market,rent_new_eur_m2,18.04
2025Q3,049-2,Espoo-Kauniainen 2,One-bedroom,Free-market,n_rent_new,200.0
2025Q4,049-2,Espoo-Kauniainen 2,One-bedroom,Free-market,index_2025,99.9
2025Q4,049-2,Espoo-Kauniainen 2,One-bedroom,Free-market,index_qoq_pct,0.1
2025Q4,049-2,Espoo-Kauniainen 2,One-bedroom,Free-market,index_yoy_pct,
2025Q4,049-2,Espoo-Kauniainen 2,One-bedroom,Free-market,rent_eur_m2,17.84
2025Q4,049-2,Espoo-Kauniainen 2,One-bedroom,Free-market,n_rent,1261.0
2025Q4,049-2,Espoo-Kauniainen 2,One-bedroom,Free-market,rent_new_eur_m2,17.59
2025Q4,049-2,Espoo-Kauniainen 2,One-bedroom,Free-market,n_rent_new,202.0
2026Q1,049-2,Espoo-Kauniainen 2,One-bedroom,Free-market,index_2025,99.9
2026Q1,049-2,Espoo-Kauniainen 2,One-bedroom,Free-market,index_qoq_pct,0.0
2026Q1,049-2,Espoo-Kauniainen 2,One-bedroom,Free-market,index_yoy_pct,-0.3
2026Q1,049-2,Espoo-Kauniainen 2,One-bedroom,Free-market,rent_eur_m2,17.77
2026Q1,049-2,Espoo-Kauniainen 2,One-bedroom,Free-market,n_rent,1284.0
2026Q1,049-2,Espoo-Kauniainen 2,One-bedroom,Free-market,rent_new_eur_m2,17.54
2026Q1,049-2,Espoo-Kauniainen 2,One-bedroom,Free-market,n_rent_new,218.0
2026Q2,049-2,Espoo-Kauniainen 2,One-bedroom,Free-market,index_2025,99.8
2026Q2,049-2,Espoo-Kauniainen 2,One-bedroom,Free-market,index_qoq_pct,-0.1
2026Q2,049-2,Espoo-Kauniainen 2,One-bedroom,Free-market,index_yoy_pct,-0.2
2026Q2,049-2,Espoo-Kauniainen 2,One-bedroom,Free-market,rent_eur_m2,17.95
2026Q2,049-2,Espoo-Kauniainen 2,One-bedroom,Free-market,n_rent,1369.0
2026Q2,049-2,Espoo-Kauniainen 2,One-bedroom,Free-market,rent_new_eur_m2,18.4
2026Q2,049-2,Espoo-Kauniainen 2,One-bedroom,Free-market,n_rent_new,318.0
2025Q1,049-3,Espoo-Kauniainen 3,One-bedroom,Free-market,index_2025,100.3
2025Q1,049-3,Espoo-Kauniainen 3,One-bedroom,Free-market,index_qoq_pct,
2025Q1,049-3,Espoo-Kauniainen 3,One-bedroom,Free-market,index_yoy_pct,
2025Q1,049-3,Espoo-Kauniainen 3,One-bedroom,Free-market,rent_eur_m2,16.45
2025Q1,049-3,Espoo-Kauniainen 3,One-bedroom,Free-market,n_rent,2233.0
2025Q1,049-3,Espoo-Kauniainen 3,One-bedroom,Free-market,rent_new_eur_m2,16.31
2025Q1,049-3,Espoo-Kauniainen 3,One-bedroom,Free-market,n_rent_new,333.0
2025Q2,049-3,Espoo-Kauniainen 3,One-bedroom,Free-market,index_2025,100.0
2025Q2,049-3,Espoo-Kauniainen 3,One-bedroom,Free-market,index_qoq_pct,-0.3
2025Q2,049-3,Espoo-Kauniainen 3,One-bedroom,Free-market,index_yoy_pct,
2025Q2,049-3,Espoo-Kauniainen 3,One-bedroom,Free-market,rent_eur_m2,16.39
2025Q2,049-3,Espoo-Kauniainen 3,One-bedroom,Free-market,n_rent,2184.0
2025Q2,049-3,Espoo-Kauniainen 3,One-bedroom,Free-market,rent_new_eur_m2,16.45
2025Q2,049-3,Espoo-Kauniainen 3,One-bedroom,Free-market,n_rent_new,291.0
2025Q3,049-3,Espoo-Kauniainen 3,One-bedroom,Free-market,index_2025,99.8
2025Q3,049-3,Espoo-Kauniainen 3,One-bedroom,Free-market,index_qoq_pct,-0.2
2025Q3,049-3,Espoo-Kauniainen 3,One-bedroom,Free-market,index_yoy_pct,
2025Q3,049-3,Espoo-Kauniainen 3,One-bedroom,Free-market,rent_eur_m2,16.39
2025Q3,049-3,Espoo-Kauniainen 3,One-bedroom,Free-market,n_rent,2201.0
2025Q3,049-3,Espoo-Kauniainen 3,One-bedroom,Free-market,rent_new_eur_m2,16.75
2025Q3,049-3,Espoo-Kauniainen 3,One-bedroom,Free-market,n_rent_new,316.0
2025Q4,049-3,Espoo-Kauniainen 3,One-bedroom,Free-market,index_2025,99.8
2025Q4,049-3,Espoo-Kauniainen 3,One-bedroom,Free-market,index_qoq_pct,0.0
2025Q4,049-3,Espoo-Kauniainen 3,One-bedroom,Free-market,index_yoy_pct,
2025Q4,049-3,Espoo-Kauniainen 3,One-bedroom,Free-market,rent_eur_m2,16.4
2025Q4,049-3,Espoo-Kauniainen 3,One-bedroom,Free-market,n_rent,2207.0
2025Q4,049-3,Espoo-Kauniainen 3,One-bedroom,Free-market,rent_new_eur_m2,16.13
2025Q4,049-3,Espoo-Kauniainen 3,One-bedroom,Free-market,n_rent_new,280.0
2026Q1,049-3,Espoo-Kauniainen 3,One-bedroom,Free-market,index_2025,99.8
2026Q1,049-3,Espoo-Kauniainen 3,One-bedroom,Free-market,index_qoq_pct,0.0
2026Q1,049-3,Espoo-Kauniainen 3,One-bedroom,Free-market,index_yoy_pct,-0.5
2026Q1,049-3,Espoo-Kauniainen 3,One-bedroom,Free-market,rent_eur_m2,16.42
2026Q1,049-3,Espoo-Kauniainen 3,One-bedroom,Free-market,n_rent,2172.0
2026Q1,049-3,Espoo-Kauniainen 3,One-bedroom,Free-market,rent_new_eur_m2,16.17
2026Q1,049-3,Espoo-Kauniainen 3,One-bedroom,Free-market,n_rent_new,281.0
2026Q2,049-3,Espoo-Kauniainen 3,One-bedroom,Free-market,index_2025,99.7
2026Q2,049-3,Espoo-Kauniainen 3,One-bedroom,Free-market,index_qoq_pct,-0.2
2026Q2,049-3,Espoo-Kauniainen 3,One-bedroom,Free-market,index_yoy_pct,-0.3
2026Q2,049-3,Espoo-Kauniainen 3,One-bedroom,Free-market,rent_eur_m2,16.37
2026Q2,049-3,Espoo-Kauniainen 3,One-bedroom,Free-market,n_rent,2203.0
2026Q2,049-3,Espoo-Kauniainen 3,One-bedroom,Free-market,rent_new_eur_m2,16.06
2026Q2,049-3,Espoo-Kauniainen 3,One-bedroom,Free-market,n_rent_new,346.0
2025Q1,092,Vantaa,One-bedroom,Free-market,index_2025,100.7
2025Q1,092,Vantaa,One-bedroom,Free-market,index_qoq_pct,
2025Q1,092,Vantaa,One-bedroom,Free-market,index_yoy_pct,
2025Q1,092,Vantaa,One-bedroom,Free-market,rent_eur_m2,17.22
2025Q1,092,Vantaa,One-bedroom,Free-market,n_rent,7423.0
2025Q1,092,Vantaa,One-bedroom,Free-market,rent_new_eur_m2,17.16
2025Q1,092,Vantaa,One-bedroom,Free-market,n_rent_new,1171.0
2025Q2,092,Vantaa,One-bedroom,Free-market,index_2025,100.3
2025Q2,092,Vantaa,One-bedroom,Free-market,index_qoq_pct,-0.4
2025Q2,092,Vantaa,One-bedroom,Free-market,index_yoy_pct,
2025Q2,092,Vantaa,One-bedroom,Free-market,rent_eur_m2,17.14
2025Q2,092,Vantaa,One-bedroom,Free-market,n_rent,7395.0
2025Q2,092,Vantaa,One-bedroom,Free-market,rent_new_eur_m2,17.31
2025Q2,092,Vantaa,One-bedroom,Free-market,n_rent_new,1070.0
2025Q3,092,Vantaa,One-bedroom,Free-market,index_2025,99.7
2025Q3,092,Vantaa,One-bedroom,Free-market,index_qoq_pct,-0.6
2025Q3,092,Vantaa,One-bedroom,Free-market,index_yoy_pct,
2025Q3,092,Vantaa,One-bedroom,Free-market,rent_eur_m2,17.1
2025Q3,092,Vantaa,One-bedroom,Free-market,n_rent,7722.0
2025Q3,092,Vantaa,One-bedroom,Free-market,rent_new_eur_m2,16.86
2025Q3,092,Vantaa,One-bedroom,Free-market,n_rent_new,1307.0
2025Q4,092,Vantaa,One-bedroom,Free-market,index_2025,99.3
2025Q4,092,Vantaa,One-bedroom,Free-market,index_qoq_pct,-0.4
2025Q4,092,Vantaa,One-bedroom,Free-market,index_yoy_pct,
2025Q4,092,Vantaa,One-bedroom,Free-market,rent_eur_m2,16.97
2025Q4,092,Vantaa,One-bedroom,Free-market,n_rent,7719.0
2025Q4,092,Vantaa,One-bedroom,Free-market,rent_new_eur_m2,16.89
2025Q4,092,Vantaa,One-bedroom,Free-market,n_rent_new,1055.0
2026Q1,092,Vantaa,One-bedroom,Free-market,index_2025,99.2
2026Q1,092,Vantaa,One-bedroom,Free-market,index_qoq_pct,-0.2
2026Q1,092,Vantaa,One-bedroom,Free-market,index_yoy_pct,-1.5
2026Q1,092,Vantaa,One-bedroom,Free-market,rent_eur_m2,16.93
2026Q1,092,Vantaa,One-bedroom,Free-market,n_rent,7738.0
2026Q1,092,Vantaa,One-bedroom,Free-market,rent_new_eur_m2,16.67
2026Q1,092,Vantaa,One-bedroom,Free-market,n_rent_new,1161.0
2026Q2,092,Vantaa,One-bedroom,Free-market,index_2025,98.9
2026Q2,092,Vantaa,One-bedroom,Free-market,index_qoq_pct,-0.3
2026Q2,092,Vantaa,One-bedroom,Free-market,index_yoy_pct,-1.3
2026Q2,092,Vantaa,One-bedroom,Free-market,rent_eur_m2,16.97
2026Q2,092,Vantaa,One-bedroom,Free-market,n_rent,7919.0
2026Q2,092,Vantaa,One-bedroom,Free-market,rent_new_eur_m2,16.96
2026Q2,092,Vantaa,One-bedroom,Free-market,n_rent_new,1372.0
2025Q1,092-1,Vantaa 1,One-bedroom,Free-market,index_2025,100.5
2025Q1,092-1,Vantaa 1,One-bedroom,Free-market,index_qoq_pct,
2025Q1,092-1,Vantaa 1,One-bedroom,Free-market,index_yoy_pct,
2025Q1,092-1,Vantaa 1,One-bedroom,Free-market,rent_eur_m2,18.6
2025Q1,092-1,Vantaa 1,One-bedroom,Free-market,n_rent,2223.0
2025Q1,092-1,Vantaa 1,One-bedroom,Free-market,rent_new_eur_m2,18.77
2025Q1,092-1,Vantaa 1,One-bedroom,Free-market,n_rent_new,427.0
2025Q2,092-1,Vantaa 1,One-bedroom,Free-market,index_2025,100.2
2025Q2,092-1,Vantaa 1,One-bedroom,Free-market,index_qoq_pct,-0.2
2025Q2,092-1,Vantaa 1,One-bedroom,Free-market,index_yoy_pct,
2025Q2,092-1,Vantaa 1,One-bedroom,Free-market,rent_eur_m2,18.6
2025Q2,092-1,Vantaa 1,One-bedroom,Free-market,n_rent,2158.0
2025Q2,092-1,Vantaa 1,One-bedroom,Free-market,rent_new_eur_m2,18.68
2025Q2,092-1,Vantaa 1,One-bedroom,Free-market,n_rent_new,363.0
2025Q3,092-1,Vantaa 1,One-bedroom,Free-market,index_2025,99.9
2025Q3,092-1,Vantaa 1,One-bedroom,Free-market,index_qoq_pct,-0.4
2025Q3,092-1,Vantaa 1,One-bedroom,Free-market,index_yoy_pct,
2025Q3,092-1,Vantaa 1,One-bedroom,Free-market,rent_eur_m2,18.64
2025Q3,092-1,Vantaa 1,One-bedroom,Free-market,n_rent,2327.0
2025Q3,092-1,Vantaa 1,One-bedroom,Free-market,rent_new_eur_m2,18.5
2025Q3,092-1,Vantaa 1,One-bedroom,Free-market,n_rent_new,440.0
2025Q4,092-1,Vantaa 1,One-bedroom,Free-market,index_2025,99.4
2025Q4,092-1,Vantaa 1,One-bedroom,Free-market,index_qoq_pct,-0.4
2025Q4,092-1,Vantaa 1,One-bedroom,Free-market,index_yoy_pct,
2025Q4,092-1,Vantaa 1,One-bedroom,Free-market,rent_eur_m2,18.52
2025Q4,092-1,Vantaa 1,One-bedroom,Free-market,n_rent,2245.0
2025Q4,092-1,Vantaa 1,One-bedroom,Free-market,rent_new_eur_m2,18.2
2025Q4,092-1,Vantaa 1,One-bedroom,Free-market,n_rent_new,350.0
2026Q1,092-1,Vantaa 1,One-bedroom,Free-market,index_2025,99.3
2026Q1,092-1,Vantaa 1,One-bedroom,Free-market,index_qoq_pct,-0.2
2026Q1,092-1,Vantaa 1,One-bedroom,Free-market,index_yoy_pct,-1.2
2026Q1,092-1,Vantaa 1,One-bedroom,Free-market,rent_eur_m2,18.46
2026Q1,092-1,Vantaa 1,One-bedroom,Free-market,n_rent,2240.0
2026Q1,092-1,Vantaa 1,One-bedroom,Free-market,rent_new_eur_m2,18.2
2026Q1,092-1,Vantaa 1,One-bedroom,Free-market,n_rent_new,374.0
2026Q2,092-1,Vantaa 1,One-bedroom,Free-market,index_2025,99.0
2026Q2,092-1,Vantaa 1,One-bedroom,Free-market,index_qoq_pct,-0.3
2026Q2,092-1,Vantaa 1,One-bedroom,Free-market,index_yoy_pct,-1.2
2026Q2,092-1,Vantaa 1,One-bedroom,Free-market,rent_eur_m2,18.48
2026Q2,092-1,Vantaa 1,One-bedroom,Free-market,n_rent,2439.0
2026Q2,092-1,Vantaa 1,One-bedroom,Free-market,rent_new_eur_m2,18.4
2026Q2,092-1,Vantaa 1,One-bedroom,Free-market,n_rent_new,578.0
2025Q1,092-2,Vantaa 2,One-bedroom,Free-market,index_2025,101.2
2025Q1,092-2,Vantaa 2,One-bedroom,Free-market,index_qoq_pct,
2025Q1,092-2,Vantaa 2,One-bedroom,Free-market,index_yoy_pct,
2025Q1,092-2,Vantaa 2,One-bedroom,Free-market,rent_eur_m2,17.02
2025Q1,092-2,Vantaa 2,One-bedroom,Free-market,n_rent,1652.0
2025Q1,092-2,Vantaa 2,One-bedroom,Free-market,rent_new_eur_m2,17.12
2025Q1,092-2,Vantaa 2,One-bedroom,Free-market,n_rent_new,198.0
2025Q2,092-2,Vantaa 2,One-bedroom,Free-market,index_2025,100.4
2025Q2,092-2,Vantaa 2,One-bedroom,Free-market,index_qoq_pct,-0.8
2025Q2,092-2,Vantaa 2,One-bedroom,Free-market,index_yoy_pct,
2025Q2,092-2,Vantaa 2,One-bedroom,Free-market,rent_eur_m2,16.9
2025Q2,092-2,Vantaa 2,One-bedroom,Free-market,n_rent,1662.0
2025Q2,092-2,Vantaa 2,One-bedroom,Free-market,rent_new_eur_m2,17.51
2025Q2,092-2,Vantaa 2,One-bedroom,Free-market,n_rent_new,167.0
2025Q3,092-2,Vantaa 2,One-bedroom,Free-market,index_2025,99.4
2025Q3,092-2,Vantaa 2,One-bedroom,Free-market,index_qoq_pct,-1.0
2025Q3,092-2,Vantaa 2,One-bedroom,Free-market,index_yoy_pct,
2025Q3,092-2,Vantaa 2,One-bedroom,Free-market,rent_eur_m2,16.79
2025Q3,092-2,Vantaa 2,One-bedroom,Free-market,n_rent,1737.0
2025Q3,092-2,Vantaa 2,One-bedroom,Free-market,rent_new_eur_m2,16.66
2025Q3,092-2,Vantaa 2,One-bedroom,Free-market,n_rent_new,241.0
2025Q4,092-2,Vantaa 2,One-bedroom,Free-market,index_2025,99.0
2025Q4,092-2,Vantaa 2,One-bedroom,Free-market,index_qoq_pct,-0.4
2025Q4,092-2,Vantaa 2,One-bedroom,Free-market,index_yoy_pct,
2025Q4,092-2,Vantaa 2,One-bedroom,Free-market,rent_eur_m2,16.64
2025Q4,092-2,Vantaa 2,One-bedroom,Free-market,n_rent,1706.0
2025Q4,092-2,Vantaa 2,One-bedroom,Free-market,rent_new_eur_m2,16.9
2025Q4,092-2,Vantaa 2,One-bedroom,Free-market,n_rent_new,198.0
2026Q1,092-2,Vantaa 2,One-bedroom,Free-market,index_2025,98.9
2026Q1,092-2,Vantaa 2,One-bedroom,Free-market,index_qoq_pct,-0.1
2026Q1,092-2,Vantaa 2,One-bedroom,Free-market,index_yoy_pct,-2.3
2026Q1,092-2,Vantaa 2,One-bedroom,Free-market,rent_eur_m2,16.62
2026Q1,092-2,Vantaa 2,One-bedroom,Free-market,n_rent,1708.0
2026Q1,092-2,Vantaa 2,One-bedroom,Free-market,rent_new_eur_m2,17.02
2026Q1,092-2,Vantaa 2,One-bedroom,Free-market,n_rent_new,211.0
2026Q2,092-2,Vantaa 2,One-bedroom,Free-market,index_2025,98.7
2026Q2,092-2,Vantaa 2,One-bedroom,Free-market,index_qoq_pct,-0.3
2026Q2,092-2,Vantaa 2,One-bedroom,Free-market,index_yoy_pct,-1.7
2026Q2,092-2,Vantaa 2,One-bedroom,Free-market,rent_eur_m2,16.64
2026Q2,092-2,Vantaa 2,One-bedroom,Free-market,n_rent,1724.0
2026Q2,092-2,Vantaa 2,One-bedroom,Free-market,rent_new_eur_m2,16.69
2026Q2,092-2,Vantaa 2,One-bedroom,Free-market,n_rent_new,240.0
2025Q1,092-3,Vantaa 3,One-bedroom,Free-market,index_2025,100.7
2025Q1,092-3,Vantaa 3,One-bedroom,Free-market,index_qoq_pct,
2025Q1,092-3,Vantaa 3,One-bedroom,Free-market,index_yoy_pct,
2025Q1,092-3,Vantaa 3,One-bedroom,Free-market,rent_eur_m2,16.19
2025Q1,092-3,Vantaa 3,One-bedroom,Free-market,n_rent,3548.0
2025Q1,092-3,Vantaa 3,One-bedroom,Free-market,rent_new_eur_m2,15.58
2025Q1,092-3,Vantaa 3,One-bedroom,Free-market,n_rent_new,546.0
2025Q2,092-3,Vantaa 3,One-bedroom,Free-market,index_2025,100.3
2025Q2,092-3,Vantaa 3,One-bedroom,Free-market,index_qoq_pct,-0.5
2025Q2,092-3,Vantaa 3,One-bedroom,Free-market,index_yoy_pct,
2025Q2,092-3,Vantaa 3,One-bedroom,Free-market,rent_eur_m2,16.1
2025Q2,092-3,Vantaa 3,One-bedroom,Free-market,n_rent,3575.0
2025Q2,092-3,Vantaa 3,One-bedroom,Free-market,rent_new_eur_m2,16.01
2025Q2,092-3,Vantaa 3,One-bedroom,Free-market,n_rent_new,540.0
2025Q3,092-3,Vantaa 3,One-bedroom,Free-market,index_2025,99.7
2025Q3,092-3,Vantaa 3,One-bedroom,Free-market,index_qoq_pct,-0.6
2025Q3,092-3,Vantaa 3,One-bedroom,Free-market,index_yoy_pct,
2025Q3,092-3,Vantaa 3,One-bedroom,Free-market,rent_eur_m2,15.97
2025Q3,092-3,Vantaa 3,One-bedroom,Free-market,n_rent,3658.0
2025Q3,092-3,Vantaa 3,One-bedroom,Free-market,rent_new_eur_m2,15.46
2025Q3,092-3,Vantaa 3,One-bedroom,Free-market,n_rent_new,626.0
2025Q4,092-3,Vantaa 3,One-bedroom,Free-market,index_2025,99.4
2025Q4,092-3,Vantaa 3,One-bedroom,Free-market,index_qoq_pct,-0.3
2025Q4,092-3,Vantaa 3,One-bedroom,Free-market,index_yoy_pct,
2025Q4,092-3,Vantaa 3,One-bedroom,Free-market,rent_eur_m2,15.9
2025Q4,092-3,Vantaa 3,One-bedroom,Free-market,n_rent,3768.0
2025Q4,092-3,Vantaa 3,One-bedroom,Free-market,rent_new_eur_m2,15.71
2025Q4,092-3,Vantaa 3,One-bedroom,Free-market,n_rent_new,507.0
2026Q1,092-3,Vantaa 3,One-bedroom,Free-market,index_2025,99.2
2026Q1,092-3,Vantaa 3,One-bedroom,Free-market,index_qoq_pct,-0.2
2026Q1,092-3,Vantaa 3,One-bedroom,Free-market,index_yoy_pct,-1.5
2026Q1,092-3,Vantaa 3,One-bedroom,Free-market,rent_eur_m2,15.88
2026Q1,092-3,Vantaa 3,One-bedroom,Free-market,n_rent,3790.0
2026Q1,092-3,Vantaa 3,One-bedroom,Free-market,rent_new_eur_m2,15.3
2026Q1,092-3,Vantaa 3,One-bedroom,Free-market,n_rent_new,576.0
2026Q2,092-3,Vantaa 3,One-bedroom,Free-market,index_2025,99.0
2026Q2,092-3,Vantaa 3,One-bedroom,Free-market,index_qoq_pct,-0.2
2026Q2,092-3,Vantaa 3,One-bedroom,Free-market,index_yoy_pct,-1.3
2026Q2,092-3,Vantaa 3,One-bedroom,Free-market,rent_eur_m2,15.84
2026Q2,092-3,Vantaa 3,One-bedroom,Free-market,n_rent,3756.0
2026Q2,092-3,Vantaa 3,One-bedroom,Free-market,rent_new_eur_m2,15.37
2026Q2,092-3,Vantaa 3,One-bedroom,Free-market,n_rent_new,554.0
2025Q1,ksu,Koko maa,Two-bedroom+,Free-market,index_2025,100.1
2025Q1,ksu,Koko maa,Two-bedroom+,Free-market,index_qoq_pct,
2025Q1,ksu,Koko maa,Two-bedroom+,Free-market,index_yoy_pct,
2025Q1,ksu,Koko maa,Two-bedroom+,Free-market,rent_eur_m2,13.66
2025Q1,ksu,Koko maa,Two-bedroom+,Free-market,n_rent,32269.0
2025Q1,ksu,Koko maa,Two-bedroom+,Free-market,rent_new_eur_m2,14.88
2025Q1,ksu,Koko maa,Two-bedroom+,Free-market,n_rent_new,4309.0
2025Q2,ksu,Koko maa,Two-bedroom+,Free-market,index_2025,100.0
2025Q2,ksu,Koko maa,Two-bedroom+,Free-market,index_qoq_pct,-0.1
2025Q2,ksu,Koko maa,Two-bedroom+,Free-market,index_yoy_pct,
2025Q2,ksu,Koko maa,Two-bedroom+,Free-market,rent_eur_m2,13.66
2025Q2,ksu,Koko maa,Two-bedroom+,Free-market,n_rent,31694.0
2025Q2,ksu,Koko maa,Two-bedroom+,Free-market,rent_new_eur_m2,14.9
2025Q2,ksu,Koko maa,Two-bedroom+,Free-market,n_rent_new,3907.0
2025Q3,ksu,Koko maa,Two-bedroom+,Free-market,index_2025,99.9
2025Q3,ksu,Koko maa,Two-bedroom+,Free-market,index_qoq_pct,-0.1
2025Q3,ksu,Koko maa,Two-bedroom+,Free-market,index_yoy_pct,
2025Q3,ksu,Koko maa,Two-bedroom+,Free-market,rent_eur_m2,13.71
2025Q3,ksu,Koko maa,Two-bedroom+,Free-market,n_rent,32164.0
2025Q3,ksu,Koko maa,Two-bedroom+,Free-market,rent_new_eur_m2,14.92
2025Q3,ksu,Koko maa,Two-bedroom+,Free-market,n_rent_new,4485.0
2025Q4,ksu,Koko maa,Two-bedroom+,Free-market,index_2025,99.9
2025Q4,ksu,Koko maa,Two-bedroom+,Free-market,index_qoq_pct,0.0
2025Q4,ksu,Koko maa,Two-bedroom+,Free-market,index_yoy_pct,
2025Q4,ksu,Koko maa,Two-bedroom+,Free-market,rent_eur_m2,13.63
2025Q4,ksu,Koko maa,Two-bedroom+,Free-market,n_rent,32800.0
2025Q4,ksu,Koko maa,Two-bedroom+,Free-market,rent_new_eur_m2,14.93
2025Q4,ksu,Koko maa,Two-bedroom+,Free-market,n_rent_new,3584.0
2026Q1,ksu,Koko maa,Two-bedroom+,Free-market,index_2025,100.0
2026Q1,ksu,Koko maa,Two-bedroom+,Free-market,index_qoq_pct,0.0
2026Q1,ksu,Koko maa,Two-bedroom+,Free-market,index_yoy_pct,-0.1
2026Q1,ksu,Koko maa,Two-bedroom+,Free-market,rent_eur_m2,13.67
2026Q1,ksu,Koko maa,Two-bedroom+,Free-market,n_rent,33024.0
2026Q1,ksu,Koko maa,Two-bedroom+,Free-market,rent_new_eur_m2,14.77
2026Q1,ksu,Koko maa,Two-bedroom+,Free-market,n_rent_new,4279.0
2026Q2,ksu,Koko maa,Two-bedroom+,Free-market,index_2025,100.0
2026Q2,ksu,Koko maa,Two-bedroom+,Free-market,index_qoq_pct,0.0
2026Q2,ksu,Koko maa,Two-bedroom+,Free-market,index_yoy_pct,-0.1
2026Q2,ksu,Koko maa,Two-bedroom+,Free-market,rent_eur_m2,13.92
2026Q2,ksu,Koko maa,Two-bedroom+,Free-market,n_rent,34112.0
2026Q2,ksu,Koko maa,Two-bedroom+,Free-market,rent_new_eur_m2,15.65
2026Q2,ksu,Koko maa,Two-bedroom+,Free-market,n_rent_new,5814.0
2025Q1,pks,Pääkaupunkiseutu (PKS),Two-bedroom+,Free-market,index_2025,100.3
2025Q1,pks,Pääkaupunkiseutu (PKS),Two-bedroom+,Free-market,index_qoq_pct,
2025Q1,pks,Pääkaupunkiseutu (PKS),Two-bedroom+,Free-market,index_yoy_pct,
2025Q1,pks,Pääkaupunkiseutu (PKS),Two-bedroom+,Free-market,rent_eur_m2,17.43
2025Q1,pks,Pääkaupunkiseutu (PKS),Two-bedroom+,Free-market,n_rent,14797.0
2025Q1,pks,Pääkaupunkiseutu (PKS),Two-bedroom+,Free-market,rent_new_eur_m2,18.67
2025Q1,pks,Pääkaupunkiseutu (PKS),Two-bedroom+,Free-market,n_rent_new,1852.0
2025Q2,pks,Pääkaupunkiseutu (PKS),Two-bedroom+,Free-market,index_2025,100.1
2025Q2,pks,Pääkaupunkiseutu (PKS),Two-bedroom+,Free-market,index_qoq_pct,-0.2
2025Q2,pks,Pääkaupunkiseutu (PKS),Two-bedroom+,Free-market,index_yoy_pct,
2025Q2,pks,Pääkaupunkiseutu (PKS),Two-bedroom+,Free-market,rent_eur_m2,17.42
2025Q2,pks,Pääkaupunkiseutu (PKS),Two-bedroom+,Free-market,n_rent,14551.0
2025Q2,pks,Pääkaupunkiseutu (PKS),Two-bedroom+,Free-market,rent_new_eur_m2,19.04
2025Q2,pks,Pääkaupunkiseutu (PKS),Two-bedroom+,Free-market,n_rent_new,1578.0
2025Q3,pks,Pääkaupunkiseutu (PKS),Two-bedroom+,Free-market,index_2025,99.9
2025Q3,pks,Pääkaupunkiseutu (PKS),Two-bedroom+,Free-market,index_qoq_pct,-0.2
2025Q3,pks,Pääkaupunkiseutu (PKS),Two-bedroom+,Free-market,index_yoy_pct,
2025Q3,pks,Pääkaupunkiseutu (PKS),Two-bedroom+,Free-market,rent_eur_m2,17.39
2025Q3,pks,Pääkaupunkiseutu (PKS),Two-bedroom+,Free-market,n_rent,14967.0
2025Q3,pks,Pääkaupunkiseutu (PKS),Two-bedroom+,Free-market,rent_new_eur_m2,18.59
2025Q3,pks,Pääkaupunkiseutu (PKS),Two-bedroom+,Free-market,n_rent_new,1861.0
2025Q4,pks,Pääkaupunkiseutu (PKS),Two-bedroom+,Free-market,index_2025,99.8
2025Q4,pks,Pääkaupunkiseutu (PKS),Two-bedroom+,Free-market,index_qoq_pct,-0.1
2025Q4,pks,Pääkaupunkiseutu (PKS),Two-bedroom+,Free-market,index_yoy_pct,
2025Q4,pks,Pääkaupunkiseutu (PKS),Two-bedroom+,Free-market,rent_eur_m2,17.21
2025Q4,pks,Pääkaupunkiseutu (PKS),Two-bedroom+,Free-market,n_rent,15165.0
2025Q4,pks,Pääkaupunkiseutu (PKS),Two-bedroom+,Free-market,rent_new_eur_m2,18.64
2025Q4,pks,Pääkaupunkiseutu (PKS),Two-bedroom+,Free-market,n_rent_new,1526.0
2026Q1,pks,Pääkaupunkiseutu (PKS),Two-bedroom+,Free-market,index_2025,99.7
2026Q1,pks,Pääkaupunkiseutu (PKS),Two-bedroom+,Free-market,index_qoq_pct,0.0
2026Q1,pks,Pääkaupunkiseutu (PKS),Two-bedroom+,Free-market,index_yoy_pct,-0.6
2026Q1,pks,Pääkaupunkiseutu (PKS),Two-bedroom+,Free-market,rent_eur_m2,17.21
2026Q1,pks,Pääkaupunkiseutu (PKS),Two-bedroom+,Free-market,n_rent,15267.0
2026Q1,pks,Pääkaupunkiseutu (PKS),Two-bedroom+,Free-market,rent_new_eur_m2,18.37
2026Q1,pks,Pääkaupunkiseutu (PKS),Two-bedroom+,Free-market,n_rent_new,1822.0
2026Q2,pks,Pääkaupunkiseutu (PKS),Two-bedroom+,Free-market,index_2025,99.6
2026Q2,pks,Pääkaupunkiseutu (PKS),Two-bedroom+,Free-market,index_qoq_pct,-0.1
2026Q2,pks,Pääkaupunkiseutu (PKS),Two-bedroom+,Free-market,index_yoy_pct,-0.4
2026Q2,pks,Pääkaupunkiseutu (PKS),Two-bedroom+,Free-market,rent_eur_m2,17.46
2026Q2,pks,Pääkaupunkiseutu (PKS),Two-bedroom+,Free-market,n_rent,16197.0
2026Q2,pks,Pääkaupunkiseutu (PKS),Two-bedroom+,Free-market,rent_new_eur_m2,18.97
2026Q2,pks,Pääkaupunkiseutu (PKS),Two-bedroom+,Free-market,n_rent_new,2874.0
2025Q1,091,Helsinki,Two-bedroom+,Free-market,index_2025,100.2
2025Q1,091,Helsinki,Two-bedroom+,Free-market,index_qoq_pct,
2025Q1,091,Helsinki,Two-bedroom+,Free-market,index_yoy_pct,
2025Q1,091,Helsinki,Two-bedroom+,Free-market,rent_eur_m2,18.32
2025Q1,091,Helsinki,Two-bedroom+,Free-market,n_rent,7094.0
2025Q1,091,Helsinki,Two-bedroom+,Free-market,rent_new_eur_m2,19.99
2025Q1,091,Helsinki,Two-bedroom+,Free-market,n_rent_new,958.0
2025Q2,091,Helsinki,Two-bedroom+,Free-market,index_2025,100.1
2025Q2,091,Helsinki,Two-bedroom+,Free-market,index_qoq_pct,-0.1
2025Q2,091,Helsinki,Two-bedroom+,Free-market,index_yoy_pct,
2025Q2,091,Helsinki,Two-bedroom+,Free-market,rent_eur_m2,18.35
2025Q2,091,Helsinki,Two-bedroom+,Free-market,n_rent,6931.0
2025Q2,091,Helsinki,Two-bedroom+,Free-market,rent_new_eur_m2,20.38
2025Q2,091,Helsinki,Two-bedroom+,Free-market,n_rent_new,806.0
2025Q3,091,Helsinki,Two-bedroom+,Free-market,index_2025,99.9
2025Q3,091,Helsinki,Two-bedroom+,Free-market,index_qoq_pct,-0.1
2025Q3,091,Helsinki,Two-bedroom+,Free-market,index_yoy_pct,
2025Q3,091,Helsinki,Two-bedroom+,Free-market,rent_eur_m2,18.34
2025Q3,091,Helsinki,Two-bedroom+,Free-market,n_rent,7143.0
2025Q3,091,Helsinki,Two-bedroom+,Free-market,rent_new_eur_m2,19.79
2025Q3,091,Helsinki,Two-bedroom+,Free-market,n_rent_new,966.0
2025Q4,091,Helsinki,Two-bedroom+,Free-market,index_2025,99.8
2025Q4,091,Helsinki,Two-bedroom+,Free-market,index_qoq_pct,-0.1
2025Q4,091,Helsinki,Two-bedroom+,Free-market,index_yoy_pct,
2025Q4,091,Helsinki,Two-bedroom+,Free-market,rent_eur_m2,18.03
2025Q4,091,Helsinki,Two-bedroom+,Free-market,n_rent,7211.0
2025Q4,091,Helsinki,Two-bedroom+,Free-market,rent_new_eur_m2,20.11
2025Q4,091,Helsinki,Two-bedroom+,Free-market,n_rent_new,742.0
2026Q1,091,Helsinki,Two-bedroom+,Free-market,index_2025,99.8
2026Q1,091,Helsinki,Two-bedroom+,Free-market,index_qoq_pct,-0.1
2026Q1,091,Helsinki,Two-bedroom+,Free-market,index_yoy_pct,-0.4
2026Q1,091,Helsinki,Two-bedroom+,Free-market,rent_eur_m2,18.0
2026Q1,091,Helsinki,Two-bedroom+,Free-market,n_rent,7287.0
2026Q1,091,Helsinki,Two-bedroom+,Free-market,rent_new_eur_m2,19.62
2026Q1,091,Helsinki,Two-bedroom+,Free-market,n_rent_new,914.0
2026Q2,091,Helsinki,Two-bedroom+,Free-market,index_2025,99.7
2026Q2,091,Helsinki,Two-bedroom+,Free-market,index_qoq_pct,-0.1
2026Q2,091,Helsinki,Two-bedroom+,Free-market,index_yoy_pct,-0.4
2026Q2,091,Helsinki,Two-bedroom+,Free-market,rent_eur_m2,18.33
2026Q2,091,Helsinki,Two-bedroom+,Free-market,n_rent,7783.0
2026Q2,091,Helsinki,Two-bedroom+,Free-market,rent_new_eur_m2,20.26
2026Q2,091,Helsinki,Two-bedroom+,Free-market,n_rent_new,1490.0
2025Q1,091-1,Helsinki 1,Two-bedroom+,Free-market,index_2025,99.8
2025Q1,091-1,Helsinki 1,Two-bedroom+,Free-market,index_qoq_pct,
2025Q1,091-1,Helsinki 1,Two-bedroom+,Free-market,index_yoy_pct,
2025Q1,091-1,Helsinki 1,Two-bedroom+,Free-market,rent_eur_m2,21.76
2025Q1,091-1,Helsinki 1,Two-bedroom+,Free-market,n_rent,752.0
2025Q1,091-1,Helsinki 1,Two-bedroom+,Free-market,rent_new_eur_m2,23.02
2025Q1,091-1,Helsinki 1,Two-bedroom+,Free-market,n_rent_new,146.0
2025Q2,091-1,Helsinki 1,Two-bedroom+,Free-market,index_2025,100.0
2025Q2,091-1,Helsinki 1,Two-bedroom+,Free-market,index_qoq_pct,0.2
2025Q2,091-1,Helsinki 1,Two-bedroom+,Free-market,index_yoy_pct,
2025Q2,091-1,Helsinki 1,Two-bedroom+,Free-market,rent_eur_m2,21.94
2025Q2,091-1,Helsinki 1,Two-bedroom+,Free-market,n_rent,736.0
2025Q2,091-1,Helsinki 1,Two-bedroom+,Free-market,rent_new_eur_m2,24.05
2025Q2,091-1,Helsinki 1,Two-bedroom+,Free-market,n_rent_new,138.0
2025Q3,091-1,Helsinki 1,Two-bedroom+,Free-market,index_2025,100.1
2025Q3,091-1,Helsinki 1,Two-bedroom+,Free-market,index_qoq_pct,0.1
2025Q3,091-1,Helsinki 1,Two-bedroom+,Free-market,index_yoy_pct,
2025Q3,091-1,Helsinki 1,Two-bedroom+,Free-market,rent_eur_m2,21.97
2025Q3,091-1,Helsinki 1,Two-bedroom+,Free-market,n_rent,740.0
2025Q3,091-1,Helsinki 1,Two-bedroom+,Free-market,rent_new_eur_m2,22.94
2025Q3,091-1,Helsinki 1,Two-bedroom+,Free-market,n_rent_new,149.0
2025Q4,091-1,Helsinki 1,Two-bedroom+,Free-market,index_2025,100.2
2025Q4,091-1,Helsinki 1,Two-bedroom+,Free-market,index_qoq_pct,0.1
2025Q4,091-1,Helsinki 1,Two-bedroom+,Free-market,index_yoy_pct,
2025Q4,091-1,Helsinki 1,Two-bedroom+,Free-market,rent_eur_m2,20.84
2025Q4,091-1,Helsinki 1,Two-bedroom+,Free-market,n_rent,768.0
2025Q4,091-1,Helsinki 1,Two-bedroom+,Free-market,rent_new_eur_m2,23.37
2025Q4,091-1,Helsinki 1,Two-bedroom+,Free-market,n_rent_new,125.0
2026Q1,091-1,Helsinki 1,Two-bedroom+,Free-market,index_2025,100.2
2026Q1,091-1,Helsinki 1,Two-bedroom+,Free-market,index_qoq_pct,0.0
2026Q1,091-1,Helsinki 1,Two-bedroom+,Free-market,index_yoy_pct,0.4
2026Q1,091-1,Helsinki 1,Two-bedroom+,Free-market,rent_eur_m2,20.43
2026Q1,091-1,Helsinki 1,Two-bedroom+,Free-market,n_rent,792.0
2026Q1,091-1,Helsinki 1,Two-bedroom+,Free-market,rent_new_eur_m2,22.91
2026Q1,091-1,Helsinki 1,Two-bedroom+,Free-market,n_rent_new,136.0
2026Q2,091-1,Helsinki 1,Two-bedroom+,Free-market,index_2025,100.2
2026Q2,091-1,Helsinki 1,Two-bedroom+,Free-market,index_qoq_pct,0.0
2026Q2,091-1,Helsinki 1,Two-bedroom+,Free-market,index_yoy_pct,0.2
2026Q2,091-1,Helsinki 1,Two-bedroom+,Free-market,rent_eur_m2,21.17
2026Q2,091-1,Helsinki 1,Two-bedroom+,Free-market,n_rent,904.0
2026Q2,091-1,Helsinki 1,Two-bedroom+,Free-market,rent_new_eur_m2,23.62
2026Q2,091-1,Helsinki 1,Two-bedroom+,Free-market,n_rent_new,247.0
2025Q1,091-2,Helsinki 2,Two-bedroom+,Free-market,index_2025,99.9
2025Q1,091-2,Helsinki 2,Two-bedroom+,Free-market,index_qoq_pct,
2025Q1,091-2,Helsinki 2,Two-bedroom+,Free-market,index_yoy_pct,
2025Q1,091-2,Helsinki 2,Two-bedroom+,Free-market,rent_eur_m2,18.63
2025Q1,091-2,Helsinki 2,Two-bedroom+,Free-market,n_rent,2025.0
2025Q1,091-2,Helsinki 2,Two-bedroom+,Free-market,rent_new_eur_m2,20.14
2025Q1,091-2,Helsinki 2,Two-bedroom+,Free-market,n_rent_new,275.0
2025Q2,091-2,Helsinki 2,Two-bedroom+,Free-market,index_2025,100.0
2025Q2,091-2,Helsinki 2,Two-bedroom+,Free-market,index_qoq_pct,0.1
2025Q2,091-2,Helsinki 2,Two-bedroom+,Free-market,index_yoy_pct,
2025Q2,091-2,Helsinki 2,Two-bedroom+,Free-market,rent_eur_m2,18.71
2025Q2,091-2,Helsinki 2,Two-bedroom+,Free-market,n_rent,1980.0
2025Q2,091-2,Helsinki 2,Two-bedroom+,Free-market,rent_new_eur_m2,20.02
2025Q2,091-2,Helsinki 2,Two-bedroom+,Free-market,n_rent_new,241.0
2025Q3,091-2,Helsinki 2,Two-bedroom+,Free-market,index_2025,100.0
2025Q3,091-2,Helsinki 2,Two-bedroom+,Free-market,index_qoq_pct,0.0
2025Q3,091-2,Helsinki 2,Two-bedroom+,Free-market,index_yoy_pct,
2025Q3,091-2,Helsinki 2,Two-bedroom+,Free-market,rent_eur_m2,18.88
2025Q3,091-2,Helsinki 2,Two-bedroom+,Free-market,n_rent,2030.0
2025Q3,091-2,Helsinki 2,Two-bedroom+,Free-market,rent_new_eur_m2,19.75
2025Q3,091-2,Helsinki 2,Two-bedroom+,Free-market,n_rent_new,272.0
2025Q4,091-2,Helsinki 2,Two-bedroom+,Free-market,index_2025,100.0
2025Q4,091-2,Helsinki 2,Two-bedroom+,Free-market,index_qoq_pct,0.0
2025Q4,091-2,Helsinki 2,Two-bedroom+,Free-market,index_yoy_pct,
2025Q4,091-2,Helsinki 2,Two-bedroom+,Free-market,rent_eur_m2,18.55
2025Q4,091-2,Helsinki 2,Two-bedroom+,Free-market,n_rent,2087.0
2025Q4,091-2,Helsinki 2,Two-bedroom+,Free-market,rent_new_eur_m2,19.83
2025Q4,091-2,Helsinki 2,Two-bedroom+,Free-market,n_rent_new,227.0
2026Q1,091-2,Helsinki 2,Two-bedroom+,Free-market,index_2025,100.1
2026Q1,091-2,Helsinki 2,Two-bedroom+,Free-market,index_qoq_pct,0.1
2026Q1,091-2,Helsinki 2,Two-bedroom+,Free-market,index_yoy_pct,0.2
2026Q1,091-2,Helsinki 2,Two-bedroom+,Free-market,rent_eur_m2,18.65
2026Q1,091-2,Helsinki 2,Two-bedroom+,Free-market,n_rent,2087.0
2026Q1,091-2,Helsinki 2,Two-bedroom+,Free-market,rent_new_eur_m2,19.58
2026Q1,091-2,Helsinki 2,Two-bedroom+,Free-market,n_rent_new,259.0
2026Q2,091-2,Helsinki 2,Two-bedroom+,Free-market,index_2025,100.2
2026Q2,091-2,Helsinki 2,Two-bedroom+,Free-market,index_qoq_pct,0.0
2026Q2,091-2,Helsinki 2,Two-bedroom+,Free-market,index_yoy_pct,0.2
2026Q2,091-2,Helsinki 2,Two-bedroom+,Free-market,rent_eur_m2,18.97
2026Q2,091-2,Helsinki 2,Two-bedroom+,Free-market,n_rent,2354.0
2026Q2,091-2,Helsinki 2,Two-bedroom+,Free-market,rent_new_eur_m2,20.45
2026Q2,091-2,Helsinki 2,Two-bedroom+,Free-market,n_rent_new,597.0
2025Q1,091-3,Helsinki 3,Two-bedroom+,Free-market,index_2025,100.4
2025Q1,091-3,Helsinki 3,Two-bedroom+,Free-market,index_qoq_pct,
2025Q1,091-3,Helsinki 3,Two-bedroom+,Free-market,index_yoy_pct,
2025Q1,091-3,Helsinki 3,Two-bedroom+,Free-market,rent_eur_m2,17.27
2025Q1,091-3,Helsinki 3,Two-bedroom+,Free-market,n_rent,1159.0
2025Q1,091-3,Helsinki 3,Two-bedroom+,Free-market,rent_new_eur_m2,17.72
2025Q1,091-3,Helsinki 3,Two-bedroom+,Free-market,n_rent_new,136.0
2025Q2,091-3,Helsinki 3,Two-bedroom+,Free-market,index_2025,100.0
2025Q2,091-3,Helsinki 3,Two-bedroom+,Free-market,index_qoq_pct,-0.4
2025Q2,091-3,Helsinki 3,Two-bedroom+,Free-market,index_yoy_pct,
2025Q2,091-3,Helsinki 3,Two-bedroom+,Free-market,rent_eur_m2,17.32
2025Q2,091-3,Helsinki 3,Two-bedroom+,Free-market,n_rent,1115.0
2025Q2,091-3,Helsinki 3,Two-bedroom+,Free-market,rent_new_eur_m2,17.26
2025Q2,091-3,Helsinki 3,Two-bedroom+,Free-market,n_rent_new,105.0
2025Q3,091-3,Helsinki 3,Two-bedroom+,Free-market,index_2025,99.8
2025Q3,091-3,Helsinki 3,Two-bedroom+,Free-market,index_qoq_pct,-0.2
2025Q3,091-3,Helsinki 3,Two-bedroom+,Free-market,index_yoy_pct,
2025Q3,091-3,Helsinki 3,Two-bedroom+,Free-market,rent_eur_m2,17.27
2025Q3,091-3,Helsinki 3,Two-bedroom+,Free-market,n_rent,1188.0
2025Q3,091-3,Helsinki 3,Two-bedroom+,Free-market,rent_new_eur_m2,17.35
2025Q3,091-3,Helsinki 3,Two-bedroom+,Free-market,n_rent_new,134.0
2025Q4,091-3,Helsinki 3,Two-bedroom+,Free-market,index_2025,99.7
2025Q4,091-3,Helsinki 3,Two-bedroom+,Free-market,index_qoq_pct,-0.1
2025Q4,091-3,Helsinki 3,Two-bedroom+,Free-market,index_yoy_pct,
2025Q4,091-3,Helsinki 3,Two-bedroom+,Free-market,rent_eur_m2,17.1
2025Q4,091-3,Helsinki 3,Two-bedroom+,Free-market,n_rent,1198.0
2025Q4,091-3,Helsinki 3,Two-bedroom+,Free-market,rent_new_eur_m2,17.55
2025Q4,091-3,Helsinki 3,Two-bedroom+,Free-market,n_rent_new,102.0
2026Q1,091-3,Helsinki 3,Two-bedroom+,Free-market,index_2025,99.7
2026Q1,091-3,Helsinki 3,Two-bedroom+,Free-market,index_qoq_pct,0.0
2026Q1,091-3,Helsinki 3,Two-bedroom+,Free-market,index_yoy_pct,-0.8
2026Q1,091-3,Helsinki 3,Two-bedroom+,Free-market,rent_eur_m2,17.18
2026Q1,091-3,Helsinki 3,Two-bedroom+,Free-market,n_rent,1213.0
2026Q1,091-3,Helsinki 3,Two-bedroom+,Free-market,rent_new_eur_m2,17.47
2026Q1,091-3,Helsinki 3,Two-bedroom+,Free-market,n_rent_new,167.0
2026Q2,091-3,Helsinki 3,Two-bedroom+,Free-market,index_2025,99.6
2026Q2,091-3,Helsinki 3,Two-bedroom+,Free-market,index_qoq_pct,-0.1
2026Q2,091-3,Helsinki 3,Two-bedroom+,Free-market,index_yoy_pct,-0.5
2026Q2,091-3,Helsinki 3,Two-bedroom+,Free-market,rent_eur_m2,17.18
2026Q2,091-3,Helsinki 3,Two-bedroom+,Free-market,n_rent,1274.0
2026Q2,091-3,Helsinki 3,Two-bedroom+,Free-market,rent_new_eur_m2,17.39
2026Q2,091-3,Helsinki 3,Two-bedroom+,Free-market,n_rent_new,203.0
2025Q1,091-4,Helsinki 4,Two-bedroom+,Free-market,index_2025,100.8
2025Q1,091-4,Helsinki 4,Two-bedroom+,Free-market,index_qoq_pct,
2025Q1,091-4,Helsinki 4,Two-bedroom+,Free-market,index_yoy_pct,
2025Q1,091-4,Helsinki 4,Two-bedroom+,Free-market,rent_eur_m2,16.15
2025Q1,091-4,Helsinki 4,Two-bedroom+,Free-market,n_rent,3158.0
2025Q1,091-4,Helsinki 4,Two-bedroom+,Free-market,rent_new_eur_m2,15.55
2025Q1,091-4,Helsinki 4,Two-bedroom+,Free-market,n_rent_new,401.0
2025Q2,091-4,Helsinki 4,Two-bedroom+,Free-market,index_2025,100.3
2025Q2,091-4,Helsinki 4,Two-bedroom+,Free-market,index_qoq_pct,-0.5
2025Q2,091-4,Helsinki 4,Two-bedroom+,Free-market,index_yoy_pct,
2025Q2,091-4,Helsinki 4,Two-bedroom+,Free-market,rent_eur_m2,16.08
2025Q2,091-4,Helsinki 4,Two-bedroom+,Free-market,n_rent,3100.0
2025Q2,091-4,Helsinki 4,Two-bedroom+,Free-market,rent_new_eur_m2,15.17
2025Q2,091-4,Helsinki 4,Two-bedroom+,Free-market,n_rent_new,322.0
2025Q3,091-4,Helsinki 4,Two-bedroom+,Free-market,index_2025,99.7
2025Q3,091-4,Helsinki 4,Two-bedroom+,Free-market,index_qoq_pct,-0.6
2025Q3,091-4,Helsinki 4,Two-bedroom+,Free-market,index_yoy_pct,
2025Q3,091-4,Helsinki 4,Two-bedroom+,Free-market,rent_eur_m2,15.97
2025Q3,091-4,Helsinki 4,Two-bedroom+,Free-market,n_rent,3185.0
2025Q3,091-4,Helsinki 4,Two-bedroom+,Free-market,rent_new_eur_m2,15.2
2025Q3,091-4,Helsinki 4,Two-bedroom+,Free-market,n_rent_new,411.0
2025Q4,091-4,Helsinki 4,Two-bedroom+,Free-market,index_2025,99.2
2025Q4,091-4,Helsinki 4,Two-bedroom+,Free-market,index_qoq_pct,-0.5
2025Q4,091-4,Helsinki 4,Two-bedroom+,Free-market,index_yoy_pct,
2025Q4,091-4,Helsinki 4,Two-bedroom+,Free-market,rent_eur_m2,15.78
2025Q4,091-4,Helsinki 4,Two-bedroom+,Free-market,n_rent,3158.0
2025Q4,091-4,Helsinki 4,Two-bedroom+,Free-market,rent_new_eur_m2,15.27
2025Q4,091-4,Helsinki 4,Two-bedroom+,Free-market,n_rent_new,288.0
2026Q1,091-4,Helsinki 4,Two-bedroom+,Free-market,index_2025,98.9
2026Q1,091-4,Helsinki 4,Two-bedroom+,Free-market,index_qoq_pct,-0.3
2026Q1,091-4,Helsinki 4,Two-bedroom+,Free-market,index_yoy_pct,-1.9
2026Q1,091-4,Helsinki 4,Two-bedroom+,Free-market,rent_eur_m2,15.74
2026Q1,091-4,Helsinki 4,Two-bedroom+,Free-market,n_rent,3195.0
2026Q1,091-4,Helsinki 4,Two-bedroom+,Free-market,rent_new_eur_m2,15.2
2026Q1,091-4,Helsinki 4,Two-bedroom+,Free-market,n_rent_new,352.0
2026Q2,091-4,Helsinki 4,Two-bedroom+,Free-market,index_2025,98.6
2026Q2,091-4,Helsinki 4,Two-bedroom+,Free-market,index_qoq_pct,-0.3
2026Q2,091-4,Helsinki 4,Two-bedroom+,Free-market,index_yoy_pct,-1.7
2026Q2,091-4,Helsinki 4,Two-bedroom+,Free-market,rent_eur_m2,15.7
2026Q2,091-4,Helsinki 4,Two-bedroom+,Free-market,n_rent,3251.0
2026Q2,091-4,Helsinki 4,Two-bedroom+,Free-market,rent_new_eur_m2,15.35
2026Q2,091-4,Helsinki 4,Two-bedroom+,Free-market,n_rent_new,443.0
2025Q1,049,Espoo-Kauniainen,Two-bedroom+,Free-market,index_2025,100.1
2025Q1,049,Espoo-Kauniainen,Two-bedroom+,Free-market,index_qoq_pct,
2025Q1,049,Espoo-Kauniainen,Two-bedroom+,Free-market,index_yoy_pct,
2025Q1,049,Espoo-Kauniainen,Two-bedroom+,Free-market,rent_eur_m2,16.81
2025Q1,049,Espoo-Kauniainen,Two-bedroom+,Free-market,n_rent,3614.0
2025Q1,049,Espoo-Kauniainen,Two-bedroom+,Free-market,rent_new_eur_m2,17.11
2025Q1,049,Espoo-Kauniainen,Two-bedroom+,Free-market,n_rent_new,463.0
2025Q2,049,Espoo-Kauniainen,Two-bedroom+,Free-market,index_2025,100.0
2025Q2,049,Espoo-Kauniainen,Two-bedroom+,Free-market,index_qoq_pct,-0.1
2025Q2,049,Espoo-Kauniainen,Two-bedroom+,Free-market,index_yoy_pct,
2025Q2,049,Espoo-Kauniainen,Two-bedroom+,Free-market,rent_eur_m2,16.81
2025Q2,049,Espoo-Kauniainen,Two-bedroom+,Free-market,n_rent,3546.0
2025Q2,049,Espoo-Kauniainen,Two-bedroom+,Free-market,rent_new_eur_m2,17.42
2025Q2,049,Espoo-Kauniainen,Two-bedroom+,Free-market,n_rent_new,372.0
2025Q3,049,Espoo-Kauniainen,Two-bedroom+,Free-market,index_2025,99.9
2025Q3,049,Espoo-Kauniainen,Two-bedroom+,Free-market,index_qoq_pct,-0.1
2025Q3,049,Espoo-Kauniainen,Two-bedroom+,Free-market,index_yoy_pct,
2025Q3,049,Espoo-Kauniainen,Two-bedroom+,Free-market,rent_eur_m2,16.81
2025Q3,049,Espoo-Kauniainen,Two-bedroom+,Free-market,n_rent,3613.0
2025Q3,049,Espoo-Kauniainen,Two-bedroom+,Free-market,rent_new_eur_m2,16.96
2025Q3,049,Espoo-Kauniainen,Two-bedroom+,Free-market,n_rent_new,458.0
2025Q4,049,Espoo-Kauniainen,Two-bedroom+,Free-market,index_2025,100.0
2025Q4,049,Espoo-Kauniainen,Two-bedroom+,Free-market,index_qoq_pct,0.0
2025Q4,049,Espoo-Kauniainen,Two-bedroom+,Free-market,index_yoy_pct,
2025Q4,049,Espoo-Kauniainen,Two-bedroom+,Free-market,rent_eur_m2,16.76
2025Q4,049,Espoo-Kauniainen,Two-bedroom+,Free-market,n_rent,3638.0
2025Q4,049,Espoo-Kauniainen,Two-bedroom+,Free-market,rent_new_eur_m2,16.86
2025Q4,049,Espoo-Kauniainen,Two-bedroom+,Free-market,n_rent_new,386.0
2026Q1,049,Espoo-Kauniainen,Two-bedroom+,Free-market,index_2025,100.1
2026Q1,049,Espoo-Kauniainen,Two-bedroom+,Free-market,index_qoq_pct,0.1
2026Q1,049,Espoo-Kauniainen,Two-bedroom+,Free-market,index_yoy_pct,0.0
2026Q1,049,Espoo-Kauniainen,Two-bedroom+,Free-market,rent_eur_m2,16.8
2026Q1,049,Espoo-Kauniainen,Two-bedroom+,Free-market,n_rent,3653.0
2026Q1,049,Espoo-Kauniainen,Two-bedroom+,Free-market,rent_new_eur_m2,16.88
2026Q1,049,Espoo-Kauniainen,Two-bedroom+,Free-market,n_rent_new,445.0
2026Q2,049,Espoo-Kauniainen,Two-bedroom+,Free-market,index_2025,100.2
2026Q2,049,Espoo-Kauniainen,Two-bedroom+,Free-market,index_qoq_pct,0.1
2026Q2,049,Espoo-Kauniainen,Two-bedroom+,Free-market,index_yoy_pct,0.2
2026Q2,049,Espoo-Kauniainen,Two-bedroom+,Free-market,rent_eur_m2,17.06
2026Q2,049,Espoo-Kauniainen,Two-bedroom+,Free-market,n_rent,3918.0
2026Q2,049,Espoo-Kauniainen,Two-bedroom+,Free-market,rent_new_eur_m2,17.67
2026Q2,049,Espoo-Kauniainen,Two-bedroom+,Free-market,n_rent_new,760.0
2025Q1,049-1,Espoo-Kauniainen 1,Two-bedroom+,Free-market,index_2025,100.0
2025Q1,049-1,Espoo-Kauniainen 1,Two-bedroom+,Free-market,index_qoq_pct,
2025Q1,049-1,Espoo-Kauniainen 1,Two-bedroom+,Free-market,index_yoy_pct,
2025Q1,049-1,Espoo-Kauniainen 1,Two-bedroom+,Free-market,rent_eur_m2,17.77
2025Q1,049-1,Espoo-Kauniainen 1,Two-bedroom+,Free-market,n_rent,1559.0
2025Q1,049-1,Espoo-Kauniainen 1,Two-bedroom+,Free-market,rent_new_eur_m2,18.2
2025Q1,049-1,Espoo-Kauniainen 1,Two-bedroom+,Free-market,n_rent_new,193.0
2025Q2,049-1,Espoo-Kauniainen 1,Two-bedroom+,Free-market,index_2025,100.0
2025Q2,049-1,Espoo-Kauniainen 1,Two-bedroom+,Free-market,index_qoq_pct,0.0
2025Q2,049-1,Espoo-Kauniainen 1,Two-bedroom+,Free-market,index_yoy_pct,
2025Q2,049-1,Espoo-Kauniainen 1,Two-bedroom+,Free-market,rent_eur_m2,17.77
2025Q2,049-1,Espoo-Kauniainen 1,Two-bedroom+,Free-market,n_rent,1513.0
2025Q2,049-1,Espoo-Kauniainen 1,Two-bedroom+,Free-market,rent_new_eur_m2,18.62
2025Q2,049-1,Espoo-Kauniainen 1,Two-bedroom+,Free-market,n_rent_new,154.0
2025Q3,049-1,Espoo-Kauniainen 1,Two-bedroom+,Free-market,index_2025,100.0
2025Q3,049-1,Espoo-Kauniainen 1,Two-bedroom+,Free-market,index_qoq_pct,0.0
2025Q3,049-1,Espoo-Kauniainen 1,Two-bedroom+,Free-market,index_yoy_pct,
2025Q3,049-1,Espoo-Kauniainen 1,Two-bedroom+,Free-market,rent_eur_m2,17.81
2025Q3,049-1,Espoo-Kauniainen 1,Two-bedroom+,Free-market,n_rent,1522.0
2025Q3,049-1,Espoo-Kauniainen 1,Two-bedroom+,Free-market,rent_new_eur_m2,17.96
2025Q3,049-1,Espoo-Kauniainen 1,Two-bedroom+,Free-market,n_rent_new,183.0
2025Q4,049-1,Espoo-Kauniainen 1,Two-bedroom+,Free-market,index_2025,100.1
2025Q4,049-1,Espoo-Kauniainen 1,Two-bedroom+,Free-market,index_qoq_pct,0.1
2025Q4,049-1,Espoo-Kauniainen 1,Two-bedroom+,Free-market,index_yoy_pct,
2025Q4,049-1,Espoo-Kauniainen 1,Two-bedroom+,Free-market,rent_eur_m2,17.81
2025Q4,049-1,Espoo-Kauniainen 1,Two-bedroom+,Free-market,n_rent,1528.0
2025Q4,049-1,Espoo-Kauniainen 1,Two-bedroom+,Free-market,rent_new_eur_m2,18.07
2025Q4,049-1,Espoo-Kauniainen 1,Two-bedroom+,Free-market,n_rent_new,170.0
2026Q1,049-1,Espoo-Kauniainen 1,Two-bedroom+,Free-market,index_2025,100.2
2026Q1,049-1,Espoo-Kauniainen 1,Two-bedroom+,Free-market,index_qoq_pct,0.1
2026Q1,049-1,Espoo-Kauniainen 1,Two-bedroom+,Free-market,index_yoy_pct,0.2
2026Q1,049-1,Espoo-Kauniainen 1,Two-bedroom+,Free-market,rent_eur_m2,17.86
2026Q1,049-1,Espoo-Kauniainen 1,Two-bedroom+,Free-market,n_rent,1532.0
2026Q1,049-1,Espoo-Kauniainen 1,Two-bedroom+,Free-market,rent_new_eur_m2,18.17
2026Q1,049-1,Espoo-Kauniainen 1,Two-bedroom+,Free-market,n_rent_new,189.0
2026Q2,049-1,Espoo-Kauniainen 1,Two-bedroom+,Free-market,index_2025,100.3
2026Q2,049-1,Espoo-Kauniainen 1,Two-bedroom+,Free-market,index_qoq_pct,0.2
2026Q2,049-1,Espoo-Kauniainen 1,Two-bedroom+,Free-market,index_yoy_pct,0.4
2026Q2,049-1,Espoo-Kauniainen 1,Two-bedroom+,Free-market,rent_eur_m2,18.26
2026Q2,049-1,Espoo-Kauniainen 1,Two-bedroom+,Free-market,n_rent,1701.0
2026Q2,049-1,Espoo-Kauniainen 1,Two-bedroom+,Free-market,rent_new_eur_m2,19.29
2026Q2,049-1,Espoo-Kauniainen 1,Two-bedroom+,Free-market,n_rent_new,371.0
2025Q1,049-2,Espoo-Kauniainen 2,Two-bedroom+,Free-market,index_2025,100.1
2025Q1,049-2,Espoo-Kauniainen 2,Two-bedroom+,Free-market,index_qoq_pct,
2025Q1,049-2,Espoo-Kauniainen 2,Two-bedroom+,Free-market,index_yoy_pct,
2025Q1,049-2,Espoo-Kauniainen 2,Two-bedroom+,Free-market,rent_eur_m2,17.02
2025Q1,049-2,Espoo-Kauniainen 2,Two-bedroom+,Free-market,n_rent,728.0
2025Q1,049-2,Espoo-Kauniainen 2,Two-bedroom+,Free-market,rent_new_eur_m2,17.29
2025Q1,049-2,Espoo-Kauniainen 2,Two-bedroom+,Free-market,n_rent_new,102.0
2025Q2,049-2,Espoo-Kauniainen 2,Two-bedroom+,Free-market,index_2025,100.0
2025Q2,049-2,Espoo-Kauniainen 2,Two-bedroom+,Free-market,index_qoq_pct,-0.1
2025Q2,049-2,Espoo-Kauniainen 2,Two-bedroom+,Free-market,index_yoy_pct,
2025Q2,049-2,Espoo-Kauniainen 2,Two-bedroom+,Free-market,rent_eur_m2,17.06
2025Q2,049-2,Espoo-Kauniainen 2,Two-bedroom+,Free-market,n_rent,736.0
2025Q2,049-2,Espoo-Kauniainen 2,Two-bedroom+,Free-market,rent_new_eur_m2,17.23
2025Q2,049-2,Espoo-Kauniainen 2,Two-bedroom+,Free-market,n_rent_new,83.0
2025Q3,049-2,Espoo-Kauniainen 2,Two-bedroom+,Free-market,index_2025,100.0
2025Q3,049-2,Espoo-Kauniainen 2,Two-bedroom+,Free-market,index_qoq_pct,0.0
2025Q3,049-2,Espoo-Kauniainen 2,Two-bedroom+,Free-market,index_yoy_pct,
2025Q3,049-2,Espoo-Kauniainen 2,Two-bedroom+,Free-market,rent_eur_m2,17.05
2025Q3,049-2,Espoo-Kauniainen 2,Two-bedroom+,Free-market,n_rent,761.0
2025Q3,049-2,Espoo-Kauniainen 2,Two-bedroom+,Free-market,rent_new_eur_m2,17.41
2025Q3,049-2,Espoo-Kauniainen 2,Two-bedroom+,Free-market,n_rent_new,91.0
2025Q4,049-2,Espoo-Kauniainen 2,Two-bedroom+,Free-market,index_2025,100.0
2025Q4,049-2,Espoo-Kauniainen 2,Two-bedroom+,Free-market,index_qoq_pct,0.0
2025Q4,049-2,Espoo-Kauniainen 2,Two-bedroom+,Free-market,index_yoy_pct,
2025Q4,049-2,Espoo-Kauniainen 2,Two-bedroom+,Free-market,rent_eur_m2,17.0
2025Q4,049-2,Espoo-Kauniainen 2,Two-bedroom+,Free-market,n_rent,765.0
2025Q4,049-2,Espoo-Kauniainen 2,Two-bedroom+,Free-market,rent_new_eur_m2,16.63
2025Q4,049-2,Espoo-Kauniainen 2,Two-bedroom+,Free-market,n_rent_new,69.0
2026Q1,049-2,Espoo-Kauniainen 2,Two-bedroom+,Free-market,index_2025,100.3
2026Q1,049-2,Espoo-Kauniainen 2,Two-bedroom+,Free-market,index_qoq_pct,0.3
2026Q1,049-2,Espoo-Kauniainen 2,Two-bedroom+,Free-market,index_yoy_pct,0.2
2026Q1,049-2,Espoo-Kauniainen 2,Two-bedroom+,Free-market,rent_eur_m2,17.04
2026Q1,049-2,Espoo-Kauniainen 2,Two-bedroom+,Free-market,n_rent,775.0
2026Q1,049-2,Espoo-Kauniainen 2,Two-bedroom+,Free-market,rent_new_eur_m2,16.86
2026Q1,049-2,Espoo-Kauniainen 2,Two-bedroom+,Free-market,n_rent_new,87.0
2026Q2,049-2,Espoo-Kauniainen 2,Two-bedroom+,Free-market,index_2025,100.5
2026Q2,049-2,Espoo-Kauniainen 2,Two-bedroom+,Free-market,index_qoq_pct,0.2
2026Q2,049-2,Espoo-Kauniainen 2,Two-bedroom+,Free-market,index_yoy_pct,0.5
2026Q2,049-2,Espoo-Kauniainen 2,Two-bedroom+,Free-market,rent_eur_m2,17.1
2026Q2,049-2,Espoo-Kauniainen 2,Two-bedroom+,Free-market,n_rent,865.0
2026Q2,049-2,Espoo-Kauniainen 2,Two-bedroom+,Free-market,rent_new_eur_m2,17.23
2026Q2,049-2,Espoo-Kauniainen 2,Two-bedroom+,Free-market,n_rent_new,182.0
2025Q1,049-3,Espoo-Kauniainen 3,Two-bedroom+,Free-market,index_2025,100.4
2025Q1,049-3,Espoo-Kauniainen 3,Two-bedroom+,Free-market,index_qoq_pct,
2025Q1,049-3,Espoo-Kauniainen 3,Two-bedroom+,Free-market,index_yoy_pct,
2025Q1,049-3,Espoo-Kauniainen 3,Two-bedroom+,Free-market,rent_eur_m2,15.23
2025Q1,049-3,Espoo-Kauniainen 3,Two-bedroom+,Free-market,n_rent,1327.0
2025Q1,049-3,Espoo-Kauniainen 3,Two-bedroom+,Free-market,rent_new_eur_m2,15.18
2025Q1,049-3,Espoo-Kauniainen 3,Two-bedroom+,Free-market,n_rent_new,168.0
2025Q2,049-3,Espoo-Kauniainen 3,Two-bedroom+,Free-market,index_2025,100.1
2025Q2,049-3,Espoo-Kauniainen 3,Two-bedroom+,Free-market,index_qoq_pct,-0.3
2025Q2,049-3,Espoo-Kauniainen 3,Two-bedroom+,Free-market,index_yoy_pct,
2025Q2,049-3,Espoo-Kauniainen 3,Two-bedroom+,Free-market,rent_eur_m2,15.21
2025Q2,049-3,Espoo-Kauniainen 3,Two-bedroom+,Free-market,n_rent,1297.0
2025Q2,049-3,Espoo-Kauniainen 3,Two-bedroom+,Free-market,rent_new_eur_m2,15.65
2025Q2,049-3,Espoo-Kauniainen 3,Two-bedroom+,Free-market,n_rent_new,135.0
2025Q3,049-3,Espoo-Kauniainen 3,Two-bedroom+,Free-market,index_2025,99.8
2025Q3,049-3,Espoo-Kauniainen 3,Two-bedroom+,Free-market,index_qoq_pct,-0.3
2025Q3,049-3,Espoo-Kauniainen 3,Two-bedroom+,Free-market,index_yoy_pct,
2025Q3,049-3,Espoo-Kauniainen 3,Two-bedroom+,Free-market,rent_eur_m2,15.17
2025Q3,049-3,Espoo-Kauniainen 3,Two-bedroom+,Free-market,n_rent,1330.0
2025Q3,049-3,Espoo-Kauniainen 3,Two-bedroom+,Free-market,rent_new_eur_m2,15.29
2025Q3,049-3,Espoo-Kauniainen 3,Two-bedroom+,Free-market,n_rent_new,184.0
2025Q4,049-3,Espoo-Kauniainen 3,Two-bedroom+,Free-market,index_2025,99.7
2025Q4,049-3,Espoo-Kauniainen 3,Two-bedroom+,Free-market,index_qoq_pct,-0.1
2025Q4,049-3,Espoo-Kauniainen 3,Two-bedroom+,Free-market,index_yoy_pct,
2025Q4,049-3,Espoo-Kauniainen 3,Two-bedroom+,Free-market,rent_eur_m2,15.06
2025Q4,049-3,Espoo-Kauniainen 3,Two-bedroom+,Free-market,n_rent,1345.0
2025Q4,049-3,Espoo-Kauniainen 3,Two-bedroom+,Free-market,rent_new_eur_m2,14.96
2025Q4,049-3,Espoo-Kauniainen 3,Two-bedroom+,Free-market,n_rent_new,147.0
2026Q1,049-3,Espoo-Kauniainen 3,Two-bedroom+,Free-market,index_2025,99.7
2026Q1,049-3,Espoo-Kauniainen 3,Two-bedroom+,Free-market,index_qoq_pct,0.0
2026Q1,049-3,Espoo-Kauniainen 3,Two-bedroom+,Free-market,index_yoy_pct,-0.7
2026Q1,049-3,Espoo-Kauniainen 3,Two-bedroom+,Free-market,rent_eur_m2,15.06
2026Q1,049-3,Espoo-Kauniainen 3,Two-bedroom+,Free-market,n_rent,1346.0
2026Q1,049-3,Espoo-Kauniainen 3,Two-bedroom+,Free-market,rent_new_eur_m2,14.94
2026Q1,049-3,Espoo-Kauniainen 3,Two-bedroom+,Free-market,n_rent_new,169.0
2026Q2,049-3,Espoo-Kauniainen 3,Two-bedroom+,Free-market,index_2025,99.7
2026Q2,049-3,Espoo-Kauniainen 3,Two-bedroom+,Free-market,index_qoq_pct,0.0
2026Q2,049-3,Espoo-Kauniainen 3,Two-bedroom+,Free-market,index_yoy_pct,-0.4
2026Q2,049-3,Espoo-Kauniainen 3,Two-bedroom+,Free-market,rent_eur_m2,15.08
2026Q2,049-3,Espoo-Kauniainen 3,Two-bedroom+,Free-market,n_rent,1352.0
2026Q2,049-3,Espoo-Kauniainen 3,Two-bedroom+,Free-market,rent_new_eur_m2,15.06
2026Q2,049-3,Espoo-Kauniainen 3,Two-bedroom+,Free-market,n_rent_new,207.0
2025Q1,092,Vantaa,Two-bedroom+,Free-market,index_2025,100.8
2025Q1,092,Vantaa,Two-bedroom+,Free-market,index_qoq_pct,
2025Q1,092,Vantaa,Two-bedroom+,Free-market,index_yoy_pct,
2025Q1,092,Vantaa,Two-bedroom+,Free-market,rent_eur_m2,15.85
2025Q1,092,Vantaa,Two-bedroom+,Free-market,n_rent,4089.0
2025Q1,092,Vantaa,Two-bedroom+,Free-market,rent_new_eur_m2,15.18
2025Q1,092,Vantaa,Two-bedroom+,Free-market,n_rent_new,431.0
2025Q2,092,Vantaa,Two-bedroom+,Free-market,index_2025,100.3
2025Q2,092,Vantaa,Two-bedroom+,Free-market,index_qoq_pct,-0.5
2025Q2,092,Vantaa,Two-bedroom+,Free-market,index_yoy_pct,
2025Q2,092,Vantaa,Two-bedroom+,Free-market,rent_eur_m2,15.79
2025Q2,092,Vantaa,Two-bedroom+,Free-market,n_rent,4074.0
2025Q2,092,Vantaa,Two-bedroom+,Free-market,rent_new_eur_m2,15.31
2025Q2,092,Vantaa,Two-bedroom+,Free-market,n_rent_new,400.0
2025Q3,092,Vantaa,Two-bedroom+,Free-market,index_2025,99.6
2025Q3,092,Vantaa,Two-bedroom+,Free-market,index_qoq_pct,-0.7
2025Q3,092,Vantaa,Two-bedroom+,Free-market,index_yoy_pct,
2025Q3,092,Vantaa,Two-bedroom+,Free-market,rent_eur_m2,15.72
2025Q3,092,Vantaa,Two-bedroom+,Free-market,n_rent,4211.0
2025Q3,092,Vantaa,Two-bedroom+,Free-market,rent_new_eur_m2,15.5
2025Q3,092,Vantaa,Two-bedroom+,Free-market,n_rent_new,437.0
2025Q4,092,Vantaa,Two-bedroom+,Free-market,index_2025,99.3
2025Q4,092,Vantaa,Two-bedroom+,Free-market,index_qoq_pct,-0.3
2025Q4,092,Vantaa,Two-bedroom+,Free-market,index_yoy_pct,
2025Q4,092,Vantaa,Two-bedroom+,Free-market,rent_eur_m2,15.56
2025Q4,092,Vantaa,Two-bedroom+,Free-market,n_rent,4316.0
2025Q4,092,Vantaa,Two-bedroom+,Free-market,rent_new_eur_m2,15.3
2025Q4,092,Vantaa,Two-bedroom+,Free-market,n_rent_new,398.0
2026Q1,092,Vantaa,Two-bedroom+,Free-market,index_2025,99.1
2026Q1,092,Vantaa,Two-bedroom+,Free-market,index_qoq_pct,-0.2
2026Q1,092,Vantaa,Two-bedroom+,Free-market,index_yoy_pct,-1.6
2026Q1,092,Vantaa,Two-bedroom+,Free-market,rent_eur_m2,15.54
2026Q1,092,Vantaa,Two-bedroom+,Free-market,n_rent,4327.0
2026Q1,092,Vantaa,Two-bedroom+,Free-market,rent_new_eur_m2,15.32
2026Q1,092,Vantaa,Two-bedroom+,Free-market,n_rent_new,463.0
2026Q2,092,Vantaa,Two-bedroom+,Free-market,index_2025,98.8
2026Q2,092,Vantaa,Two-bedroom+,Free-market,index_qoq_pct,-0.3
2026Q2,092,Vantaa,Two-bedroom+,Free-market,index_yoy_pct,-1.5
2026Q2,092,Vantaa,Two-bedroom+,Free-market,rent_eur_m2,15.54
2026Q2,092,Vantaa,Two-bedroom+,Free-market,n_rent,4496.0
2026Q2,092,Vantaa,Two-bedroom+,Free-market,rent_new_eur_m2,15.4
2026Q2,092,Vantaa,Two-bedroom+,Free-market,n_rent_new,624.0
2025Q1,092-1,Vantaa 1,Two-bedroom+,Free-market,index_2025,100.7
2025Q1,092-1,Vantaa 1,Two-bedroom+,Free-market,index_qoq_pct,
2025Q1,092-1,Vantaa 1,Two-bedroom+,Free-market,index_yoy_pct,
2025Q1,092-1,Vantaa 1,Two-bedroom+,Free-market,rent_eur_m2,17.21
2025Q1,092-1,Vantaa 1,Two-bedroom+,Free-market,n_rent,1096.0
2025Q1,092-1,Vantaa 1,Two-bedroom+,Free-market,rent_new_eur_m2,16.96
2025Q1,092-1,Vantaa 1,Two-bedroom+,Free-market,n_rent_new,119.0
2025Q2,092-1,Vantaa 1,Two-bedroom+,Free-market,index_2025,100.2
2025Q2,092-1,Vantaa 1,Two-bedroom+,Free-market,index_qoq_pct,-0.5
2025Q2,092-1,Vantaa 1,Two-bedroom+,Free-market,index_yoy_pct,
2025Q2,092-1,Vantaa 1,Two-bedroom+,Free-market,rent_eur_m2,17.18
2025Q2,092-1,Vantaa 1,Two-bedroom+,Free-market,n_rent,1074.0
2025Q2,092-1,Vantaa 1,Two-bedroom+,Free-market,rent_new_eur_m2,17.37
2025Q2,092-1,Vantaa 1,Two-bedroom+,Free-market,n_rent_new,101.0
2025Q3,092-1,Vantaa 1,Two-bedroom+,Free-market,index_2025,99.7
2025Q3,092-1,Vantaa 1,Two-bedroom+,Free-market,index_qoq_pct,-0.5
2025Q3,092-1,Vantaa 1,Two-bedroom+,Free-market,index_yoy_pct,
2025Q3,092-1,Vantaa 1,Two-bedroom+,Free-market,rent_eur_m2,17.09
2025Q3,092-1,Vantaa 1,Two-bedroom+,Free-market,n_rent,1189.0
2025Q3,092-1,Vantaa 1,Two-bedroom+,Free-market,rent_new_eur_m2,17.19
2025Q3,092-1,Vantaa 1,Two-bedroom+,Free-market,n_rent_new,127.0
2025Q4,092-1,Vantaa 1,Two-bedroom+,Free-market,index_2025,99.5
2025Q4,092-1,Vantaa 1,Two-bedroom+,Free-market,index_qoq_pct,-0.2
2025Q4,092-1,Vantaa 1,Two-bedroom+,Free-market,index_yoy_pct,
2025Q4,092-1,Vantaa 1,Two-bedroom+,Free-market,rent_eur_m2,16.98
2025Q4,092-1,Vantaa 1,Two-bedroom+,Free-market,n_rent,1152.0
2025Q4,092-1,Vantaa 1,Two-bedroom+,Free-market,rent_new_eur_m2,16.9
2025Q4,092-1,Vantaa 1,Two-bedroom+,Free-market,n_rent_new,102.0
2026Q1,092-1,Vantaa 1,Two-bedroom+,Free-market,index_2025,99.3
2026Q1,092-1,Vantaa 1,Two-bedroom+,Free-market,index_qoq_pct,-0.2
2026Q1,092-1,Vantaa 1,Two-bedroom+,Free-market,index_yoy_pct,-1.4
2026Q1,092-1,Vantaa 1,Two-bedroom+,Free-market,rent_eur_m2,16.97
2026Q1,092-1,Vantaa 1,Two-bedroom+,Free-market,n_rent,1136.0
2026Q1,092-1,Vantaa 1,Two-bedroom+,Free-market,rent_new_eur_m2,17.1
2026Q1,092-1,Vantaa 1,Two-bedroom+,Free-market,n_rent_new,112.0
2026Q2,092-1,Vantaa 1,Two-bedroom+,Free-market,index_2025,98.9
2026Q2,092-1,Vantaa 1,Two-bedroom+,Free-market,index_qoq_pct,-0.3
2026Q2,092-1,Vantaa 1,Two-bedroom+,Free-market,index_yoy_pct,-1.2
2026Q2,092-1,Vantaa 1,Two-bedroom+,Free-market,rent_eur_m2,16.91
2026Q2,092-1,Vantaa 1,Two-bedroom+,Free-market,n_rent,1276.0
2026Q2,092-1,Vantaa 1,Two-bedroom+,Free-market,rent_new_eur_m2,17.01
2026Q2,092-1,Vantaa 1,Two-bedroom+,Free-market,n_rent_new,230.0
2025Q1,092-2,Vantaa 2,Two-bedroom+,Free-market,index_2025,101.1
2025Q1,092-2,Vantaa 2,Two-bedroom+,Free-market,index_qoq_pct,
2025Q1,092-2,Vantaa 2,Two-bedroom+,Free-market,index_yoy_pct,
2025Q1,092-2,Vantaa 2,Two-bedroom+,Free-market,rent_eur_m2,15.71
2025Q1,092-2,Vantaa 2,Two-bedroom+,Free-market,n_rent,725.0
2025Q1,092-2,Vantaa 2,Two-bedroom+,Free-market,rent_new_eur_m2,16.15
2025Q1,092-2,Vantaa 2,Two-bedroom+,Free-market,n_rent_new,58.0
2025Q2,092-2,Vantaa 2,Two-bedroom+,Free-market,index_2025,100.4
2025Q2,092-2,Vantaa 2,Two-bedroom+,Free-market,index_qoq_pct,-0.8
2025Q2,092-2,Vantaa 2,Two-bedroom+,Free-market,index_yoy_pct,
2025Q2,092-2,Vantaa 2,Two-bedroom+,Free-market,rent_eur_m2,15.63
2025Q2,092-2,Vantaa 2,Two-bedroom+,Free-market,n_rent,745.0
2025Q2,092-2,Vantaa 2,Two-bedroom+,Free-market,rent_new_eur_m2,15.53
2025Q2,092-2,Vantaa 2,Two-bedroom+,Free-market,n_rent_new,60.0
2025Q3,092-2,Vantaa 2,Two-bedroom+,Free-market,index_2025,99.5
2025Q3,092-2,Vantaa 2,Two-bedroom+,Free-market,index_qoq_pct,-0.9
2025Q3,092-2,Vantaa 2,Two-bedroom+,Free-market,index_yoy_pct,
2025Q3,092-2,Vantaa 2,Two-bedroom+,Free-market,rent_eur_m2,15.51
2025Q3,092-2,Vantaa 2,Two-bedroom+,Free-market,n_rent,781.0
2025Q3,092-2,Vantaa 2,Two-bedroom+,Free-market,rent_new_eur_m2,15.49
2025Q3,092-2,Vantaa 2,Two-bedroom+,Free-market,n_rent_new,75.0
2025Q4,092-2,Vantaa 2,Two-bedroom+,Free-market,index_2025,99.0
2025Q4,092-2,Vantaa 2,Two-bedroom+,Free-market,index_qoq_pct,-0.5
2025Q4,092-2,Vantaa 2,Two-bedroom+,Free-market,index_yoy_pct,
2025Q4,092-2,Vantaa 2,Two-bedroom+,Free-market,rent_eur_m2,15.33
2025Q4,092-2,Vantaa 2,Two-bedroom+,Free-market,n_rent,757.0
2025Q4,092-2,Vantaa 2,Two-bedroom+,Free-market,rent_new_eur_m2,15.55
2025Q4,092-2,Vantaa 2,Two-bedroom+,Free-market,n_rent_new,59.0
2026Q1,092-2,Vantaa 2,Two-bedroom+,Free-market,index_2025,98.7
2026Q1,092-2,Vantaa 2,Two-bedroom+,Free-market,index_qoq_pct,-0.3
2026Q1,092-2,Vantaa 2,Two-bedroom+,Free-market,index_yoy_pct,-2.4
2026Q1,092-2,Vantaa 2,Two-bedroom+,Free-market,rent_eur_m2,15.3
2026Q1,092-2,Vantaa 2,Two-bedroom+,Free-market,n_rent,780.0
2026Q1,092-2,Vantaa 2,Two-bedroom+,Free-market,rent_new_eur_m2,15.76
2026Q1,092-2,Vantaa 2,Two-bedroom+,Free-market,n_rent_new,97.0
2026Q2,092-2,Vantaa 2,Two-bedroom+,Free-market,index_2025,98.3
2026Q2,092-2,Vantaa 2,Two-bedroom+,Free-market,index_qoq_pct,-0.4
2026Q2,092-2,Vantaa 2,Two-bedroom+,Free-market,index_yoy_pct,-2.0
2026Q2,092-2,Vantaa 2,Two-bedroom+,Free-market,rent_eur_m2,15.25
2026Q2,092-2,Vantaa 2,Two-bedroom+,Free-market,n_rent,772.0
2026Q2,092-2,Vantaa 2,Two-bedroom+,Free-market,rent_new_eur_m2,15.24
2026Q2,092-2,Vantaa 2,Two-bedroom+,Free-market,n_rent_new,88.0
2025Q1,092-3,Vantaa 3,Two-bedroom+,Free-market,index_2025,100.8
2025Q1,092-3,Vantaa 3,Two-bedroom+,Free-market,index_qoq_pct,
2025Q1,092-3,Vantaa 3,Two-bedroom+,Free-market,index_yoy_pct,
2025Q1,092-3,Vantaa 3,Two-bedroom+,Free-market,rent_eur_m2,14.9
2025Q1,092-3,Vantaa 3,Two-bedroom+,Free-market,n_rent,2268.0
2025Q1,092-3,Vantaa 3,Two-bedroom+,Free-market,rent_new_eur_m2,13.77
2025Q1,092-3,Vantaa 3,Two-bedroom+,Free-market,n_rent_new,254.0
2025Q2,092-3,Vantaa 3,Two-bedroom+,Free-market,index_2025,100.3
2025Q2,092-3,Vantaa 3,Two-bedroom+,Free-market,index_qoq_pct,-0.4
2025Q2,092-3,Vantaa 3,Two-bedroom+,Free-market,index_yoy_pct,
2025Q2,092-3,Vantaa 3,Two-bedroom+,Free-market,rent_eur_m2,14.86
2025Q2,092-3,Vantaa 3,Two-bedroom+,Free-market,n_rent,2255.0
2025Q2,092-3,Vantaa 3,Two-bedroom+,Free-market,rent_new_eur_m2,14.05
2025Q2,092-3,Vantaa 3,Two-bedroom+,Free-market,n_rent_new,239.0
2025Q3,092-3,Vantaa 3,Two-bedroom+,Free-market,index_2025,99.6
2025Q3,092-3,Vantaa 3,Two-bedroom+,Free-market,index_qoq_pct,-0.7
2025Q3,092-3,Vantaa 3,Two-bedroom+,Free-market,index_yoy_pct,
2025Q3,092-3,Vantaa 3,Two-bedroom+,Free-market,rent_eur_m2,14.73
2025Q3,092-3,Vantaa 3,Two-bedroom+,Free-market,n_rent,2241.0
2025Q3,092-3,Vantaa 3,Two-bedroom+,Free-market,rent_new_eur_m2,14.04
2025Q3,092-3,Vantaa 3,Two-bedroom+,Free-market,n_rent_new,235.0
2025Q4,092-3,Vantaa 3,Two-bedroom+,Free-market,index_2025,99.3
2025Q4,092-3,Vantaa 3,Two-bedroom+,Free-market,index_qoq_pct,-0.3
2025Q4,092-3,Vantaa 3,Two-bedroom+,Free-market,index_yoy_pct,
2025Q4,092-3,Vantaa 3,Two-bedroom+,Free-market,rent_eur_m2,14.63
2025Q4,092-3,Vantaa 3,Two-bedroom+,Free-market,n_rent,2407.0
2025Q4,092-3,Vantaa 3,Two-bedroom+,Free-market,rent_new_eur_m2,14.17
2025Q4,092-3,Vantaa 3,Two-bedroom+,Free-market,n_rent_new,237.0
2026Q1,092-3,Vantaa 3,Two-bedroom+,Free-market,index_2025,99.2
2026Q1,092-3,Vantaa 3,Two-bedroom+,Free-market,index_qoq_pct,-0.2
2026Q1,092-3,Vantaa 3,Two-bedroom+,Free-market,index_yoy_pct,-1.6
2026Q1,092-3,Vantaa 3,Two-bedroom+,Free-market,rent_eur_m2,14.62
2026Q1,092-3,Vantaa 3,Two-bedroom+,Free-market,n_rent,2411.0
2026Q1,092-3,Vantaa 3,Two-bedroom+,Free-market,rent_new_eur_m2,14.1
2026Q1,092-3,Vantaa 3,Two-bedroom+,Free-market,n_rent_new,254.0
2026Q2,092-3,Vantaa 3,Two-bedroom+,Free-market,index_2025,98.9
2026Q2,092-3,Vantaa 3,Two-bedroom+,Free-market,index_qoq_pct,-0.3
2026Q2,092-3,Vantaa 3,Two-bedroom+,Free-market,index_yoy_pct,-1.4
2026Q2,092-3,Vantaa 3,Two-bedroom+,Free-market,rent_eur_m2,14.59
2026Q2,092-3,Vantaa 3,Two-bedroom+,Free-market,n_rent,2448.0
2026Q2,092-3,Vantaa 3,Two-bedroom+,Free-market,rent_new_eur_m2,13.99
2026Q2,092-3,Vantaa 3,Two-bedroom+,Free-market,n_rent_new,306.0
2025Q1,ksu,Koko maa,All,ARA (state-subsidised),index_2025,99.0
2025Q1,ksu,Koko maa,All,ARA (state-subsidised),index_qoq_pct,
2025Q1,ksu,Koko maa,All,ARA (state-subsidised),index_yoy_pct,
2025Q1,ksu,Koko maa,All,ARA (state-subsidised),rent_eur_m2,13.03
2025Q1,ksu,Koko maa,All,ARA (state-subsidised),n_rent,124522.0
2025Q1,ksu,Koko maa,All,ARA (state-subsidised),rent_new_eur_m2,
2025Q1,ksu,Koko maa,All,ARA (state-subsidised),n_rent_new,
2025Q2,ksu,Koko maa,All,ARA (state-subsidised),index_2025,99.8
2025Q2,ksu,Koko maa,All,ARA (state-subsidised),index_qoq_pct,0.9
2025Q2,ksu,Koko maa,All,ARA (state-subsidised),index_yoy_pct,
2025Q2,ksu,Koko maa,All,ARA (state-subsidised),rent_eur_m2,13.15
2025Q2,ksu,Koko maa,All,ARA (state-subsidised),n_rent,122891.0
2025Q2,ksu,Koko maa,All,ARA (state-subsidised),rent_new_eur_m2,
2025Q2,ksu,Koko maa,All,ARA (state-subsidised),n_rent_new,
2025Q3,ksu,Koko maa,All,ARA (state-subsidised),index_2025,100.4
2025Q3,ksu,Koko maa,All,ARA (state-subsidised),index_qoq_pct,0.5
2025Q3,ksu,Koko maa,All,ARA (state-subsidised),index_yoy_pct,
2025Q3,ksu,Koko maa,All,ARA (state-subsidised),rent_eur_m2,13.21
2025Q3,ksu,Koko maa,All,ARA (state-subsidised),n_rent,120895.0
2025Q3,ksu,Koko maa,All,ARA (state-subsidised),rent_new_eur_m2,
2025Q3,ksu,Koko maa,All,ARA (state-subsidised),n_rent_new,
2025Q4,ksu,Koko maa,All,ARA (state-subsidised),index_2025,100.8
2025Q4,ksu,Koko maa,All,ARA (state-subsidised),index_qoq_pct,0.4
2025Q4,ksu,Koko maa,All,ARA (state-subsidised),index_yoy_pct,
2025Q4,ksu,Koko maa,All,ARA (state-subsidised),rent_eur_m2,13.34
2025Q4,ksu,Koko maa,All,ARA (state-subsidised),n_rent,127317.0
2025Q4,ksu,Koko maa,All,ARA (state-subsidised),rent_new_eur_m2,
2025Q4,ksu,Koko maa,All,ARA (state-subsidised),n_rent_new,
2026Q1,ksu,Koko maa,All,ARA (state-subsidised),index_2025,101.2
2026Q1,ksu,Koko maa,All,ARA (state-subsidised),index_qoq_pct,0.4
2026Q1,ksu,Koko maa,All,ARA (state-subsidised),index_yoy_pct,2.2
2026Q1,ksu,Koko maa,All,ARA (state-subsidised),rent_eur_m2,13.4
2026Q1,ksu,Koko maa,All,ARA (state-subsidised),n_rent,125925.0
2026Q1,ksu,Koko maa,All,ARA (state-subsidised),rent_new_eur_m2,
2026Q1,ksu,Koko maa,All,ARA (state-subsidised),n_rent_new,
2026Q2,ksu,Koko maa,All,ARA (state-subsidised),index_2025,101.6
2026Q2,ksu,Koko maa,All,ARA (state-subsidised),index_qoq_pct,0.4
2026Q2,ksu,Koko maa,All,ARA (state-subsidised),index_yoy_pct,1.8
2026Q2,ksu,Koko maa,All,ARA (state-subsidised),rent_eur_m2,13.47
2026Q2,ksu,Koko maa,All,ARA (state-subsidised),n_rent,123662.0
2026Q2,ksu,Koko maa,All,ARA (state-subsidised),rent_new_eur_m2,
2026Q2,ksu,Koko maa,All,ARA (state-subsidised),n_rent_new,
2025Q1,pks,Pääkaupunkiseutu (PKS),All,ARA (state-subsidised),index_2025,98.9
2025Q1,pks,Pääkaupunkiseutu (PKS),All,ARA (state-subsidised),index_qoq_pct,
2025Q1,pks,Pääkaupunkiseutu (PKS),All,ARA (state-subsidised),index_yoy_pct,
2025Q1,pks,Pääkaupunkiseutu (PKS),All,ARA (state-subsidised),rent_eur_m2,14.63
2025Q1,pks,Pääkaupunkiseutu (PKS),All,ARA (state-subsidised),n_rent,42250.0
2025Q1,pks,Pääkaupunkiseutu (PKS),All,ARA (state-subsidised),rent_new_eur_m2,
2025Q1,pks,Pääkaupunkiseutu (PKS),All,ARA (state-subsidised),n_rent_new,
2025Q2,pks,Pääkaupunkiseutu (PKS),All,ARA (state-subsidised),index_2025,99.9
2025Q2,pks,Pääkaupunkiseutu (PKS),All,ARA (state-subsidised),index_qoq_pct,1.0
2025Q2,pks,Pääkaupunkiseutu (PKS),All,ARA (state-subsidised),index_yoy_pct,
2025Q2,pks,Pääkaupunkiseutu (PKS),All,ARA (state-subsidised),rent_eur_m2,14.8
2025Q2,pks,Pääkaupunkiseutu (PKS),All,ARA (state-subsidised),n_rent,41769.0
2025Q2,pks,Pääkaupunkiseutu (PKS),All,ARA (state-subsidised),rent_new_eur_m2,
2025Q2,pks,Pääkaupunkiseutu (PKS),All,ARA (state-subsidised),n_rent_new,
2025Q3,pks,Pääkaupunkiseutu (PKS),All,ARA (state-subsidised),index_2025,100.4
2025Q3,pks,Pääkaupunkiseutu (PKS),All,ARA (state-subsidised),index_qoq_pct,0.5
2025Q3,pks,Pääkaupunkiseutu (PKS),All,ARA (state-subsidised),index_yoy_pct,
2025Q3,pks,Pääkaupunkiseutu (PKS),All,ARA (state-subsidised),rent_eur_m2,14.86
2025Q3,pks,Pääkaupunkiseutu (PKS),All,ARA (state-subsidised),n_rent,41240.0
2025Q3,pks,Pääkaupunkiseutu (PKS),All,ARA (state-subsidised),rent_new_eur_m2,
2025Q3,pks,Pääkaupunkiseutu (PKS),All,ARA (state-subsidised),n_rent_new,
2025Q4,pks,Pääkaupunkiseutu (PKS),All,ARA (state-subsidised),index_2025,100.8
2025Q4,pks,Pääkaupunkiseutu (PKS),All,ARA (state-subsidised),index_qoq_pct,0.4
2025Q4,pks,Pääkaupunkiseutu (PKS),All,ARA (state-subsidised),index_yoy_pct,
2025Q4,pks,Pääkaupunkiseutu (PKS),All,ARA (state-subsidised),rent_eur_m2,15.04
2025Q4,pks,Pääkaupunkiseutu (PKS),All,ARA (state-subsidised),n_rent,43108.0
2025Q4,pks,Pääkaupunkiseutu (PKS),All,ARA (state-subsidised),rent_new_eur_m2,
2025Q4,pks,Pääkaupunkiseutu (PKS),All,ARA (state-subsidised),n_rent_new,
2026Q1,pks,Pääkaupunkiseutu (PKS),All,ARA (state-subsidised),index_2025,101.4
2026Q1,pks,Pääkaupunkiseutu (PKS),All,ARA (state-subsidised),index_qoq_pct,0.5
2026Q1,pks,Pääkaupunkiseutu (PKS),All,ARA (state-subsidised),index_yoy_pct,2.5
2026Q1,pks,Pääkaupunkiseutu (PKS),All,ARA (state-subsidised),rent_eur_m2,15.13
2026Q1,pks,Pääkaupunkiseutu (PKS),All,ARA (state-subsidised),n_rent,42754.0
2026Q1,pks,Pääkaupunkiseutu (PKS),All,ARA (state-subsidised),rent_new_eur_m2,
2026Q1,pks,Pääkaupunkiseutu (PKS),All,ARA (state-subsidised),n_rent_new,
2026Q2,pks,Pääkaupunkiseutu (PKS),All,ARA (state-subsidised),index_2025,101.8
2026Q2,pks,Pääkaupunkiseutu (PKS),All,ARA (state-subsidised),index_qoq_pct,0.4
2026Q2,pks,Pääkaupunkiseutu (PKS),All,ARA (state-subsidised),index_yoy_pct,2.0
2026Q2,pks,Pääkaupunkiseutu (PKS),All,ARA (state-subsidised),rent_eur_m2,15.2
2026Q2,pks,Pääkaupunkiseutu (PKS),All,ARA (state-subsidised),n_rent,42219.0
2026Q2,pks,Pääkaupunkiseutu (PKS),All,ARA (state-subsidised),rent_new_eur_m2,
2026Q2,pks,Pääkaupunkiseutu (PKS),All,ARA (state-subsidised),n_rent_new,
2025Q1,091,Helsinki,All,ARA (state-subsidised),index_2025,98.8
2025Q1,091,Helsinki,All,ARA (state-subsidised),index_qoq_pct,
2025Q1,091,Helsinki,All,ARA (state-subsidised),index_yoy_pct,
2025Q1,091,Helsinki,All,ARA (state-subsidised),rent_eur_m2,14.71
2025Q1,091,Helsinki,All,ARA (state-subsidised),n_rent,26530.0
2025Q1,091,Helsinki,All,ARA (state-subsidised),rent_new_eur_m2,
2025Q1,091,Helsinki,All,ARA (state-subsidised),n_rent_new,
2025Q2,091,Helsinki,All,ARA (state-subsidised),index_2025,99.9
2025Q2,091,Helsinki,All,ARA (state-subsidised),index_qoq_pct,1.1
2025Q2,091,Helsinki,All,ARA (state-subsidised),index_yoy_pct,
2025Q2,091,Helsinki,All,ARA (state-subsidised),rent_eur_m2,14.89
2025Q2,091,Helsinki,All,ARA (state-subsidised),n_rent,26337.0
2025Q2,091,Helsinki,All,ARA (state-subsidised),rent_new_eur_m2,
2025Q2,091,Helsinki,All,ARA (state-subsidised),n_rent_new,
2025Q3,091,Helsinki,All,ARA (state-subsidised),index_2025,100.4
2025Q3,091,Helsinki,All,ARA (state-subsidised),index_qoq_pct,0.5
2025Q3,091,Helsinki,All,ARA (state-subsidised),index_yoy_pct,
2025Q3,091,Helsinki,All,ARA (state-subsidised),rent_eur_m2,14.95
2025Q3,091,Helsinki,All,ARA (state-subsidised),n_rent,26086.0
2025Q3,091,Helsinki,All,ARA (state-subsidised),rent_new_eur_m2,
2025Q3,091,Helsinki,All,ARA (state-subsidised),n_rent_new,
2025Q4,091,Helsinki,All,ARA (state-subsidised),index_2025,100.9
2025Q4,091,Helsinki,All,ARA (state-subsidised),index_qoq_pct,0.4
2025Q4,091,Helsinki,All,ARA (state-subsidised),index_yoy_pct,
2025Q4,091,Helsinki,All,ARA (state-subsidised),rent_eur_m2,15.13
2025Q4,091,Helsinki,All,ARA (state-subsidised),n_rent,27241.0
2025Q4,091,Helsinki,All,ARA (state-subsidised),rent_new_eur_m2,
2025Q4,091,Helsinki,All,ARA (state-subsidised),n_rent_new,
2026Q1,091,Helsinki,All,ARA (state-subsidised),index_2025,101.5
2026Q1,091,Helsinki,All,ARA (state-subsidised),index_qoq_pct,0.6
2026Q1,091,Helsinki,All,ARA (state-subsidised),index_yoy_pct,2.7
2026Q1,091,Helsinki,All,ARA (state-subsidised),rent_eur_m2,15.23
2026Q1,091,Helsinki,All,ARA (state-subsidised),n_rent,26902.0
2026Q1,091,Helsinki,All,ARA (state-subsidised),rent_new_eur_m2,
2026Q1,091,Helsinki,All,ARA (state-subsidised),n_rent_new,
2026Q2,091,Helsinki,All,ARA (state-subsidised),index_2025,102.0
2026Q2,091,Helsinki,All,ARA (state-subsidised),index_qoq_pct,0.5
2026Q2,091,Helsinki,All,ARA (state-subsidised),index_yoy_pct,2.1
2026Q2,091,Helsinki,All,ARA (state-subsidised),rent_eur_m2,15.3
2026Q2,091,Helsinki,All,ARA (state-subsidised),n_rent,26491.0
2026Q2,091,Helsinki,All,ARA (state-subsidised),rent_new_eur_m2,
2026Q2,091,Helsinki,All,ARA (state-subsidised),n_rent_new,
2025Q1,091-1,Helsinki 1,All,ARA (state-subsidised),index_2025,99.0
2025Q1,091-1,Helsinki 1,All,ARA (state-subsidised),index_qoq_pct,
2025Q1,091-1,Helsinki 1,All,ARA (state-subsidised),index_yoy_pct,
2025Q1,091-1,Helsinki 1,All,ARA (state-subsidised),rent_eur_m2,18.35
2025Q1,091-1,Helsinki 1,All,ARA (state-subsidised),n_rent,2312.0
2025Q1,091-1,Helsinki 1,All,ARA (state-subsidised),rent_new_eur_m2,
2025Q1,091-1,Helsinki 1,All,ARA (state-subsidised),n_rent_new,
2025Q2,091-1,Helsinki 1,All,ARA (state-subsidised),index_2025,99.8
2025Q2,091-1,Helsinki 1,All,ARA (state-subsidised),index_qoq_pct,0.8
2025Q2,091-1,Helsinki 1,All,ARA (state-subsidised),index_yoy_pct,
2025Q2,091-1,Helsinki 1,All,ARA (state-subsidised),rent_eur_m2,18.56
2025Q2,091-1,Helsinki 1,All,ARA (state-subsidised),n_rent,2222.0
2025Q2,091-1,Helsinki 1,All,ARA (state-subsidised),rent_new_eur_m2,
2025Q2,091-1,Helsinki 1,All,ARA (state-subsidised),n_rent_new,
2025Q3,091-1,Helsinki 1,All,ARA (state-subsidised),index_2025,100.4
2025Q3,091-1,Helsinki 1,All,ARA (state-subsidised),index_qoq_pct,0.6
2025Q3,091-1,Helsinki 1,All,ARA (state-subsidised),index_yoy_pct,
2025Q3,091-1,Helsinki 1,All,ARA (state-subsidised),rent_eur_m2,18.6
2025Q3,091-1,Helsinki 1,All,ARA (state-subsidised),n_rent,2114.0
2025Q3,091-1,Helsinki 1,All,ARA (state-subsidised),rent_new_eur_m2,
2025Q3,091-1,Helsinki 1,All,ARA (state-subsidised),n_rent_new,
2025Q4,091-1,Helsinki 1,All,ARA (state-subsidised),index_2025,100.9
2025Q4,091-1,Helsinki 1,All,ARA (state-subsidised),index_qoq_pct,0.5
2025Q4,091-1,Helsinki 1,All,ARA (state-subsidised),index_yoy_pct,
2025Q4,091-1,Helsinki 1,All,ARA (state-subsidised),rent_eur_m2,18.88
2025Q4,091-1,Helsinki 1,All,ARA (state-subsidised),n_rent,2402.0
2025Q4,091-1,Helsinki 1,All,ARA (state-subsidised),rent_new_eur_m2,
2025Q4,091-1,Helsinki 1,All,ARA (state-subsidised),n_rent_new,
2026Q1,091-1,Helsinki 1,All,ARA (state-subsidised),index_2025,101.2
2026Q1,091-1,Helsinki 1,All,ARA (state-subsidised),index_qoq_pct,0.4
2026Q1,091-1,Helsinki 1,All,ARA (state-subsidised),index_yoy_pct,2.3
2026Q1,091-1,Helsinki 1,All,ARA (state-subsidised),rent_eur_m2,18.96
2026Q1,091-1,Helsinki 1,All,ARA (state-subsidised),n_rent,2458.0
2026Q1,091-1,Helsinki 1,All,ARA (state-subsidised),rent_new_eur_m2,
2026Q1,091-1,Helsinki 1,All,ARA (state-subsidised),n_rent_new,
2026Q2,091-1,Helsinki 1,All,ARA (state-subsidised),index_2025,101.8
2026Q2,091-1,Helsinki 1,All,ARA (state-subsidised),index_qoq_pct,0.5
2026Q2,091-1,Helsinki 1,All,ARA (state-subsidised),index_yoy_pct,2.0
2026Q2,091-1,Helsinki 1,All,ARA (state-subsidised),rent_eur_m2,19.06
2026Q2,091-1,Helsinki 1,All,ARA (state-subsidised),n_rent,2400.0
2026Q2,091-1,Helsinki 1,All,ARA (state-subsidised),rent_new_eur_m2,
2026Q2,091-1,Helsinki 1,All,ARA (state-subsidised),n_rent_new,
2025Q1,091-2,Helsinki 2,All,ARA (state-subsidised),index_2025,98.7
2025Q1,091-2,Helsinki 2,All,ARA (state-subsidised),index_qoq_pct,
2025Q1,091-2,Helsinki 2,All,ARA (state-subsidised),index_yoy_pct,
2025Q1,091-2,Helsinki 2,All,ARA (state-subsidised),rent_eur_m2,15.46
2025Q1,091-2,Helsinki 2,All,ARA (state-subsidised),n_rent,6571.0
2025Q1,091-2,Helsinki 2,All,ARA (state-subsidised),rent_new_eur_m2,
2025Q1,091-2,Helsinki 2,All,ARA (state-subsidised),n_rent_new,
2025Q2,091-2,Helsinki 2,All,ARA (state-subsidised),index_2025,99.9
2025Q2,091-2,Helsinki 2,All,ARA (state-subsidised),index_qoq_pct,1.3
2025Q2,091-2,Helsinki 2,All,ARA (state-subsidised),index_yoy_pct,
2025Q2,091-2,Helsinki 2,All,ARA (state-subsidised),rent_eur_m2,15.7
2025Q2,091-2,Helsinki 2,All,ARA (state-subsidised),n_rent,6562.0
2025Q2,091-2,Helsinki 2,All,ARA (state-subsidised),rent_new_eur_m2,
2025Q2,091-2,Helsinki 2,All,ARA (state-subsidised),n_rent_new,
2025Q3,091-2,Helsinki 2,All,ARA (state-subsidised),index_2025,100.5
2025Q3,091-2,Helsinki 2,All,ARA (state-subsidised),index_qoq_pct,0.6
2025Q3,091-2,Helsinki 2,All,ARA (state-subsidised),index_yoy_pct,
2025Q3,091-2,Helsinki 2,All,ARA (state-subsidised),rent_eur_m2,15.73
2025Q3,091-2,Helsinki 2,All,ARA (state-subsidised),n_rent,6429.0
2025Q3,091-2,Helsinki 2,All,ARA (state-subsidised),rent_new_eur_m2,
2025Q3,091-2,Helsinki 2,All,ARA (state-subsidised),n_rent_new,
2025Q4,091-2,Helsinki 2,All,ARA (state-subsidised),index_2025,100.9
2025Q4,091-2,Helsinki 2,All,ARA (state-subsidised),index_qoq_pct,0.5
2025Q4,091-2,Helsinki 2,All,ARA (state-subsidised),index_yoy_pct,
2025Q4,091-2,Helsinki 2,All,ARA (state-subsidised),rent_eur_m2,15.89
2025Q4,091-2,Helsinki 2,All,ARA (state-subsidised),n_rent,6803.0
2025Q4,091-2,Helsinki 2,All,ARA (state-subsidised),rent_new_eur_m2,
2025Q4,091-2,Helsinki 2,All,ARA (state-subsidised),n_rent_new,
2026Q1,091-2,Helsinki 2,All,ARA (state-subsidised),index_2025,101.6
2026Q1,091-2,Helsinki 2,All,ARA (state-subsidised),index_qoq_pct,0.7
2026Q1,091-2,Helsinki 2,All,ARA (state-subsidised),index_yoy_pct,3.0
2026Q1,091-2,Helsinki 2,All,ARA (state-subsidised),rent_eur_m2,16.01
2026Q1,091-2,Helsinki 2,All,ARA (state-subsidised),n_rent,6744.0
2026Q1,091-2,Helsinki 2,All,ARA (state-subsidised),rent_new_eur_m2,
2026Q1,091-2,Helsinki 2,All,ARA (state-subsidised),n_rent_new,
2026Q2,091-2,Helsinki 2,All,ARA (state-subsidised),index_2025,102.3
2026Q2,091-2,Helsinki 2,All,ARA (state-subsidised),index_qoq_pct,0.6
2026Q2,091-2,Helsinki 2,All,ARA (state-subsidised),index_yoy_pct,2.4
2026Q2,091-2,Helsinki 2,All,ARA (state-subsidised),rent_eur_m2,16.1
2026Q2,091-2,Helsinki 2,All,ARA (state-subsidised),n_rent,6711.0
2026Q2,091-2,Helsinki 2,All,ARA (state-subsidised),rent_new_eur_m2,
2026Q2,091-2,Helsinki 2,All,ARA (state-subsidised),n_rent_new,
2025Q1,091-3,Helsinki 3,All,ARA (state-subsidised),index_2025,98.8
2025Q1,091-3,Helsinki 3,All,ARA (state-subsidised),index_qoq_pct,
2025Q1,091-3,Helsinki 3,All,ARA (state-subsidised),index_yoy_pct,
2025Q1,091-3,Helsinki 3,All,ARA (state-subsidised),rent_eur_m2,14.61
2025Q1,091-3,Helsinki 3,All,ARA (state-subsidised),n_rent,4475.0
2025Q1,091-3,Helsinki 3,All,ARA (state-subsidised),rent_new_eur_m2,
2025Q1,091-3,Helsinki 3,All,ARA (state-subsidised),n_rent_new,
2025Q2,091-3,Helsinki 3,All,ARA (state-subsidised),index_2025,99.9
2025Q2,091-3,Helsinki 3,All,ARA (state-subsidised),index_qoq_pct,1.1
2025Q2,091-3,Helsinki 3,All,ARA (state-subsidised),index_yoy_pct,
2025Q2,091-3,Helsinki 3,All,ARA (state-subsidised),rent_eur_m2,14.79
2025Q2,091-3,Helsinki 3,All,ARA (state-subsidised),n_rent,4382.0
2025Q2,091-3,Helsinki 3,All,ARA (state-subsidised),rent_new_eur_m2,
2025Q2,091-3,Helsinki 3,All,ARA (state-subsidised),n_rent_new,
2025Q3,091-3,Helsinki 3,All,ARA (state-subsidised),index_2025,100.4
2025Q3,091-3,Helsinki 3,All,ARA (state-subsidised),index_qoq_pct,0.5
2025Q3,091-3,Helsinki 3,All,ARA (state-subsidised),index_yoy_pct,
2025Q3,091-3,Helsinki 3,All,ARA (state-subsidised),rent_eur_m2,14.86
2025Q3,091-3,Helsinki 3,All,ARA (state-subsidised),n_rent,4283.0
2025Q3,091-3,Helsinki 3,All,ARA (state-subsidised),rent_new_eur_m2,
2025Q3,091-3,Helsinki 3,All,ARA (state-subsidised),n_rent_new,
2025Q4,091-3,Helsinki 3,All,ARA (state-subsidised),index_2025,100.9
2025Q4,091-3,Helsinki 3,All,ARA (state-subsidised),index_qoq_pct,0.5
2025Q4,091-3,Helsinki 3,All,ARA (state-subsidised),index_yoy_pct,
2025Q4,091-3,Helsinki 3,All,ARA (state-subsidised),rent_eur_m2,14.97
2025Q4,091-3,Helsinki 3,All,ARA (state-subsidised),n_rent,4572.0
2025Q4,091-3,Helsinki 3,All,ARA (state-subsidised),rent_new_eur_m2,
2025Q4,091-3,Helsinki 3,All,ARA (state-subsidised),n_rent_new,
2026Q1,091-3,Helsinki 3,All,ARA (state-subsidised),index_2025,101.5
2026Q1,091-3,Helsinki 3,All,ARA (state-subsidised),index_qoq_pct,0.6
2026Q1,091-3,Helsinki 3,All,ARA (state-subsidised),index_yoy_pct,2.7
2026Q1,091-3,Helsinki 3,All,ARA (state-subsidised),rent_eur_m2,15.05
2026Q1,091-3,Helsinki 3,All,ARA (state-subsidised),n_rent,4538.0
2026Q1,091-3,Helsinki 3,All,ARA (state-subsidised),rent_new_eur_m2,
2026Q1,091-3,Helsinki 3,All,ARA (state-subsidised),n_rent_new,
2026Q2,091-3,Helsinki 3,All,ARA (state-subsidised),index_2025,102.0
2026Q2,091-3,Helsinki 3,All,ARA (state-subsidised),index_qoq_pct,0.5
2026Q2,091-3,Helsinki 3,All,ARA (state-subsidised),index_yoy_pct,2.1
2026Q2,091-3,Helsinki 3,All,ARA (state-subsidised),rent_eur_m2,15.15
2026Q2,091-3,Helsinki 3,All,ARA (state-subsidised),n_rent,4459.0
2026Q2,091-3,Helsinki 3,All,ARA (state-subsidised),rent_new_eur_m2,
2026Q2,091-3,Helsinki 3,All,ARA (state-subsidised),n_rent_new,
2025Q1,091-4,Helsinki 4,All,ARA (state-subsidised),index_2025,98.8
2025Q1,091-4,Helsinki 4,All,ARA (state-subsidised),index_qoq_pct,
2025Q1,091-4,Helsinki 4,All,ARA (state-subsidised),index_yoy_pct,
2025Q1,091-4,Helsinki 4,All,ARA (state-subsidised),rent_eur_m2,13.79
2025Q1,091-4,Helsinki 4,All,ARA (state-subsidised),n_rent,13172.0
2025Q1,091-4,Helsinki 4,All,ARA (state-subsidised),rent_new_eur_m2,
2025Q1,091-4,Helsinki 4,All,ARA (state-subsidised),n_rent_new,
2025Q2,091-4,Helsinki 4,All,ARA (state-subsidised),index_2025,99.9
2025Q2,091-4,Helsinki 4,All,ARA (state-subsidised),index_qoq_pct,1.1
2025Q2,091-4,Helsinki 4,All,ARA (state-subsidised),index_yoy_pct,
2025Q2,091-4,Helsinki 4,All,ARA (state-subsidised),rent_eur_m2,13.98
2025Q2,091-4,Helsinki 4,All,ARA (state-subsidised),n_rent,13171.0
2025Q2,091-4,Helsinki 4,All,ARA (state-subsidised),rent_new_eur_m2,
2025Q2,091-4,Helsinki 4,All,ARA (state-subsidised),n_rent_new,
2025Q3,091-4,Helsinki 4,All,ARA (state-subsidised),index_2025,100.4
2025Q3,091-4,Helsinki 4,All,ARA (state-subsidised),index_qoq_pct,0.5
2025Q3,091-4,Helsinki 4,All,ARA (state-subsidised),index_yoy_pct,
2025Q3,091-4,Helsinki 4,All,ARA (state-subsidised),rent_eur_m2,14.07
2025Q3,091-4,Helsinki 4,All,ARA (state-subsidised),n_rent,13260.0
2025Q3,091-4,Helsinki 4,All,ARA (state-subsidised),rent_new_eur_m2,
2025Q3,091-4,Helsinki 4,All,ARA (state-subsidised),n_rent_new,
2025Q4,091-4,Helsinki 4,All,ARA (state-subsidised),index_2025,100.9
2025Q4,091-4,Helsinki 4,All,ARA (state-subsidised),index_qoq_pct,0.4
2025Q4,091-4,Helsinki 4,All,ARA (state-subsidised),index_yoy_pct,
2025Q4,091-4,Helsinki 4,All,ARA (state-subsidised),rent_eur_m2,14.17
2025Q4,091-4,Helsinki 4,All,ARA (state-subsidised),n_rent,13464.0
2025Q4,091-4,Helsinki 4,All,ARA (state-subsidised),rent_new_eur_m2,
2025Q4,091-4,Helsinki 4,All,ARA (state-subsidised),n_rent_new,
2026Q1,091-4,Helsinki 4,All,ARA (state-subsidised),index_2025,101.4
2026Q1,091-4,Helsinki 4,All,ARA (state-subsidised),index_qoq_pct,0.6
2026Q1,091-4,Helsinki 4,All,ARA (state-subsidised),index_yoy_pct,2.6
2026Q1,091-4,Helsinki 4,All,ARA (state-subsidised),rent_eur_m2,14.25
2026Q1,091-4,Helsinki 4,All,ARA (state-subsidised),n_rent,13162.0
2026Q1,091-4,Helsinki 4,All,ARA (state-subsidised),rent_new_eur_m2,
2026Q1,091-4,Helsinki 4,All,ARA (state-subsidised),n_rent_new,
2026Q2,091-4,Helsinki 4,All,ARA (state-subsidised),index_2025,101.8
2026Q2,091-4,Helsinki 4,All,ARA (state-subsidised),index_qoq_pct,0.4
2026Q2,091-4,Helsinki 4,All,ARA (state-subsidised),index_yoy_pct,1.9
2026Q2,091-4,Helsinki 4,All,ARA (state-subsidised),rent_eur_m2,14.31
2026Q2,091-4,Helsinki 4,All,ARA (state-subsidised),n_rent,12921.0
2026Q2,091-4,Helsinki 4,All,ARA (state-subsidised),rent_new_eur_m2,
2026Q2,091-4,Helsinki 4,All,ARA (state-subsidised),n_rent_new,
2025Q1,049,Espoo-Kauniainen,All,ARA (state-subsidised),index_2025,98.8
2025Q1,049,Espoo-Kauniainen,All,ARA (state-subsidised),index_qoq_pct,
2025Q1,049,Espoo-Kauniainen,All,ARA (state-subsidised),index_yoy_pct,
2025Q1,049,Espoo-Kauniainen,All,ARA (state-subsidised),rent_eur_m2,14.79
2025Q1,049,Espoo-Kauniainen,All,ARA (state-subsidised),n_rent,8895.0
2025Q1,049,Espoo-Kauniainen,All,ARA (state-subsidised),rent_new_eur_m2,
2025Q1,049,Espoo-Kauniainen,All,ARA (state-subsidised),n_rent_new,
2025Q2,049,Espoo-Kauniainen,All,ARA (state-subsidised),index_2025,99.8
2025Q2,049,Espoo-Kauniainen,All,ARA (state-subsidised),index_qoq_pct,1.1
2025Q2,049,Espoo-Kauniainen,All,ARA (state-subsidised),index_yoy_pct,
2025Q2,049,Espoo-Kauniainen,All,ARA (state-subsidised),rent_eur_m2,15.01
2025Q2,049,Espoo-Kauniainen,All,ARA (state-subsidised),n_rent,8715.0
2025Q2,049,Espoo-Kauniainen,All,ARA (state-subsidised),rent_new_eur_m2,
2025Q2,049,Espoo-Kauniainen,All,ARA (state-subsidised),n_rent_new,
2025Q3,049,Espoo-Kauniainen,All,ARA (state-subsidised),index_2025,100.5
2025Q3,049,Espoo-Kauniainen,All,ARA (state-subsidised),index_qoq_pct,0.6
2025Q3,049,Espoo-Kauniainen,All,ARA (state-subsidised),index_yoy_pct,
2025Q3,049,Espoo-Kauniainen,All,ARA (state-subsidised),rent_eur_m2,15.1
2025Q3,049,Espoo-Kauniainen,All,ARA (state-subsidised),n_rent,8578.0
2025Q3,049,Espoo-Kauniainen,All,ARA (state-subsidised),rent_new_eur_m2,
2025Q3,049,Espoo-Kauniainen,All,ARA (state-subsidised),n_rent_new,
2025Q4,049,Espoo-Kauniainen,All,ARA (state-subsidised),index_2025,101.0
2025Q4,049,Espoo-Kauniainen,All,ARA (state-subsidised),index_qoq_pct,0.5
2025Q4,049,Espoo-Kauniainen,All,ARA (state-subsidised),index_yoy_pct,
2025Q4,049,Espoo-Kauniainen,All,ARA (state-subsidised),rent_eur_m2,15.32
2025Q4,049,Espoo-Kauniainen,All,ARA (state-subsidised),n_rent,9092.0
2025Q4,049,Espoo-Kauniainen,All,ARA (state-subsidised),rent_new_eur_m2,
2025Q4,049,Espoo-Kauniainen,All,ARA (state-subsidised),n_rent_new,
2026Q1,049,Espoo-Kauniainen,All,ARA (state-subsidised),index_2025,101.5
2026Q1,049,Espoo-Kauniainen,All,ARA (state-subsidised),index_qoq_pct,0.5
2026Q1,049,Espoo-Kauniainen,All,ARA (state-subsidised),index_yoy_pct,2.8
2026Q1,049,Espoo-Kauniainen,All,ARA (state-subsidised),rent_eur_m2,15.4
2026Q1,049,Espoo-Kauniainen,All,ARA (state-subsidised),n_rent,9108.0
2026Q1,049,Espoo-Kauniainen,All,ARA (state-subsidised),rent_new_eur_m2,
2026Q1,049,Espoo-Kauniainen,All,ARA (state-subsidised),n_rent_new,
2026Q2,049,Espoo-Kauniainen,All,ARA (state-subsidised),index_2025,102.0
2026Q2,049,Espoo-Kauniainen,All,ARA (state-subsidised),index_qoq_pct,0.5
2026Q2,049,Espoo-Kauniainen,All,ARA (state-subsidised),index_yoy_pct,2.1
2026Q2,049,Espoo-Kauniainen,All,ARA (state-subsidised),rent_eur_m2,15.46
2026Q2,049,Espoo-Kauniainen,All,ARA (state-subsidised),n_rent,9027.0
2026Q2,049,Espoo-Kauniainen,All,ARA (state-subsidised),rent_new_eur_m2,
2026Q2,049,Espoo-Kauniainen,All,ARA (state-subsidised),n_rent_new,
2025Q1,049-1,Espoo-Kauniainen 1,All,ARA (state-subsidised),index_2025,98.9
2025Q1,049-1,Espoo-Kauniainen 1,All,ARA (state-subsidised),index_qoq_pct,
2025Q1,049-1,Espoo-Kauniainen 1,All,ARA (state-subsidised),index_yoy_pct,
2025Q1,049-1,Espoo-Kauniainen 1,All,ARA (state-subsidised),rent_eur_m2,16.1
2025Q1,049-1,Espoo-Kauniainen 1,All,ARA (state-subsidised),n_rent,3204.0
2025Q1,049-1,Espoo-Kauniainen 1,All,ARA (state-subsidised),rent_new_eur_m2,
2025Q1,049-1,Espoo-Kauniainen 1,All,ARA (state-subsidised),n_rent_new,
2025Q2,049-1,Espoo-Kauniainen 1,All,ARA (state-subsidised),index_2025,99.8
2025Q2,049-1,Espoo-Kauniainen 1,All,ARA (state-subsidised),index_qoq_pct,1.0
2025Q2,049-1,Espoo-Kauniainen 1,All,ARA (state-subsidised),index_yoy_pct,
2025Q2,049-1,Espoo-Kauniainen 1,All,ARA (state-subsidised),rent_eur_m2,16.31
2025Q2,049-1,Espoo-Kauniainen 1,All,ARA (state-subsidised),n_rent,3140.0
2025Q2,049-1,Espoo-Kauniainen 1,All,ARA (state-subsidised),rent_new_eur_m2,
2025Q2,049-1,Espoo-Kauniainen 1,All,ARA (state-subsidised),n_rent_new,
2025Q3,049-1,Espoo-Kauniainen 1,All,ARA (state-subsidised),index_2025,100.4
2025Q3,049-1,Espoo-Kauniainen 1,All,ARA (state-subsidised),index_qoq_pct,0.6
2025Q3,049-1,Espoo-Kauniainen 1,All,ARA (state-subsidised),index_yoy_pct,
2025Q3,049-1,Espoo-Kauniainen 1,All,ARA (state-subsidised),rent_eur_m2,16.34
2025Q3,049-1,Espoo-Kauniainen 1,All,ARA (state-subsidised),n_rent,2990.0
2025Q3,049-1,Espoo-Kauniainen 1,All,ARA (state-subsidised),rent_new_eur_m2,
2025Q3,049-1,Espoo-Kauniainen 1,All,ARA (state-subsidised),n_rent_new,
2025Q4,049-1,Espoo-Kauniainen 1,All,ARA (state-subsidised),index_2025,100.9
2025Q4,049-1,Espoo-Kauniainen 1,All,ARA (state-subsidised),index_qoq_pct,0.5
2025Q4,049-1,Espoo-Kauniainen 1,All,ARA (state-subsidised),index_yoy_pct,
2025Q4,049-1,Espoo-Kauniainen 1,All,ARA (state-subsidised),rent_eur_m2,16.63
2025Q4,049-1,Espoo-Kauniainen 1,All,ARA (state-subsidised),n_rent,3320.0
2025Q4,049-1,Espoo-Kauniainen 1,All,ARA (state-subsidised),rent_new_eur_m2,
2025Q4,049-1,Espoo-Kauniainen 1,All,ARA (state-subsidised),n_rent_new,
2026Q1,049-1,Espoo-Kauniainen 1,All,ARA (state-subsidised),index_2025,101.3
2026Q1,049-1,Espoo-Kauniainen 1,All,ARA (state-subsidised),index_qoq_pct,0.4
2026Q1,049-1,Espoo-Kauniainen 1,All,ARA (state-subsidised),index_yoy_pct,2.4
2026Q1,049-1,Espoo-Kauniainen 1,All,ARA (state-subsidised),rent_eur_m2,16.67
2026Q1,049-1,Espoo-Kauniainen 1,All,ARA (state-subsidised),n_rent,3341.0
2026Q1,049-1,Espoo-Kauniainen 1,All,ARA (state-subsidised),rent_new_eur_m2,
2026Q1,049-1,Espoo-Kauniainen 1,All,ARA (state-subsidised),n_rent_new,
2026Q2,049-1,Espoo-Kauniainen 1,All,ARA (state-subsidised),index_2025,101.6
2026Q2,049-1,Espoo-Kauniainen 1,All,ARA (state-subsidised),index_qoq_pct,0.4
2026Q2,049-1,Espoo-Kauniainen 1,All,ARA (state-subsidised),index_yoy_pct,1.8
2026Q2,049-1,Espoo-Kauniainen 1,All,ARA (state-subsidised),rent_eur_m2,16.73
2026Q2,049-1,Espoo-Kauniainen 1,All,ARA (state-subsidised),n_rent,3299.0
2026Q2,049-1,Espoo-Kauniainen 1,All,ARA (state-subsidised),rent_new_eur_m2,
2026Q2,049-1,Espoo-Kauniainen 1,All,ARA (state-subsidised),n_rent_new,
2025Q1,049-2,Espoo-Kauniainen 2,All,ARA (state-subsidised),index_2025,98.8
2025Q1,049-2,Espoo-Kauniainen 2,All,ARA (state-subsidised),index_qoq_pct,
2025Q1,049-2,Espoo-Kauniainen 2,All,ARA (state-subsidised),index_yoy_pct,
2025Q1,049-2,Espoo-Kauniainen 2,All,ARA (state-subsidised),rent_eur_m2,14.45
2025Q1,049-2,Espoo-Kauniainen 2,All,ARA (state-subsidised),n_rent,2670.0
2025Q1,049-2,Espoo-Kauniainen 2,All,ARA (state-subsidised),rent_new_eur_m2,
2025Q1,049-2,Espoo-Kauniainen 2,All,ARA (state-subsidised),n_rent_new,
2025Q2,049-2,Espoo-Kauniainen 2,All,ARA (state-subsidised),index_2025,99.9
2025Q2,049-2,Espoo-Kauniainen 2,All,ARA (state-subsidised),index_qoq_pct,1.1
2025Q2,049-2,Espoo-Kauniainen 2,All,ARA (state-subsidised),index_yoy_pct,
2025Q2,049-2,Espoo-Kauniainen 2,All,ARA (state-subsidised),rent_eur_m2,14.65
2025Q2,049-2,Espoo-Kauniainen 2,All,ARA (state-subsidised),n_rent,2610.0
2025Q2,049-2,Espoo-Kauniainen 2,All,ARA (state-subsidised),rent_new_eur_m2,
2025Q2,049-2,Espoo-Kauniainen 2,All,ARA (state-subsidised),n_rent_new,
2025Q3,049-2,Espoo-Kauniainen 2,All,ARA (state-subsidised),index_2025,100.4
2025Q3,049-2,Espoo-Kauniainen 2,All,ARA (state-subsidised),index_qoq_pct,0.5
2025Q3,049-2,Espoo-Kauniainen 2,All,ARA (state-subsidised),index_yoy_pct,
2025Q3,049-2,Espoo-Kauniainen 2,All,ARA (state-subsidised),rent_eur_m2,14.78
2025Q3,049-2,Espoo-Kauniainen 2,All,ARA (state-subsidised),n_rent,2619.0
2025Q3,049-2,Espoo-Kauniainen 2,All,ARA (state-subsidised),rent_new_eur_m2,
2025Q3,049-2,Espoo-Kauniainen 2,All,ARA (state-subsidised),n_rent_new,
2025Q4,049-2,Espoo-Kauniainen 2,All,ARA (state-subsidised),index_2025,100.9
2025Q4,049-2,Espoo-Kauniainen 2,All,ARA (state-subsidised),index_qoq_pct,0.5
2025Q4,049-2,Espoo-Kauniainen 2,All,ARA (state-subsidised),index_yoy_pct,
2025Q4,049-2,Espoo-Kauniainen 2,All,ARA (state-subsidised),rent_eur_m2,14.93
2025Q4,049-2,Espoo-Kauniainen 2,All,ARA (state-subsidised),n_rent,2730.0
2025Q4,049-2,Espoo-Kauniainen 2,All,ARA (state-subsidised),rent_new_eur_m2,
2025Q4,049-2,Espoo-Kauniainen 2,All,ARA (state-subsidised),n_rent_new,
2026Q1,049-2,Espoo-Kauniainen 2,All,ARA (state-subsidised),index_2025,101.5
2026Q1,049-2,Espoo-Kauniainen 2,All,ARA (state-subsidised),index_qoq_pct,0.6
2026Q1,049-2,Espoo-Kauniainen 2,All,ARA (state-subsidised),index_yoy_pct,2.7
2026Q1,049-2,Espoo-Kauniainen 2,All,ARA (state-subsidised),rent_eur_m2,14.99
2026Q1,049-2,Espoo-Kauniainen 2,All,ARA (state-subsidised),n_rent,2757.0
2026Q1,049-2,Espoo-Kauniainen 2,All,ARA (state-subsidised),rent_new_eur_m2,
2026Q1,049-2,Espoo-Kauniainen 2,All,ARA (state-subsidised),n_rent_new,
2026Q2,049-2,Espoo-Kauniainen 2,All,ARA (state-subsidised),index_2025,102.0
2026Q2,049-2,Espoo-Kauniainen 2,All,ARA (state-subsidised),index_qoq_pct,0.5
2026Q2,049-2,Espoo-Kauniainen 2,All,ARA (state-subsidised),index_yoy_pct,2.1
2026Q2,049-2,Espoo-Kauniainen 2,All,ARA (state-subsidised),rent_eur_m2,15.06
2026Q2,049-2,Espoo-Kauniainen 2,All,ARA (state-subsidised),n_rent,2741.0
2026Q2,049-2,Espoo-Kauniainen 2,All,ARA (state-subsidised),rent_new_eur_m2,
2026Q2,049-2,Espoo-Kauniainen 2,All,ARA (state-subsidised),n_rent_new,
2025Q1,049-3,Espoo-Kauniainen 3,All,ARA (state-subsidised),index_2025,98.6
2025Q1,049-3,Espoo-Kauniainen 3,All,ARA (state-subsidised),index_qoq_pct,
2025Q1,049-3,Espoo-Kauniainen 3,All,ARA (state-subsidised),index_yoy_pct,
2025Q1,049-3,Espoo-Kauniainen 3,All,ARA (state-subsidised),rent_eur_m2,13.88
2025Q1,049-3,Espoo-Kauniainen 3,All,ARA (state-subsidised),n_rent,3021.0
2025Q1,049-3,Espoo-Kauniainen 3,All,ARA (state-subsidised),rent_new_eur_m2,
2025Q1,049-3,Espoo-Kauniainen 3,All,ARA (state-subsidised),n_rent_new,
2025Q2,049-3,Espoo-Kauniainen 3,All,ARA (state-subsidised),index_2025,99.8
2025Q2,049-3,Espoo-Kauniainen 3,All,ARA (state-subsidised),index_qoq_pct,1.3
2025Q2,049-3,Espoo-Kauniainen 3,All,ARA (state-subsidised),index_yoy_pct,
2025Q2,049-3,Espoo-Kauniainen 3,All,ARA (state-subsidised),rent_eur_m2,14.11
2025Q2,049-3,Espoo-Kauniainen 3,All,ARA (state-subsidised),n_rent,2965.0
2025Q2,049-3,Espoo-Kauniainen 3,All,ARA (state-subsidised),rent_new_eur_m2,
2025Q2,049-3,Espoo-Kauniainen 3,All,ARA (state-subsidised),n_rent_new,
2025Q3,049-3,Espoo-Kauniainen 3,All,ARA (state-subsidised),index_2025,100.5
2025Q3,049-3,Espoo-Kauniainen 3,All,ARA (state-subsidised),index_qoq_pct,0.7
2025Q3,049-3,Espoo-Kauniainen 3,All,ARA (state-subsidised),index_yoy_pct,
2025Q3,049-3,Espoo-Kauniainen 3,All,ARA (state-subsidised),rent_eur_m2,14.24
2025Q3,049-3,Espoo-Kauniainen 3,All,ARA (state-subsidised),n_rent,2969.0
2025Q3,049-3,Espoo-Kauniainen 3,All,ARA (state-subsidised),rent_new_eur_m2,
2025Q3,049-3,Espoo-Kauniainen 3,All,ARA (state-subsidised),n_rent_new,
2025Q4,049-3,Espoo-Kauniainen 3,All,ARA (state-subsidised),index_2025,101.1
2025Q4,049-3,Espoo-Kauniainen 3,All,ARA (state-subsidised),index_qoq_pct,0.6
2025Q4,049-3,Espoo-Kauniainen 3,All,ARA (state-subsidised),index_yoy_pct,
2025Q4,049-3,Espoo-Kauniainen 3,All,ARA (state-subsidised),rent_eur_m2,14.41
2025Q4,049-3,Espoo-Kauniainen 3,All,ARA (state-subsidised),n_rent,3042.0
2025Q4,049-3,Espoo-Kauniainen 3,All,ARA (state-subsidised),rent_new_eur_m2,
2025Q4,049-3,Espoo-Kauniainen 3,All,ARA (state-subsidised),n_rent_new,
2026Q1,049-3,Espoo-Kauniainen 3,All,ARA (state-subsidised),index_2025,101.8
2026Q1,049-3,Espoo-Kauniainen 3,All,ARA (state-subsidised),index_qoq_pct,0.7
2026Q1,049-3,Espoo-Kauniainen 3,All,ARA (state-subsidised),index_yoy_pct,3.3
2026Q1,049-3,Espoo-Kauniainen 3,All,ARA (state-subsidised),rent_eur_m2,14.51
2026Q1,049-3,Espoo-Kauniainen 3,All,ARA (state-subsidised),n_rent,3010.0
2026Q1,049-3,Espoo-Kauniainen 3,All,ARA (state-subsidised),rent_new_eur_m2,
2026Q1,049-3,Espoo-Kauniainen 3,All,ARA (state-subsidised),n_rent_new,
2026Q2,049-3,Espoo-Kauniainen 3,All,ARA (state-subsidised),index_2025,102.4
2026Q2,049-3,Espoo-Kauniainen 3,All,ARA (state-subsidised),index_qoq_pct,0.5
2026Q2,049-3,Espoo-Kauniainen 3,All,ARA (state-subsidised),index_yoy_pct,2.5
2026Q2,049-3,Espoo-Kauniainen 3,All,ARA (state-subsidised),rent_eur_m2,14.58
2026Q2,049-3,Espoo-Kauniainen 3,All,ARA (state-subsidised),n_rent,2987.0
2026Q2,049-3,Espoo-Kauniainen 3,All,ARA (state-subsidised),rent_new_eur_m2,
2026Q2,049-3,Espoo-Kauniainen 3,All,ARA (state-subsidised),n_rent_new,
2025Q1,092,Vantaa,All,ARA (state-subsidised),index_2025,99.4
2025Q1,092,Vantaa,All,ARA (state-subsidised),index_qoq_pct,
2025Q1,092,Vantaa,All,ARA (state-subsidised),index_yoy_pct,
2025Q1,092,Vantaa,All,ARA (state-subsidised),rent_eur_m2,14.1
2025Q1,092,Vantaa,All,ARA (state-subsidised),n_rent,6825.0
2025Q1,092,Vantaa,All,ARA (state-subsidised),rent_new_eur_m2,
2025Q1,092,Vantaa,All,ARA (state-subsidised),n_rent_new,
2025Q2,092,Vantaa,All,ARA (state-subsidised),index_2025,99.9
2025Q2,092,Vantaa,All,ARA (state-subsidised),index_qoq_pct,0.5
2025Q2,092,Vantaa,All,ARA (state-subsidised),index_yoy_pct,
2025Q2,092,Vantaa,All,ARA (state-subsidised),rent_eur_m2,14.19
2025Q2,092,Vantaa,All,ARA (state-subsidised),n_rent,6717.0
2025Q2,092,Vantaa,All,ARA (state-subsidised),rent_new_eur_m2,
2025Q2,092,Vantaa,All,ARA (state-subsidised),n_rent_new,
2025Q3,092,Vantaa,All,ARA (state-subsidised),index_2025,100.2
2025Q3,092,Vantaa,All,ARA (state-subsidised),index_qoq_pct,0.4
2025Q3,092,Vantaa,All,ARA (state-subsidised),index_yoy_pct,
2025Q3,092,Vantaa,All,ARA (state-subsidised),rent_eur_m2,14.23
2025Q3,092,Vantaa,All,ARA (state-subsidised),n_rent,6576.0
2025Q3,092,Vantaa,All,ARA (state-subsidised),rent_new_eur_m2,
2025Q3,092,Vantaa,All,ARA (state-subsidised),n_rent_new,
2025Q4,092,Vantaa,All,ARA (state-subsidised),index_2025,100.5
2025Q4,092,Vantaa,All,ARA (state-subsidised),index_qoq_pct,0.3
2025Q4,092,Vantaa,All,ARA (state-subsidised),index_yoy_pct,
2025Q4,092,Vantaa,All,ARA (state-subsidised),rent_eur_m2,14.34
2025Q4,092,Vantaa,All,ARA (state-subsidised),n_rent,6775.0
2025Q4,092,Vantaa,All,ARA (state-subsidised),rent_new_eur_m2,
2025Q4,092,Vantaa,All,ARA (state-subsidised),n_rent_new,
2026Q1,092,Vantaa,All,ARA (state-subsidised),index_2025,100.8
2026Q1,092,Vantaa,All,ARA (state-subsidised),index_qoq_pct,0.2
2026Q1,092,Vantaa,All,ARA (state-subsidised),index_yoy_pct,1.4
2026Q1,092,Vantaa,All,ARA (state-subsidised),rent_eur_m2,14.36
2026Q1,092,Vantaa,All,ARA (state-subsidised),n_rent,6744.0
2026Q1,092,Vantaa,All,ARA (state-subsidised),rent_new_eur_m2,
2026Q1,092,Vantaa,All,ARA (state-subsidised),n_rent_new,
2026Q2,092,Vantaa,All,ARA (state-subsidised),index_2025,101.1
2026Q2,092,Vantaa,All,ARA (state-subsidised),index_qoq_pct,0.3
2026Q2,092,Vantaa,All,ARA (state-subsidised),index_yoy_pct,1.2
2026Q2,092,Vantaa,All,ARA (state-subsidised),rent_eur_m2,14.41
2026Q2,092,Vantaa,All,ARA (state-subsidised),n_rent,6701.0
2026Q2,092,Vantaa,All,ARA (state-subsidised),rent_new_eur_m2,
2026Q2,092,Vantaa,All,ARA (state-subsidised),n_rent_new,
2025Q1,092-1,Vantaa 1,All,ARA (state-subsidised),index_2025,99.4
2025Q1,092-1,Vantaa 1,All,ARA (state-subsidised),index_qoq_pct,
2025Q1,092-1,Vantaa 1,All,ARA (state-subsidised),index_yoy_pct,
2025Q1,092-1,Vantaa 1,All,ARA (state-subsidised),rent_eur_m2,15.84
2025Q1,092-1,Vantaa 1,All,ARA (state-subsidised),n_rent,1591.0
2025Q1,092-1,Vantaa 1,All,ARA (state-subsidised),rent_new_eur_m2,
2025Q1,092-1,Vantaa 1,All,ARA (state-subsidised),n_rent_new,
2025Q2,092-1,Vantaa 1,All,ARA (state-subsidised),index_2025,99.9
2025Q2,092-1,Vantaa 1,All,ARA (state-subsidised),index_qoq_pct,0.4
2025Q2,092-1,Vantaa 1,All,ARA (state-subsidised),index_yoy_pct,
2025Q2,092-1,Vantaa 1,All,ARA (state-subsidised),rent_eur_m2,15.89
2025Q2,092-1,Vantaa 1,All,ARA (state-subsidised),n_rent,1588.0
2025Q2,092-1,Vantaa 1,All,ARA (state-subsidised),rent_new_eur_m2,
2025Q2,092-1,Vantaa 1,All,ARA (state-subsidised),n_rent_new,
2025Q3,092-1,Vantaa 1,All,ARA (state-subsidised),index_2025,100.2
2025Q3,092-1,Vantaa 1,All,ARA (state-subsidised),index_qoq_pct,0.3
2025Q3,092-1,Vantaa 1,All,ARA (state-subsidised),index_yoy_pct,
2025Q3,092-1,Vantaa 1,All,ARA (state-subsidised),rent_eur_m2,15.88
2025Q3,092-1,Vantaa 1,All,ARA (state-subsidised),n_rent,1516.0
2025Q3,092-1,Vantaa 1,All,ARA (state-subsidised),rent_new_eur_m2,
2025Q3,092-1,Vantaa 1,All,ARA (state-subsidised),n_rent_new,
2025Q4,092-1,Vantaa 1,All,ARA (state-subsidised),index_2025,100.5
2025Q4,092-1,Vantaa 1,All,ARA (state-subsidised),index_qoq_pct,0.3
2025Q4,092-1,Vantaa 1,All,ARA (state-subsidised),index_yoy_pct,
2025Q4,092-1,Vantaa 1,All,ARA (state-subsidised),rent_eur_m2,16.01
2025Q4,092-1,Vantaa 1,All,ARA (state-subsidised),n_rent,1618.0
2025Q4,092-1,Vantaa 1,All,ARA (state-subsidised),rent_new_eur_m2,
2025Q4,092-1,Vantaa 1,All,ARA (state-subsidised),n_rent_new,
2026Q1,092-1,Vantaa 1,All,ARA (state-subsidised),index_2025,100.6
2026Q1,092-1,Vantaa 1,All,ARA (state-subsidised),index_qoq_pct,0.2
2026Q1,092-1,Vantaa 1,All,ARA (state-subsidised),index_yoy_pct,1.2
2026Q1,092-1,Vantaa 1,All,ARA (state-subsidised),rent_eur_m2,16.02
2026Q1,092-1,Vantaa 1,All,ARA (state-subsidised),n_rent,1606.0
2026Q1,092-1,Vantaa 1,All,ARA (state-subsidised),rent_new_eur_m2,
2026Q1,092-1,Vantaa 1,All,ARA (state-subsidised),n_rent_new,
2026Q2,092-1,Vantaa 1,All,ARA (state-subsidised),index_2025,100.9
2026Q2,092-1,Vantaa 1,All,ARA (state-subsidised),index_qoq_pct,0.2
2026Q2,092-1,Vantaa 1,All,ARA (state-subsidised),index_yoy_pct,1.0
2026Q2,092-1,Vantaa 1,All,ARA (state-subsidised),rent_eur_m2,16.06
2026Q2,092-1,Vantaa 1,All,ARA (state-subsidised),n_rent,1623.0
2026Q2,092-1,Vantaa 1,All,ARA (state-subsidised),rent_new_eur_m2,
2026Q2,092-1,Vantaa 1,All,ARA (state-subsidised),n_rent_new,
2025Q1,092-2,Vantaa 2,All,ARA (state-subsidised),index_2025,99.3
2025Q1,092-2,Vantaa 2,All,ARA (state-subsidised),index_qoq_pct,
2025Q1,092-2,Vantaa 2,All,ARA (state-subsidised),index_yoy_pct,
2025Q1,092-2,Vantaa 2,All,ARA (state-subsidised),rent_eur_m2,13.64
2025Q1,092-2,Vantaa 2,All,ARA (state-subsidised),n_rent,1697.0
2025Q1,092-2,Vantaa 2,All,ARA (state-subsidised),rent_new_eur_m2,
2025Q1,092-2,Vantaa 2,All,ARA (state-subsidised),n_rent_new,
2025Q2,092-2,Vantaa 2,All,ARA (state-subsidised),index_2025,99.8
2025Q2,092-2,Vantaa 2,All,ARA (state-subsidised),index_qoq_pct,0.5
2025Q2,092-2,Vantaa 2,All,ARA (state-subsidised),index_yoy_pct,
2025Q2,092-2,Vantaa 2,All,ARA (state-subsidised),rent_eur_m2,13.73
2025Q2,092-2,Vantaa 2,All,ARA (state-subsidised),n_rent,1651.0
2025Q2,092-2,Vantaa 2,All,ARA (state-subsidised),rent_new_eur_m2,
2025Q2,092-2,Vantaa 2,All,ARA (state-subsidised),n_rent_new,
2025Q3,092-2,Vantaa 2,All,ARA (state-subsidised),index_2025,100.3
2025Q3,092-2,Vantaa 2,All,ARA (state-subsidised),index_qoq_pct,0.4
2025Q3,092-2,Vantaa 2,All,ARA (state-subsidised),index_yoy_pct,
2025Q3,092-2,Vantaa 2,All,ARA (state-subsidised),rent_eur_m2,13.82
2025Q3,092-2,Vantaa 2,All,ARA (state-subsidised),n_rent,1607.0
2025Q3,092-2,Vantaa 2,All,ARA (state-subsidised),rent_new_eur_m2,
2025Q3,092-2,Vantaa 2,All,ARA (state-subsidised),n_rent_new,
2025Q4,092-2,Vantaa 2,All,ARA (state-subsidised),index_2025,100.6
2025Q4,092-2,Vantaa 2,All,ARA (state-subsidised),index_qoq_pct,0.4
2025Q4,092-2,Vantaa 2,All,ARA (state-subsidised),index_yoy_pct,
2025Q4,092-2,Vantaa 2,All,ARA (state-subsidised),rent_eur_m2,13.89
2025Q4,092-2,Vantaa 2,All,ARA (state-subsidised),n_rent,1642.0
2025Q4,092-2,Vantaa 2,All,ARA (state-subsidised),rent_new_eur_m2,
2025Q4,092-2,Vantaa 2,All,ARA (state-subsidised),n_rent_new,
2026Q1,092-2,Vantaa 2,All,ARA (state-subsidised),index_2025,100.9
2026Q1,092-2,Vantaa 2,All,ARA (state-subsidised),index_qoq_pct,0.3
2026Q1,092-2,Vantaa 2,All,ARA (state-subsidised),index_yoy_pct,1.7
2026Q1,092-2,Vantaa 2,All,ARA (state-subsidised),rent_eur_m2,13.89
2026Q1,092-2,Vantaa 2,All,ARA (state-subsidised),n_rent,1666.0
2026Q1,092-2,Vantaa 2,All,ARA (state-subsidised),rent_new_eur_m2,
2026Q1,092-2,Vantaa 2,All,ARA (state-subsidised),n_rent_new,
2026Q2,092-2,Vantaa 2,All,ARA (state-subsidised),index_2025,101.3
2026Q2,092-2,Vantaa 2,All,ARA (state-subsidised),index_qoq_pct,0.3
2026Q2,092-2,Vantaa 2,All,ARA (state-subsidised),index_yoy_pct,1.5
2026Q2,092-2,Vantaa 2,All,ARA (state-subsidised),rent_eur_m2,13.98
2026Q2,092-2,Vantaa 2,All,ARA (state-subsidised),n_rent,1630.0
2026Q2,092-2,Vantaa 2,All,ARA (state-subsidised),rent_new_eur_m2,
2026Q2,092-2,Vantaa 2,All,ARA (state-subsidised),n_rent_new,
2025Q1,092-3,Vantaa 3,All,ARA (state-subsidised),index_2025,99.3
2025Q1,092-3,Vantaa 3,All,ARA (state-subsidised),index_qoq_pct,
2025Q1,092-3,Vantaa 3,All,ARA (state-subsidised),index_yoy_pct,
2025Q1,092-3,Vantaa 3,All,ARA (state-subsidised),rent_eur_m2,13.51
2025Q1,092-3,Vantaa 3,All,ARA (state-subsidised),n_rent,3537.0
2025Q1,092-3,Vantaa 3,All,ARA (state-subsidised),rent_new_eur_m2,
2025Q1,092-3,Vantaa 3,All,ARA (state-subsidised),n_rent_new,
2025Q2,092-3,Vantaa 3,All,ARA (state-subsidised),index_2025,99.9
2025Q2,092-3,Vantaa 3,All,ARA (state-subsidised),index_qoq_pct,0.5
2025Q2,092-3,Vantaa 3,All,ARA (state-subsidised),index_yoy_pct,
2025Q2,092-3,Vantaa 3,All,ARA (state-subsidised),rent_eur_m2,13.6
2025Q2,092-3,Vantaa 3,All,ARA (state-subsidised),n_rent,3478.0
2025Q2,092-3,Vantaa 3,All,ARA (state-subsidised),rent_new_eur_m2,
2025Q2,092-3,Vantaa 3,All,ARA (state-subsidised),n_rent_new,
2025Q3,092-3,Vantaa 3,All,ARA (state-subsidised),index_2025,100.3
2025Q3,092-3,Vantaa 3,All,ARA (state-subsidised),index_qoq_pct,0.4
2025Q3,092-3,Vantaa 3,All,ARA (state-subsidised),index_yoy_pct,
2025Q3,092-3,Vantaa 3,All,ARA (state-subsidised),rent_eur_m2,13.66
2025Q3,092-3,Vantaa 3,All,ARA (state-subsidised),n_rent,3453.0
2025Q3,092-3,Vantaa 3,All,ARA (state-subsidised),rent_new_eur_m2,
2025Q3,092-3,Vantaa 3,All,ARA (state-subsidised),n_rent_new,
2025Q4,092-3,Vantaa 3,All,ARA (state-subsidised),index_2025,100.5
2025Q4,092-3,Vantaa 3,All,ARA (state-subsidised),index_qoq_pct,0.3
2025Q4,092-3,Vantaa 3,All,ARA (state-subsidised),index_yoy_pct,
2025Q4,092-3,Vantaa 3,All,ARA (state-subsidised),rent_eur_m2,13.73
2025Q4,092-3,Vantaa 3,All,ARA (state-subsidised),n_rent,3515.0
2025Q4,092-3,Vantaa 3,All,ARA (state-subsidised),rent_new_eur_m2,
2025Q4,092-3,Vantaa 3,All,ARA (state-subsidised),n_rent_new,
2026Q1,092-3,Vantaa 3,All,ARA (state-subsidised),index_2025,100.8
2026Q1,092-3,Vantaa 3,All,ARA (state-subsidised),index_qoq_pct,0.3
2026Q1,092-3,Vantaa 3,All,ARA (state-subsidised),index_yoy_pct,1.5
2026Q1,092-3,Vantaa 3,All,ARA (state-subsidised),rent_eur_m2,13.77
2026Q1,092-3,Vantaa 3,All,ARA (state-subsidised),n_rent,3472.0
2026Q1,092-3,Vantaa 3,All,ARA (state-subsidised),rent_new_eur_m2,
2026Q1,092-3,Vantaa 3,All,ARA (state-subsidised),n_rent_new,
2026Q2,092-3,Vantaa 3,All,ARA (state-subsidised),index_2025,101.1
2026Q2,092-3,Vantaa 3,All,ARA (state-subsidised),index_qoq_pct,0.3
2026Q2,092-3,Vantaa 3,All,ARA (state-subsidised),index_yoy_pct,1.2
2026Q2,092-3,Vantaa 3,All,ARA (state-subsidised),rent_eur_m2,13.81
2026Q2,092-3,Vantaa 3,All,ARA (state-subsidised),n_rent,3448.0
2026Q2,092-3,Vantaa 3,All,ARA (state-subsidised),rent_new_eur_m2,
2026Q2,092-3,Vantaa 3,All,ARA (state-subsidised),n_rent_new,
2025Q1,ksu,Koko maa,Studio,ARA (state-subsidised),index_2025,98.9
2025Q1,ksu,Koko maa,Studio,ARA (state-subsidised),index_qoq_pct,
2025Q1,ksu,Koko maa,Studio,ARA (state-subsidised),index_yoy_pct,
2025Q1,ksu,Koko maa,Studio,ARA (state-subsidised),rent_eur_m2,14.89
2025Q1,ksu,Koko maa,Studio,ARA (state-subsidised),n_rent,40801.0
2025Q1,ksu,Koko maa,Studio,ARA (state-subsidised),rent_new_eur_m2,
2025Q1,ksu,Koko maa,Studio,ARA (state-subsidised),n_rent_new,
2025Q2,ksu,Koko maa,Studio,ARA (state-subsidised),index_2025,99.7
2025Q2,ksu,Koko maa,Studio,ARA (state-subsidised),index_qoq_pct,0.8
2025Q2,ksu,Koko maa,Studio,ARA (state-subsidised),index_yoy_pct,
2025Q2,ksu,Koko maa,Studio,ARA (state-subsidised),rent_eur_m2,15.03
2025Q2,ksu,Koko maa,Studio,ARA (state-subsidised),n_rent,40472.0
2025Q2,ksu,Koko maa,Studio,ARA (state-subsidised),rent_new_eur_m2,
2025Q2,ksu,Koko maa,Studio,ARA (state-subsidised),n_rent_new,
2025Q3,ksu,Koko maa,Studio,ARA (state-subsidised),index_2025,100.4
2025Q3,ksu,Koko maa,Studio,ARA (state-subsidised),index_qoq_pct,0.7
2025Q3,ksu,Koko maa,Studio,ARA (state-subsidised),index_yoy_pct,
2025Q3,ksu,Koko maa,Studio,ARA (state-subsidised),rent_eur_m2,15.07
2025Q3,ksu,Koko maa,Studio,ARA (state-subsidised),n_rent,38864.0
2025Q3,ksu,Koko maa,Studio,ARA (state-subsidised),rent_new_eur_m2,
2025Q3,ksu,Koko maa,Studio,ARA (state-subsidised),n_rent_new,
2025Q4,ksu,Koko maa,Studio,ARA (state-subsidised),index_2025,101.0
2025Q4,ksu,Koko maa,Studio,ARA (state-subsidised),index_qoq_pct,0.6
2025Q4,ksu,Koko maa,Studio,ARA (state-subsidised),index_yoy_pct,
2025Q4,ksu,Koko maa,Studio,ARA (state-subsidised),rent_eur_m2,15.3
2025Q4,ksu,Koko maa,Studio,ARA (state-subsidised),n_rent,41073.0
2025Q4,ksu,Koko maa,Studio,ARA (state-subsidised),rent_new_eur_m2,
2025Q4,ksu,Koko maa,Studio,ARA (state-subsidised),n_rent_new,
2026Q1,ksu,Koko maa,Studio,ARA (state-subsidised),index_2025,101.4
2026Q1,ksu,Koko maa,Studio,ARA (state-subsidised),index_qoq_pct,0.4
2026Q1,ksu,Koko maa,Studio,ARA (state-subsidised),index_yoy_pct,2.5
2026Q1,ksu,Koko maa,Studio,ARA (state-subsidised),rent_eur_m2,15.37
2026Q1,ksu,Koko maa,Studio,ARA (state-subsidised),n_rent,40979.0
2026Q1,ksu,Koko maa,Studio,ARA (state-subsidised),rent_new_eur_m2,
2026Q1,ksu,Koko maa,Studio,ARA (state-subsidised),n_rent_new,
2026Q2,ksu,Koko maa,Studio,ARA (state-subsidised),index_2025,101.9
2026Q2,ksu,Koko maa,Studio,ARA (state-subsidised),index_qoq_pct,0.5
2026Q2,ksu,Koko maa,Studio,ARA (state-subsidised),index_yoy_pct,2.2
2026Q2,ksu,Koko maa,Studio,ARA (state-subsidised),rent_eur_m2,15.46
2026Q2,ksu,Koko maa,Studio,ARA (state-subsidised),n_rent,40464.0
2026Q2,ksu,Koko maa,Studio,ARA (state-subsidised),rent_new_eur_m2,
2026Q2,ksu,Koko maa,Studio,ARA (state-subsidised),n_rent_new,
2025Q1,pks,Pääkaupunkiseutu (PKS),Studio,ARA (state-subsidised),index_2025,98.8
2025Q1,pks,Pääkaupunkiseutu (PKS),Studio,ARA (state-subsidised),index_qoq_pct,
2025Q1,pks,Pääkaupunkiseutu (PKS),Studio,ARA (state-subsidised),index_yoy_pct,
2025Q1,pks,Pääkaupunkiseutu (PKS),Studio,ARA (state-subsidised),rent_eur_m2,17.71
2025Q1,pks,Pääkaupunkiseutu (PKS),Studio,ARA (state-subsidised),n_rent,12085.0
2025Q1,pks,Pääkaupunkiseutu (PKS),Studio,ARA (state-subsidised),rent_new_eur_m2,
2025Q1,pks,Pääkaupunkiseutu (PKS),Studio,ARA (state-subsidised),n_rent_new,
2025Q2,pks,Pääkaupunkiseutu (PKS),Studio,ARA (state-subsidised),index_2025,99.7
2025Q2,pks,Pääkaupunkiseutu (PKS),Studio,ARA (state-subsidised),index_qoq_pct,0.9
2025Q2,pks,Pääkaupunkiseutu (PKS),Studio,ARA (state-subsidised),index_yoy_pct,
2025Q2,pks,Pääkaupunkiseutu (PKS),Studio,ARA (state-subsidised),rent_eur_m2,17.91
2025Q2,pks,Pääkaupunkiseutu (PKS),Studio,ARA (state-subsidised),n_rent,11934.0
2025Q2,pks,Pääkaupunkiseutu (PKS),Studio,ARA (state-subsidised),rent_new_eur_m2,
2025Q2,pks,Pääkaupunkiseutu (PKS),Studio,ARA (state-subsidised),n_rent_new,
2025Q3,pks,Pääkaupunkiseutu (PKS),Studio,ARA (state-subsidised),index_2025,100.4
2025Q3,pks,Pääkaupunkiseutu (PKS),Studio,ARA (state-subsidised),index_qoq_pct,0.6
2025Q3,pks,Pääkaupunkiseutu (PKS),Studio,ARA (state-subsidised),index_yoy_pct,
2025Q3,pks,Pääkaupunkiseutu (PKS),Studio,ARA (state-subsidised),rent_eur_m2,17.93
2025Q3,pks,Pääkaupunkiseutu (PKS),Studio,ARA (state-subsidised),n_rent,11437.0
2025Q3,pks,Pääkaupunkiseutu (PKS),Studio,ARA (state-subsidised),rent_new_eur_m2,
2025Q3,pks,Pääkaupunkiseutu (PKS),Studio,ARA (state-subsidised),n_rent_new,
2025Q4,pks,Pääkaupunkiseutu (PKS),Studio,ARA (state-subsidised),index_2025,101.0
2025Q4,pks,Pääkaupunkiseutu (PKS),Studio,ARA (state-subsidised),index_qoq_pct,0.7
2025Q4,pks,Pääkaupunkiseutu (PKS),Studio,ARA (state-subsidised),index_yoy_pct,
2025Q4,pks,Pääkaupunkiseutu (PKS),Studio,ARA (state-subsidised),rent_eur_m2,18.26
2025Q4,pks,Pääkaupunkiseutu (PKS),Studio,ARA (state-subsidised),n_rent,12040.0
2025Q4,pks,Pääkaupunkiseutu (PKS),Studio,ARA (state-subsidised),rent_new_eur_m2,
2025Q4,pks,Pääkaupunkiseutu (PKS),Studio,ARA (state-subsidised),n_rent_new,
2026Q1,pks,Pääkaupunkiseutu (PKS),Studio,ARA (state-subsidised),index_2025,101.5
2026Q1,pks,Pääkaupunkiseutu (PKS),Studio,ARA (state-subsidised),index_qoq_pct,0.5
2026Q1,pks,Pääkaupunkiseutu (PKS),Studio,ARA (state-subsidised),index_yoy_pct,2.7
2026Q1,pks,Pääkaupunkiseutu (PKS),Studio,ARA (state-subsidised),rent_eur_m2,18.34
2026Q1,pks,Pääkaupunkiseutu (PKS),Studio,ARA (state-subsidised),n_rent,12070.0
2026Q1,pks,Pääkaupunkiseutu (PKS),Studio,ARA (state-subsidised),rent_new_eur_m2,
2026Q1,pks,Pääkaupunkiseutu (PKS),Studio,ARA (state-subsidised),n_rent_new,
2026Q2,pks,Pääkaupunkiseutu (PKS),Studio,ARA (state-subsidised),index_2025,102.0
2026Q2,pks,Pääkaupunkiseutu (PKS),Studio,ARA (state-subsidised),index_qoq_pct,0.5
2026Q2,pks,Pääkaupunkiseutu (PKS),Studio,ARA (state-subsidised),index_yoy_pct,2.3
2026Q2,pks,Pääkaupunkiseutu (PKS),Studio,ARA (state-subsidised),rent_eur_m2,18.46
2026Q2,pks,Pääkaupunkiseutu (PKS),Studio,ARA (state-subsidised),n_rent,11907.0
2026Q2,pks,Pääkaupunkiseutu (PKS),Studio,ARA (state-subsidised),rent_new_eur_m2,
2026Q2,pks,Pääkaupunkiseutu (PKS),Studio,ARA (state-subsidised),n_rent_new,
2025Q1,091,Helsinki,Studio,ARA (state-subsidised),index_2025,98.7
2025Q1,091,Helsinki,Studio,ARA (state-subsidised),index_qoq_pct,
2025Q1,091,Helsinki,Studio,ARA (state-subsidised),index_yoy_pct,
2025Q1,091,Helsinki,Studio,ARA (state-subsidised),rent_eur_m2,17.82
2025Q1,091,Helsinki,Studio,ARA (state-subsidised),n_rent,7678.0
2025Q1,091,Helsinki,Studio,ARA (state-subsidised),rent_new_eur_m2,
2025Q1,091,Helsinki,Studio,ARA (state-subsidised),n_rent_new,
2025Q2,091,Helsinki,Studio,ARA (state-subsidised),index_2025,99.7
2025Q2,091,Helsinki,Studio,ARA (state-subsidised),index_qoq_pct,1.1
2025Q2,091,Helsinki,Studio,ARA (state-subsidised),index_yoy_pct,
2025Q2,091,Helsinki,Studio,ARA (state-subsidised),rent_eur_m2,18.05
2025Q2,091,Helsinki,Studio,ARA (state-subsidised),n_rent,7594.0
2025Q2,091,Helsinki,Studio,ARA (state-subsidised),rent_new_eur_m2,
2025Q2,091,Helsinki,Studio,ARA (state-subsidised),n_rent_new,
2025Q3,091,Helsinki,Studio,ARA (state-subsidised),index_2025,100.4
2025Q3,091,Helsinki,Studio,ARA (state-subsidised),index_qoq_pct,0.7
2025Q3,091,Helsinki,Studio,ARA (state-subsidised),index_yoy_pct,
2025Q3,091,Helsinki,Studio,ARA (state-subsidised),rent_eur_m2,18.07
2025Q3,091,Helsinki,Studio,ARA (state-subsidised),n_rent,7296.0
2025Q3,091,Helsinki,Studio,ARA (state-subsidised),rent_new_eur_m2,
2025Q3,091,Helsinki,Studio,ARA (state-subsidised),n_rent_new,
2025Q4,091,Helsinki,Studio,ARA (state-subsidised),index_2025,101.1
2025Q4,091,Helsinki,Studio,ARA (state-subsidised),index_qoq_pct,0.7
2025Q4,091,Helsinki,Studio,ARA (state-subsidised),index_yoy_pct,
2025Q4,091,Helsinki,Studio,ARA (state-subsidised),rent_eur_m2,18.37
2025Q4,091,Helsinki,Studio,ARA (state-subsidised),n_rent,7561.0
2025Q4,091,Helsinki,Studio,ARA (state-subsidised),rent_new_eur_m2,
2025Q4,091,Helsinki,Studio,ARA (state-subsidised),n_rent_new,
2026Q1,091,Helsinki,Studio,ARA (state-subsidised),index_2025,101.7
2026Q1,091,Helsinki,Studio,ARA (state-subsidised),index_qoq_pct,0.5
2026Q1,091,Helsinki,Studio,ARA (state-subsidised),index_yoy_pct,3.0
2026Q1,091,Helsinki,Studio,ARA (state-subsidised),rent_eur_m2,18.48
2026Q1,091,Helsinki,Studio,ARA (state-subsidised),n_rent,7587.0
2026Q1,091,Helsinki,Studio,ARA (state-subsidised),rent_new_eur_m2,
2026Q1,091,Helsinki,Studio,ARA (state-subsidised),n_rent_new,
2026Q2,091,Helsinki,Studio,ARA (state-subsidised),index_2025,102.3
2026Q2,091,Helsinki,Studio,ARA (state-subsidised),index_qoq_pct,0.6
2026Q2,091,Helsinki,Studio,ARA (state-subsidised),index_yoy_pct,2.6
2026Q2,091,Helsinki,Studio,ARA (state-subsidised),rent_eur_m2,18.63
2026Q2,091,Helsinki,Studio,ARA (state-subsidised),n_rent,7457.0
2026Q2,091,Helsinki,Studio,ARA (state-subsidised),rent_new_eur_m2,
2026Q2,091,Helsinki,Studio,ARA (state-subsidised),n_rent_new,
2025Q1,091-1,Helsinki 1,Studio,ARA (state-subsidised),index_2025,99.0
2025Q1,091-1,Helsinki 1,Studio,ARA (state-subsidised),index_qoq_pct,
2025Q1,091-1,Helsinki 1,Studio,ARA (state-subsidised),index_yoy_pct,
2025Q1,091-1,Helsinki 1,Studio,ARA (state-subsidised),rent_eur_m2,21.24
2025Q1,091-1,Helsinki 1,Studio,ARA (state-subsidised),n_rent,1348.0
2025Q1,091-1,Helsinki 1,Studio,ARA (state-subsidised),rent_new_eur_m2,
2025Q1,091-1,Helsinki 1,Studio,ARA (state-subsidised),n_rent_new,
2025Q2,091-1,Helsinki 1,Studio,ARA (state-subsidised),index_2025,99.6
2025Q2,091-1,Helsinki 1,Studio,ARA (state-subsidised),index_qoq_pct,0.6
2025Q2,091-1,Helsinki 1,Studio,ARA (state-subsidised),index_yoy_pct,
2025Q2,091-1,Helsinki 1,Studio,ARA (state-subsidised),rent_eur_m2,21.33
2025Q2,091-1,Helsinki 1,Studio,ARA (state-subsidised),n_rent,1316.0
2025Q2,091-1,Helsinki 1,Studio,ARA (state-subsidised),rent_new_eur_m2,
2025Q2,091-1,Helsinki 1,Studio,ARA (state-subsidised),n_rent_new,
2025Q3,091-1,Helsinki 1,Studio,ARA (state-subsidised),index_2025,100.3
2025Q3,091-1,Helsinki 1,Studio,ARA (state-subsidised),index_qoq_pct,0.7
2025Q3,091-1,Helsinki 1,Studio,ARA (state-subsidised),index_yoy_pct,
2025Q3,091-1,Helsinki 1,Studio,ARA (state-subsidised),rent_eur_m2,21.43
2025Q3,091-1,Helsinki 1,Studio,ARA (state-subsidised),n_rent,1220.0
2025Q3,091-1,Helsinki 1,Studio,ARA (state-subsidised),rent_new_eur_m2,
2025Q3,091-1,Helsinki 1,Studio,ARA (state-subsidised),n_rent_new,
2025Q4,091-1,Helsinki 1,Studio,ARA (state-subsidised),index_2025,101.2
2025Q4,091-1,Helsinki 1,Studio,ARA (state-subsidised),index_qoq_pct,0.9
2025Q4,091-1,Helsinki 1,Studio,ARA (state-subsidised),index_yoy_pct,
2025Q4,091-1,Helsinki 1,Studio,ARA (state-subsidised),rent_eur_m2,21.77
2025Q4,091-1,Helsinki 1,Studio,ARA (state-subsidised),n_rent,1303.0
2025Q4,091-1,Helsinki 1,Studio,ARA (state-subsidised),rent_new_eur_m2,
2025Q4,091-1,Helsinki 1,Studio,ARA (state-subsidised),n_rent_new,
2026Q1,091-1,Helsinki 1,Studio,ARA (state-subsidised),index_2025,101.5
2026Q1,091-1,Helsinki 1,Studio,ARA (state-subsidised),index_qoq_pct,0.3
2026Q1,091-1,Helsinki 1,Studio,ARA (state-subsidised),index_yoy_pct,2.6
2026Q1,091-1,Helsinki 1,Studio,ARA (state-subsidised),rent_eur_m2,21.92
2026Q1,091-1,Helsinki 1,Studio,ARA (state-subsidised),n_rent,1346.0
2026Q1,091-1,Helsinki 1,Studio,ARA (state-subsidised),rent_new_eur_m2,
2026Q1,091-1,Helsinki 1,Studio,ARA (state-subsidised),n_rent_new,
2026Q2,091-1,Helsinki 1,Studio,ARA (state-subsidised),index_2025,102.0
2026Q2,091-1,Helsinki 1,Studio,ARA (state-subsidised),index_qoq_pct,0.5
2026Q2,091-1,Helsinki 1,Studio,ARA (state-subsidised),index_yoy_pct,2.4
2026Q2,091-1,Helsinki 1,Studio,ARA (state-subsidised),rent_eur_m2,22.04
2026Q2,091-1,Helsinki 1,Studio,ARA (state-subsidised),n_rent,1318.0
2026Q2,091-1,Helsinki 1,Studio,ARA (state-subsidised),rent_new_eur_m2,
2026Q2,091-1,Helsinki 1,Studio,ARA (state-subsidised),n_rent_new,
2025Q1,091-2,Helsinki 2,Studio,ARA (state-subsidised),index_2025,98.6
2025Q1,091-2,Helsinki 2,Studio,ARA (state-subsidised),index_qoq_pct,
2025Q1,091-2,Helsinki 2,Studio,ARA (state-subsidised),index_yoy_pct,
2025Q1,091-2,Helsinki 2,Studio,ARA (state-subsidised),rent_eur_m2,18.0
2025Q1,091-2,Helsinki 2,Studio,ARA (state-subsidised),n_rent,2574.0
2025Q1,091-2,Helsinki 2,Studio,ARA (state-subsidised),rent_new_eur_m2,
2025Q1,091-2,Helsinki 2,Studio,ARA (state-subsidised),n_rent_new,
2025Q2,091-2,Helsinki 2,Studio,ARA (state-subsidised),index_2025,99.7
2025Q2,091-2,Helsinki 2,Studio,ARA (state-subsidised),index_qoq_pct,1.1
2025Q2,091-2,Helsinki 2,Studio,ARA (state-subsidised),index_yoy_pct,
2025Q2,091-2,Helsinki 2,Studio,ARA (state-subsidised),rent_eur_m2,18.27
2025Q2,091-2,Helsinki 2,Studio,ARA (state-subsidised),n_rent,2585.0
2025Q2,091-2,Helsinki 2,Studio,ARA (state-subsidised),rent_new_eur_m2,
2025Q2,091-2,Helsinki 2,Studio,ARA (state-subsidised),n_rent_new,
2025Q3,091-2,Helsinki 2,Studio,ARA (state-subsidised),index_2025,100.5
2025Q3,091-2,Helsinki 2,Studio,ARA (state-subsidised),index_qoq_pct,0.7
2025Q3,091-2,Helsinki 2,Studio,ARA (state-subsidised),index_yoy_pct,
2025Q3,091-2,Helsinki 2,Studio,ARA (state-subsidised),rent_eur_m2,18.29
2025Q3,091-2,Helsinki 2,Studio,ARA (state-subsidised),n_rent,2467.0
2025Q3,091-2,Helsinki 2,Studio,ARA (state-subsidised),rent_new_eur_m2,
2025Q3,091-2,Helsinki 2,Studio,ARA (state-subsidised),n_rent_new,
2025Q4,091-2,Helsinki 2,Studio,ARA (state-subsidised),index_2025,101.2
2025Q4,091-2,Helsinki 2,Studio,ARA (state-subsidised),index_qoq_pct,0.7
2025Q4,091-2,Helsinki 2,Studio,ARA (state-subsidised),index_yoy_pct,
2025Q4,091-2,Helsinki 2,Studio,ARA (state-subsidised),rent_eur_m2,18.55
2025Q4,091-2,Helsinki 2,Studio,ARA (state-subsidised),n_rent,2539.0
2025Q4,091-2,Helsinki 2,Studio,ARA (state-subsidised),rent_new_eur_m2,
2025Q4,091-2,Helsinki 2,Studio,ARA (state-subsidised),n_rent_new,
2026Q1,091-2,Helsinki 2,Studio,ARA (state-subsidised),index_2025,101.8
2026Q1,091-2,Helsinki 2,Studio,ARA (state-subsidised),index_qoq_pct,0.6
2026Q1,091-2,Helsinki 2,Studio,ARA (state-subsidised),index_yoy_pct,3.2
2026Q1,091-2,Helsinki 2,Studio,ARA (state-subsidised),rent_eur_m2,18.67
2026Q1,091-2,Helsinki 2,Studio,ARA (state-subsidised),n_rent,2529.0
2026Q1,091-2,Helsinki 2,Studio,ARA (state-subsidised),rent_new_eur_m2,
2026Q1,091-2,Helsinki 2,Studio,ARA (state-subsidised),n_rent_new,
2026Q2,091-2,Helsinki 2,Studio,ARA (state-subsidised),index_2025,102.5
2026Q2,091-2,Helsinki 2,Studio,ARA (state-subsidised),index_qoq_pct,0.7
2026Q2,091-2,Helsinki 2,Studio,ARA (state-subsidised),index_yoy_pct,2.8
2026Q2,091-2,Helsinki 2,Studio,ARA (state-subsidised),rent_eur_m2,18.82
2026Q2,091-2,Helsinki 2,Studio,ARA (state-subsidised),n_rent,2509.0
2026Q2,091-2,Helsinki 2,Studio,ARA (state-subsidised),rent_new_eur_m2,
2026Q2,091-2,Helsinki 2,Studio,ARA (state-subsidised),n_rent_new,
2025Q1,091-3,Helsinki 3,Studio,ARA (state-subsidised),index_2025,98.5
2025Q1,091-3,Helsinki 3,Studio,ARA (state-subsidised),index_qoq_pct,
2025Q1,091-3,Helsinki 3,Studio,ARA (state-subsidised),index_yoy_pct,
2025Q1,091-3,Helsinki 3,Studio,ARA (state-subsidised),rent_eur_m2,17.34
2025Q1,091-3,Helsinki 3,Studio,ARA (state-subsidised),n_rent,1313.0
2025Q1,091-3,Helsinki 3,Studio,ARA (state-subsidised),rent_new_eur_m2,
2025Q1,091-3,Helsinki 3,Studio,ARA (state-subsidised),n_rent_new,
2025Q2,091-3,Helsinki 3,Studio,ARA (state-subsidised),index_2025,99.7
2025Q2,091-3,Helsinki 3,Studio,ARA (state-subsidised),index_qoq_pct,1.3
2025Q2,091-3,Helsinki 3,Studio,ARA (state-subsidised),index_yoy_pct,
2025Q2,091-3,Helsinki 3,Studio,ARA (state-subsidised),rent_eur_m2,17.61
2025Q2,091-3,Helsinki 3,Studio,ARA (state-subsidised),n_rent,1278.0
2025Q2,091-3,Helsinki 3,Studio,ARA (state-subsidised),rent_new_eur_m2,
2025Q2,091-3,Helsinki 3,Studio,ARA (state-subsidised),n_rent_new,
2025Q3,091-3,Helsinki 3,Studio,ARA (state-subsidised),index_2025,100.5
2025Q3,091-3,Helsinki 3,Studio,ARA (state-subsidised),index_qoq_pct,0.8
2025Q3,091-3,Helsinki 3,Studio,ARA (state-subsidised),index_yoy_pct,
2025Q3,091-3,Helsinki 3,Studio,ARA (state-subsidised),rent_eur_m2,17.64
2025Q3,091-3,Helsinki 3,Studio,ARA (state-subsidised),n_rent,1218.0
2025Q3,091-3,Helsinki 3,Studio,ARA (state-subsidised),rent_new_eur_m2,
2025Q3,091-3,Helsinki 3,Studio,ARA (state-subsidised),n_rent_new,
2025Q4,091-3,Helsinki 3,Studio,ARA (state-subsidised),index_2025,101.2
2025Q4,091-3,Helsinki 3,Studio,ARA (state-subsidised),index_qoq_pct,0.7
2025Q4,091-3,Helsinki 3,Studio,ARA (state-subsidised),index_yoy_pct,
2025Q4,091-3,Helsinki 3,Studio,ARA (state-subsidised),rent_eur_m2,17.97
2025Q4,091-3,Helsinki 3,Studio,ARA (state-subsidised),n_rent,1286.0
2025Q4,091-3,Helsinki 3,Studio,ARA (state-subsidised),rent_new_eur_m2,
2025Q4,091-3,Helsinki 3,Studio,ARA (state-subsidised),n_rent_new,
2026Q1,091-3,Helsinki 3,Studio,ARA (state-subsidised),index_2025,101.9
2026Q1,091-3,Helsinki 3,Studio,ARA (state-subsidised),index_qoq_pct,0.7
2026Q1,091-3,Helsinki 3,Studio,ARA (state-subsidised),index_yoy_pct,3.5
2026Q1,091-3,Helsinki 3,Studio,ARA (state-subsidised),rent_eur_m2,18.11
2026Q1,091-3,Helsinki 3,Studio,ARA (state-subsidised),n_rent,1278.0
2026Q1,091-3,Helsinki 3,Studio,ARA (state-subsidised),rent_new_eur_m2,
2026Q1,091-3,Helsinki 3,Studio,ARA (state-subsidised),n_rent_new,
2026Q2,091-3,Helsinki 3,Studio,ARA (state-subsidised),index_2025,102.7
2026Q2,091-3,Helsinki 3,Studio,ARA (state-subsidised),index_qoq_pct,0.7
2026Q2,091-3,Helsinki 3,Studio,ARA (state-subsidised),index_yoy_pct,3.0
2026Q2,091-3,Helsinki 3,Studio,ARA (state-subsidised),rent_eur_m2,18.31
2026Q2,091-3,Helsinki 3,Studio,ARA (state-subsidised),n_rent,1270.0
2026Q2,091-3,Helsinki 3,Studio,ARA (state-subsidised),rent_new_eur_m2,
2026Q2,091-3,Helsinki 3,Studio,ARA (state-subsidised),n_rent_new,
2025Q1,091-4,Helsinki 4,Studio,ARA (state-subsidised),index_2025,98.7
2025Q1,091-4,Helsinki 4,Studio,ARA (state-subsidised),index_qoq_pct,
2025Q1,091-4,Helsinki 4,Studio,ARA (state-subsidised),index_yoy_pct,
2025Q1,091-4,Helsinki 4,Studio,ARA (state-subsidised),rent_eur_m2,16.41
2025Q1,091-4,Helsinki 4,Studio,ARA (state-subsidised),n_rent,2443.0
2025Q1,091-4,Helsinki 4,Studio,ARA (state-subsidised),rent_new_eur_m2,
2025Q1,091-4,Helsinki 4,Studio,ARA (state-subsidised),n_rent_new,
2025Q2,091-4,Helsinki 4,Studio,ARA (state-subsidised),index_2025,99.8
2025Q2,091-4,Helsinki 4,Studio,ARA (state-subsidised),index_qoq_pct,1.1
2025Q2,091-4,Helsinki 4,Studio,ARA (state-subsidised),index_yoy_pct,
2025Q2,091-4,Helsinki 4,Studio,ARA (state-subsidised),rent_eur_m2,16.66
2025Q2,091-4,Helsinki 4,Studio,ARA (state-subsidised),n_rent,2415.0
2025Q2,091-4,Helsinki 4,Studio,ARA (state-subsidised),rent_new_eur_m2,
2025Q2,091-4,Helsinki 4,Studio,ARA (state-subsidised),n_rent_new,
2025Q3,091-4,Helsinki 4,Studio,ARA (state-subsidised),index_2025,100.4
2025Q3,091-4,Helsinki 4,Studio,ARA (state-subsidised),index_qoq_pct,0.6
2025Q3,091-4,Helsinki 4,Studio,ARA (state-subsidised),index_yoy_pct,
2025Q3,091-4,Helsinki 4,Studio,ARA (state-subsidised),rent_eur_m2,16.72
2025Q3,091-4,Helsinki 4,Studio,ARA (state-subsidised),n_rent,2391.0
2025Q3,091-4,Helsinki 4,Studio,ARA (state-subsidised),rent_new_eur_m2,
2025Q3,091-4,Helsinki 4,Studio,ARA (state-subsidised),n_rent_new,
2025Q4,091-4,Helsinki 4,Studio,ARA (state-subsidised),index_2025,101.1
2025Q4,091-4,Helsinki 4,Studio,ARA (state-subsidised),index_qoq_pct,0.6
2025Q4,091-4,Helsinki 4,Studio,ARA (state-subsidised),index_yoy_pct,
2025Q4,091-4,Helsinki 4,Studio,ARA (state-subsidised),rent_eur_m2,16.96
2025Q4,091-4,Helsinki 4,Studio,ARA (state-subsidised),n_rent,2433.0
2025Q4,091-4,Helsinki 4,Studio,ARA (state-subsidised),rent_new_eur_m2,
2025Q4,091-4,Helsinki 4,Studio,ARA (state-subsidised),n_rent_new,
2026Q1,091-4,Helsinki 4,Studio,ARA (state-subsidised),index_2025,101.6
2026Q1,091-4,Helsinki 4,Studio,ARA (state-subsidised),index_qoq_pct,0.5
2026Q1,091-4,Helsinki 4,Studio,ARA (state-subsidised),index_yoy_pct,2.9
2026Q1,091-4,Helsinki 4,Studio,ARA (state-subsidised),rent_eur_m2,17.0
2026Q1,091-4,Helsinki 4,Studio,ARA (state-subsidised),n_rent,2434.0
2026Q1,091-4,Helsinki 4,Studio,ARA (state-subsidised),rent_new_eur_m2,
2026Q1,091-4,Helsinki 4,Studio,ARA (state-subsidised),n_rent_new,
2026Q2,091-4,Helsinki 4,Studio,ARA (state-subsidised),index_2025,102.1
2026Q2,091-4,Helsinki 4,Studio,ARA (state-subsidised),index_qoq_pct,0.5
2026Q2,091-4,Helsinki 4,Studio,ARA (state-subsidised),index_yoy_pct,2.3
2026Q2,091-4,Helsinki 4,Studio,ARA (state-subsidised),rent_eur_m2,17.11
2026Q2,091-4,Helsinki 4,Studio,ARA (state-subsidised),n_rent,2360.0
2026Q2,091-4,Helsinki 4,Studio,ARA (state-subsidised),rent_new_eur_m2,
2026Q2,091-4,Helsinki 4,Studio,ARA (state-subsidised),n_rent_new,
2025Q1,049,Espoo-Kauniainen,Studio,ARA (state-subsidised),index_2025,98.8
2025Q1,049,Espoo-Kauniainen,Studio,ARA (state-subsidised),index_qoq_pct,
2025Q1,049,Espoo-Kauniainen,Studio,ARA (state-subsidised),index_yoy_pct,
2025Q1,049,Espoo-Kauniainen,Studio,ARA (state-subsidised),rent_eur_m2,17.85
2025Q1,049,Espoo-Kauniainen,Studio,ARA (state-subsidised),n_rent,2582.0
2025Q1,049,Espoo-Kauniainen,Studio,ARA (state-subsidised),rent_new_eur_m2,
2025Q1,049,Espoo-Kauniainen,Studio,ARA (state-subsidised),n_rent_new,
2025Q2,049,Espoo-Kauniainen,Studio,ARA (state-subsidised),index_2025,99.7
2025Q2,049,Espoo-Kauniainen,Studio,ARA (state-subsidised),index_qoq_pct,0.9
2025Q2,049,Espoo-Kauniainen,Studio,ARA (state-subsidised),index_yoy_pct,
2025Q2,049,Espoo-Kauniainen,Studio,ARA (state-subsidised),rent_eur_m2,18.04
2025Q2,049,Espoo-Kauniainen,Studio,ARA (state-subsidised),n_rent,2538.0
2025Q2,049,Espoo-Kauniainen,Studio,ARA (state-subsidised),rent_new_eur_m2,
2025Q2,049,Espoo-Kauniainen,Studio,ARA (state-subsidised),n_rent_new,
2025Q3,049,Espoo-Kauniainen,Studio,ARA (state-subsidised),index_2025,100.4
2025Q3,049,Espoo-Kauniainen,Studio,ARA (state-subsidised),index_qoq_pct,0.7
2025Q3,049,Espoo-Kauniainen,Studio,ARA (state-subsidised),index_yoy_pct,
2025Q3,049,Espoo-Kauniainen,Studio,ARA (state-subsidised),rent_eur_m2,18.07
2025Q3,049,Espoo-Kauniainen,Studio,ARA (state-subsidised),n_rent,2418.0
2025Q3,049,Espoo-Kauniainen,Studio,ARA (state-subsidised),rent_new_eur_m2,
2025Q3,049,Espoo-Kauniainen,Studio,ARA (state-subsidised),n_rent_new,
2025Q4,049,Espoo-Kauniainen,Studio,ARA (state-subsidised),index_2025,101.1
2025Q4,049,Espoo-Kauniainen,Studio,ARA (state-subsidised),index_qoq_pct,0.7
2025Q4,049,Espoo-Kauniainen,Studio,ARA (state-subsidised),index_yoy_pct,
2025Q4,049,Espoo-Kauniainen,Studio,ARA (state-subsidised),rent_eur_m2,18.61
2025Q4,049,Espoo-Kauniainen,Studio,ARA (state-subsidised),n_rent,2658.0
2025Q4,049,Espoo-Kauniainen,Studio,ARA (state-subsidised),rent_new_eur_m2,
2025Q4,049,Espoo-Kauniainen,Studio,ARA (state-subsidised),n_rent_new,
2026Q1,049,Espoo-Kauniainen,Studio,ARA (state-subsidised),index_2025,101.5
2026Q1,049,Espoo-Kauniainen,Studio,ARA (state-subsidised),index_qoq_pct,0.4
2026Q1,049,Espoo-Kauniainen,Studio,ARA (state-subsidised),index_yoy_pct,2.7
2026Q1,049,Espoo-Kauniainen,Studio,ARA (state-subsidised),rent_eur_m2,18.65
2026Q1,049,Espoo-Kauniainen,Studio,ARA (state-subsidised),n_rent,2667.0
2026Q1,049,Espoo-Kauniainen,Studio,ARA (state-subsidised),rent_new_eur_m2,
2026Q1,049,Espoo-Kauniainen,Studio,ARA (state-subsidised),n_rent_new,
2026Q2,049,Espoo-Kauniainen,Studio,ARA (state-subsidised),index_2025,101.9
2026Q2,049,Espoo-Kauniainen,Studio,ARA (state-subsidised),index_qoq_pct,0.4
2026Q2,049,Espoo-Kauniainen,Studio,ARA (state-subsidised),index_yoy_pct,2.2
2026Q2,049,Espoo-Kauniainen,Studio,ARA (state-subsidised),rent_eur_m2,18.73
2026Q2,049,Espoo-Kauniainen,Studio,ARA (state-subsidised),n_rent,2650.0
2026Q2,049,Espoo-Kauniainen,Studio,ARA (state-subsidised),rent_new_eur_m2,
2026Q2,049,Espoo-Kauniainen,Studio,ARA (state-subsidised),n_rent_new,
2025Q1,049-1,Espoo-Kauniainen 1,Studio,ARA (state-subsidised),index_2025,99.0
2025Q1,049-1,Espoo-Kauniainen 1,Studio,ARA (state-subsidised),index_qoq_pct,
2025Q1,049-1,Espoo-Kauniainen 1,Studio,ARA (state-subsidised),index_yoy_pct,
2025Q1,049-1,Espoo-Kauniainen 1,Studio,ARA (state-subsidised),rent_eur_m2,19.24
2025Q1,049-1,Espoo-Kauniainen 1,Studio,ARA (state-subsidised),n_rent,1320.0
2025Q1,049-1,Espoo-Kauniainen 1,Studio,ARA (state-subsidised),rent_new_eur_m2,
2025Q1,049-1,Espoo-Kauniainen 1,Studio,ARA (state-subsidised),n_rent_new,
2025Q2,049-1,Espoo-Kauniainen 1,Studio,ARA (state-subsidised),index_2025,99.6
2025Q2,049-1,Espoo-Kauniainen 1,Studio,ARA (state-subsidised),index_qoq_pct,0.7
2025Q2,049-1,Espoo-Kauniainen 1,Studio,ARA (state-subsidised),index_yoy_pct,
2025Q2,049-1,Espoo-Kauniainen 1,Studio,ARA (state-subsidised),rent_eur_m2,19.42
2025Q2,049-1,Espoo-Kauniainen 1,Studio,ARA (state-subsidised),n_rent,1303.0
2025Q2,049-1,Espoo-Kauniainen 1,Studio,ARA (state-subsidised),rent_new_eur_m2,
2025Q2,049-1,Espoo-Kauniainen 1,Studio,ARA (state-subsidised),n_rent_new,
2025Q3,049-1,Espoo-Kauniainen 1,Studio,ARA (state-subsidised),index_2025,100.3
2025Q3,049-1,Espoo-Kauniainen 1,Studio,ARA (state-subsidised),index_qoq_pct,0.7
2025Q3,049-1,Espoo-Kauniainen 1,Studio,ARA (state-subsidised),index_yoy_pct,
2025Q3,049-1,Espoo-Kauniainen 1,Studio,ARA (state-subsidised),rent_eur_m2,19.4
2025Q3,049-1,Espoo-Kauniainen 1,Studio,ARA (state-subsidised),n_rent,1177.0
2025Q3,049-1,Espoo-Kauniainen 1,Studio,ARA (state-subsidised),rent_new_eur_m2,
2025Q3,049-1,Espoo-Kauniainen 1,Studio,ARA (state-subsidised),n_rent_new,
2025Q4,049-1,Espoo-Kauniainen 1,Studio,ARA (state-subsidised),index_2025,101.1
2025Q4,049-1,Espoo-Kauniainen 1,Studio,ARA (state-subsidised),index_qoq_pct,0.7
2025Q4,049-1,Espoo-Kauniainen 1,Studio,ARA (state-subsidised),index_yoy_pct,
2025Q4,049-1,Espoo-Kauniainen 1,Studio,ARA (state-subsidised),rent_eur_m2,20.11
2025Q4,049-1,Espoo-Kauniainen 1,Studio,ARA (state-subsidised),n_rent,1349.0
2025Q4,049-1,Espoo-Kauniainen 1,Studio,ARA (state-subsidised),rent_new_eur_m2,
2025Q4,049-1,Espoo-Kauniainen 1,Studio,ARA (state-subsidised),n_rent_new,
2026Q1,049-1,Espoo-Kauniainen 1,Studio,ARA (state-subsidised),index_2025,101.3
2026Q1,049-1,Espoo-Kauniainen 1,Studio,ARA (state-subsidised),index_qoq_pct,0.2
2026Q1,049-1,Espoo-Kauniainen 1,Studio,ARA (state-subsidised),index_yoy_pct,2.4
2026Q1,049-1,Espoo-Kauniainen 1,Studio,ARA (state-subsidised),rent_eur_m2,20.15
2026Q1,049-1,Espoo-Kauniainen 1,Studio,ARA (state-subsidised),n_rent,1359.0
2026Q1,049-1,Espoo-Kauniainen 1,Studio,ARA (state-subsidised),rent_new_eur_m2,
2026Q1,049-1,Espoo-Kauniainen 1,Studio,ARA (state-subsidised),n_rent_new,
2026Q2,049-1,Espoo-Kauniainen 1,Studio,ARA (state-subsidised),index_2025,101.7
2026Q2,049-1,Espoo-Kauniainen 1,Studio,ARA (state-subsidised),index_qoq_pct,0.4
2026Q2,049-1,Espoo-Kauniainen 1,Studio,ARA (state-subsidised),index_yoy_pct,2.1
2026Q2,049-1,Espoo-Kauniainen 1,Studio,ARA (state-subsidised),rent_eur_m2,20.23
2026Q2,049-1,Espoo-Kauniainen 1,Studio,ARA (state-subsidised),n_rent,1340.0
2026Q2,049-1,Espoo-Kauniainen 1,Studio,ARA (state-subsidised),rent_new_eur_m2,
2026Q2,049-1,Espoo-Kauniainen 1,Studio,ARA (state-subsidised),n_rent_new,
2025Q1,049-2,Espoo-Kauniainen 2,Studio,ARA (state-subsidised),index_2025,98.8
2025Q1,049-2,Espoo-Kauniainen 2,Studio,ARA (state-subsidised),index_qoq_pct,
2025Q1,049-2,Espoo-Kauniainen 2,Studio,ARA (state-subsidised),index_yoy_pct,
2025Q1,049-2,Espoo-Kauniainen 2,Studio,ARA (state-subsidised),rent_eur_m2,16.89
2025Q1,049-2,Espoo-Kauniainen 2,Studio,ARA (state-subsidised),n_rent,536.0
2025Q1,049-2,Espoo-Kauniainen 2,Studio,ARA (state-subsidised),rent_new_eur_m2,
2025Q1,049-2,Espoo-Kauniainen 2,Studio,ARA (state-subsidised),n_rent_new,
2025Q2,049-2,Espoo-Kauniainen 2,Studio,ARA (state-subsidised),index_2025,99.8
2025Q2,049-2,Espoo-Kauniainen 2,Studio,ARA (state-subsidised),index_qoq_pct,1.1
2025Q2,049-2,Espoo-Kauniainen 2,Studio,ARA (state-subsidised),index_yoy_pct,
2025Q2,049-2,Espoo-Kauniainen 2,Studio,ARA (state-subsidised),rent_eur_m2,17.07
2025Q2,049-2,Espoo-Kauniainen 2,Studio,ARA (state-subsidised),n_rent,520.0
2025Q2,049-2,Espoo-Kauniainen 2,Studio,ARA (state-subsidised),rent_new_eur_m2,
2025Q2,049-2,Espoo-Kauniainen 2,Studio,ARA (state-subsidised),n_rent_new,
2025Q3,049-2,Espoo-Kauniainen 2,Studio,ARA (state-subsidised),index_2025,100.4
2025Q3,049-2,Espoo-Kauniainen 2,Studio,ARA (state-subsidised),index_qoq_pct,0.6
2025Q3,049-2,Espoo-Kauniainen 2,Studio,ARA (state-subsidised),index_yoy_pct,
2025Q3,049-2,Espoo-Kauniainen 2,Studio,ARA (state-subsidised),rent_eur_m2,17.16
2025Q3,049-2,Espoo-Kauniainen 2,Studio,ARA (state-subsidised),n_rent,523.0
2025Q3,049-2,Espoo-Kauniainen 2,Studio,ARA (state-subsidised),rent_new_eur_m2,
2025Q3,049-2,Espoo-Kauniainen 2,Studio,ARA (state-subsidised),n_rent_new,
2025Q4,049-2,Espoo-Kauniainen 2,Studio,ARA (state-subsidised),index_2025,101.0
2025Q4,049-2,Espoo-Kauniainen 2,Studio,ARA (state-subsidised),index_qoq_pct,0.6
2025Q4,049-2,Espoo-Kauniainen 2,Studio,ARA (state-subsidised),index_yoy_pct,
2025Q4,049-2,Espoo-Kauniainen 2,Studio,ARA (state-subsidised),rent_eur_m2,17.4
2025Q4,049-2,Espoo-Kauniainen 2,Studio,ARA (state-subsidised),n_rent,554.0
2025Q4,049-2,Espoo-Kauniainen 2,Studio,ARA (state-subsidised),rent_new_eur_m2,
2025Q4,049-2,Espoo-Kauniainen 2,Studio,ARA (state-subsidised),n_rent_new,
2026Q1,049-2,Espoo-Kauniainen 2,Studio,ARA (state-subsidised),index_2025,101.6
2026Q1,049-2,Espoo-Kauniainen 2,Studio,ARA (state-subsidised),index_qoq_pct,0.6
2026Q1,049-2,Espoo-Kauniainen 2,Studio,ARA (state-subsidised),index_yoy_pct,2.9
2026Q1,049-2,Espoo-Kauniainen 2,Studio,ARA (state-subsidised),rent_eur_m2,17.48
2026Q1,049-2,Espoo-Kauniainen 2,Studio,ARA (state-subsidised),n_rent,557.0
2026Q1,049-2,Espoo-Kauniainen 2,Studio,ARA (state-subsidised),rent_new_eur_m2,
2026Q1,049-2,Espoo-Kauniainen 2,Studio,ARA (state-subsidised),n_rent_new,
2026Q2,049-2,Espoo-Kauniainen 2,Studio,ARA (state-subsidised),index_2025,102.1
2026Q2,049-2,Espoo-Kauniainen 2,Studio,ARA (state-subsidised),index_qoq_pct,0.5
2026Q2,049-2,Espoo-Kauniainen 2,Studio,ARA (state-subsidised),index_yoy_pct,2.3
2026Q2,049-2,Espoo-Kauniainen 2,Studio,ARA (state-subsidised),rent_eur_m2,17.61
2026Q2,049-2,Espoo-Kauniainen 2,Studio,ARA (state-subsidised),n_rent,555.0
2026Q2,049-2,Espoo-Kauniainen 2,Studio,ARA (state-subsidised),rent_new_eur_m2,
2026Q2,049-2,Espoo-Kauniainen 2,Studio,ARA (state-subsidised),n_rent_new,
2025Q1,049-3,Espoo-Kauniainen 3,Studio,ARA (state-subsidised),index_2025,98.6
2025Q1,049-3,Espoo-Kauniainen 3,Studio,ARA (state-subsidised),index_qoq_pct,
2025Q1,049-3,Espoo-Kauniainen 3,Studio,ARA (state-subsidised),index_yoy_pct,
2025Q1,049-3,Espoo-Kauniainen 3,Studio,ARA (state-subsidised),rent_eur_m2,16.41
2025Q1,049-3,Espoo-Kauniainen 3,Studio,ARA (state-subsidised),n_rent,726.0
2025Q1,049-3,Espoo-Kauniainen 3,Studio,ARA (state-subsidised),rent_new_eur_m2,
2025Q1,049-3,Espoo-Kauniainen 3,Studio,ARA (state-subsidised),n_rent_new,
2025Q2,049-3,Espoo-Kauniainen 3,Studio,ARA (state-subsidised),index_2025,99.8
2025Q2,049-3,Espoo-Kauniainen 3,Studio,ARA (state-subsidised),index_qoq_pct,1.2
2025Q2,049-3,Espoo-Kauniainen 3,Studio,ARA (state-subsidised),index_yoy_pct,
2025Q2,049-3,Espoo-Kauniainen 3,Studio,ARA (state-subsidised),rent_eur_m2,16.62
2025Q2,049-3,Espoo-Kauniainen 3,Studio,ARA (state-subsidised),n_rent,715.0
2025Q2,049-3,Espoo-Kauniainen 3,Studio,ARA (state-subsidised),rent_new_eur_m2,
2025Q2,049-3,Espoo-Kauniainen 3,Studio,ARA (state-subsidised),n_rent_new,
2025Q3,049-3,Espoo-Kauniainen 3,Studio,ARA (state-subsidised),index_2025,100.5
2025Q3,049-3,Espoo-Kauniainen 3,Studio,ARA (state-subsidised),index_qoq_pct,0.7
2025Q3,049-3,Espoo-Kauniainen 3,Studio,ARA (state-subsidised),index_yoy_pct,
2025Q3,049-3,Espoo-Kauniainen 3,Studio,ARA (state-subsidised),rent_eur_m2,16.85
2025Q3,049-3,Espoo-Kauniainen 3,Studio,ARA (state-subsidised),n_rent,718.0
2025Q3,049-3,Espoo-Kauniainen 3,Studio,ARA (state-subsidised),rent_new_eur_m2,
2025Q3,049-3,Espoo-Kauniainen 3,Studio,ARA (state-subsidised),n_rent_new,
2025Q4,049-3,Espoo-Kauniainen 3,Studio,ARA (state-subsidised),index_2025,101.1
2025Q4,049-3,Espoo-Kauniainen 3,Studio,ARA (state-subsidised),index_qoq_pct,0.6
2025Q4,049-3,Espoo-Kauniainen 3,Studio,ARA (state-subsidised),index_yoy_pct,
2025Q4,049-3,Espoo-Kauniainen 3,Studio,ARA (state-subsidised),rent_eur_m2,17.16
2025Q4,049-3,Espoo-Kauniainen 3,Studio,ARA (state-subsidised),n_rent,755.0
2025Q4,049-3,Espoo-Kauniainen 3,Studio,ARA (state-subsidised),rent_new_eur_m2,
2025Q4,049-3,Espoo-Kauniainen 3,Studio,ARA (state-subsidised),n_rent_new,
2026Q1,049-3,Espoo-Kauniainen 3,Studio,ARA (state-subsidised),index_2025,101.6
2026Q1,049-3,Espoo-Kauniainen 3,Studio,ARA (state-subsidised),index_qoq_pct,0.5
2026Q1,049-3,Espoo-Kauniainen 3,Studio,ARA (state-subsidised),index_yoy_pct,3.1
2026Q1,049-3,Espoo-Kauniainen 3,Studio,ARA (state-subsidised),rent_eur_m2,17.16
2026Q1,049-3,Espoo-Kauniainen 3,Studio,ARA (state-subsidised),n_rent,751.0
2026Q1,049-3,Espoo-Kauniainen 3,Studio,ARA (state-subsidised),rent_new_eur_m2,
2026Q1,049-3,Espoo-Kauniainen 3,Studio,ARA (state-subsidised),n_rent_new,
2026Q2,049-3,Espoo-Kauniainen 3,Studio,ARA (state-subsidised),index_2025,102.1
2026Q2,049-3,Espoo-Kauniainen 3,Studio,ARA (state-subsidised),index_qoq_pct,0.4
2026Q2,049-3,Espoo-Kauniainen 3,Studio,ARA (state-subsidised),index_yoy_pct,2.3
2026Q2,049-3,Espoo-Kauniainen 3,Studio,ARA (state-subsidised),rent_eur_m2,17.22
2026Q2,049-3,Espoo-Kauniainen 3,Studio,ARA (state-subsidised),n_rent,755.0
2026Q2,049-3,Espoo-Kauniainen 3,Studio,ARA (state-subsidised),rent_new_eur_m2,
2026Q2,049-3,Espoo-Kauniainen 3,Studio,ARA (state-subsidised),n_rent_new,
2025Q1,092,Vantaa,Studio,ARA (state-subsidised),index_2025,99.4
2025Q1,092,Vantaa,Studio,ARA (state-subsidised),index_qoq_pct,
2025Q1,092,Vantaa,Studio,ARA (state-subsidised),index_yoy_pct,
2025Q1,092,Vantaa,Studio,ARA (state-subsidised),rent_eur_m2,17.16
2025Q1,092,Vantaa,Studio,ARA (state-subsidised),n_rent,1825.0
2025Q1,092,Vantaa,Studio,ARA (state-subsidised),rent_new_eur_m2,
2025Q1,092,Vantaa,Studio,ARA (state-subsidised),n_rent_new,
2025Q2,092,Vantaa,Studio,ARA (state-subsidised),index_2025,99.8
2025Q2,092,Vantaa,Studio,ARA (state-subsidised),index_qoq_pct,0.4
2025Q2,092,Vantaa,Studio,ARA (state-subsidised),index_yoy_pct,
2025Q2,092,Vantaa,Studio,ARA (state-subsidised),rent_eur_m2,17.27
2025Q2,092,Vantaa,Studio,ARA (state-subsidised),n_rent,1802.0
2025Q2,092,Vantaa,Studio,ARA (state-subsidised),rent_new_eur_m2,
2025Q2,092,Vantaa,Studio,ARA (state-subsidised),n_rent_new,
2025Q3,092,Vantaa,Studio,ARA (state-subsidised),index_2025,100.2
2025Q3,092,Vantaa,Studio,ARA (state-subsidised),index_qoq_pct,0.4
2025Q3,092,Vantaa,Studio,ARA (state-subsidised),index_yoy_pct,
2025Q3,092,Vantaa,Studio,ARA (state-subsidised),rent_eur_m2,17.27
2025Q3,092,Vantaa,Studio,ARA (state-subsidised),n_rent,1723.0
2025Q3,092,Vantaa,Studio,ARA (state-subsidised),rent_new_eur_m2,
2025Q3,092,Vantaa,Studio,ARA (state-subsidised),n_rent_new,
2025Q4,092,Vantaa,Studio,ARA (state-subsidised),index_2025,100.6
2025Q4,092,Vantaa,Studio,ARA (state-subsidised),index_qoq_pct,0.4
2025Q4,092,Vantaa,Studio,ARA (state-subsidised),index_yoy_pct,
2025Q4,092,Vantaa,Studio,ARA (state-subsidised),rent_eur_m2,17.45
2025Q4,092,Vantaa,Studio,ARA (state-subsidised),n_rent,1821.0
2025Q4,092,Vantaa,Studio,ARA (state-subsidised),rent_new_eur_m2,
2025Q4,092,Vantaa,Studio,ARA (state-subsidised),n_rent_new,
2026Q1,092,Vantaa,Studio,ARA (state-subsidised),index_2025,100.8
2026Q1,092,Vantaa,Studio,ARA (state-subsidised),index_qoq_pct,0.2
2026Q1,092,Vantaa,Studio,ARA (state-subsidised),index_yoy_pct,1.4
2026Q1,092,Vantaa,Studio,ARA (state-subsidised),rent_eur_m2,17.46
2026Q1,092,Vantaa,Studio,ARA (state-subsidised),n_rent,1816.0
2026Q1,092,Vantaa,Studio,ARA (state-subsidised),rent_new_eur_m2,
2026Q1,092,Vantaa,Studio,ARA (state-subsidised),n_rent_new,
2026Q2,092,Vantaa,Studio,ARA (state-subsidised),index_2025,101.1
2026Q2,092,Vantaa,Studio,ARA (state-subsidised),index_qoq_pct,0.3
2026Q2,092,Vantaa,Studio,ARA (state-subsidised),index_yoy_pct,1.3
2026Q2,092,Vantaa,Studio,ARA (state-subsidised),rent_eur_m2,17.52
2026Q2,092,Vantaa,Studio,ARA (state-subsidised),n_rent,1800.0
2026Q2,092,Vantaa,Studio,ARA (state-subsidised),rent_new_eur_m2,
2026Q2,092,Vantaa,Studio,ARA (state-subsidised),n_rent_new,
2025Q1,092-1,Vantaa 1,Studio,ARA (state-subsidised),index_2025,99.5
2025Q1,092-1,Vantaa 1,Studio,ARA (state-subsidised),index_qoq_pct,
2025Q1,092-1,Vantaa 1,Studio,ARA (state-subsidised),index_yoy_pct,
2025Q1,092-1,Vantaa 1,Studio,ARA (state-subsidised),rent_eur_m2,18.75
2025Q1,092-1,Vantaa 1,Studio,ARA (state-subsidised),n_rent,596.0
2025Q1,092-1,Vantaa 1,Studio,ARA (state-subsidised),rent_new_eur_m2,
2025Q1,092-1,Vantaa 1,Studio,ARA (state-subsidised),n_rent_new,
2025Q2,092-1,Vantaa 1,Studio,ARA (state-subsidised),index_2025,99.9
2025Q2,092-1,Vantaa 1,Studio,ARA (state-subsidised),index_qoq_pct,0.4
2025Q2,092-1,Vantaa 1,Studio,ARA (state-subsidised),index_yoy_pct,
2025Q2,092-1,Vantaa 1,Studio,ARA (state-subsidised),rent_eur_m2,18.84
2025Q2,092-1,Vantaa 1,Studio,ARA (state-subsidised),n_rent,591.0
2025Q2,092-1,Vantaa 1,Studio,ARA (state-subsidised),rent_new_eur_m2,
2025Q2,092-1,Vantaa 1,Studio,ARA (state-subsidised),n_rent_new,
2025Q3,092-1,Vantaa 1,Studio,ARA (state-subsidised),index_2025,100.1
2025Q3,092-1,Vantaa 1,Studio,ARA (state-subsidised),index_qoq_pct,0.2
2025Q3,092-1,Vantaa 1,Studio,ARA (state-subsidised),index_yoy_pct,
2025Q3,092-1,Vantaa 1,Studio,ARA (state-subsidised),rent_eur_m2,18.78
2025Q3,092-1,Vantaa 1,Studio,ARA (state-subsidised),n_rent,546.0
2025Q3,092-1,Vantaa 1,Studio,ARA (state-subsidised),rent_new_eur_m2,
2025Q3,092-1,Vantaa 1,Studio,ARA (state-subsidised),n_rent_new,
2025Q4,092-1,Vantaa 1,Studio,ARA (state-subsidised),index_2025,100.6
2025Q4,092-1,Vantaa 1,Studio,ARA (state-subsidised),index_qoq_pct,0.5
2025Q4,092-1,Vantaa 1,Studio,ARA (state-subsidised),index_yoy_pct,
2025Q4,092-1,Vantaa 1,Studio,ARA (state-subsidised),rent_eur_m2,18.96
2025Q4,092-1,Vantaa 1,Studio,ARA (state-subsidised),n_rent,591.0
2025Q4,092-1,Vantaa 1,Studio,ARA (state-subsidised),rent_new_eur_m2,
2025Q4,092-1,Vantaa 1,Studio,ARA (state-subsidised),n_rent_new,
2026Q1,092-1,Vantaa 1,Studio,ARA (state-subsidised),index_2025,100.6
2026Q1,092-1,Vantaa 1,Studio,ARA (state-subsidised),index_qoq_pct,0.0
2026Q1,092-1,Vantaa 1,Studio,ARA (state-subsidised),index_yoy_pct,1.1
2026Q1,092-1,Vantaa 1,Studio,ARA (state-subsidised),rent_eur_m2,18.93
2026Q1,092-1,Vantaa 1,Studio,ARA (state-subsidised),n_rent,583.0
2026Q1,092-1,Vantaa 1,Studio,ARA (state-subsidised),rent_new_eur_m2,
2026Q1,092-1,Vantaa 1,Studio,ARA (state-subsidised),n_rent_new,
2026Q2,092-1,Vantaa 1,Studio,ARA (state-subsidised),index_2025,100.9
2026Q2,092-1,Vantaa 1,Studio,ARA (state-subsidised),index_qoq_pct,0.3
2026Q2,092-1,Vantaa 1,Studio,ARA (state-subsidised),index_yoy_pct,1.1
2026Q2,092-1,Vantaa 1,Studio,ARA (state-subsidised),rent_eur_m2,18.97
2026Q2,092-1,Vantaa 1,Studio,ARA (state-subsidised),n_rent,597.0
2026Q2,092-1,Vantaa 1,Studio,ARA (state-subsidised),rent_new_eur_m2,
2026Q2,092-1,Vantaa 1,Studio,ARA (state-subsidised),n_rent_new,
2025Q1,092-2,Vantaa 2,Studio,ARA (state-subsidised),index_2025,99.2
2025Q1,092-2,Vantaa 2,Studio,ARA (state-subsidised),index_qoq_pct,
2025Q1,092-2,Vantaa 2,Studio,ARA (state-subsidised),index_yoy_pct,
2025Q1,092-2,Vantaa 2,Studio,ARA (state-subsidised),rent_eur_m2,15.68
2025Q1,092-2,Vantaa 2,Studio,ARA (state-subsidised),n_rent,365.0
2025Q1,092-2,Vantaa 2,Studio,ARA (state-subsidised),rent_new_eur_m2,
2025Q1,092-2,Vantaa 2,Studio,ARA (state-subsidised),n_rent_new,
2025Q2,092-2,Vantaa 2,Studio,ARA (state-subsidised),index_2025,99.7
2025Q2,092-2,Vantaa 2,Studio,ARA (state-subsidised),index_qoq_pct,0.5
2025Q2,092-2,Vantaa 2,Studio,ARA (state-subsidised),index_yoy_pct,
2025Q2,092-2,Vantaa 2,Studio,ARA (state-subsidised),rent_eur_m2,15.87
2025Q2,092-2,Vantaa 2,Studio,ARA (state-subsidised),n_rent,358.0
2025Q2,092-2,Vantaa 2,Studio,ARA (state-subsidised),rent_new_eur_m2,
2025Q2,092-2,Vantaa 2,Studio,ARA (state-subsidised),n_rent_new,
2025Q3,092-2,Vantaa 2,Studio,ARA (state-subsidised),index_2025,100.2
2025Q3,092-2,Vantaa 2,Studio,ARA (state-subsidised),index_qoq_pct,0.5
2025Q3,092-2,Vantaa 2,Studio,ARA (state-subsidised),index_yoy_pct,
2025Q3,092-2,Vantaa 2,Studio,ARA (state-subsidised),rent_eur_m2,15.92
2025Q3,092-2,Vantaa 2,Studio,ARA (state-subsidised),n_rent,337.0
2025Q3,092-2,Vantaa 2,Studio,ARA (state-subsidised),rent_new_eur_m2,
2025Q3,092-2,Vantaa 2,Studio,ARA (state-subsidised),n_rent_new,
2025Q4,092-2,Vantaa 2,Studio,ARA (state-subsidised),index_2025,100.8
2025Q4,092-2,Vantaa 2,Studio,ARA (state-subsidised),index_qoq_pct,0.6
2025Q4,092-2,Vantaa 2,Studio,ARA (state-subsidised),index_yoy_pct,
2025Q4,092-2,Vantaa 2,Studio,ARA (state-subsidised),rent_eur_m2,16.14
2025Q4,092-2,Vantaa 2,Studio,ARA (state-subsidised),n_rent,352.0
2025Q4,092-2,Vantaa 2,Studio,ARA (state-subsidised),rent_new_eur_m2,
2025Q4,092-2,Vantaa 2,Studio,ARA (state-subsidised),n_rent_new,
2026Q1,092-2,Vantaa 2,Studio,ARA (state-subsidised),index_2025,101.3
2026Q1,092-2,Vantaa 2,Studio,ARA (state-subsidised),index_qoq_pct,0.4
2026Q1,092-2,Vantaa 2,Studio,ARA (state-subsidised),index_yoy_pct,2.1
2026Q1,092-2,Vantaa 2,Studio,ARA (state-subsidised),rent_eur_m2,16.18
2026Q1,092-2,Vantaa 2,Studio,ARA (state-subsidised),n_rent,350.0
2026Q1,092-2,Vantaa 2,Studio,ARA (state-subsidised),rent_new_eur_m2,
2026Q1,092-2,Vantaa 2,Studio,ARA (state-subsidised),n_rent_new,
2026Q2,092-2,Vantaa 2,Studio,ARA (state-subsidised),index_2025,101.7
2026Q2,092-2,Vantaa 2,Studio,ARA (state-subsidised),index_qoq_pct,0.5
2026Q2,092-2,Vantaa 2,Studio,ARA (state-subsidised),index_yoy_pct,2.0
2026Q2,092-2,Vantaa 2,Studio,ARA (state-subsidised),rent_eur_m2,16.28
2026Q2,092-2,Vantaa 2,Studio,ARA (state-subsidised),n_rent,337.0
2026Q2,092-2,Vantaa 2,Studio,ARA (state-subsidised),rent_new_eur_m2,
2026Q2,092-2,Vantaa 2,Studio,ARA (state-subsidised),n_rent_new,
2025Q1,092-3,Vantaa 3,Studio,ARA (state-subsidised),index_2025,99.4
2025Q1,092-3,Vantaa 3,Studio,ARA (state-subsidised),index_qoq_pct,
2025Q1,092-3,Vantaa 3,Studio,ARA (state-subsidised),index_yoy_pct,
2025Q1,092-3,Vantaa 3,Studio,ARA (state-subsidised),rent_eur_m2,16.67
2025Q1,092-3,Vantaa 3,Studio,ARA (state-subsidised),n_rent,864.0
2025Q1,092-3,Vantaa 3,Studio,ARA (state-subsidised),rent_new_eur_m2,
2025Q1,092-3,Vantaa 3,Studio,ARA (state-subsidised),n_rent_new,
2025Q2,092-3,Vantaa 3,Studio,ARA (state-subsidised),index_2025,99.8
2025Q2,092-3,Vantaa 3,Studio,ARA (state-subsidised),index_qoq_pct,0.4
2025Q2,092-3,Vantaa 3,Studio,ARA (state-subsidised),index_yoy_pct,
2025Q2,092-3,Vantaa 3,Studio,ARA (state-subsidised),rent_eur_m2,16.74
2025Q2,092-3,Vantaa 3,Studio,ARA (state-subsidised),n_rent,853.0
2025Q2,092-3,Vantaa 3,Studio,ARA (state-subsidised),rent_new_eur_m2,
2025Q2,092-3,Vantaa 3,Studio,ARA (state-subsidised),n_rent_new,
2025Q3,092-3,Vantaa 3,Studio,ARA (state-subsidised),index_2025,100.2
2025Q3,092-3,Vantaa 3,Studio,ARA (state-subsidised),index_qoq_pct,0.4
2025Q3,092-3,Vantaa 3,Studio,ARA (state-subsidised),index_yoy_pct,
2025Q3,092-3,Vantaa 3,Studio,ARA (state-subsidised),rent_eur_m2,16.8
2025Q3,092-3,Vantaa 3,Studio,ARA (state-subsidised),n_rent,840.0
2025Q3,092-3,Vantaa 3,Studio,ARA (state-subsidised),rent_new_eur_m2,
2025Q3,092-3,Vantaa 3,Studio,ARA (state-subsidised),n_rent_new,
2025Q4,092-3,Vantaa 3,Studio,ARA (state-subsidised),index_2025,100.6
2025Q4,092-3,Vantaa 3,Studio,ARA (state-subsidised),index_qoq_pct,0.3
2025Q4,092-3,Vantaa 3,Studio,ARA (state-subsidised),index_yoy_pct,
2025Q4,092-3,Vantaa 3,Studio,ARA (state-subsidised),rent_eur_m2,16.95
2025Q4,092-3,Vantaa 3,Studio,ARA (state-subsidised),n_rent,878.0
2025Q4,092-3,Vantaa 3,Studio,ARA (state-subsidised),rent_new_eur_m2,
2025Q4,092-3,Vantaa 3,Studio,ARA (state-subsidised),n_rent_new,
2026Q1,092-3,Vantaa 3,Studio,ARA (state-subsidised),index_2025,100.8
2026Q1,092-3,Vantaa 3,Studio,ARA (state-subsidised),index_qoq_pct,0.3
2026Q1,092-3,Vantaa 3,Studio,ARA (state-subsidised),index_yoy_pct,1.5
2026Q1,092-3,Vantaa 3,Studio,ARA (state-subsidised),rent_eur_m2,16.98
2026Q1,092-3,Vantaa 3,Studio,ARA (state-subsidised),n_rent,883.0
2026Q1,092-3,Vantaa 3,Studio,ARA (state-subsidised),rent_new_eur_m2,
2026Q1,092-3,Vantaa 3,Studio,ARA (state-subsidised),n_rent_new,
2026Q2,092-3,Vantaa 3,Studio,ARA (state-subsidised),index_2025,101.0
2026Q2,092-3,Vantaa 3,Studio,ARA (state-subsidised),index_qoq_pct,0.1
2026Q2,092-3,Vantaa 3,Studio,ARA (state-subsidised),index_yoy_pct,1.2
2026Q2,092-3,Vantaa 3,Studio,ARA (state-subsidised),rent_eur_m2,16.99
2026Q2,092-3,Vantaa 3,Studio,ARA (state-subsidised),n_rent,866.0
2026Q2,092-3,Vantaa 3,Studio,ARA (state-subsidised),rent_new_eur_m2,
2026Q2,092-3,Vantaa 3,Studio,ARA (state-subsidised),n_rent_new,
2025Q1,ksu,Koko maa,One-bedroom,ARA (state-subsidised),index_2025,98.9
2025Q1,ksu,Koko maa,One-bedroom,ARA (state-subsidised),index_qoq_pct,
2025Q1,ksu,Koko maa,One-bedroom,ARA (state-subsidised),index_yoy_pct,
2025Q1,ksu,Koko maa,One-bedroom,ARA (state-subsidised),rent_eur_m2,12.79
2025Q1,ksu,Koko maa,One-bedroom,ARA (state-subsidised),n_rent,58792.0
2025Q1,ksu,Koko maa,One-bedroom,ARA (state-subsidised),rent_new_eur_m2,
2025Q1,ksu,Koko maa,One-bedroom,ARA (state-subsidised),n_rent_new,
2025Q2,ksu,Koko maa,One-bedroom,ARA (state-subsidised),index_2025,99.9
2025Q2,ksu,Koko maa,One-bedroom,ARA (state-subsidised),index_qoq_pct,1.0
2025Q2,ksu,Koko maa,One-bedroom,ARA (state-subsidised),index_yoy_pct,
2025Q2,ksu,Koko maa,One-bedroom,ARA (state-subsidised),rent_eur_m2,12.93
2025Q2,ksu,Koko maa,One-bedroom,ARA (state-subsidised),n_rent,58035.0
2025Q2,ksu,Koko maa,One-bedroom,ARA (state-subsidised),rent_new_eur_m2,
2025Q2,ksu,Koko maa,One-bedroom,ARA (state-subsidised),n_rent_new,
2025Q3,ksu,Koko maa,One-bedroom,ARA (state-subsidised),index_2025,100.4
2025Q3,ksu,Koko maa,One-bedroom,ARA (state-subsidised),index_qoq_pct,0.6
2025Q3,ksu,Koko maa,One-bedroom,ARA (state-subsidised),index_yoy_pct,
2025Q3,ksu,Koko maa,One-bedroom,ARA (state-subsidised),rent_eur_m2,13.01
2025Q3,ksu,Koko maa,One-bedroom,ARA (state-subsidised),n_rent,57607.0
2025Q3,ksu,Koko maa,One-bedroom,ARA (state-subsidised),rent_new_eur_m2,
2025Q3,ksu,Koko maa,One-bedroom,ARA (state-subsidised),n_rent_new,
2025Q4,ksu,Koko maa,One-bedroom,ARA (state-subsidised),index_2025,100.8
2025Q4,ksu,Koko maa,One-bedroom,ARA (state-subsidised),index_qoq_pct,0.4
2025Q4,ksu,Koko maa,One-bedroom,ARA (state-subsidised),index_yoy_pct,
2025Q4,ksu,Koko maa,One-bedroom,ARA (state-subsidised),rent_eur_m2,13.13
2025Q4,ksu,Koko maa,One-bedroom,ARA (state-subsidised),n_rent,61117.0
2025Q4,ksu,Koko maa,One-bedroom,ARA (state-subsidised),rent_new_eur_m2,
2025Q4,ksu,Koko maa,One-bedroom,ARA (state-subsidised),n_rent_new,
2026Q1,ksu,Koko maa,One-bedroom,ARA (state-subsidised),index_2025,101.2
2026Q1,ksu,Koko maa,One-bedroom,ARA (state-subsidised),index_qoq_pct,0.4
2026Q1,ksu,Koko maa,One-bedroom,ARA (state-subsidised),index_yoy_pct,2.3
2026Q1,ksu,Koko maa,One-bedroom,ARA (state-subsidised),rent_eur_m2,13.2
2026Q1,ksu,Koko maa,One-bedroom,ARA (state-subsidised),n_rent,60531.0
2026Q1,ksu,Koko maa,One-bedroom,ARA (state-subsidised),rent_new_eur_m2,
2026Q1,ksu,Koko maa,One-bedroom,ARA (state-subsidised),n_rent_new,
2026Q2,ksu,Koko maa,One-bedroom,ARA (state-subsidised),index_2025,101.7
2026Q2,ksu,Koko maa,One-bedroom,ARA (state-subsidised),index_qoq_pct,0.5
2026Q2,ksu,Koko maa,One-bedroom,ARA (state-subsidised),index_yoy_pct,1.8
2026Q2,ksu,Koko maa,One-bedroom,ARA (state-subsidised),rent_eur_m2,13.27
2026Q2,ksu,Koko maa,One-bedroom,ARA (state-subsidised),n_rent,59256.0
2026Q2,ksu,Koko maa,One-bedroom,ARA (state-subsidised),rent_new_eur_m2,
2026Q2,ksu,Koko maa,One-bedroom,ARA (state-subsidised),n_rent_new,
2025Q1,pks,Pääkaupunkiseutu (PKS),One-bedroom,ARA (state-subsidised),index_2025,98.7
2025Q1,pks,Pääkaupunkiseutu (PKS),One-bedroom,ARA (state-subsidised),index_qoq_pct,
2025Q1,pks,Pääkaupunkiseutu (PKS),One-bedroom,ARA (state-subsidised),index_yoy_pct,
2025Q1,pks,Pääkaupunkiseutu (PKS),One-bedroom,ARA (state-subsidised),rent_eur_m2,14.65
2025Q1,pks,Pääkaupunkiseutu (PKS),One-bedroom,ARA (state-subsidised),n_rent,17956.0
2025Q1,pks,Pääkaupunkiseutu (PKS),One-bedroom,ARA (state-subsidised),rent_new_eur_m2,
2025Q1,pks,Pääkaupunkiseutu (PKS),One-bedroom,ARA (state-subsidised),n_rent_new,
2025Q2,pks,Pääkaupunkiseutu (PKS),One-bedroom,ARA (state-subsidised),index_2025,99.9
2025Q2,pks,Pääkaupunkiseutu (PKS),One-bedroom,ARA (state-subsidised),index_qoq_pct,1.2
2025Q2,pks,Pääkaupunkiseutu (PKS),One-bedroom,ARA (state-subsidised),index_yoy_pct,
2025Q2,pks,Pääkaupunkiseutu (PKS),One-bedroom,ARA (state-subsidised),rent_eur_m2,14.86
2025Q2,pks,Pääkaupunkiseutu (PKS),One-bedroom,ARA (state-subsidised),n_rent,17766.0
2025Q2,pks,Pääkaupunkiseutu (PKS),One-bedroom,ARA (state-subsidised),rent_new_eur_m2,
2025Q2,pks,Pääkaupunkiseutu (PKS),One-bedroom,ARA (state-subsidised),n_rent_new,
2025Q3,pks,Pääkaupunkiseutu (PKS),One-bedroom,ARA (state-subsidised),index_2025,100.5
2025Q3,pks,Pääkaupunkiseutu (PKS),One-bedroom,ARA (state-subsidised),index_qoq_pct,0.5
2025Q3,pks,Pääkaupunkiseutu (PKS),One-bedroom,ARA (state-subsidised),index_yoy_pct,
2025Q3,pks,Pääkaupunkiseutu (PKS),One-bedroom,ARA (state-subsidised),rent_eur_m2,14.96
2025Q3,pks,Pääkaupunkiseutu (PKS),One-bedroom,ARA (state-subsidised),n_rent,17677.0
2025Q3,pks,Pääkaupunkiseutu (PKS),One-bedroom,ARA (state-subsidised),rent_new_eur_m2,
2025Q3,pks,Pääkaupunkiseutu (PKS),One-bedroom,ARA (state-subsidised),n_rent_new,
2025Q4,pks,Pääkaupunkiseutu (PKS),One-bedroom,ARA (state-subsidised),index_2025,100.9
2025Q4,pks,Pääkaupunkiseutu (PKS),One-bedroom,ARA (state-subsidised),index_qoq_pct,0.4
2025Q4,pks,Pääkaupunkiseutu (PKS),One-bedroom,ARA (state-subsidised),index_yoy_pct,
2025Q4,pks,Pääkaupunkiseutu (PKS),One-bedroom,ARA (state-subsidised),rent_eur_m2,15.15
2025Q4,pks,Pääkaupunkiseutu (PKS),One-bedroom,ARA (state-subsidised),n_rent,18704.0
2025Q4,pks,Pääkaupunkiseutu (PKS),One-bedroom,ARA (state-subsidised),rent_new_eur_m2,
2025Q4,pks,Pääkaupunkiseutu (PKS),One-bedroom,ARA (state-subsidised),n_rent_new,
2026Q1,pks,Pääkaupunkiseutu (PKS),One-bedroom,ARA (state-subsidised),index_2025,101.4
2026Q1,pks,Pääkaupunkiseutu (PKS),One-bedroom,ARA (state-subsidised),index_qoq_pct,0.6
2026Q1,pks,Pääkaupunkiseutu (PKS),One-bedroom,ARA (state-subsidised),index_yoy_pct,2.7
2026Q1,pks,Pääkaupunkiseutu (PKS),One-bedroom,ARA (state-subsidised),rent_eur_m2,15.24
2026Q1,pks,Pääkaupunkiseutu (PKS),One-bedroom,ARA (state-subsidised),n_rent,18653.0
2026Q1,pks,Pääkaupunkiseutu (PKS),One-bedroom,ARA (state-subsidised),rent_new_eur_m2,
2026Q1,pks,Pääkaupunkiseutu (PKS),One-bedroom,ARA (state-subsidised),n_rent_new,
2026Q2,pks,Pääkaupunkiseutu (PKS),One-bedroom,ARA (state-subsidised),index_2025,101.9
2026Q2,pks,Pääkaupunkiseutu (PKS),One-bedroom,ARA (state-subsidised),index_qoq_pct,0.5
2026Q2,pks,Pääkaupunkiseutu (PKS),One-bedroom,ARA (state-subsidised),index_yoy_pct,2.0
2026Q2,pks,Pääkaupunkiseutu (PKS),One-bedroom,ARA (state-subsidised),rent_eur_m2,15.31
2026Q2,pks,Pääkaupunkiseutu (PKS),One-bedroom,ARA (state-subsidised),n_rent,18453.0
2026Q2,pks,Pääkaupunkiseutu (PKS),One-bedroom,ARA (state-subsidised),rent_new_eur_m2,
2026Q2,pks,Pääkaupunkiseutu (PKS),One-bedroom,ARA (state-subsidised),n_rent_new,
2025Q1,091,Helsinki,One-bedroom,ARA (state-subsidised),index_2025,98.6
2025Q1,091,Helsinki,One-bedroom,ARA (state-subsidised),index_qoq_pct,
2025Q1,091,Helsinki,One-bedroom,ARA (state-subsidised),index_yoy_pct,
2025Q1,091,Helsinki,One-bedroom,ARA (state-subsidised),rent_eur_m2,14.73
2025Q1,091,Helsinki,One-bedroom,ARA (state-subsidised),n_rent,11141.0
2025Q1,091,Helsinki,One-bedroom,ARA (state-subsidised),rent_new_eur_m2,
2025Q1,091,Helsinki,One-bedroom,ARA (state-subsidised),n_rent_new,
2025Q2,091,Helsinki,One-bedroom,ARA (state-subsidised),index_2025,100.0
2025Q2,091,Helsinki,One-bedroom,ARA (state-subsidised),index_qoq_pct,1.4
2025Q2,091,Helsinki,One-bedroom,ARA (state-subsidised),index_yoy_pct,
2025Q2,091,Helsinki,One-bedroom,ARA (state-subsidised),rent_eur_m2,14.96
2025Q2,091,Helsinki,One-bedroom,ARA (state-subsidised),n_rent,11063.0
2025Q2,091,Helsinki,One-bedroom,ARA (state-subsidised),rent_new_eur_m2,
2025Q2,091,Helsinki,One-bedroom,ARA (state-subsidised),n_rent_new,
2025Q3,091,Helsinki,One-bedroom,ARA (state-subsidised),index_2025,100.5
2025Q3,091,Helsinki,One-bedroom,ARA (state-subsidised),index_qoq_pct,0.6
2025Q3,091,Helsinki,One-bedroom,ARA (state-subsidised),index_yoy_pct,
2025Q3,091,Helsinki,One-bedroom,ARA (state-subsidised),rent_eur_m2,15.05
2025Q3,091,Helsinki,One-bedroom,ARA (state-subsidised),n_rent,11034.0
2025Q3,091,Helsinki,One-bedroom,ARA (state-subsidised),rent_new_eur_m2,
2025Q3,091,Helsinki,One-bedroom,ARA (state-subsidised),n_rent_new,
2025Q4,091,Helsinki,One-bedroom,ARA (state-subsidised),index_2025,100.9
2025Q4,091,Helsinki,One-bedroom,ARA (state-subsidised),index_qoq_pct,0.4
2025Q4,091,Helsinki,One-bedroom,ARA (state-subsidised),index_yoy_pct,
2025Q4,091,Helsinki,One-bedroom,ARA (state-subsidised),rent_eur_m2,15.29
2025Q4,091,Helsinki,One-bedroom,ARA (state-subsidised),n_rent,11716.0
2025Q4,091,Helsinki,One-bedroom,ARA (state-subsidised),rent_new_eur_m2,
2025Q4,091,Helsinki,One-bedroom,ARA (state-subsidised),n_rent_new,
2026Q1,091,Helsinki,One-bedroom,ARA (state-subsidised),index_2025,101.5
2026Q1,091,Helsinki,One-bedroom,ARA (state-subsidised),index_qoq_pct,0.6
2026Q1,091,Helsinki,One-bedroom,ARA (state-subsidised),index_yoy_pct,2.9
2026Q1,091,Helsinki,One-bedroom,ARA (state-subsidised),rent_eur_m2,15.39
2026Q1,091,Helsinki,One-bedroom,ARA (state-subsidised),n_rent,11617.0
2026Q1,091,Helsinki,One-bedroom,ARA (state-subsidised),rent_new_eur_m2,
2026Q1,091,Helsinki,One-bedroom,ARA (state-subsidised),n_rent_new,
2026Q2,091,Helsinki,One-bedroom,ARA (state-subsidised),index_2025,102.1
2026Q2,091,Helsinki,One-bedroom,ARA (state-subsidised),index_qoq_pct,0.5
2026Q2,091,Helsinki,One-bedroom,ARA (state-subsidised),index_yoy_pct,2.1
2026Q2,091,Helsinki,One-bedroom,ARA (state-subsidised),rent_eur_m2,15.48
2026Q2,091,Helsinki,One-bedroom,ARA (state-subsidised),n_rent,11514.0
2026Q2,091,Helsinki,One-bedroom,ARA (state-subsidised),rent_new_eur_m2,
2026Q2,091,Helsinki,One-bedroom,ARA (state-subsidised),n_rent_new,
2025Q1,091-1,Helsinki 1,One-bedroom,ARA (state-subsidised),index_2025,98.9
2025Q1,091-1,Helsinki 1,One-bedroom,ARA (state-subsidised),index_qoq_pct,
2025Q1,091-1,Helsinki 1,One-bedroom,ARA (state-subsidised),index_yoy_pct,
2025Q1,091-1,Helsinki 1,One-bedroom,ARA (state-subsidised),rent_eur_m2,18.41
2025Q1,091-1,Helsinki 1,One-bedroom,ARA (state-subsidised),n_rent,624.0
2025Q1,091-1,Helsinki 1,One-bedroom,ARA (state-subsidised),rent_new_eur_m2,
2025Q1,091-1,Helsinki 1,One-bedroom,ARA (state-subsidised),n_rent_new,
2025Q2,091-1,Helsinki 1,One-bedroom,ARA (state-subsidised),index_2025,99.8
2025Q2,091-1,Helsinki 1,One-bedroom,ARA (state-subsidised),index_qoq_pct,1.0
2025Q2,091-1,Helsinki 1,One-bedroom,ARA (state-subsidised),index_yoy_pct,
2025Q2,091-1,Helsinki 1,One-bedroom,ARA (state-subsidised),rent_eur_m2,18.71
2025Q2,091-1,Helsinki 1,One-bedroom,ARA (state-subsidised),n_rent,584.0
2025Q2,091-1,Helsinki 1,One-bedroom,ARA (state-subsidised),rent_new_eur_m2,
2025Q2,091-1,Helsinki 1,One-bedroom,ARA (state-subsidised),n_rent_new,
2025Q3,091-1,Helsinki 1,One-bedroom,ARA (state-subsidised),index_2025,100.5
2025Q3,091-1,Helsinki 1,One-bedroom,ARA (state-subsidised),index_qoq_pct,0.7
2025Q3,091-1,Helsinki 1,One-bedroom,ARA (state-subsidised),index_yoy_pct,
2025Q3,091-1,Helsinki 1,One-bedroom,ARA (state-subsidised),rent_eur_m2,18.78
2025Q3,091-1,Helsinki 1,One-bedroom,ARA (state-subsidised),n_rent,572.0
2025Q3,091-1,Helsinki 1,One-bedroom,ARA (state-subsidised),rent_new_eur_m2,
2025Q3,091-1,Helsinki 1,One-bedroom,ARA (state-subsidised),n_rent_new,
2025Q4,091-1,Helsinki 1,One-bedroom,ARA (state-subsidised),index_2025,100.8
2025Q4,091-1,Helsinki 1,One-bedroom,ARA (state-subsidised),index_qoq_pct,0.3
2025Q4,091-1,Helsinki 1,One-bedroom,ARA (state-subsidised),index_yoy_pct,
2025Q4,091-1,Helsinki 1,One-bedroom,ARA (state-subsidised),rent_eur_m2,19.15
2025Q4,091-1,Helsinki 1,One-bedroom,ARA (state-subsidised),n_rent,744.0
2025Q4,091-1,Helsinki 1,One-bedroom,ARA (state-subsidised),rent_new_eur_m2,
2025Q4,091-1,Helsinki 1,One-bedroom,ARA (state-subsidised),n_rent_new,
2026Q1,091-1,Helsinki 1,One-bedroom,ARA (state-subsidised),index_2025,101.0
2026Q1,091-1,Helsinki 1,One-bedroom,ARA (state-subsidised),index_qoq_pct,0.2
2026Q1,091-1,Helsinki 1,One-bedroom,ARA (state-subsidised),index_yoy_pct,2.2
2026Q1,091-1,Helsinki 1,One-bedroom,ARA (state-subsidised),rent_eur_m2,19.11
2026Q1,091-1,Helsinki 1,One-bedroom,ARA (state-subsidised),n_rent,769.0
2026Q1,091-1,Helsinki 1,One-bedroom,ARA (state-subsidised),rent_new_eur_m2,
2026Q1,091-1,Helsinki 1,One-bedroom,ARA (state-subsidised),n_rent_new,
2026Q2,091-1,Helsinki 1,One-bedroom,ARA (state-subsidised),index_2025,101.5
2026Q2,091-1,Helsinki 1,One-bedroom,ARA (state-subsidised),index_qoq_pct,0.5
2026Q2,091-1,Helsinki 1,One-bedroom,ARA (state-subsidised),index_yoy_pct,1.7
2026Q2,091-1,Helsinki 1,One-bedroom,ARA (state-subsidised),rent_eur_m2,19.21
2026Q2,091-1,Helsinki 1,One-bedroom,ARA (state-subsidised),n_rent,749.0
2026Q2,091-1,Helsinki 1,One-bedroom,ARA (state-subsidised),rent_new_eur_m2,
2026Q2,091-1,Helsinki 1,One-bedroom,ARA (state-subsidised),n_rent_new,
2025Q1,091-2,Helsinki 2,One-bedroom,ARA (state-subsidised),index_2025,98.5
2025Q1,091-2,Helsinki 2,One-bedroom,ARA (state-subsidised),index_qoq_pct,
2025Q1,091-2,Helsinki 2,One-bedroom,ARA (state-subsidised),index_yoy_pct,
2025Q1,091-2,Helsinki 2,One-bedroom,ARA (state-subsidised),rent_eur_m2,15.35
2025Q1,091-2,Helsinki 2,One-bedroom,ARA (state-subsidised),n_rent,2743.0
2025Q1,091-2,Helsinki 2,One-bedroom,ARA (state-subsidised),rent_new_eur_m2,
2025Q1,091-2,Helsinki 2,One-bedroom,ARA (state-subsidised),n_rent_new,
2025Q2,091-2,Helsinki 2,One-bedroom,ARA (state-subsidised),index_2025,100.0
2025Q2,091-2,Helsinki 2,One-bedroom,ARA (state-subsidised),index_qoq_pct,1.6
2025Q2,091-2,Helsinki 2,One-bedroom,ARA (state-subsidised),index_yoy_pct,
2025Q2,091-2,Helsinki 2,One-bedroom,ARA (state-subsidised),rent_eur_m2,15.61
2025Q2,091-2,Helsinki 2,One-bedroom,ARA (state-subsidised),n_rent,2740.0
2025Q2,091-2,Helsinki 2,One-bedroom,ARA (state-subsidised),rent_new_eur_m2,
2025Q2,091-2,Helsinki 2,One-bedroom,ARA (state-subsidised),n_rent_new,
2025Q3,091-2,Helsinki 2,One-bedroom,ARA (state-subsidised),index_2025,100.6
2025Q3,091-2,Helsinki 2,One-bedroom,ARA (state-subsidised),index_qoq_pct,0.6
2025Q3,091-2,Helsinki 2,One-bedroom,ARA (state-subsidised),index_yoy_pct,
2025Q3,091-2,Helsinki 2,One-bedroom,ARA (state-subsidised),rent_eur_m2,15.69
2025Q3,091-2,Helsinki 2,One-bedroom,ARA (state-subsidised),n_rent,2721.0
2025Q3,091-2,Helsinki 2,One-bedroom,ARA (state-subsidised),rent_new_eur_m2,
2025Q3,091-2,Helsinki 2,One-bedroom,ARA (state-subsidised),n_rent_new,
2025Q4,091-2,Helsinki 2,One-bedroom,ARA (state-subsidised),index_2025,101.0
2025Q4,091-2,Helsinki 2,One-bedroom,ARA (state-subsidised),index_qoq_pct,0.4
2025Q4,091-2,Helsinki 2,One-bedroom,ARA (state-subsidised),index_yoy_pct,
2025Q4,091-2,Helsinki 2,One-bedroom,ARA (state-subsidised),rent_eur_m2,15.92
2025Q4,091-2,Helsinki 2,One-bedroom,ARA (state-subsidised),n_rent,2959.0
2025Q4,091-2,Helsinki 2,One-bedroom,ARA (state-subsidised),rent_new_eur_m2,
2025Q4,091-2,Helsinki 2,One-bedroom,ARA (state-subsidised),n_rent_new,
2026Q1,091-2,Helsinki 2,One-bedroom,ARA (state-subsidised),index_2025,101.7
2026Q1,091-2,Helsinki 2,One-bedroom,ARA (state-subsidised),index_qoq_pct,0.7
2026Q1,091-2,Helsinki 2,One-bedroom,ARA (state-subsidised),index_yoy_pct,3.3
2026Q1,091-2,Helsinki 2,One-bedroom,ARA (state-subsidised),rent_eur_m2,16.03
2026Q1,091-2,Helsinki 2,One-bedroom,ARA (state-subsidised),n_rent,2958.0
2026Q1,091-2,Helsinki 2,One-bedroom,ARA (state-subsidised),rent_new_eur_m2,
2026Q1,091-2,Helsinki 2,One-bedroom,ARA (state-subsidised),n_rent_new,
2026Q2,091-2,Helsinki 2,One-bedroom,ARA (state-subsidised),index_2025,102.4
2026Q2,091-2,Helsinki 2,One-bedroom,ARA (state-subsidised),index_qoq_pct,0.7
2026Q2,091-2,Helsinki 2,One-bedroom,ARA (state-subsidised),index_yoy_pct,2.4
2026Q2,091-2,Helsinki 2,One-bedroom,ARA (state-subsidised),rent_eur_m2,16.13
2026Q2,091-2,Helsinki 2,One-bedroom,ARA (state-subsidised),n_rent,2952.0
2026Q2,091-2,Helsinki 2,One-bedroom,ARA (state-subsidised),rent_new_eur_m2,
2026Q2,091-2,Helsinki 2,One-bedroom,ARA (state-subsidised),n_rent_new,
2025Q1,091-3,Helsinki 3,One-bedroom,ARA (state-subsidised),index_2025,98.7
2025Q1,091-3,Helsinki 3,One-bedroom,ARA (state-subsidised),index_qoq_pct,
2025Q1,091-3,Helsinki 3,One-bedroom,ARA (state-subsidised),index_yoy_pct,
2025Q1,091-3,Helsinki 3,One-bedroom,ARA (state-subsidised),rent_eur_m2,14.47
2025Q1,091-3,Helsinki 3,One-bedroom,ARA (state-subsidised),n_rent,1887.0
2025Q1,091-3,Helsinki 3,One-bedroom,ARA (state-subsidised),rent_new_eur_m2,
2025Q1,091-3,Helsinki 3,One-bedroom,ARA (state-subsidised),n_rent_new,
2025Q2,091-3,Helsinki 3,One-bedroom,ARA (state-subsidised),index_2025,99.9
2025Q2,091-3,Helsinki 3,One-bedroom,ARA (state-subsidised),index_qoq_pct,1.2
2025Q2,091-3,Helsinki 3,One-bedroom,ARA (state-subsidised),index_yoy_pct,
2025Q2,091-3,Helsinki 3,One-bedroom,ARA (state-subsidised),rent_eur_m2,14.68
2025Q2,091-3,Helsinki 3,One-bedroom,ARA (state-subsidised),n_rent,1847.0
2025Q2,091-3,Helsinki 3,One-bedroom,ARA (state-subsidised),rent_new_eur_m2,
2025Q2,091-3,Helsinki 3,One-bedroom,ARA (state-subsidised),n_rent_new,
2025Q3,091-3,Helsinki 3,One-bedroom,ARA (state-subsidised),index_2025,100.5
2025Q3,091-3,Helsinki 3,One-bedroom,ARA (state-subsidised),index_qoq_pct,0.5
2025Q3,091-3,Helsinki 3,One-bedroom,ARA (state-subsidised),index_yoy_pct,
2025Q3,091-3,Helsinki 3,One-bedroom,ARA (state-subsidised),rent_eur_m2,14.8
2025Q3,091-3,Helsinki 3,One-bedroom,ARA (state-subsidised),n_rent,1817.0
2025Q3,091-3,Helsinki 3,One-bedroom,ARA (state-subsidised),rent_new_eur_m2,
2025Q3,091-3,Helsinki 3,One-bedroom,ARA (state-subsidised),n_rent_new,
2025Q4,091-3,Helsinki 3,One-bedroom,ARA (state-subsidised),index_2025,100.9
2025Q4,091-3,Helsinki 3,One-bedroom,ARA (state-subsidised),index_qoq_pct,0.4
2025Q4,091-3,Helsinki 3,One-bedroom,ARA (state-subsidised),index_yoy_pct,
2025Q4,091-3,Helsinki 3,One-bedroom,ARA (state-subsidised),rent_eur_m2,14.95
2025Q4,091-3,Helsinki 3,One-bedroom,ARA (state-subsidised),n_rent,1953.0
2025Q4,091-3,Helsinki 3,One-bedroom,ARA (state-subsidised),rent_new_eur_m2,
2025Q4,091-3,Helsinki 3,One-bedroom,ARA (state-subsidised),n_rent_new,
2026Q1,091-3,Helsinki 3,One-bedroom,ARA (state-subsidised),index_2025,101.5
2026Q1,091-3,Helsinki 3,One-bedroom,ARA (state-subsidised),index_qoq_pct,0.6
2026Q1,091-3,Helsinki 3,One-bedroom,ARA (state-subsidised),index_yoy_pct,2.8
2026Q1,091-3,Helsinki 3,One-bedroom,ARA (state-subsidised),rent_eur_m2,15.03
2026Q1,091-3,Helsinki 3,One-bedroom,ARA (state-subsidised),n_rent,1958.0
2026Q1,091-3,Helsinki 3,One-bedroom,ARA (state-subsidised),rent_new_eur_m2,
2026Q1,091-3,Helsinki 3,One-bedroom,ARA (state-subsidised),n_rent_new,
2026Q2,091-3,Helsinki 3,One-bedroom,ARA (state-subsidised),index_2025,102.0
2026Q2,091-3,Helsinki 3,One-bedroom,ARA (state-subsidised),index_qoq_pct,0.5
2026Q2,091-3,Helsinki 3,One-bedroom,ARA (state-subsidised),index_yoy_pct,2.1
2026Q2,091-3,Helsinki 3,One-bedroom,ARA (state-subsidised),rent_eur_m2,15.14
2026Q2,091-3,Helsinki 3,One-bedroom,ARA (state-subsidised),n_rent,1934.0
2026Q2,091-3,Helsinki 3,One-bedroom,ARA (state-subsidised),rent_new_eur_m2,
2026Q2,091-3,Helsinki 3,One-bedroom,ARA (state-subsidised),n_rent_new,
2025Q1,091-4,Helsinki 4,One-bedroom,ARA (state-subsidised),index_2025,98.6
2025Q1,091-4,Helsinki 4,One-bedroom,ARA (state-subsidised),index_qoq_pct,
2025Q1,091-4,Helsinki 4,One-bedroom,ARA (state-subsidised),index_yoy_pct,
2025Q1,091-4,Helsinki 4,One-bedroom,ARA (state-subsidised),rent_eur_m2,13.96
2025Q1,091-4,Helsinki 4,One-bedroom,ARA (state-subsidised),n_rent,5887.0
2025Q1,091-4,Helsinki 4,One-bedroom,ARA (state-subsidised),rent_new_eur_m2,
2025Q1,091-4,Helsinki 4,One-bedroom,ARA (state-subsidised),n_rent_new,
2025Q2,091-4,Helsinki 4,One-bedroom,ARA (state-subsidised),index_2025,100.0
2025Q2,091-4,Helsinki 4,One-bedroom,ARA (state-subsidised),index_qoq_pct,1.4
2025Q2,091-4,Helsinki 4,One-bedroom,ARA (state-subsidised),index_yoy_pct,
2025Q2,091-4,Helsinki 4,One-bedroom,ARA (state-subsidised),rent_eur_m2,14.22
2025Q2,091-4,Helsinki 4,One-bedroom,ARA (state-subsidised),n_rent,5892.0
2025Q2,091-4,Helsinki 4,One-bedroom,ARA (state-subsidised),rent_new_eur_m2,
2025Q2,091-4,Helsinki 4,One-bedroom,ARA (state-subsidised),n_rent_new,
2025Q3,091-4,Helsinki 4,One-bedroom,ARA (state-subsidised),index_2025,100.5
2025Q3,091-4,Helsinki 4,One-bedroom,ARA (state-subsidised),index_qoq_pct,0.5
2025Q3,091-4,Helsinki 4,One-bedroom,ARA (state-subsidised),index_yoy_pct,
2025Q3,091-4,Helsinki 4,One-bedroom,ARA (state-subsidised),rent_eur_m2,14.33
2025Q3,091-4,Helsinki 4,One-bedroom,ARA (state-subsidised),n_rent,5924.0
2025Q3,091-4,Helsinki 4,One-bedroom,ARA (state-subsidised),rent_new_eur_m2,
2025Q3,091-4,Helsinki 4,One-bedroom,ARA (state-subsidised),n_rent_new,
2025Q4,091-4,Helsinki 4,One-bedroom,ARA (state-subsidised),index_2025,100.9
2025Q4,091-4,Helsinki 4,One-bedroom,ARA (state-subsidised),index_qoq_pct,0.4
2025Q4,091-4,Helsinki 4,One-bedroom,ARA (state-subsidised),index_yoy_pct,
2025Q4,091-4,Helsinki 4,One-bedroom,ARA (state-subsidised),rent_eur_m2,14.42
2025Q4,091-4,Helsinki 4,One-bedroom,ARA (state-subsidised),n_rent,6060.0
2025Q4,091-4,Helsinki 4,One-bedroom,ARA (state-subsidised),rent_new_eur_m2,
2025Q4,091-4,Helsinki 4,One-bedroom,ARA (state-subsidised),n_rent_new,
2026Q1,091-4,Helsinki 4,One-bedroom,ARA (state-subsidised),index_2025,101.5
2026Q1,091-4,Helsinki 4,One-bedroom,ARA (state-subsidised),index_qoq_pct,0.6
2026Q1,091-4,Helsinki 4,One-bedroom,ARA (state-subsidised),index_yoy_pct,2.9
2026Q1,091-4,Helsinki 4,One-bedroom,ARA (state-subsidised),rent_eur_m2,14.51
2026Q1,091-4,Helsinki 4,One-bedroom,ARA (state-subsidised),n_rent,5932.0
2026Q1,091-4,Helsinki 4,One-bedroom,ARA (state-subsidised),rent_new_eur_m2,
2026Q1,091-4,Helsinki 4,One-bedroom,ARA (state-subsidised),n_rent_new,
2026Q2,091-4,Helsinki 4,One-bedroom,ARA (state-subsidised),index_2025,102.0
2026Q2,091-4,Helsinki 4,One-bedroom,ARA (state-subsidised),index_qoq_pct,0.5
2026Q2,091-4,Helsinki 4,One-bedroom,ARA (state-subsidised),index_yoy_pct,2.0
2026Q2,091-4,Helsinki 4,One-bedroom,ARA (state-subsidised),rent_eur_m2,14.59
2026Q2,091-4,Helsinki 4,One-bedroom,ARA (state-subsidised),n_rent,5879.0
2026Q2,091-4,Helsinki 4,One-bedroom,ARA (state-subsidised),rent_new_eur_m2,
2026Q2,091-4,Helsinki 4,One-bedroom,ARA (state-subsidised),n_rent_new,
2025Q1,049,Espoo-Kauniainen,One-bedroom,ARA (state-subsidised),index_2025,98.6
2025Q1,049,Espoo-Kauniainen,One-bedroom,ARA (state-subsidised),index_qoq_pct,
2025Q1,049,Espoo-Kauniainen,One-bedroom,ARA (state-subsidised),index_yoy_pct,
2025Q1,049,Espoo-Kauniainen,One-bedroom,ARA (state-subsidised),rent_eur_m2,14.97
2025Q1,049,Espoo-Kauniainen,One-bedroom,ARA (state-subsidised),n_rent,3743.0
2025Q1,049,Espoo-Kauniainen,One-bedroom,ARA (state-subsidised),rent_new_eur_m2,
2025Q1,049,Espoo-Kauniainen,One-bedroom,ARA (state-subsidised),n_rent_new,
2025Q2,049,Espoo-Kauniainen,One-bedroom,ARA (state-subsidised),index_2025,99.9
2025Q2,049,Espoo-Kauniainen,One-bedroom,ARA (state-subsidised),index_qoq_pct,1.4
2025Q2,049,Espoo-Kauniainen,One-bedroom,ARA (state-subsidised),index_yoy_pct,
2025Q2,049,Espoo-Kauniainen,One-bedroom,ARA (state-subsidised),rent_eur_m2,15.22
2025Q2,049,Espoo-Kauniainen,One-bedroom,ARA (state-subsidised),n_rent,3687.0
2025Q2,049,Espoo-Kauniainen,One-bedroom,ARA (state-subsidised),rent_new_eur_m2,
2025Q2,049,Espoo-Kauniainen,One-bedroom,ARA (state-subsidised),n_rent_new,
2025Q3,049,Espoo-Kauniainen,One-bedroom,ARA (state-subsidised),index_2025,100.5
2025Q3,049,Espoo-Kauniainen,One-bedroom,ARA (state-subsidised),index_qoq_pct,0.6
2025Q3,049,Espoo-Kauniainen,One-bedroom,ARA (state-subsidised),index_yoy_pct,
2025Q3,049,Espoo-Kauniainen,One-bedroom,ARA (state-subsidised),rent_eur_m2,15.34
2025Q3,049,Espoo-Kauniainen,One-bedroom,ARA (state-subsidised),n_rent,3654.0
2025Q3,049,Espoo-Kauniainen,One-bedroom,ARA (state-subsidised),rent_new_eur_m2,
2025Q3,049,Espoo-Kauniainen,One-bedroom,ARA (state-subsidised),n_rent_new,
2025Q4,049,Espoo-Kauniainen,One-bedroom,ARA (state-subsidised),index_2025,101.0
2025Q4,049,Espoo-Kauniainen,One-bedroom,ARA (state-subsidised),index_qoq_pct,0.5
2025Q4,049,Espoo-Kauniainen,One-bedroom,ARA (state-subsidised),index_yoy_pct,
2025Q4,049,Espoo-Kauniainen,One-bedroom,ARA (state-subsidised),rent_eur_m2,15.48
2025Q4,049,Espoo-Kauniainen,One-bedroom,ARA (state-subsidised),n_rent,3899.0
2025Q4,049,Espoo-Kauniainen,One-bedroom,ARA (state-subsidised),rent_new_eur_m2,
2025Q4,049,Espoo-Kauniainen,One-bedroom,ARA (state-subsidised),n_rent_new,
2026Q1,049,Espoo-Kauniainen,One-bedroom,ARA (state-subsidised),index_2025,101.6
2026Q1,049,Espoo-Kauniainen,One-bedroom,ARA (state-subsidised),index_qoq_pct,0.7
2026Q1,049,Espoo-Kauniainen,One-bedroom,ARA (state-subsidised),index_yoy_pct,3.1
2026Q1,049,Espoo-Kauniainen,One-bedroom,ARA (state-subsidised),rent_eur_m2,15.56
2026Q1,049,Espoo-Kauniainen,One-bedroom,ARA (state-subsidised),n_rent,3929.0
2026Q1,049,Espoo-Kauniainen,One-bedroom,ARA (state-subsidised),rent_new_eur_m2,
2026Q1,049,Espoo-Kauniainen,One-bedroom,ARA (state-subsidised),n_rent_new,
2026Q2,049,Espoo-Kauniainen,One-bedroom,ARA (state-subsidised),index_2025,102.2
2026Q2,049,Espoo-Kauniainen,One-bedroom,ARA (state-subsidised),index_qoq_pct,0.5
2026Q2,049,Espoo-Kauniainen,One-bedroom,ARA (state-subsidised),index_yoy_pct,2.2
2026Q2,049,Espoo-Kauniainen,One-bedroom,ARA (state-subsidised),rent_eur_m2,15.63
2026Q2,049,Espoo-Kauniainen,One-bedroom,ARA (state-subsidised),n_rent,3874.0
2026Q2,049,Espoo-Kauniainen,One-bedroom,ARA (state-subsidised),rent_new_eur_m2,
2026Q2,049,Espoo-Kauniainen,One-bedroom,ARA (state-subsidised),n_rent_new,
2025Q1,049-1,Espoo-Kauniainen 1,One-bedroom,ARA (state-subsidised),index_2025,98.8
2025Q1,049-1,Espoo-Kauniainen 1,One-bedroom,ARA (state-subsidised),index_qoq_pct,
2025Q1,049-1,Espoo-Kauniainen 1,One-bedroom,ARA (state-subsidised),index_yoy_pct,
2025Q1,049-1,Espoo-Kauniainen 1,One-bedroom,ARA (state-subsidised),rent_eur_m2,16.06
2025Q1,049-1,Espoo-Kauniainen 1,One-bedroom,ARA (state-subsidised),n_rent,1214.0
2025Q1,049-1,Espoo-Kauniainen 1,One-bedroom,ARA (state-subsidised),rent_new_eur_m2,
2025Q1,049-1,Espoo-Kauniainen 1,One-bedroom,ARA (state-subsidised),n_rent_new,
2025Q2,049-1,Espoo-Kauniainen 1,One-bedroom,ARA (state-subsidised),index_2025,99.9
2025Q2,049-1,Espoo-Kauniainen 1,One-bedroom,ARA (state-subsidised),index_qoq_pct,1.2
2025Q2,049-1,Espoo-Kauniainen 1,One-bedroom,ARA (state-subsidised),index_yoy_pct,
2025Q2,049-1,Espoo-Kauniainen 1,One-bedroom,ARA (state-subsidised),rent_eur_m2,16.28
2025Q2,049-1,Espoo-Kauniainen 1,One-bedroom,ARA (state-subsidised),n_rent,1199.0
2025Q2,049-1,Espoo-Kauniainen 1,One-bedroom,ARA (state-subsidised),rent_new_eur_m2,
2025Q2,049-1,Espoo-Kauniainen 1,One-bedroom,ARA (state-subsidised),n_rent_new,
2025Q3,049-1,Espoo-Kauniainen 1,One-bedroom,ARA (state-subsidised),index_2025,100.5
2025Q3,049-1,Espoo-Kauniainen 1,One-bedroom,ARA (state-subsidised),index_qoq_pct,0.5
2025Q3,049-1,Espoo-Kauniainen 1,One-bedroom,ARA (state-subsidised),index_yoy_pct,
2025Q3,049-1,Espoo-Kauniainen 1,One-bedroom,ARA (state-subsidised),rent_eur_m2,16.4
2025Q3,049-1,Espoo-Kauniainen 1,One-bedroom,ARA (state-subsidised),n_rent,1169.0
2025Q3,049-1,Espoo-Kauniainen 1,One-bedroom,ARA (state-subsidised),rent_new_eur_m2,
2025Q3,049-1,Espoo-Kauniainen 1,One-bedroom,ARA (state-subsidised),n_rent_new,
2025Q4,049-1,Espoo-Kauniainen 1,One-bedroom,ARA (state-subsidised),index_2025,100.9
2025Q4,049-1,Espoo-Kauniainen 1,One-bedroom,ARA (state-subsidised),index_qoq_pct,0.4
2025Q4,049-1,Espoo-Kauniainen 1,One-bedroom,ARA (state-subsidised),index_yoy_pct,
2025Q4,049-1,Espoo-Kauniainen 1,One-bedroom,ARA (state-subsidised),rent_eur_m2,16.5
2025Q4,049-1,Espoo-Kauniainen 1,One-bedroom,ARA (state-subsidised),n_rent,1301.0
2025Q4,049-1,Espoo-Kauniainen 1,One-bedroom,ARA (state-subsidised),rent_new_eur_m2,
2025Q4,049-1,Espoo-Kauniainen 1,One-bedroom,ARA (state-subsidised),n_rent_new,
2026Q1,049-1,Espoo-Kauniainen 1,One-bedroom,ARA (state-subsidised),index_2025,101.3
2026Q1,049-1,Espoo-Kauniainen 1,One-bedroom,ARA (state-subsidised),index_qoq_pct,0.5
2026Q1,049-1,Espoo-Kauniainen 1,One-bedroom,ARA (state-subsidised),index_yoy_pct,2.6
2026Q1,049-1,Espoo-Kauniainen 1,One-bedroom,ARA (state-subsidised),rent_eur_m2,16.56
2026Q1,049-1,Espoo-Kauniainen 1,One-bedroom,ARA (state-subsidised),n_rent,1299.0
2026Q1,049-1,Espoo-Kauniainen 1,One-bedroom,ARA (state-subsidised),rent_new_eur_m2,
2026Q1,049-1,Espoo-Kauniainen 1,One-bedroom,ARA (state-subsidised),n_rent_new,
2026Q2,049-1,Espoo-Kauniainen 1,One-bedroom,ARA (state-subsidised),index_2025,101.7
2026Q2,049-1,Espoo-Kauniainen 1,One-bedroom,ARA (state-subsidised),index_qoq_pct,0.4
2026Q2,049-1,Espoo-Kauniainen 1,One-bedroom,ARA (state-subsidised),index_yoy_pct,1.8
2026Q2,049-1,Espoo-Kauniainen 1,One-bedroom,ARA (state-subsidised),rent_eur_m2,16.61
2026Q2,049-1,Espoo-Kauniainen 1,One-bedroom,ARA (state-subsidised),n_rent,1289.0
2026Q2,049-1,Espoo-Kauniainen 1,One-bedroom,ARA (state-subsidised),rent_new_eur_m2,
2026Q2,049-1,Espoo-Kauniainen 1,One-bedroom,ARA (state-subsidised),n_rent_new,
2025Q1,049-2,Espoo-Kauniainen 2,One-bedroom,ARA (state-subsidised),index_2025,98.6
2025Q1,049-2,Espoo-Kauniainen 2,One-bedroom,ARA (state-subsidised),index_qoq_pct,
2025Q1,049-2,Espoo-Kauniainen 2,One-bedroom,ARA (state-subsidised),index_yoy_pct,
2025Q1,049-2,Espoo-Kauniainen 2,One-bedroom,ARA (state-subsidised),rent_eur_m2,14.77
2025Q1,049-2,Espoo-Kauniainen 2,One-bedroom,ARA (state-subsidised),n_rent,1240.0
2025Q1,049-2,Espoo-Kauniainen 2,One-bedroom,ARA (state-subsidised),rent_new_eur_m2,
2025Q1,049-2,Espoo-Kauniainen 2,One-bedroom,ARA (state-subsidised),n_rent_new,
2025Q2,049-2,Espoo-Kauniainen 2,One-bedroom,ARA (state-subsidised),index_2025,100.0
2025Q2,049-2,Espoo-Kauniainen 2,One-bedroom,ARA (state-subsidised),index_qoq_pct,1.3
2025Q2,049-2,Espoo-Kauniainen 2,One-bedroom,ARA (state-subsidised),index_yoy_pct,
2025Q2,049-2,Espoo-Kauniainen 2,One-bedroom,ARA (state-subsidised),rent_eur_m2,15.01
2025Q2,049-2,Espoo-Kauniainen 2,One-bedroom,ARA (state-subsidised),n_rent,1206.0
2025Q2,049-2,Espoo-Kauniainen 2,One-bedroom,ARA (state-subsidised),rent_new_eur_m2,
2025Q2,049-2,Espoo-Kauniainen 2,One-bedroom,ARA (state-subsidised),n_rent_new,
2025Q3,049-2,Espoo-Kauniainen 2,One-bedroom,ARA (state-subsidised),index_2025,100.5
2025Q3,049-2,Espoo-Kauniainen 2,One-bedroom,ARA (state-subsidised),index_qoq_pct,0.5
2025Q3,049-2,Espoo-Kauniainen 2,One-bedroom,ARA (state-subsidised),index_yoy_pct,
2025Q3,049-2,Espoo-Kauniainen 2,One-bedroom,ARA (state-subsidised),rent_eur_m2,15.15
2025Q3,049-2,Espoo-Kauniainen 2,One-bedroom,ARA (state-subsidised),n_rent,1209.0
2025Q3,049-2,Espoo-Kauniainen 2,One-bedroom,ARA (state-subsidised),rent_new_eur_m2,
2025Q3,049-2,Espoo-Kauniainen 2,One-bedroom,ARA (state-subsidised),n_rent_new,
2025Q4,049-2,Espoo-Kauniainen 2,One-bedroom,ARA (state-subsidised),index_2025,100.9
2025Q4,049-2,Espoo-Kauniainen 2,One-bedroom,ARA (state-subsidised),index_qoq_pct,0.5
2025Q4,049-2,Espoo-Kauniainen 2,One-bedroom,ARA (state-subsidised),index_yoy_pct,
2025Q4,049-2,Espoo-Kauniainen 2,One-bedroom,ARA (state-subsidised),rent_eur_m2,15.26
2025Q4,049-2,Espoo-Kauniainen 2,One-bedroom,ARA (state-subsidised),n_rent,1268.0
2025Q4,049-2,Espoo-Kauniainen 2,One-bedroom,ARA (state-subsidised),rent_new_eur_m2,
2025Q4,049-2,Espoo-Kauniainen 2,One-bedroom,ARA (state-subsidised),n_rent_new,
2026Q1,049-2,Espoo-Kauniainen 2,One-bedroom,ARA (state-subsidised),index_2025,101.6
2026Q1,049-2,Espoo-Kauniainen 2,One-bedroom,ARA (state-subsidised),index_qoq_pct,0.6
2026Q1,049-2,Espoo-Kauniainen 2,One-bedroom,ARA (state-subsidised),index_yoy_pct,3.0
2026Q1,049-2,Espoo-Kauniainen 2,One-bedroom,ARA (state-subsidised),rent_eur_m2,15.32
2026Q1,049-2,Espoo-Kauniainen 2,One-bedroom,ARA (state-subsidised),n_rent,1297.0
2026Q1,049-2,Espoo-Kauniainen 2,One-bedroom,ARA (state-subsidised),rent_new_eur_m2,
2026Q1,049-2,Espoo-Kauniainen 2,One-bedroom,ARA (state-subsidised),n_rent_new,
2026Q2,049-2,Espoo-Kauniainen 2,One-bedroom,ARA (state-subsidised),index_2025,102.1
2026Q2,049-2,Espoo-Kauniainen 2,One-bedroom,ARA (state-subsidised),index_qoq_pct,0.5
2026Q2,049-2,Espoo-Kauniainen 2,One-bedroom,ARA (state-subsidised),index_yoy_pct,2.2
2026Q2,049-2,Espoo-Kauniainen 2,One-bedroom,ARA (state-subsidised),rent_eur_m2,15.41
2026Q2,049-2,Espoo-Kauniainen 2,One-bedroom,ARA (state-subsidised),n_rent,1279.0
2026Q2,049-2,Espoo-Kauniainen 2,One-bedroom,ARA (state-subsidised),rent_new_eur_m2,
2026Q2,049-2,Espoo-Kauniainen 2,One-bedroom,ARA (state-subsidised),n_rent_new,
2025Q1,049-3,Espoo-Kauniainen 3,One-bedroom,ARA (state-subsidised),index_2025,98.4
2025Q1,049-3,Espoo-Kauniainen 3,One-bedroom,ARA (state-subsidised),index_qoq_pct,
2025Q1,049-3,Espoo-Kauniainen 3,One-bedroom,ARA (state-subsidised),index_yoy_pct,
2025Q1,049-3,Espoo-Kauniainen 3,One-bedroom,ARA (state-subsidised),rent_eur_m2,14.07
2025Q1,049-3,Espoo-Kauniainen 3,One-bedroom,ARA (state-subsidised),n_rent,1289.0
2025Q1,049-3,Espoo-Kauniainen 3,One-bedroom,ARA (state-subsidised),rent_new_eur_m2,
2025Q1,049-3,Espoo-Kauniainen 3,One-bedroom,ARA (state-subsidised),n_rent_new,
2025Q2,049-3,Espoo-Kauniainen 3,One-bedroom,ARA (state-subsidised),index_2025,99.9
2025Q2,049-3,Espoo-Kauniainen 3,One-bedroom,ARA (state-subsidised),index_qoq_pct,1.5
2025Q2,049-3,Espoo-Kauniainen 3,One-bedroom,ARA (state-subsidised),index_yoy_pct,
2025Q2,049-3,Espoo-Kauniainen 3,One-bedroom,ARA (state-subsidised),rent_eur_m2,14.35
2025Q2,049-3,Espoo-Kauniainen 3,One-bedroom,ARA (state-subsidised),n_rent,1282.0
2025Q2,049-3,Espoo-Kauniainen 3,One-bedroom,ARA (state-subsidised),rent_new_eur_m2,
2025Q2,049-3,Espoo-Kauniainen 3,One-bedroom,ARA (state-subsidised),n_rent_new,
2025Q3,049-3,Espoo-Kauniainen 3,One-bedroom,ARA (state-subsidised),index_2025,100.6
2025Q3,049-3,Espoo-Kauniainen 3,One-bedroom,ARA (state-subsidised),index_qoq_pct,0.7
2025Q3,049-3,Espoo-Kauniainen 3,One-bedroom,ARA (state-subsidised),index_yoy_pct,
2025Q3,049-3,Espoo-Kauniainen 3,One-bedroom,ARA (state-subsidised),rent_eur_m2,14.49
2025Q3,049-3,Espoo-Kauniainen 3,One-bedroom,ARA (state-subsidised),n_rent,1276.0
2025Q3,049-3,Espoo-Kauniainen 3,One-bedroom,ARA (state-subsidised),rent_new_eur_m2,
2025Q3,049-3,Espoo-Kauniainen 3,One-bedroom,ARA (state-subsidised),n_rent_new,
2025Q4,049-3,Espoo-Kauniainen 3,One-bedroom,ARA (state-subsidised),index_2025,101.2
2025Q4,049-3,Espoo-Kauniainen 3,One-bedroom,ARA (state-subsidised),index_qoq_pct,0.6
2025Q4,049-3,Espoo-Kauniainen 3,One-bedroom,ARA (state-subsidised),index_yoy_pct,
2025Q4,049-3,Espoo-Kauniainen 3,One-bedroom,ARA (state-subsidised),rent_eur_m2,14.63
2025Q4,049-3,Espoo-Kauniainen 3,One-bedroom,ARA (state-subsidised),n_rent,1330.0
2025Q4,049-3,Espoo-Kauniainen 3,One-bedroom,ARA (state-subsidised),rent_new_eur_m2,
2025Q4,049-3,Espoo-Kauniainen 3,One-bedroom,ARA (state-subsidised),n_rent_new,
2026Q1,049-3,Espoo-Kauniainen 3,One-bedroom,ARA (state-subsidised),index_2025,102.1
2026Q1,049-3,Espoo-Kauniainen 3,One-bedroom,ARA (state-subsidised),index_qoq_pct,0.9
2026Q1,049-3,Espoo-Kauniainen 3,One-bedroom,ARA (state-subsidised),index_yoy_pct,3.8
2026Q1,049-3,Espoo-Kauniainen 3,One-bedroom,ARA (state-subsidised),rent_eur_m2,14.74
2026Q1,049-3,Espoo-Kauniainen 3,One-bedroom,ARA (state-subsidised),n_rent,1333.0
2026Q1,049-3,Espoo-Kauniainen 3,One-bedroom,ARA (state-subsidised),rent_new_eur_m2,
2026Q1,049-3,Espoo-Kauniainen 3,One-bedroom,ARA (state-subsidised),n_rent_new,
2026Q2,049-3,Espoo-Kauniainen 3,One-bedroom,ARA (state-subsidised),index_2025,102.7
2026Q2,049-3,Espoo-Kauniainen 3,One-bedroom,ARA (state-subsidised),index_qoq_pct,0.6
2026Q2,049-3,Espoo-Kauniainen 3,One-bedroom,ARA (state-subsidised),index_yoy_pct,2.8
2026Q2,049-3,Espoo-Kauniainen 3,One-bedroom,ARA (state-subsidised),rent_eur_m2,14.83
2026Q2,049-3,Espoo-Kauniainen 3,One-bedroom,ARA (state-subsidised),n_rent,1306.0
2026Q2,049-3,Espoo-Kauniainen 3,One-bedroom,ARA (state-subsidised),rent_new_eur_m2,
2026Q2,049-3,Espoo-Kauniainen 3,One-bedroom,ARA (state-subsidised),n_rent_new,
2025Q1,092,Vantaa,One-bedroom,ARA (state-subsidised),index_2025,99.3
2025Q1,092,Vantaa,One-bedroom,ARA (state-subsidised),index_qoq_pct,
2025Q1,092,Vantaa,One-bedroom,ARA (state-subsidised),index_yoy_pct,
2025Q1,092,Vantaa,One-bedroom,ARA (state-subsidised),rent_eur_m2,14.01
2025Q1,092,Vantaa,One-bedroom,ARA (state-subsidised),n_rent,3072.0
2025Q1,092,Vantaa,One-bedroom,ARA (state-subsidised),rent_new_eur_m2,
2025Q1,092,Vantaa,One-bedroom,ARA (state-subsidised),n_rent_new,
2025Q2,092,Vantaa,One-bedroom,ARA (state-subsidised),index_2025,99.8
2025Q2,092,Vantaa,One-bedroom,ARA (state-subsidised),index_qoq_pct,0.5
2025Q2,092,Vantaa,One-bedroom,ARA (state-subsidised),index_yoy_pct,
2025Q2,092,Vantaa,One-bedroom,ARA (state-subsidised),rent_eur_m2,14.1
2025Q2,092,Vantaa,One-bedroom,ARA (state-subsidised),n_rent,3016.0
2025Q2,092,Vantaa,One-bedroom,ARA (state-subsidised),rent_new_eur_m2,
2025Q2,092,Vantaa,One-bedroom,ARA (state-subsidised),n_rent_new,
2025Q3,092,Vantaa,One-bedroom,ARA (state-subsidised),index_2025,100.3
2025Q3,092,Vantaa,One-bedroom,ARA (state-subsidised),index_qoq_pct,0.4
2025Q3,092,Vantaa,One-bedroom,ARA (state-subsidised),index_yoy_pct,
2025Q3,092,Vantaa,One-bedroom,ARA (state-subsidised),rent_eur_m2,14.18
2025Q3,092,Vantaa,One-bedroom,ARA (state-subsidised),n_rent,2989.0
2025Q3,092,Vantaa,One-bedroom,ARA (state-subsidised),rent_new_eur_m2,
2025Q3,092,Vantaa,One-bedroom,ARA (state-subsidised),n_rent_new,
2025Q4,092,Vantaa,One-bedroom,ARA (state-subsidised),index_2025,100.6
2025Q4,092,Vantaa,One-bedroom,ARA (state-subsidised),index_qoq_pct,0.3
2025Q4,092,Vantaa,One-bedroom,ARA (state-subsidised),index_yoy_pct,
2025Q4,092,Vantaa,One-bedroom,ARA (state-subsidised),rent_eur_m2,14.27
2025Q4,092,Vantaa,One-bedroom,ARA (state-subsidised),n_rent,3089.0
2025Q4,092,Vantaa,One-bedroom,ARA (state-subsidised),rent_new_eur_m2,
2025Q4,092,Vantaa,One-bedroom,ARA (state-subsidised),n_rent_new,
2026Q1,092,Vantaa,One-bedroom,ARA (state-subsidised),index_2025,100.8
2026Q1,092,Vantaa,One-bedroom,ARA (state-subsidised),index_qoq_pct,0.2
2026Q1,092,Vantaa,One-bedroom,ARA (state-subsidised),index_yoy_pct,1.5
2026Q1,092,Vantaa,One-bedroom,ARA (state-subsidised),rent_eur_m2,14.28
2026Q1,092,Vantaa,One-bedroom,ARA (state-subsidised),n_rent,3107.0
2026Q1,092,Vantaa,One-bedroom,ARA (state-subsidised),rent_new_eur_m2,
2026Q1,092,Vantaa,One-bedroom,ARA (state-subsidised),n_rent_new,
2026Q2,092,Vantaa,One-bedroom,ARA (state-subsidised),index_2025,101.1
2026Q2,092,Vantaa,One-bedroom,ARA (state-subsidised),index_qoq_pct,0.3
2026Q2,092,Vantaa,One-bedroom,ARA (state-subsidised),index_yoy_pct,1.2
2026Q2,092,Vantaa,One-bedroom,ARA (state-subsidised),rent_eur_m2,14.33
2026Q2,092,Vantaa,One-bedroom,ARA (state-subsidised),n_rent,3065.0
2026Q2,092,Vantaa,One-bedroom,ARA (state-subsidised),rent_new_eur_m2,
2026Q2,092,Vantaa,One-bedroom,ARA (state-subsidised),n_rent_new,
2025Q1,092-1,Vantaa 1,One-bedroom,ARA (state-subsidised),index_2025,99.4
2025Q1,092-1,Vantaa 1,One-bedroom,ARA (state-subsidised),index_qoq_pct,
2025Q1,092-1,Vantaa 1,One-bedroom,ARA (state-subsidised),index_yoy_pct,
2025Q1,092-1,Vantaa 1,One-bedroom,ARA (state-subsidised),rent_eur_m2,15.86
2025Q1,092-1,Vantaa 1,One-bedroom,ARA (state-subsidised),n_rent,602.0
2025Q1,092-1,Vantaa 1,One-bedroom,ARA (state-subsidised),rent_new_eur_m2,
2025Q1,092-1,Vantaa 1,One-bedroom,ARA (state-subsidised),n_rent_new,
2025Q2,092-1,Vantaa 1,One-bedroom,ARA (state-subsidised),index_2025,99.9
2025Q2,092-1,Vantaa 1,One-bedroom,ARA (state-subsidised),index_qoq_pct,0.5
2025Q2,092-1,Vantaa 1,One-bedroom,ARA (state-subsidised),index_yoy_pct,
2025Q2,092-1,Vantaa 1,One-bedroom,ARA (state-subsidised),rent_eur_m2,15.91
2025Q2,092-1,Vantaa 1,One-bedroom,ARA (state-subsidised),n_rent,598.0
2025Q2,092-1,Vantaa 1,One-bedroom,ARA (state-subsidised),rent_new_eur_m2,
2025Q2,092-1,Vantaa 1,One-bedroom,ARA (state-subsidised),n_rent_new,
2025Q3,092-1,Vantaa 1,One-bedroom,ARA (state-subsidised),index_2025,100.3
2025Q3,092-1,Vantaa 1,One-bedroom,ARA (state-subsidised),index_qoq_pct,0.4
2025Q3,092-1,Vantaa 1,One-bedroom,ARA (state-subsidised),index_yoy_pct,
2025Q3,092-1,Vantaa 1,One-bedroom,ARA (state-subsidised),rent_eur_m2,16.02
2025Q3,092-1,Vantaa 1,One-bedroom,ARA (state-subsidised),n_rent,581.0
2025Q3,092-1,Vantaa 1,One-bedroom,ARA (state-subsidised),rent_new_eur_m2,
2025Q3,092-1,Vantaa 1,One-bedroom,ARA (state-subsidised),n_rent_new,
2025Q4,092-1,Vantaa 1,One-bedroom,ARA (state-subsidised),index_2025,100.5
2025Q4,092-1,Vantaa 1,One-bedroom,ARA (state-subsidised),index_qoq_pct,0.2
2025Q4,092-1,Vantaa 1,One-bedroom,ARA (state-subsidised),index_yoy_pct,
2025Q4,092-1,Vantaa 1,One-bedroom,ARA (state-subsidised),rent_eur_m2,16.14
2025Q4,092-1,Vantaa 1,One-bedroom,ARA (state-subsidised),n_rent,627.0
2025Q4,092-1,Vantaa 1,One-bedroom,ARA (state-subsidised),rent_new_eur_m2,
2025Q4,092-1,Vantaa 1,One-bedroom,ARA (state-subsidised),n_rent_new,
2026Q1,092-1,Vantaa 1,One-bedroom,ARA (state-subsidised),index_2025,100.6
2026Q1,092-1,Vantaa 1,One-bedroom,ARA (state-subsidised),index_qoq_pct,0.1
2026Q1,092-1,Vantaa 1,One-bedroom,ARA (state-subsidised),index_yoy_pct,1.3
2026Q1,092-1,Vantaa 1,One-bedroom,ARA (state-subsidised),rent_eur_m2,16.1
2026Q1,092-1,Vantaa 1,One-bedroom,ARA (state-subsidised),n_rent,637.0
2026Q1,092-1,Vantaa 1,One-bedroom,ARA (state-subsidised),rent_new_eur_m2,
2026Q1,092-1,Vantaa 1,One-bedroom,ARA (state-subsidised),n_rent_new,
2026Q2,092-1,Vantaa 1,One-bedroom,ARA (state-subsidised),index_2025,100.5
2026Q2,092-1,Vantaa 1,One-bedroom,ARA (state-subsidised),index_qoq_pct,-0.1
2026Q2,092-1,Vantaa 1,One-bedroom,ARA (state-subsidised),index_yoy_pct,0.7
2026Q2,092-1,Vantaa 1,One-bedroom,ARA (state-subsidised),rent_eur_m2,16.07
2026Q2,092-1,Vantaa 1,One-bedroom,ARA (state-subsidised),n_rent,630.0
2026Q2,092-1,Vantaa 1,One-bedroom,ARA (state-subsidised),rent_new_eur_m2,
2026Q2,092-1,Vantaa 1,One-bedroom,ARA (state-subsidised),n_rent_new,
2025Q1,092-2,Vantaa 2,One-bedroom,ARA (state-subsidised),index_2025,99.3
2025Q1,092-2,Vantaa 2,One-bedroom,ARA (state-subsidised),index_qoq_pct,
2025Q1,092-2,Vantaa 2,One-bedroom,ARA (state-subsidised),index_yoy_pct,
2025Q1,092-2,Vantaa 2,One-bedroom,ARA (state-subsidised),rent_eur_m2,13.75
2025Q1,092-2,Vantaa 2,One-bedroom,ARA (state-subsidised),n_rent,872.0
2025Q1,092-2,Vantaa 2,One-bedroom,ARA (state-subsidised),rent_new_eur_m2,
2025Q1,092-2,Vantaa 2,One-bedroom,ARA (state-subsidised),n_rent_new,
2025Q2,092-2,Vantaa 2,One-bedroom,ARA (state-subsidised),index_2025,99.8
2025Q2,092-2,Vantaa 2,One-bedroom,ARA (state-subsidised),index_qoq_pct,0.5
2025Q2,092-2,Vantaa 2,One-bedroom,ARA (state-subsidised),index_yoy_pct,
2025Q2,092-2,Vantaa 2,One-bedroom,ARA (state-subsidised),rent_eur_m2,13.84
2025Q2,092-2,Vantaa 2,One-bedroom,ARA (state-subsidised),n_rent,845.0
2025Q2,092-2,Vantaa 2,One-bedroom,ARA (state-subsidised),rent_new_eur_m2,
2025Q2,092-2,Vantaa 2,One-bedroom,ARA (state-subsidised),n_rent_new,
2025Q3,092-2,Vantaa 2,One-bedroom,ARA (state-subsidised),index_2025,100.3
2025Q3,092-2,Vantaa 2,One-bedroom,ARA (state-subsidised),index_qoq_pct,0.5
2025Q3,092-2,Vantaa 2,One-bedroom,ARA (state-subsidised),index_yoy_pct,
2025Q3,092-2,Vantaa 2,One-bedroom,ARA (state-subsidised),rent_eur_m2,13.95
2025Q3,092-2,Vantaa 2,One-bedroom,ARA (state-subsidised),n_rent,840.0
2025Q3,092-2,Vantaa 2,One-bedroom,ARA (state-subsidised),rent_new_eur_m2,
2025Q3,092-2,Vantaa 2,One-bedroom,ARA (state-subsidised),n_rent_new,
2025Q4,092-2,Vantaa 2,One-bedroom,ARA (state-subsidised),index_2025,100.6
2025Q4,092-2,Vantaa 2,One-bedroom,ARA (state-subsidised),index_qoq_pct,0.4
2025Q4,092-2,Vantaa 2,One-bedroom,ARA (state-subsidised),index_yoy_pct,
2025Q4,092-2,Vantaa 2,One-bedroom,ARA (state-subsidised),rent_eur_m2,13.98
2025Q4,092-2,Vantaa 2,One-bedroom,ARA (state-subsidised),n_rent,857.0
2025Q4,092-2,Vantaa 2,One-bedroom,ARA (state-subsidised),rent_new_eur_m2,
2025Q4,092-2,Vantaa 2,One-bedroom,ARA (state-subsidised),n_rent_new,
2026Q1,092-2,Vantaa 2,One-bedroom,ARA (state-subsidised),index_2025,100.9
2026Q1,092-2,Vantaa 2,One-bedroom,ARA (state-subsidised),index_qoq_pct,0.3
2026Q1,092-2,Vantaa 2,One-bedroom,ARA (state-subsidised),index_yoy_pct,1.6
2026Q1,092-2,Vantaa 2,One-bedroom,ARA (state-subsidised),rent_eur_m2,13.98
2026Q1,092-2,Vantaa 2,One-bedroom,ARA (state-subsidised),n_rent,878.0
2026Q1,092-2,Vantaa 2,One-bedroom,ARA (state-subsidised),rent_new_eur_m2,
2026Q1,092-2,Vantaa 2,One-bedroom,ARA (state-subsidised),n_rent_new,
2026Q2,092-2,Vantaa 2,One-bedroom,ARA (state-subsidised),index_2025,101.2
2026Q2,092-2,Vantaa 2,One-bedroom,ARA (state-subsidised),index_qoq_pct,0.4
2026Q2,092-2,Vantaa 2,One-bedroom,ARA (state-subsidised),index_yoy_pct,1.4
2026Q2,092-2,Vantaa 2,One-bedroom,ARA (state-subsidised),rent_eur_m2,14.06
2026Q2,092-2,Vantaa 2,One-bedroom,ARA (state-subsidised),n_rent,867.0
2026Q2,092-2,Vantaa 2,One-bedroom,ARA (state-subsidised),rent_new_eur_m2,
2026Q2,092-2,Vantaa 2,One-bedroom,ARA (state-subsidised),n_rent_new,
2025Q1,092-3,Vantaa 3,One-bedroom,ARA (state-subsidised),index_2025,99.3
2025Q1,092-3,Vantaa 3,One-bedroom,ARA (state-subsidised),index_qoq_pct,
2025Q1,092-3,Vantaa 3,One-bedroom,ARA (state-subsidised),index_yoy_pct,
2025Q1,092-3,Vantaa 3,One-bedroom,ARA (state-subsidised),rent_eur_m2,13.33
2025Q1,092-3,Vantaa 3,One-bedroom,ARA (state-subsidised),n_rent,1598.0
2025Q1,092-3,Vantaa 3,One-bedroom,ARA (state-subsidised),rent_new_eur_m2,
2025Q1,092-3,Vantaa 3,One-bedroom,ARA (state-subsidised),n_rent_new,
2025Q2,092-3,Vantaa 3,One-bedroom,ARA (state-subsidised),index_2025,99.8
2025Q2,092-3,Vantaa 3,One-bedroom,ARA (state-subsidised),index_qoq_pct,0.6
2025Q2,092-3,Vantaa 3,One-bedroom,ARA (state-subsidised),index_yoy_pct,
2025Q2,092-3,Vantaa 3,One-bedroom,ARA (state-subsidised),rent_eur_m2,13.44
2025Q2,092-3,Vantaa 3,One-bedroom,ARA (state-subsidised),n_rent,1573.0
2025Q2,092-3,Vantaa 3,One-bedroom,ARA (state-subsidised),rent_new_eur_m2,
2025Q2,092-3,Vantaa 3,One-bedroom,ARA (state-subsidised),n_rent_new,
2025Q3,092-3,Vantaa 3,One-bedroom,ARA (state-subsidised),index_2025,100.3
2025Q3,092-3,Vantaa 3,One-bedroom,ARA (state-subsidised),index_qoq_pct,0.5
2025Q3,092-3,Vantaa 3,One-bedroom,ARA (state-subsidised),index_yoy_pct,
2025Q3,092-3,Vantaa 3,One-bedroom,ARA (state-subsidised),rent_eur_m2,13.5
2025Q3,092-3,Vantaa 3,One-bedroom,ARA (state-subsidised),n_rent,1568.0
2025Q3,092-3,Vantaa 3,One-bedroom,ARA (state-subsidised),rent_new_eur_m2,
2025Q3,092-3,Vantaa 3,One-bedroom,ARA (state-subsidised),n_rent_new,
2025Q4,092-3,Vantaa 3,One-bedroom,ARA (state-subsidised),index_2025,100.6
2025Q4,092-3,Vantaa 3,One-bedroom,ARA (state-subsidised),index_qoq_pct,0.3
2025Q4,092-3,Vantaa 3,One-bedroom,ARA (state-subsidised),index_yoy_pct,
2025Q4,092-3,Vantaa 3,One-bedroom,ARA (state-subsidised),rent_eur_m2,13.57
2025Q4,092-3,Vantaa 3,One-bedroom,ARA (state-subsidised),n_rent,1605.0
2025Q4,092-3,Vantaa 3,One-bedroom,ARA (state-subsidised),rent_new_eur_m2,
2025Q4,092-3,Vantaa 3,One-bedroom,ARA (state-subsidised),n_rent_new,
2026Q1,092-3,Vantaa 3,One-bedroom,ARA (state-subsidised),index_2025,100.9
2026Q1,092-3,Vantaa 3,One-bedroom,ARA (state-subsidised),index_qoq_pct,0.3
2026Q1,092-3,Vantaa 3,One-bedroom,ARA (state-subsidised),index_yoy_pct,1.6
2026Q1,092-3,Vantaa 3,One-bedroom,ARA (state-subsidised),rent_eur_m2,13.61
2026Q1,092-3,Vantaa 3,One-bedroom,ARA (state-subsidised),n_rent,1592.0
2026Q1,092-3,Vantaa 3,One-bedroom,ARA (state-subsidised),rent_new_eur_m2,
2026Q1,092-3,Vantaa 3,One-bedroom,ARA (state-subsidised),n_rent_new,
2026Q2,092-3,Vantaa 3,One-bedroom,ARA (state-subsidised),index_2025,101.3
2026Q2,092-3,Vantaa 3,One-bedroom,ARA (state-subsidised),index_qoq_pct,0.4
2026Q2,092-3,Vantaa 3,One-bedroom,ARA (state-subsidised),index_yoy_pct,1.4
2026Q2,092-3,Vantaa 3,One-bedroom,ARA (state-subsidised),rent_eur_m2,13.67
2026Q2,092-3,Vantaa 3,One-bedroom,ARA (state-subsidised),n_rent,1568.0
2026Q2,092-3,Vantaa 3,One-bedroom,ARA (state-subsidised),rent_new_eur_m2,
2026Q2,092-3,Vantaa 3,One-bedroom,ARA (state-subsidised),n_rent_new,
2025Q1,ksu,Koko maa,Two-bedroom+,ARA (state-subsidised),index_2025,99.2
2025Q1,ksu,Koko maa,Two-bedroom+,ARA (state-subsidised),index_qoq_pct,
2025Q1,ksu,Koko maa,Two-bedroom+,ARA (state-subsidised),index_yoy_pct,
2025Q1,ksu,Koko maa,Two-bedroom+,ARA (state-subsidised),rent_eur_m2,12.43
2025Q1,ksu,Koko maa,Two-bedroom+,ARA (state-subsidised),n_rent,24929.0
2025Q1,ksu,Koko maa,Two-bedroom+,ARA (state-subsidised),rent_new_eur_m2,
2025Q1,ksu,Koko maa,Two-bedroom+,ARA (state-subsidised),n_rent_new,
2025Q2,ksu,Koko maa,Two-bedroom+,ARA (state-subsidised),index_2025,99.9
2025Q2,ksu,Koko maa,Two-bedroom+,ARA (state-subsidised),index_qoq_pct,0.7
2025Q2,ksu,Koko maa,Two-bedroom+,ARA (state-subsidised),index_yoy_pct,
2025Q2,ksu,Koko maa,Two-bedroom+,ARA (state-subsidised),rent_eur_m2,12.54
2025Q2,ksu,Koko maa,Two-bedroom+,ARA (state-subsidised),n_rent,24384.0
2025Q2,ksu,Koko maa,Two-bedroom+,ARA (state-subsidised),rent_new_eur_m2,
2025Q2,ksu,Koko maa,Two-bedroom+,ARA (state-subsidised),n_rent_new,
2025Q3,ksu,Koko maa,Two-bedroom+,ARA (state-subsidised),index_2025,100.3
2025Q3,ksu,Koko maa,Two-bedroom+,ARA (state-subsidised),index_qoq_pct,0.4
2025Q3,ksu,Koko maa,Two-bedroom+,ARA (state-subsidised),index_yoy_pct,
2025Q3,ksu,Koko maa,Two-bedroom+,ARA (state-subsidised),rent_eur_m2,12.6
2025Q3,ksu,Koko maa,Two-bedroom+,ARA (state-subsidised),n_rent,24424.0
2025Q3,ksu,Koko maa,Two-bedroom+,ARA (state-subsidised),rent_new_eur_m2,
2025Q3,ksu,Koko maa,Two-bedroom+,ARA (state-subsidised),n_rent_new,
2025Q4,ksu,Koko maa,Two-bedroom+,ARA (state-subsidised),index_2025,100.6
2025Q4,ksu,Koko maa,Two-bedroom+,ARA (state-subsidised),index_qoq_pct,0.3
2025Q4,ksu,Koko maa,Two-bedroom+,ARA (state-subsidised),index_yoy_pct,
2025Q4,ksu,Koko maa,Two-bedroom+,ARA (state-subsidised),rent_eur_m2,12.66
2025Q4,ksu,Koko maa,Two-bedroom+,ARA (state-subsidised),n_rent,25127.0
2025Q4,ksu,Koko maa,Two-bedroom+,ARA (state-subsidised),rent_new_eur_m2,
2025Q4,ksu,Koko maa,Two-bedroom+,ARA (state-subsidised),n_rent_new,
2026Q1,ksu,Koko maa,Two-bedroom+,ARA (state-subsidised),index_2025,101.0
2026Q1,ksu,Koko maa,Two-bedroom+,ARA (state-subsidised),index_qoq_pct,0.4
2026Q1,ksu,Koko maa,Two-bedroom+,ARA (state-subsidised),index_yoy_pct,1.9
2026Q1,ksu,Koko maa,Two-bedroom+,ARA (state-subsidised),rent_eur_m2,12.71
2026Q1,ksu,Koko maa,Two-bedroom+,ARA (state-subsidised),n_rent,24415.0
2026Q1,ksu,Koko maa,Two-bedroom+,ARA (state-subsidised),rent_new_eur_m2,
2026Q1,ksu,Koko maa,Two-bedroom+,ARA (state-subsidised),n_rent_new,
2026Q2,ksu,Koko maa,Two-bedroom+,ARA (state-subsidised),index_2025,101.4
2026Q2,ksu,Koko maa,Two-bedroom+,ARA (state-subsidised),index_qoq_pct,0.3
2026Q2,ksu,Koko maa,Two-bedroom+,ARA (state-subsidised),index_yoy_pct,1.5
2026Q2,ksu,Koko maa,Two-bedroom+,ARA (state-subsidised),rent_eur_m2,12.76
2026Q2,ksu,Koko maa,Two-bedroom+,ARA (state-subsidised),n_rent,23942.0
2026Q2,ksu,Koko maa,Two-bedroom+,ARA (state-subsidised),rent_new_eur_m2,
2026Q2,ksu,Koko maa,Two-bedroom+,ARA (state-subsidised),n_rent_new,
2025Q1,pks,Pääkaupunkiseutu (PKS),Two-bedroom+,ARA (state-subsidised),index_2025,99.0
2025Q1,pks,Pääkaupunkiseutu (PKS),Two-bedroom+,ARA (state-subsidised),index_qoq_pct,
2025Q1,pks,Pääkaupunkiseutu (PKS),Two-bedroom+,ARA (state-subsidised),index_yoy_pct,
2025Q1,pks,Pääkaupunkiseutu (PKS),Two-bedroom+,ARA (state-subsidised),rent_eur_m2,13.74
2025Q1,pks,Pääkaupunkiseutu (PKS),Two-bedroom+,ARA (state-subsidised),n_rent,12209.0
2025Q1,pks,Pääkaupunkiseutu (PKS),Two-bedroom+,ARA (state-subsidised),rent_new_eur_m2,
2025Q1,pks,Pääkaupunkiseutu (PKS),Two-bedroom+,ARA (state-subsidised),n_rent_new,
2025Q2,pks,Pääkaupunkiseutu (PKS),Two-bedroom+,ARA (state-subsidised),index_2025,99.9
2025Q2,pks,Pääkaupunkiseutu (PKS),Two-bedroom+,ARA (state-subsidised),index_qoq_pct,0.9
2025Q2,pks,Pääkaupunkiseutu (PKS),Two-bedroom+,ARA (state-subsidised),index_yoy_pct,
2025Q2,pks,Pääkaupunkiseutu (PKS),Two-bedroom+,ARA (state-subsidised),rent_eur_m2,13.87
2025Q2,pks,Pääkaupunkiseutu (PKS),Two-bedroom+,ARA (state-subsidised),n_rent,12069.0
2025Q2,pks,Pääkaupunkiseutu (PKS),Two-bedroom+,ARA (state-subsidised),rent_new_eur_m2,
2025Q2,pks,Pääkaupunkiseutu (PKS),Two-bedroom+,ARA (state-subsidised),n_rent_new,
2025Q3,pks,Pääkaupunkiseutu (PKS),Two-bedroom+,ARA (state-subsidised),index_2025,100.4
2025Q3,pks,Pääkaupunkiseutu (PKS),Two-bedroom+,ARA (state-subsidised),index_qoq_pct,0.5
2025Q3,pks,Pääkaupunkiseutu (PKS),Two-bedroom+,ARA (state-subsidised),index_yoy_pct,
2025Q3,pks,Pääkaupunkiseutu (PKS),Two-bedroom+,ARA (state-subsidised),rent_eur_m2,13.95
2025Q3,pks,Pääkaupunkiseutu (PKS),Two-bedroom+,ARA (state-subsidised),n_rent,12126.0
2025Q3,pks,Pääkaupunkiseutu (PKS),Two-bedroom+,ARA (state-subsidised),rent_new_eur_m2,
2025Q3,pks,Pääkaupunkiseutu (PKS),Two-bedroom+,ARA (state-subsidised),n_rent_new,
2025Q4,pks,Pääkaupunkiseutu (PKS),Two-bedroom+,ARA (state-subsidised),index_2025,100.8
2025Q4,pks,Pääkaupunkiseutu (PKS),Two-bedroom+,ARA (state-subsidised),index_qoq_pct,0.4
2025Q4,pks,Pääkaupunkiseutu (PKS),Two-bedroom+,ARA (state-subsidised),index_yoy_pct,
2025Q4,pks,Pääkaupunkiseutu (PKS),Two-bedroom+,ARA (state-subsidised),rent_eur_m2,14.05
2025Q4,pks,Pääkaupunkiseutu (PKS),Two-bedroom+,ARA (state-subsidised),n_rent,12364.0
2025Q4,pks,Pääkaupunkiseutu (PKS),Two-bedroom+,ARA (state-subsidised),rent_new_eur_m2,
2025Q4,pks,Pääkaupunkiseutu (PKS),Two-bedroom+,ARA (state-subsidised),n_rent_new,
2026Q1,pks,Pääkaupunkiseutu (PKS),Two-bedroom+,ARA (state-subsidised),index_2025,101.3
2026Q1,pks,Pääkaupunkiseutu (PKS),Two-bedroom+,ARA (state-subsidised),index_qoq_pct,0.5
2026Q1,pks,Pääkaupunkiseutu (PKS),Two-bedroom+,ARA (state-subsidised),index_yoy_pct,2.3
2026Q1,pks,Pääkaupunkiseutu (PKS),Two-bedroom+,ARA (state-subsidised),rent_eur_m2,14.1
2026Q1,pks,Pääkaupunkiseutu (PKS),Two-bedroom+,ARA (state-subsidised),n_rent,12031.0
2026Q1,pks,Pääkaupunkiseutu (PKS),Two-bedroom+,ARA (state-subsidised),rent_new_eur_m2,
2026Q1,pks,Pääkaupunkiseutu (PKS),Two-bedroom+,ARA (state-subsidised),n_rent_new,
2026Q2,pks,Pääkaupunkiseutu (PKS),Two-bedroom+,ARA (state-subsidised),index_2025,101.7
2026Q2,pks,Pääkaupunkiseutu (PKS),Two-bedroom+,ARA (state-subsidised),index_qoq_pct,0.4
2026Q2,pks,Pääkaupunkiseutu (PKS),Two-bedroom+,ARA (state-subsidised),index_yoy_pct,1.8
2026Q2,pks,Pääkaupunkiseutu (PKS),Two-bedroom+,ARA (state-subsidised),rent_eur_m2,14.15
2026Q2,pks,Pääkaupunkiseutu (PKS),Two-bedroom+,ARA (state-subsidised),n_rent,11859.0
2026Q2,pks,Pääkaupunkiseutu (PKS),Two-bedroom+,ARA (state-subsidised),rent_new_eur_m2,
2026Q2,pks,Pääkaupunkiseutu (PKS),Two-bedroom+,ARA (state-subsidised),n_rent_new,
2025Q1,091,Helsinki,Two-bedroom+,ARA (state-subsidised),index_2025,99.0
2025Q1,091,Helsinki,Two-bedroom+,ARA (state-subsidised),index_qoq_pct,
2025Q1,091,Helsinki,Two-bedroom+,ARA (state-subsidised),index_yoy_pct,
2025Q1,091,Helsinki,Two-bedroom+,ARA (state-subsidised),rent_eur_m2,13.83
2025Q1,091,Helsinki,Two-bedroom+,ARA (state-subsidised),n_rent,7711.0
2025Q1,091,Helsinki,Two-bedroom+,ARA (state-subsidised),rent_new_eur_m2,
2025Q1,091,Helsinki,Two-bedroom+,ARA (state-subsidised),n_rent_new,
2025Q2,091,Helsinki,Two-bedroom+,ARA (state-subsidised),index_2025,99.9
2025Q2,091,Helsinki,Two-bedroom+,ARA (state-subsidised),index_qoq_pct,0.9
2025Q2,091,Helsinki,Two-bedroom+,ARA (state-subsidised),index_yoy_pct,
2025Q2,091,Helsinki,Two-bedroom+,ARA (state-subsidised),rent_eur_m2,13.96
2025Q2,091,Helsinki,Two-bedroom+,ARA (state-subsidised),n_rent,7680.0
2025Q2,091,Helsinki,Two-bedroom+,ARA (state-subsidised),rent_new_eur_m2,
2025Q2,091,Helsinki,Two-bedroom+,ARA (state-subsidised),n_rent_new,
2025Q3,091,Helsinki,Two-bedroom+,ARA (state-subsidised),index_2025,100.4
2025Q3,091,Helsinki,Two-bedroom+,ARA (state-subsidised),index_qoq_pct,0.5
2025Q3,091,Helsinki,Two-bedroom+,ARA (state-subsidised),index_yoy_pct,
2025Q3,091,Helsinki,Two-bedroom+,ARA (state-subsidised),rent_eur_m2,14.04
2025Q3,091,Helsinki,Two-bedroom+,ARA (state-subsidised),n_rent,7756.0
2025Q3,091,Helsinki,Two-bedroom+,ARA (state-subsidised),rent_new_eur_m2,
2025Q3,091,Helsinki,Two-bedroom+,ARA (state-subsidised),n_rent_new,
2025Q4,091,Helsinki,Two-bedroom+,ARA (state-subsidised),index_2025,100.8
2025Q4,091,Helsinki,Two-bedroom+,ARA (state-subsidised),index_qoq_pct,0.4
2025Q4,091,Helsinki,Two-bedroom+,ARA (state-subsidised),index_yoy_pct,
2025Q4,091,Helsinki,Two-bedroom+,ARA (state-subsidised),rent_eur_m2,14.13
2025Q4,091,Helsinki,Two-bedroom+,ARA (state-subsidised),n_rent,7964.0
2025Q4,091,Helsinki,Two-bedroom+,ARA (state-subsidised),rent_new_eur_m2,
2025Q4,091,Helsinki,Two-bedroom+,ARA (state-subsidised),n_rent_new,
2026Q1,091,Helsinki,Two-bedroom+,ARA (state-subsidised),index_2025,101.4
2026Q1,091,Helsinki,Two-bedroom+,ARA (state-subsidised),index_qoq_pct,0.6
2026Q1,091,Helsinki,Two-bedroom+,ARA (state-subsidised),index_yoy_pct,2.4
2026Q1,091,Helsinki,Two-bedroom+,ARA (state-subsidised),rent_eur_m2,14.19
2026Q1,091,Helsinki,Two-bedroom+,ARA (state-subsidised),n_rent,7698.0
2026Q1,091,Helsinki,Two-bedroom+,ARA (state-subsidised),rent_new_eur_m2,
2026Q1,091,Helsinki,Two-bedroom+,ARA (state-subsidised),n_rent_new,
2026Q2,091,Helsinki,Two-bedroom+,ARA (state-subsidised),index_2025,101.7
2026Q2,091,Helsinki,Two-bedroom+,ARA (state-subsidised),index_qoq_pct,0.4
2026Q2,091,Helsinki,Two-bedroom+,ARA (state-subsidised),index_yoy_pct,1.8
2026Q2,091,Helsinki,Two-bedroom+,ARA (state-subsidised),rent_eur_m2,14.23
2026Q2,091,Helsinki,Two-bedroom+,ARA (state-subsidised),n_rent,7520.0
2026Q2,091,Helsinki,Two-bedroom+,ARA (state-subsidised),rent_new_eur_m2,
2026Q2,091,Helsinki,Two-bedroom+,ARA (state-subsidised),n_rent_new,
2025Q1,091-1,Helsinki 1,Two-bedroom+,ARA (state-subsidised),index_2025,99.2
2025Q1,091-1,Helsinki 1,Two-bedroom+,ARA (state-subsidised),index_qoq_pct,
2025Q1,091-1,Helsinki 1,Two-bedroom+,ARA (state-subsidised),index_yoy_pct,
2025Q1,091-1,Helsinki 1,Two-bedroom+,ARA (state-subsidised),rent_eur_m2,16.63
2025Q1,091-1,Helsinki 1,Two-bedroom+,ARA (state-subsidised),n_rent,340.0
2025Q1,091-1,Helsinki 1,Two-bedroom+,ARA (state-subsidised),rent_new_eur_m2,
2025Q1,091-1,Helsinki 1,Two-bedroom+,ARA (state-subsidised),n_rent_new,
2025Q2,091-1,Helsinki 1,Two-bedroom+,ARA (state-subsidised),index_2025,99.9
2025Q2,091-1,Helsinki 1,Two-bedroom+,ARA (state-subsidised),index_qoq_pct,0.7
2025Q2,091-1,Helsinki 1,Two-bedroom+,ARA (state-subsidised),index_yoy_pct,
2025Q2,091-1,Helsinki 1,Two-bedroom+,ARA (state-subsidised),rent_eur_m2,16.75
2025Q2,091-1,Helsinki 1,Two-bedroom+,ARA (state-subsidised),n_rent,322.0
2025Q2,091-1,Helsinki 1,Two-bedroom+,ARA (state-subsidised),rent_new_eur_m2,
2025Q2,091-1,Helsinki 1,Two-bedroom+,ARA (state-subsidised),n_rent_new,
2025Q3,091-1,Helsinki 1,Two-bedroom+,ARA (state-subsidised),index_2025,100.3
2025Q3,091-1,Helsinki 1,Two-bedroom+,ARA (state-subsidised),index_qoq_pct,0.4
2025Q3,091-1,Helsinki 1,Two-bedroom+,ARA (state-subsidised),index_yoy_pct,
2025Q3,091-1,Helsinki 1,Two-bedroom+,ARA (state-subsidised),rent_eur_m2,16.85
2025Q3,091-1,Helsinki 1,Two-bedroom+,ARA (state-subsidised),n_rent,322.0
2025Q3,091-1,Helsinki 1,Two-bedroom+,ARA (state-subsidised),rent_new_eur_m2,
2025Q3,091-1,Helsinki 1,Two-bedroom+,ARA (state-subsidised),n_rent_new,
2025Q4,091-1,Helsinki 1,Two-bedroom+,ARA (state-subsidised),index_2025,100.7
2025Q4,091-1,Helsinki 1,Two-bedroom+,ARA (state-subsidised),index_qoq_pct,0.4
2025Q4,091-1,Helsinki 1,Two-bedroom+,ARA (state-subsidised),index_yoy_pct,
2025Q4,091-1,Helsinki 1,Two-bedroom+,ARA (state-subsidised),rent_eur_m2,17.0
2025Q4,091-1,Helsinki 1,Two-bedroom+,ARA (state-subsidised),n_rent,355.0
2025Q4,091-1,Helsinki 1,Two-bedroom+,ARA (state-subsidised),rent_new_eur_m2,
2025Q4,091-1,Helsinki 1,Two-bedroom+,ARA (state-subsidised),n_rent_new,
2026Q1,091-1,Helsinki 1,Two-bedroom+,ARA (state-subsidised),index_2025,101.3
2026Q1,091-1,Helsinki 1,Two-bedroom+,ARA (state-subsidised),index_qoq_pct,0.6
2026Q1,091-1,Helsinki 1,Two-bedroom+,ARA (state-subsidised),index_yoy_pct,2.1
2026Q1,091-1,Helsinki 1,Two-bedroom+,ARA (state-subsidised),rent_eur_m2,17.08
2026Q1,091-1,Helsinki 1,Two-bedroom+,ARA (state-subsidised),n_rent,343.0
2026Q1,091-1,Helsinki 1,Two-bedroom+,ARA (state-subsidised),rent_new_eur_m2,
2026Q1,091-1,Helsinki 1,Two-bedroom+,ARA (state-subsidised),n_rent_new,
2026Q2,091-1,Helsinki 1,Two-bedroom+,ARA (state-subsidised),index_2025,101.8
2026Q2,091-1,Helsinki 1,Two-bedroom+,ARA (state-subsidised),index_qoq_pct,0.6
2026Q2,091-1,Helsinki 1,Two-bedroom+,ARA (state-subsidised),index_yoy_pct,1.9
2026Q2,091-1,Helsinki 1,Two-bedroom+,ARA (state-subsidised),rent_eur_m2,17.14
2026Q2,091-1,Helsinki 1,Two-bedroom+,ARA (state-subsidised),n_rent,333.0
2026Q2,091-1,Helsinki 1,Two-bedroom+,ARA (state-subsidised),rent_new_eur_m2,
2026Q2,091-1,Helsinki 1,Two-bedroom+,ARA (state-subsidised),n_rent_new,
2025Q1,091-2,Helsinki 2,Two-bedroom+,ARA (state-subsidised),index_2025,98.9
2025Q1,091-2,Helsinki 2,Two-bedroom+,ARA (state-subsidised),index_qoq_pct,
2025Q1,091-2,Helsinki 2,Two-bedroom+,ARA (state-subsidised),index_yoy_pct,
2025Q1,091-2,Helsinki 2,Two-bedroom+,ARA (state-subsidised),rent_eur_m2,14.46
2025Q1,091-2,Helsinki 2,Two-bedroom+,ARA (state-subsidised),n_rent,1254.0
2025Q1,091-2,Helsinki 2,Two-bedroom+,ARA (state-subsidised),rent_new_eur_m2,
2025Q1,091-2,Helsinki 2,Two-bedroom+,ARA (state-subsidised),n_rent_new,
2025Q2,091-2,Helsinki 2,Two-bedroom+,ARA (state-subsidised),index_2025,99.9
2025Q2,091-2,Helsinki 2,Two-bedroom+,ARA (state-subsidised),index_qoq_pct,1.1
2025Q2,091-2,Helsinki 2,Two-bedroom+,ARA (state-subsidised),index_yoy_pct,
2025Q2,091-2,Helsinki 2,Two-bedroom+,ARA (state-subsidised),rent_eur_m2,14.64
2025Q2,091-2,Helsinki 2,Two-bedroom+,ARA (state-subsidised),n_rent,1237.0
2025Q2,091-2,Helsinki 2,Two-bedroom+,ARA (state-subsidised),rent_new_eur_m2,
2025Q2,091-2,Helsinki 2,Two-bedroom+,ARA (state-subsidised),n_rent_new,
2025Q3,091-2,Helsinki 2,Two-bedroom+,ARA (state-subsidised),index_2025,100.4
2025Q3,091-2,Helsinki 2,Two-bedroom+,ARA (state-subsidised),index_qoq_pct,0.5
2025Q3,091-2,Helsinki 2,Two-bedroom+,ARA (state-subsidised),index_yoy_pct,
2025Q3,091-2,Helsinki 2,Two-bedroom+,ARA (state-subsidised),rent_eur_m2,14.67
2025Q3,091-2,Helsinki 2,Two-bedroom+,ARA (state-subsidised),n_rent,1241.0
2025Q3,091-2,Helsinki 2,Two-bedroom+,ARA (state-subsidised),rent_new_eur_m2,
2025Q3,091-2,Helsinki 2,Two-bedroom+,ARA (state-subsidised),n_rent_new,
2025Q4,091-2,Helsinki 2,Two-bedroom+,ARA (state-subsidised),index_2025,100.8
2025Q4,091-2,Helsinki 2,Two-bedroom+,ARA (state-subsidised),index_qoq_pct,0.4
2025Q4,091-2,Helsinki 2,Two-bedroom+,ARA (state-subsidised),index_yoy_pct,
2025Q4,091-2,Helsinki 2,Two-bedroom+,ARA (state-subsidised),rent_eur_m2,14.75
2025Q4,091-2,Helsinki 2,Two-bedroom+,ARA (state-subsidised),n_rent,1305.0
2025Q4,091-2,Helsinki 2,Two-bedroom+,ARA (state-subsidised),rent_new_eur_m2,
2025Q4,091-2,Helsinki 2,Two-bedroom+,ARA (state-subsidised),n_rent_new,
2026Q1,091-2,Helsinki 2,Two-bedroom+,ARA (state-subsidised),index_2025,101.5
2026Q1,091-2,Helsinki 2,Two-bedroom+,ARA (state-subsidised),index_qoq_pct,0.7
2026Q1,091-2,Helsinki 2,Two-bedroom+,ARA (state-subsidised),index_yoy_pct,2.7
2026Q1,091-2,Helsinki 2,Two-bedroom+,ARA (state-subsidised),rent_eur_m2,14.82
2026Q1,091-2,Helsinki 2,Two-bedroom+,ARA (state-subsidised),n_rent,1257.0
2026Q1,091-2,Helsinki 2,Two-bedroom+,ARA (state-subsidised),rent_new_eur_m2,
2026Q1,091-2,Helsinki 2,Two-bedroom+,ARA (state-subsidised),n_rent_new,
2026Q2,091-2,Helsinki 2,Two-bedroom+,ARA (state-subsidised),index_2025,102.0
2026Q2,091-2,Helsinki 2,Two-bedroom+,ARA (state-subsidised),index_qoq_pct,0.5
2026Q2,091-2,Helsinki 2,Two-bedroom+,ARA (state-subsidised),index_yoy_pct,2.1
2026Q2,091-2,Helsinki 2,Two-bedroom+,ARA (state-subsidised),rent_eur_m2,14.88
2026Q2,091-2,Helsinki 2,Two-bedroom+,ARA (state-subsidised),n_rent,1250.0
2026Q2,091-2,Helsinki 2,Two-bedroom+,ARA (state-subsidised),rent_new_eur_m2,
2026Q2,091-2,Helsinki 2,Two-bedroom+,ARA (state-subsidised),n_rent_new,
2025Q1,091-3,Helsinki 3,Two-bedroom+,ARA (state-subsidised),index_2025,99.0
2025Q1,091-3,Helsinki 3,Two-bedroom+,ARA (state-subsidised),index_qoq_pct,
2025Q1,091-3,Helsinki 3,Two-bedroom+,ARA (state-subsidised),index_yoy_pct,
2025Q1,091-3,Helsinki 3,Two-bedroom+,ARA (state-subsidised),rent_eur_m2,13.96
2025Q1,091-3,Helsinki 3,Two-bedroom+,ARA (state-subsidised),n_rent,1275.0
2025Q1,091-3,Helsinki 3,Two-bedroom+,ARA (state-subsidised),rent_new_eur_m2,
2025Q1,091-3,Helsinki 3,Two-bedroom+,ARA (state-subsidised),n_rent_new,
2025Q2,091-3,Helsinki 3,Two-bedroom+,ARA (state-subsidised),index_2025,99.9
2025Q2,091-3,Helsinki 3,Two-bedroom+,ARA (state-subsidised),index_qoq_pct,0.9
2025Q2,091-3,Helsinki 3,Two-bedroom+,ARA (state-subsidised),index_yoy_pct,
2025Q2,091-3,Helsinki 3,Two-bedroom+,ARA (state-subsidised),rent_eur_m2,14.1
2025Q2,091-3,Helsinki 3,Two-bedroom+,ARA (state-subsidised),n_rent,1257.0
2025Q2,091-3,Helsinki 3,Two-bedroom+,ARA (state-subsidised),rent_new_eur_m2,
2025Q2,091-3,Helsinki 3,Two-bedroom+,ARA (state-subsidised),n_rent_new,
2025Q3,091-3,Helsinki 3,Two-bedroom+,ARA (state-subsidised),index_2025,100.4
2025Q3,091-3,Helsinki 3,Two-bedroom+,ARA (state-subsidised),index_qoq_pct,0.4
2025Q3,091-3,Helsinki 3,Two-bedroom+,ARA (state-subsidised),index_yoy_pct,
2025Q3,091-3,Helsinki 3,Two-bedroom+,ARA (state-subsidised),rent_eur_m2,14.17
2025Q3,091-3,Helsinki 3,Two-bedroom+,ARA (state-subsidised),n_rent,1248.0
2025Q3,091-3,Helsinki 3,Two-bedroom+,ARA (state-subsidised),rent_new_eur_m2,
2025Q3,091-3,Helsinki 3,Two-bedroom+,ARA (state-subsidised),n_rent_new,
2025Q4,091-3,Helsinki 3,Two-bedroom+,ARA (state-subsidised),index_2025,100.7
2025Q4,091-3,Helsinki 3,Two-bedroom+,ARA (state-subsidised),index_qoq_pct,0.4
2025Q4,091-3,Helsinki 3,Two-bedroom+,ARA (state-subsidised),index_yoy_pct,
2025Q4,091-3,Helsinki 3,Two-bedroom+,ARA (state-subsidised),rent_eur_m2,14.18
2025Q4,091-3,Helsinki 3,Two-bedroom+,ARA (state-subsidised),n_rent,1333.0
2025Q4,091-3,Helsinki 3,Two-bedroom+,ARA (state-subsidised),rent_new_eur_m2,
2025Q4,091-3,Helsinki 3,Two-bedroom+,ARA (state-subsidised),n_rent_new,
2026Q1,091-3,Helsinki 3,Two-bedroom+,ARA (state-subsidised),index_2025,101.4
2026Q1,091-3,Helsinki 3,Two-bedroom+,ARA (state-subsidised),index_qoq_pct,0.6
2026Q1,091-3,Helsinki 3,Two-bedroom+,ARA (state-subsidised),index_yoy_pct,2.4
2026Q1,091-3,Helsinki 3,Two-bedroom+,ARA (state-subsidised),rent_eur_m2,14.23
2026Q1,091-3,Helsinki 3,Two-bedroom+,ARA (state-subsidised),n_rent,1302.0
2026Q1,091-3,Helsinki 3,Two-bedroom+,ARA (state-subsidised),rent_new_eur_m2,
2026Q1,091-3,Helsinki 3,Two-bedroom+,ARA (state-subsidised),n_rent_new,
2026Q2,091-3,Helsinki 3,Two-bedroom+,ARA (state-subsidised),index_2025,101.8
2026Q2,091-3,Helsinki 3,Two-bedroom+,ARA (state-subsidised),index_qoq_pct,0.4
2026Q2,091-3,Helsinki 3,Two-bedroom+,ARA (state-subsidised),index_yoy_pct,1.9
2026Q2,091-3,Helsinki 3,Two-bedroom+,ARA (state-subsidised),rent_eur_m2,14.27
2026Q2,091-3,Helsinki 3,Two-bedroom+,ARA (state-subsidised),n_rent,1255.0
2026Q2,091-3,Helsinki 3,Two-bedroom+,ARA (state-subsidised),rent_new_eur_m2,
2026Q2,091-3,Helsinki 3,Two-bedroom+,ARA (state-subsidised),n_rent_new,
2025Q1,091-4,Helsinki 4,Two-bedroom+,ARA (state-subsidised),index_2025,99.0
2025Q1,091-4,Helsinki 4,Two-bedroom+,ARA (state-subsidised),index_qoq_pct,
2025Q1,091-4,Helsinki 4,Two-bedroom+,ARA (state-subsidised),index_yoy_pct,
2025Q1,091-4,Helsinki 4,Two-bedroom+,ARA (state-subsidised),rent_eur_m2,13.2
2025Q1,091-4,Helsinki 4,Two-bedroom+,ARA (state-subsidised),n_rent,4842.0
2025Q1,091-4,Helsinki 4,Two-bedroom+,ARA (state-subsidised),rent_new_eur_m2,
2025Q1,091-4,Helsinki 4,Two-bedroom+,ARA (state-subsidised),n_rent_new,
2025Q2,091-4,Helsinki 4,Two-bedroom+,ARA (state-subsidised),index_2025,99.9
2025Q2,091-4,Helsinki 4,Two-bedroom+,ARA (state-subsidised),index_qoq_pct,0.9
2025Q2,091-4,Helsinki 4,Two-bedroom+,ARA (state-subsidised),index_yoy_pct,
2025Q2,091-4,Helsinki 4,Two-bedroom+,ARA (state-subsidised),rent_eur_m2,13.34
2025Q2,091-4,Helsinki 4,Two-bedroom+,ARA (state-subsidised),n_rent,4864.0
2025Q2,091-4,Helsinki 4,Two-bedroom+,ARA (state-subsidised),rent_new_eur_m2,
2025Q2,091-4,Helsinki 4,Two-bedroom+,ARA (state-subsidised),n_rent_new,
2025Q3,091-4,Helsinki 4,Two-bedroom+,ARA (state-subsidised),index_2025,100.4
2025Q3,091-4,Helsinki 4,Two-bedroom+,ARA (state-subsidised),index_qoq_pct,0.5
2025Q3,091-4,Helsinki 4,Two-bedroom+,ARA (state-subsidised),index_yoy_pct,
2025Q3,091-4,Helsinki 4,Two-bedroom+,ARA (state-subsidised),rent_eur_m2,13.44
2025Q3,091-4,Helsinki 4,Two-bedroom+,ARA (state-subsidised),n_rent,4945.0
2025Q3,091-4,Helsinki 4,Two-bedroom+,ARA (state-subsidised),rent_new_eur_m2,
2025Q3,091-4,Helsinki 4,Two-bedroom+,ARA (state-subsidised),n_rent_new,
2025Q4,091-4,Helsinki 4,Two-bedroom+,ARA (state-subsidised),index_2025,100.8
2025Q4,091-4,Helsinki 4,Two-bedroom+,ARA (state-subsidised),index_qoq_pct,0.4
2025Q4,091-4,Helsinki 4,Two-bedroom+,ARA (state-subsidised),index_yoy_pct,
2025Q4,091-4,Helsinki 4,Two-bedroom+,ARA (state-subsidised),rent_eur_m2,13.51
2025Q4,091-4,Helsinki 4,Two-bedroom+,ARA (state-subsidised),n_rent,4971.0
2025Q4,091-4,Helsinki 4,Two-bedroom+,ARA (state-subsidised),rent_new_eur_m2,
2025Q4,091-4,Helsinki 4,Two-bedroom+,ARA (state-subsidised),n_rent_new,
2026Q1,091-4,Helsinki 4,Two-bedroom+,ARA (state-subsidised),index_2025,101.3
2026Q1,091-4,Helsinki 4,Two-bedroom+,ARA (state-subsidised),index_qoq_pct,0.5
2026Q1,091-4,Helsinki 4,Two-bedroom+,ARA (state-subsidised),index_yoy_pct,2.3
2026Q1,091-4,Helsinki 4,Two-bedroom+,ARA (state-subsidised),rent_eur_m2,13.57
2026Q1,091-4,Helsinki 4,Two-bedroom+,ARA (state-subsidised),n_rent,4796.0
2026Q1,091-4,Helsinki 4,Two-bedroom+,ARA (state-subsidised),rent_new_eur_m2,
2026Q1,091-4,Helsinki 4,Two-bedroom+,ARA (state-subsidised),n_rent_new,
2026Q2,091-4,Helsinki 4,Two-bedroom+,ARA (state-subsidised),index_2025,101.6
2026Q2,091-4,Helsinki 4,Two-bedroom+,ARA (state-subsidised),index_qoq_pct,0.3
2026Q2,091-4,Helsinki 4,Two-bedroom+,ARA (state-subsidised),index_yoy_pct,1.7
2026Q2,091-4,Helsinki 4,Two-bedroom+,ARA (state-subsidised),rent_eur_m2,13.6
2026Q2,091-4,Helsinki 4,Two-bedroom+,ARA (state-subsidised),n_rent,4682.0
2026Q2,091-4,Helsinki 4,Two-bedroom+,ARA (state-subsidised),rent_new_eur_m2,
2026Q2,091-4,Helsinki 4,Two-bedroom+,ARA (state-subsidised),n_rent_new,
2025Q1,049,Espoo-Kauniainen,Two-bedroom+,ARA (state-subsidised),index_2025,98.9
2025Q1,049,Espoo-Kauniainen,Two-bedroom+,ARA (state-subsidised),index_qoq_pct,
2025Q1,049,Espoo-Kauniainen,Two-bedroom+,ARA (state-subsidised),index_yoy_pct,
2025Q1,049,Espoo-Kauniainen,Two-bedroom+,ARA (state-subsidised),rent_eur_m2,13.85
2025Q1,049,Espoo-Kauniainen,Two-bedroom+,ARA (state-subsidised),n_rent,2570.0
2025Q1,049,Espoo-Kauniainen,Two-bedroom+,ARA (state-subsidised),rent_new_eur_m2,
2025Q1,049,Espoo-Kauniainen,Two-bedroom+,ARA (state-subsidised),n_rent_new,
2025Q2,049,Espoo-Kauniainen,Two-bedroom+,ARA (state-subsidised),index_2025,99.8
2025Q2,049,Espoo-Kauniainen,Two-bedroom+,ARA (state-subsidised),index_qoq_pct,1.0
2025Q2,049,Espoo-Kauniainen,Two-bedroom+,ARA (state-subsidised),index_yoy_pct,
2025Q2,049,Espoo-Kauniainen,Two-bedroom+,ARA (state-subsidised),rent_eur_m2,14.02
2025Q2,049,Espoo-Kauniainen,Two-bedroom+,ARA (state-subsidised),n_rent,2490.0
2025Q2,049,Espoo-Kauniainen,Two-bedroom+,ARA (state-subsidised),rent_new_eur_m2,
2025Q2,049,Espoo-Kauniainen,Two-bedroom+,ARA (state-subsidised),n_rent_new,
2025Q3,049,Espoo-Kauniainen,Two-bedroom+,ARA (state-subsidised),index_2025,100.4
2025Q3,049,Espoo-Kauniainen,Two-bedroom+,ARA (state-subsidised),index_qoq_pct,0.6
2025Q3,049,Espoo-Kauniainen,Two-bedroom+,ARA (state-subsidised),index_yoy_pct,
2025Q3,049,Espoo-Kauniainen,Two-bedroom+,ARA (state-subsidised),rent_eur_m2,14.14
2025Q3,049,Espoo-Kauniainen,Two-bedroom+,ARA (state-subsidised),n_rent,2506.0
2025Q3,049,Espoo-Kauniainen,Two-bedroom+,ARA (state-subsidised),rent_new_eur_m2,
2025Q3,049,Espoo-Kauniainen,Two-bedroom+,ARA (state-subsidised),n_rent_new,
2025Q4,049,Espoo-Kauniainen,Two-bedroom+,ARA (state-subsidised),index_2025,100.9
2025Q4,049,Espoo-Kauniainen,Two-bedroom+,ARA (state-subsidised),index_qoq_pct,0.5
2025Q4,049,Espoo-Kauniainen,Two-bedroom+,ARA (state-subsidised),index_yoy_pct,
2025Q4,049,Espoo-Kauniainen,Two-bedroom+,ARA (state-subsidised),rent_eur_m2,14.28
2025Q4,049,Espoo-Kauniainen,Two-bedroom+,ARA (state-subsidised),n_rent,2535.0
2025Q4,049,Espoo-Kauniainen,Two-bedroom+,ARA (state-subsidised),rent_new_eur_m2,
2025Q4,049,Espoo-Kauniainen,Two-bedroom+,ARA (state-subsidised),n_rent_new,
2026Q1,049,Espoo-Kauniainen,Two-bedroom+,ARA (state-subsidised),index_2025,101.4
2026Q1,049,Espoo-Kauniainen,Two-bedroom+,ARA (state-subsidised),index_qoq_pct,0.5
2026Q1,049,Espoo-Kauniainen,Two-bedroom+,ARA (state-subsidised),index_yoy_pct,2.5
2026Q1,049,Espoo-Kauniainen,Two-bedroom+,ARA (state-subsidised),rent_eur_m2,14.35
2026Q1,049,Espoo-Kauniainen,Two-bedroom+,ARA (state-subsidised),n_rent,2512.0
2026Q1,049,Espoo-Kauniainen,Two-bedroom+,ARA (state-subsidised),rent_new_eur_m2,
2026Q1,049,Espoo-Kauniainen,Two-bedroom+,ARA (state-subsidised),n_rent_new,
2026Q2,049,Espoo-Kauniainen,Two-bedroom+,ARA (state-subsidised),index_2025,101.8
2026Q2,049,Espoo-Kauniainen,Two-bedroom+,ARA (state-subsidised),index_qoq_pct,0.4
2026Q2,049,Espoo-Kauniainen,Two-bedroom+,ARA (state-subsidised),index_yoy_pct,2.0
2026Q2,049,Espoo-Kauniainen,Two-bedroom+,ARA (state-subsidised),rent_eur_m2,14.41
2026Q2,049,Espoo-Kauniainen,Two-bedroom+,ARA (state-subsidised),n_rent,2503.0
2026Q2,049,Espoo-Kauniainen,Two-bedroom+,ARA (state-subsidised),rent_new_eur_m2,
2026Q2,049,Espoo-Kauniainen,Two-bedroom+,ARA (state-subsidised),n_rent_new,
2025Q1,049-1,Espoo-Kauniainen 1,Two-bedroom+,ARA (state-subsidised),index_2025,99.0
2025Q1,049-1,Espoo-Kauniainen 1,Two-bedroom+,ARA (state-subsidised),index_qoq_pct,
2025Q1,049-1,Espoo-Kauniainen 1,Two-bedroom+,ARA (state-subsidised),index_yoy_pct,
2025Q1,049-1,Espoo-Kauniainen 1,Two-bedroom+,ARA (state-subsidised),rent_eur_m2,14.78
2025Q1,049-1,Espoo-Kauniainen 1,Two-bedroom+,ARA (state-subsidised),n_rent,670.0
2025Q1,049-1,Espoo-Kauniainen 1,Two-bedroom+,ARA (state-subsidised),rent_new_eur_m2,
2025Q1,049-1,Espoo-Kauniainen 1,Two-bedroom+,ARA (state-subsidised),n_rent_new,
2025Q2,049-1,Espoo-Kauniainen 1,Two-bedroom+,ARA (state-subsidised),index_2025,99.9
2025Q2,049-1,Espoo-Kauniainen 1,Two-bedroom+,ARA (state-subsidised),index_qoq_pct,0.9
2025Q2,049-1,Espoo-Kauniainen 1,Two-bedroom+,ARA (state-subsidised),index_yoy_pct,
2025Q2,049-1,Espoo-Kauniainen 1,Two-bedroom+,ARA (state-subsidised),rent_eur_m2,14.96
2025Q2,049-1,Espoo-Kauniainen 1,Two-bedroom+,ARA (state-subsidised),n_rent,638.0
2025Q2,049-1,Espoo-Kauniainen 1,Two-bedroom+,ARA (state-subsidised),rent_new_eur_m2,
2025Q2,049-1,Espoo-Kauniainen 1,Two-bedroom+,ARA (state-subsidised),n_rent_new,
2025Q3,049-1,Espoo-Kauniainen 1,Two-bedroom+,ARA (state-subsidised),index_2025,100.4
2025Q3,049-1,Espoo-Kauniainen 1,Two-bedroom+,ARA (state-subsidised),index_qoq_pct,0.5
2025Q3,049-1,Espoo-Kauniainen 1,Two-bedroom+,ARA (state-subsidised),index_yoy_pct,
2025Q3,049-1,Espoo-Kauniainen 1,Two-bedroom+,ARA (state-subsidised),rent_eur_m2,15.05
2025Q3,049-1,Espoo-Kauniainen 1,Two-bedroom+,ARA (state-subsidised),n_rent,644.0
2025Q3,049-1,Espoo-Kauniainen 1,Two-bedroom+,ARA (state-subsidised),rent_new_eur_m2,
2025Q3,049-1,Espoo-Kauniainen 1,Two-bedroom+,ARA (state-subsidised),n_rent_new,
2025Q4,049-1,Espoo-Kauniainen 1,Two-bedroom+,ARA (state-subsidised),index_2025,100.8
2025Q4,049-1,Espoo-Kauniainen 1,Two-bedroom+,ARA (state-subsidised),index_qoq_pct,0.4
2025Q4,049-1,Espoo-Kauniainen 1,Two-bedroom+,ARA (state-subsidised),index_yoy_pct,
2025Q4,049-1,Espoo-Kauniainen 1,Two-bedroom+,ARA (state-subsidised),rent_eur_m2,15.19
2025Q4,049-1,Espoo-Kauniainen 1,Two-bedroom+,ARA (state-subsidised),n_rent,670.0
2025Q4,049-1,Espoo-Kauniainen 1,Two-bedroom+,ARA (state-subsidised),rent_new_eur_m2,
2025Q4,049-1,Espoo-Kauniainen 1,Two-bedroom+,ARA (state-subsidised),n_rent_new,
2026Q1,049-1,Espoo-Kauniainen 1,Two-bedroom+,ARA (state-subsidised),index_2025,101.2
2026Q1,049-1,Espoo-Kauniainen 1,Two-bedroom+,ARA (state-subsidised),index_qoq_pct,0.4
2026Q1,049-1,Espoo-Kauniainen 1,Two-bedroom+,ARA (state-subsidised),index_yoy_pct,2.2
2026Q1,049-1,Espoo-Kauniainen 1,Two-bedroom+,ARA (state-subsidised),rent_eur_m2,15.22
2026Q1,049-1,Espoo-Kauniainen 1,Two-bedroom+,ARA (state-subsidised),n_rent,683.0
2026Q1,049-1,Espoo-Kauniainen 1,Two-bedroom+,ARA (state-subsidised),rent_new_eur_m2,
2026Q1,049-1,Espoo-Kauniainen 1,Two-bedroom+,ARA (state-subsidised),n_rent_new,
2026Q2,049-1,Espoo-Kauniainen 1,Two-bedroom+,ARA (state-subsidised),index_2025,101.4
2026Q2,049-1,Espoo-Kauniainen 1,Two-bedroom+,ARA (state-subsidised),index_qoq_pct,0.3
2026Q2,049-1,Espoo-Kauniainen 1,Two-bedroom+,ARA (state-subsidised),index_yoy_pct,1.6
2026Q2,049-1,Espoo-Kauniainen 1,Two-bedroom+,ARA (state-subsidised),rent_eur_m2,15.27
2026Q2,049-1,Espoo-Kauniainen 1,Two-bedroom+,ARA (state-subsidised),n_rent,670.0
2026Q2,049-1,Espoo-Kauniainen 1,Two-bedroom+,ARA (state-subsidised),rent_new_eur_m2,
2026Q2,049-1,Espoo-Kauniainen 1,Two-bedroom+,ARA (state-subsidised),n_rent_new,
2025Q1,049-2,Espoo-Kauniainen 2,Two-bedroom+,ARA (state-subsidised),index_2025,99.0
2025Q1,049-2,Espoo-Kauniainen 2,Two-bedroom+,ARA (state-subsidised),index_qoq_pct,
2025Q1,049-2,Espoo-Kauniainen 2,Two-bedroom+,ARA (state-subsidised),index_yoy_pct,
2025Q1,049-2,Espoo-Kauniainen 2,Two-bedroom+,ARA (state-subsidised),rent_eur_m2,13.76
2025Q1,049-2,Espoo-Kauniainen 2,Two-bedroom+,ARA (state-subsidised),n_rent,894.0
2025Q1,049-2,Espoo-Kauniainen 2,Two-bedroom+,ARA (state-subsidised),rent_new_eur_m2,
2025Q1,049-2,Espoo-Kauniainen 2,Two-bedroom+,ARA (state-subsidised),n_rent_new,
2025Q2,049-2,Espoo-Kauniainen 2,Two-bedroom+,ARA (state-subsidised),index_2025,99.8
2025Q2,049-2,Espoo-Kauniainen 2,Two-bedroom+,ARA (state-subsidised),index_qoq_pct,0.9
2025Q2,049-2,Espoo-Kauniainen 2,Two-bedroom+,ARA (state-subsidised),index_yoy_pct,
2025Q2,049-2,Espoo-Kauniainen 2,Two-bedroom+,ARA (state-subsidised),rent_eur_m2,13.94
2025Q2,049-2,Espoo-Kauniainen 2,Two-bedroom+,ARA (state-subsidised),n_rent,884.0
2025Q2,049-2,Espoo-Kauniainen 2,Two-bedroom+,ARA (state-subsidised),rent_new_eur_m2,
2025Q2,049-2,Espoo-Kauniainen 2,Two-bedroom+,ARA (state-subsidised),n_rent_new,
2025Q3,049-2,Espoo-Kauniainen 2,Two-bedroom+,ARA (state-subsidised),index_2025,100.4
2025Q3,049-2,Espoo-Kauniainen 2,Two-bedroom+,ARA (state-subsidised),index_qoq_pct,0.5
2025Q3,049-2,Espoo-Kauniainen 2,Two-bedroom+,ARA (state-subsidised),index_yoy_pct,
2025Q3,049-2,Espoo-Kauniainen 2,Two-bedroom+,ARA (state-subsidised),rent_eur_m2,14.07
2025Q3,049-2,Espoo-Kauniainen 2,Two-bedroom+,ARA (state-subsidised),n_rent,887.0
2025Q3,049-2,Espoo-Kauniainen 2,Two-bedroom+,ARA (state-subsidised),rent_new_eur_m2,
2025Q3,049-2,Espoo-Kauniainen 2,Two-bedroom+,ARA (state-subsidised),n_rent_new,
2025Q4,049-2,Espoo-Kauniainen 2,Two-bedroom+,ARA (state-subsidised),index_2025,100.8
2025Q4,049-2,Espoo-Kauniainen 2,Two-bedroom+,ARA (state-subsidised),index_qoq_pct,0.4
2025Q4,049-2,Espoo-Kauniainen 2,Two-bedroom+,ARA (state-subsidised),index_yoy_pct,
2025Q4,049-2,Espoo-Kauniainen 2,Two-bedroom+,ARA (state-subsidised),rent_eur_m2,14.2
2025Q4,049-2,Espoo-Kauniainen 2,Two-bedroom+,ARA (state-subsidised),n_rent,908.0
2025Q4,049-2,Espoo-Kauniainen 2,Two-bedroom+,ARA (state-subsidised),rent_new_eur_m2,
2025Q4,049-2,Espoo-Kauniainen 2,Two-bedroom+,ARA (state-subsidised),n_rent_new,
2026Q1,049-2,Espoo-Kauniainen 2,Two-bedroom+,ARA (state-subsidised),index_2025,101.4
2026Q1,049-2,Espoo-Kauniainen 2,Two-bedroom+,ARA (state-subsidised),index_qoq_pct,0.5
2026Q1,049-2,Espoo-Kauniainen 2,Two-bedroom+,ARA (state-subsidised),index_yoy_pct,2.4
2026Q1,049-2,Espoo-Kauniainen 2,Two-bedroom+,ARA (state-subsidised),rent_eur_m2,14.26
2026Q1,049-2,Espoo-Kauniainen 2,Two-bedroom+,ARA (state-subsidised),n_rent,903.0
2026Q1,049-2,Espoo-Kauniainen 2,Two-bedroom+,ARA (state-subsidised),rent_new_eur_m2,
2026Q1,049-2,Espoo-Kauniainen 2,Two-bedroom+,ARA (state-subsidised),n_rent_new,
2026Q2,049-2,Espoo-Kauniainen 2,Two-bedroom+,ARA (state-subsidised),index_2025,101.9
2026Q2,049-2,Espoo-Kauniainen 2,Two-bedroom+,ARA (state-subsidised),index_qoq_pct,0.5
2026Q2,049-2,Espoo-Kauniainen 2,Two-bedroom+,ARA (state-subsidised),index_yoy_pct,2.0
2026Q2,049-2,Espoo-Kauniainen 2,Two-bedroom+,ARA (state-subsidised),rent_eur_m2,14.31
2026Q2,049-2,Espoo-Kauniainen 2,Two-bedroom+,ARA (state-subsidised),n_rent,907.0
2026Q2,049-2,Espoo-Kauniainen 2,Two-bedroom+,ARA (state-subsidised),rent_new_eur_m2,
2026Q2,049-2,Espoo-Kauniainen 2,Two-bedroom+,ARA (state-subsidised),n_rent_new,
2025Q1,049-3,Espoo-Kauniainen 3,Two-bedroom+,ARA (state-subsidised),index_2025,98.7
2025Q1,049-3,Espoo-Kauniainen 3,Two-bedroom+,ARA (state-subsidised),index_qoq_pct,
2025Q1,049-3,Espoo-Kauniainen 3,Two-bedroom+,ARA (state-subsidised),index_yoy_pct,
2025Q1,049-3,Espoo-Kauniainen 3,Two-bedroom+,ARA (state-subsidised),rent_eur_m2,13.22
2025Q1,049-3,Espoo-Kauniainen 3,Two-bedroom+,ARA (state-subsidised),n_rent,1006.0
2025Q1,049-3,Espoo-Kauniainen 3,Two-bedroom+,ARA (state-subsidised),rent_new_eur_m2,
2025Q1,049-3,Espoo-Kauniainen 3,Two-bedroom+,ARA (state-subsidised),n_rent_new,
2025Q2,049-3,Espoo-Kauniainen 3,Two-bedroom+,ARA (state-subsidised),index_2025,99.8
2025Q2,049-3,Espoo-Kauniainen 3,Two-bedroom+,ARA (state-subsidised),index_qoq_pct,1.1
2025Q2,049-3,Espoo-Kauniainen 3,Two-bedroom+,ARA (state-subsidised),index_yoy_pct,
2025Q2,049-3,Espoo-Kauniainen 3,Two-bedroom+,ARA (state-subsidised),rent_eur_m2,13.4
2025Q2,049-3,Espoo-Kauniainen 3,Two-bedroom+,ARA (state-subsidised),n_rent,968.0
2025Q2,049-3,Espoo-Kauniainen 3,Two-bedroom+,ARA (state-subsidised),rent_new_eur_m2,
2025Q2,049-3,Espoo-Kauniainen 3,Two-bedroom+,ARA (state-subsidised),n_rent_new,
2025Q3,049-3,Espoo-Kauniainen 3,Two-bedroom+,ARA (state-subsidised),index_2025,100.5
2025Q3,049-3,Espoo-Kauniainen 3,Two-bedroom+,ARA (state-subsidised),index_qoq_pct,0.7
2025Q3,049-3,Espoo-Kauniainen 3,Two-bedroom+,ARA (state-subsidised),index_yoy_pct,
2025Q3,049-3,Espoo-Kauniainen 3,Two-bedroom+,ARA (state-subsidised),rent_eur_m2,13.51
2025Q3,049-3,Espoo-Kauniainen 3,Two-bedroom+,ARA (state-subsidised),n_rent,975.0
2025Q3,049-3,Espoo-Kauniainen 3,Two-bedroom+,ARA (state-subsidised),rent_new_eur_m2,
2025Q3,049-3,Espoo-Kauniainen 3,Two-bedroom+,ARA (state-subsidised),n_rent_new,
2025Q4,049-3,Espoo-Kauniainen 3,Two-bedroom+,ARA (state-subsidised),index_2025,101.1
2025Q4,049-3,Espoo-Kauniainen 3,Two-bedroom+,ARA (state-subsidised),index_qoq_pct,0.6
2025Q4,049-3,Espoo-Kauniainen 3,Two-bedroom+,ARA (state-subsidised),index_yoy_pct,
2025Q4,049-3,Espoo-Kauniainen 3,Two-bedroom+,ARA (state-subsidised),rent_eur_m2,13.63
2025Q4,049-3,Espoo-Kauniainen 3,Two-bedroom+,ARA (state-subsidised),n_rent,957.0
2025Q4,049-3,Espoo-Kauniainen 3,Two-bedroom+,ARA (state-subsidised),rent_new_eur_m2,
2025Q4,049-3,Espoo-Kauniainen 3,Two-bedroom+,ARA (state-subsidised),n_rent_new,
2026Q1,049-3,Espoo-Kauniainen 3,Two-bedroom+,ARA (state-subsidised),index_2025,101.6
2026Q1,049-3,Espoo-Kauniainen 3,Two-bedroom+,ARA (state-subsidised),index_qoq_pct,0.5
2026Q1,049-3,Espoo-Kauniainen 3,Two-bedroom+,ARA (state-subsidised),index_yoy_pct,2.9
2026Q1,049-3,Espoo-Kauniainen 3,Two-bedroom+,ARA (state-subsidised),rent_eur_m2,13.71
2026Q1,049-3,Espoo-Kauniainen 3,Two-bedroom+,ARA (state-subsidised),n_rent,926.0
2026Q1,049-3,Espoo-Kauniainen 3,Two-bedroom+,ARA (state-subsidised),rent_new_eur_m2,
2026Q1,049-3,Espoo-Kauniainen 3,Two-bedroom+,ARA (state-subsidised),n_rent_new,
2026Q2,049-3,Espoo-Kauniainen 3,Two-bedroom+,ARA (state-subsidised),index_2025,102.1
2026Q2,049-3,Espoo-Kauniainen 3,Two-bedroom+,ARA (state-subsidised),index_qoq_pct,0.5
2026Q2,049-3,Espoo-Kauniainen 3,Two-bedroom+,ARA (state-subsidised),index_yoy_pct,2.4
2026Q2,049-3,Espoo-Kauniainen 3,Two-bedroom+,ARA (state-subsidised),rent_eur_m2,13.78
2026Q2,049-3,Espoo-Kauniainen 3,Two-bedroom+,ARA (state-subsidised),n_rent,926.0
2026Q2,049-3,Espoo-Kauniainen 3,Two-bedroom+,ARA (state-subsidised),rent_new_eur_m2,
2026Q2,049-3,Espoo-Kauniainen 3,Two-bedroom+,ARA (state-subsidised),n_rent_new,
2025Q1,092,Vantaa,Two-bedroom+,ARA (state-subsidised),index_2025,99.4
2025Q1,092,Vantaa,Two-bedroom+,ARA (state-subsidised),index_qoq_pct,
2025Q1,092,Vantaa,Two-bedroom+,ARA (state-subsidised),index_yoy_pct,
2025Q1,092,Vantaa,Two-bedroom+,ARA (state-subsidised),rent_eur_m2,13.15
2025Q1,092,Vantaa,Two-bedroom+,ARA (state-subsidised),n_rent,1928.0
2025Q1,092,Vantaa,Two-bedroom+,ARA (state-subsidised),rent_new_eur_m2,
2025Q1,092,Vantaa,Two-bedroom+,ARA (state-subsidised),n_rent_new,
2025Q2,092,Vantaa,Two-bedroom+,ARA (state-subsidised),index_2025,99.9
2025Q2,092,Vantaa,Two-bedroom+,ARA (state-subsidised),index_qoq_pct,0.5
2025Q2,092,Vantaa,Two-bedroom+,ARA (state-subsidised),index_yoy_pct,
2025Q2,092,Vantaa,Two-bedroom+,ARA (state-subsidised),rent_eur_m2,13.23
2025Q2,092,Vantaa,Two-bedroom+,ARA (state-subsidised),n_rent,1899.0
2025Q2,092,Vantaa,Two-bedroom+,ARA (state-subsidised),rent_new_eur_m2,
2025Q2,092,Vantaa,Two-bedroom+,ARA (state-subsidised),n_rent_new,
2025Q3,092,Vantaa,Two-bedroom+,ARA (state-subsidised),index_2025,100.2
2025Q3,092,Vantaa,Two-bedroom+,ARA (state-subsidised),index_qoq_pct,0.3
2025Q3,092,Vantaa,Two-bedroom+,ARA (state-subsidised),index_yoy_pct,
2025Q3,092,Vantaa,Two-bedroom+,ARA (state-subsidised),rent_eur_m2,13.26
2025Q3,092,Vantaa,Two-bedroom+,ARA (state-subsidised),n_rent,1864.0
2025Q3,092,Vantaa,Two-bedroom+,ARA (state-subsidised),rent_new_eur_m2,
2025Q3,092,Vantaa,Two-bedroom+,ARA (state-subsidised),n_rent_new,
2025Q4,092,Vantaa,Two-bedroom+,ARA (state-subsidised),index_2025,100.5
2025Q4,092,Vantaa,Two-bedroom+,ARA (state-subsidised),index_qoq_pct,0.3
2025Q4,092,Vantaa,Two-bedroom+,ARA (state-subsidised),index_yoy_pct,
2025Q4,092,Vantaa,Two-bedroom+,ARA (state-subsidised),rent_eur_m2,13.3
2025Q4,092,Vantaa,Two-bedroom+,ARA (state-subsidised),n_rent,1865.0
2025Q4,092,Vantaa,Two-bedroom+,ARA (state-subsidised),rent_new_eur_m2,
2025Q4,092,Vantaa,Two-bedroom+,ARA (state-subsidised),n_rent_new,
2026Q1,092,Vantaa,Two-bedroom+,ARA (state-subsidised),index_2025,100.7
2026Q1,092,Vantaa,Two-bedroom+,ARA (state-subsidised),index_qoq_pct,0.3
2026Q1,092,Vantaa,Two-bedroom+,ARA (state-subsidised),index_yoy_pct,1.3
2026Q1,092,Vantaa,Two-bedroom+,ARA (state-subsidised),rent_eur_m2,13.3
2026Q1,092,Vantaa,Two-bedroom+,ARA (state-subsidised),n_rent,1821.0
2026Q1,092,Vantaa,Two-bedroom+,ARA (state-subsidised),rent_new_eur_m2,
2026Q1,092,Vantaa,Two-bedroom+,ARA (state-subsidised),n_rent_new,
2026Q2,092,Vantaa,Two-bedroom+,ARA (state-subsidised),index_2025,101.1
2026Q2,092,Vantaa,Two-bedroom+,ARA (state-subsidised),index_qoq_pct,0.3
2026Q2,092,Vantaa,Two-bedroom+,ARA (state-subsidised),index_yoy_pct,1.2
2026Q2,092,Vantaa,Two-bedroom+,ARA (state-subsidised),rent_eur_m2,13.39
2026Q2,092,Vantaa,Two-bedroom+,ARA (state-subsidised),n_rent,1836.0
2026Q2,092,Vantaa,Two-bedroom+,ARA (state-subsidised),rent_new_eur_m2,
2026Q2,092,Vantaa,Two-bedroom+,ARA (state-subsidised),n_rent_new,
2025Q1,092-1,Vantaa 1,Two-bedroom+,ARA (state-subsidised),index_2025,99.5
2025Q1,092-1,Vantaa 1,Two-bedroom+,ARA (state-subsidised),index_qoq_pct,
2025Q1,092-1,Vantaa 1,Two-bedroom+,ARA (state-subsidised),index_yoy_pct,
2025Q1,092-1,Vantaa 1,Two-bedroom+,ARA (state-subsidised),rent_eur_m2,14.42
2025Q1,092-1,Vantaa 1,Two-bedroom+,ARA (state-subsidised),n_rent,393.0
2025Q1,092-1,Vantaa 1,Two-bedroom+,ARA (state-subsidised),rent_new_eur_m2,
2025Q1,092-1,Vantaa 1,Two-bedroom+,ARA (state-subsidised),n_rent_new,
2025Q2,092-1,Vantaa 1,Two-bedroom+,ARA (state-subsidised),index_2025,99.9
2025Q2,092-1,Vantaa 1,Two-bedroom+,ARA (state-subsidised),index_qoq_pct,0.4
2025Q2,092-1,Vantaa 1,Two-bedroom+,ARA (state-subsidised),index_yoy_pct,
2025Q2,092-1,Vantaa 1,Two-bedroom+,ARA (state-subsidised),rent_eur_m2,14.48
2025Q2,092-1,Vantaa 1,Two-bedroom+,ARA (state-subsidised),n_rent,399.0
2025Q2,092-1,Vantaa 1,Two-bedroom+,ARA (state-subsidised),rent_new_eur_m2,
2025Q2,092-1,Vantaa 1,Two-bedroom+,ARA (state-subsidised),n_rent_new,
2025Q3,092-1,Vantaa 1,Two-bedroom+,ARA (state-subsidised),index_2025,100.2
2025Q3,092-1,Vantaa 1,Two-bedroom+,ARA (state-subsidised),index_qoq_pct,0.3
2025Q3,092-1,Vantaa 1,Two-bedroom+,ARA (state-subsidised),index_yoy_pct,
2025Q3,092-1,Vantaa 1,Two-bedroom+,ARA (state-subsidised),rent_eur_m2,14.44
2025Q3,092-1,Vantaa 1,Two-bedroom+,ARA (state-subsidised),n_rent,389.0
2025Q3,092-1,Vantaa 1,Two-bedroom+,ARA (state-subsidised),rent_new_eur_m2,
2025Q3,092-1,Vantaa 1,Two-bedroom+,ARA (state-subsidised),n_rent_new,
2025Q4,092-1,Vantaa 1,Two-bedroom+,ARA (state-subsidised),index_2025,100.4
2025Q4,092-1,Vantaa 1,Two-bedroom+,ARA (state-subsidised),index_qoq_pct,0.2
2025Q4,092-1,Vantaa 1,Two-bedroom+,ARA (state-subsidised),index_yoy_pct,
2025Q4,092-1,Vantaa 1,Two-bedroom+,ARA (state-subsidised),rent_eur_m2,14.48
2025Q4,092-1,Vantaa 1,Two-bedroom+,ARA (state-subsidised),n_rent,400.0
2025Q4,092-1,Vantaa 1,Two-bedroom+,ARA (state-subsidised),rent_new_eur_m2,
2025Q4,092-1,Vantaa 1,Two-bedroom+,ARA (state-subsidised),n_rent_new,
2026Q1,092-1,Vantaa 1,Two-bedroom+,ARA (state-subsidised),index_2025,100.6
2026Q1,092-1,Vantaa 1,Two-bedroom+,ARA (state-subsidised),index_qoq_pct,0.3
2026Q1,092-1,Vantaa 1,Two-bedroom+,ARA (state-subsidised),index_yoy_pct,1.2
2026Q1,092-1,Vantaa 1,Two-bedroom+,ARA (state-subsidised),rent_eur_m2,14.52
2026Q1,092-1,Vantaa 1,Two-bedroom+,ARA (state-subsidised),n_rent,386.0
2026Q1,092-1,Vantaa 1,Two-bedroom+,ARA (state-subsidised),rent_new_eur_m2,
2026Q1,092-1,Vantaa 1,Two-bedroom+,ARA (state-subsidised),n_rent_new,
2026Q2,092-1,Vantaa 1,Two-bedroom+,ARA (state-subsidised),index_2025,101.2
2026Q2,092-1,Vantaa 1,Two-bedroom+,ARA (state-subsidised),index_qoq_pct,0.5
2026Q2,092-1,Vantaa 1,Two-bedroom+,ARA (state-subsidised),index_yoy_pct,1.2
2026Q2,092-1,Vantaa 1,Two-bedroom+,ARA (state-subsidised),rent_eur_m2,14.64
2026Q2,092-1,Vantaa 1,Two-bedroom+,ARA (state-subsidised),n_rent,396.0
2026Q2,092-1,Vantaa 1,Two-bedroom+,ARA (state-subsidised),rent_new_eur_m2,
2026Q2,092-1,Vantaa 1,Two-bedroom+,ARA (state-subsidised),n_rent_new,
2025Q1,092-2,Vantaa 2,Two-bedroom+,ARA (state-subsidised),index_2025,99.3
2025Q1,092-2,Vantaa 2,Two-bedroom+,ARA (state-subsidised),index_qoq_pct,
2025Q1,092-2,Vantaa 2,Two-bedroom+,ARA (state-subsidised),index_yoy_pct,
2025Q1,092-2,Vantaa 2,Two-bedroom+,ARA (state-subsidised),rent_eur_m2,13.02
2025Q1,092-2,Vantaa 2,Two-bedroom+,ARA (state-subsidised),n_rent,460.0
2025Q1,092-2,Vantaa 2,Two-bedroom+,ARA (state-subsidised),rent_new_eur_m2,
2025Q1,092-2,Vantaa 2,Two-bedroom+,ARA (state-subsidised),n_rent_new,
2025Q2,092-2,Vantaa 2,Two-bedroom+,ARA (state-subsidised),index_2025,99.9
2025Q2,092-2,Vantaa 2,Two-bedroom+,ARA (state-subsidised),index_qoq_pct,0.5
2025Q2,092-2,Vantaa 2,Two-bedroom+,ARA (state-subsidised),index_yoy_pct,
2025Q2,092-2,Vantaa 2,Two-bedroom+,ARA (state-subsidised),rent_eur_m2,13.11
2025Q2,092-2,Vantaa 2,Two-bedroom+,ARA (state-subsidised),n_rent,448.0
2025Q2,092-2,Vantaa 2,Two-bedroom+,ARA (state-subsidised),rent_new_eur_m2,
2025Q2,092-2,Vantaa 2,Two-bedroom+,ARA (state-subsidised),n_rent_new,
2025Q3,092-2,Vantaa 2,Two-bedroom+,ARA (state-subsidised),index_2025,100.3
2025Q3,092-2,Vantaa 2,Two-bedroom+,ARA (state-subsidised),index_qoq_pct,0.4
2025Q3,092-2,Vantaa 2,Two-bedroom+,ARA (state-subsidised),index_yoy_pct,
2025Q3,092-2,Vantaa 2,Two-bedroom+,ARA (state-subsidised),rent_eur_m2,13.17
2025Q3,092-2,Vantaa 2,Two-bedroom+,ARA (state-subsidised),n_rent,430.0
2025Q3,092-2,Vantaa 2,Two-bedroom+,ARA (state-subsidised),rent_new_eur_m2,
2025Q3,092-2,Vantaa 2,Two-bedroom+,ARA (state-subsidised),n_rent_new,
2025Q4,092-2,Vantaa 2,Two-bedroom+,ARA (state-subsidised),index_2025,100.6
2025Q4,092-2,Vantaa 2,Two-bedroom+,ARA (state-subsidised),index_qoq_pct,0.3
2025Q4,092-2,Vantaa 2,Two-bedroom+,ARA (state-subsidised),index_yoy_pct,
2025Q4,092-2,Vantaa 2,Two-bedroom+,ARA (state-subsidised),rent_eur_m2,13.24
2025Q4,092-2,Vantaa 2,Two-bedroom+,ARA (state-subsidised),n_rent,433.0
2025Q4,092-2,Vantaa 2,Two-bedroom+,ARA (state-subsidised),rent_new_eur_m2,
2025Q4,092-2,Vantaa 2,Two-bedroom+,ARA (state-subsidised),n_rent_new,
2026Q1,092-2,Vantaa 2,Two-bedroom+,ARA (state-subsidised),index_2025,100.9
2026Q1,092-2,Vantaa 2,Two-bedroom+,ARA (state-subsidised),index_qoq_pct,0.3
2026Q1,092-2,Vantaa 2,Two-bedroom+,ARA (state-subsidised),index_yoy_pct,1.6
2026Q1,092-2,Vantaa 2,Two-bedroom+,ARA (state-subsidised),rent_eur_m2,13.22
2026Q1,092-2,Vantaa 2,Two-bedroom+,ARA (state-subsidised),n_rent,438.0
2026Q1,092-2,Vantaa 2,Two-bedroom+,ARA (state-subsidised),rent_new_eur_m2,
2026Q1,092-2,Vantaa 2,Two-bedroom+,ARA (state-subsidised),n_rent_new,
2026Q2,092-2,Vantaa 2,Two-bedroom+,ARA (state-subsidised),index_2025,101.2
2026Q2,092-2,Vantaa 2,Two-bedroom+,ARA (state-subsidised),index_qoq_pct,0.3
2026Q2,092-2,Vantaa 2,Two-bedroom+,ARA (state-subsidised),index_yoy_pct,1.3
2026Q2,092-2,Vantaa 2,Two-bedroom+,ARA (state-subsidised),rent_eur_m2,13.33
2026Q2,092-2,Vantaa 2,Two-bedroom+,ARA (state-subsidised),n_rent,426.0
2026Q2,092-2,Vantaa 2,Two-bedroom+,ARA (state-subsidised),rent_new_eur_m2,
2026Q2,092-2,Vantaa 2,Two-bedroom+,ARA (state-subsidised),n_rent_new,
2025Q1,092-3,Vantaa 3,Two-bedroom+,ARA (state-subsidised),index_2025,99.4
2025Q1,092-3,Vantaa 3,Two-bedroom+,ARA (state-subsidised),index_qoq_pct,
2025Q1,092-3,Vantaa 3,Two-bedroom+,ARA (state-subsidised),index_yoy_pct,
2025Q1,092-3,Vantaa 3,Two-bedroom+,ARA (state-subsidised),rent_eur_m2,12.62
2025Q1,092-3,Vantaa 3,Two-bedroom+,ARA (state-subsidised),n_rent,1075.0
2025Q1,092-3,Vantaa 3,Two-bedroom+,ARA (state-subsidised),rent_new_eur_m2,
2025Q1,092-3,Vantaa 3,Two-bedroom+,ARA (state-subsidised),n_rent_new,
2025Q2,092-3,Vantaa 3,Two-bedroom+,ARA (state-subsidised),index_2025,99.9
2025Q2,092-3,Vantaa 3,Two-bedroom+,ARA (state-subsidised),index_qoq_pct,0.5
2025Q2,092-3,Vantaa 3,Two-bedroom+,ARA (state-subsidised),index_yoy_pct,
2025Q2,092-3,Vantaa 3,Two-bedroom+,ARA (state-subsidised),rent_eur_m2,12.68
2025Q2,092-3,Vantaa 3,Two-bedroom+,ARA (state-subsidised),n_rent,1052.0
2025Q2,092-3,Vantaa 3,Two-bedroom+,ARA (state-subsidised),rent_new_eur_m2,
2025Q2,092-3,Vantaa 3,Two-bedroom+,ARA (state-subsidised),n_rent_new,
2025Q3,092-3,Vantaa 3,Two-bedroom+,ARA (state-subsidised),index_2025,100.2
2025Q3,092-3,Vantaa 3,Two-bedroom+,ARA (state-subsidised),index_qoq_pct,0.3
2025Q3,092-3,Vantaa 3,Two-bedroom+,ARA (state-subsidised),index_yoy_pct,
2025Q3,092-3,Vantaa 3,Two-bedroom+,ARA (state-subsidised),rent_eur_m2,12.74
2025Q3,092-3,Vantaa 3,Two-bedroom+,ARA (state-subsidised),n_rent,1045.0
2025Q3,092-3,Vantaa 3,Two-bedroom+,ARA (state-subsidised),rent_new_eur_m2,
2025Q3,092-3,Vantaa 3,Two-bedroom+,ARA (state-subsidised),n_rent_new,
2025Q4,092-3,Vantaa 3,Two-bedroom+,ARA (state-subsidised),index_2025,100.5
2025Q4,092-3,Vantaa 3,Two-bedroom+,ARA (state-subsidised),index_qoq_pct,0.3
2025Q4,092-3,Vantaa 3,Two-bedroom+,ARA (state-subsidised),index_yoy_pct,
2025Q4,092-3,Vantaa 3,Two-bedroom+,ARA (state-subsidised),rent_eur_m2,12.75
2025Q4,092-3,Vantaa 3,Two-bedroom+,ARA (state-subsidised),n_rent,1032.0
2025Q4,092-3,Vantaa 3,Two-bedroom+,ARA (state-subsidised),rent_new_eur_m2,
2025Q4,092-3,Vantaa 3,Two-bedroom+,ARA (state-subsidised),n_rent_new,
2026Q1,092-3,Vantaa 3,Two-bedroom+,ARA (state-subsidised),index_2025,100.7
2026Q1,092-3,Vantaa 3,Two-bedroom+,ARA (state-subsidised),index_qoq_pct,0.3
2026Q1,092-3,Vantaa 3,Two-bedroom+,ARA (state-subsidised),index_yoy_pct,1.3
2026Q1,092-3,Vantaa 3,Two-bedroom+,ARA (state-subsidised),rent_eur_m2,12.74
2026Q1,092-3,Vantaa 3,Two-bedroom+,ARA (state-subsidised),n_rent,997.0
2026Q1,092-3,Vantaa 3,Two-bedroom+,ARA (state-subsidised),rent_new_eur_m2,
2026Q1,092-3,Vantaa 3,Two-bedroom+,ARA (state-subsidised),n_rent_new,
2026Q2,092-3,Vantaa 3,Two-bedroom+,ARA (state-subsidised),index_2025,100.9
2026Q2,092-3,Vantaa 3,Two-bedroom+,ARA (state-subsidised),index_qoq_pct,0.2
2026Q2,092-3,Vantaa 3,Two-bedroom+,ARA (state-subsidised),index_yoy_pct,1.0
2026Q2,092-3,Vantaa 3,Two-bedroom+,ARA (state-subsidised),rent_eur_m2,12.8
2026Q2,092-3,Vantaa 3,Two-bedroom+,ARA (state-subsidised),n_rent,1014.0
2026Q2,092-3,Vantaa 3,Two-bedroom+,ARA (state-subsidised),rent_new_eur_m2,
2026Q2,092-3,Vantaa 3,Two-bedroom+,ARA (state-subsidised),n_rent_new,
