area_code,area,size,quarter,index_2015,index_qoq_pct,index_yoy_pct,n_index,n_rent,n_rent_new,rent_eur_m2,rent_new_eur_m2
049,Espoo-Kauniainen,All,2015Q1,99.7,,,4931.0,4938.0,707.0,14.99,16.26
049,Espoo-Kauniainen,All,2015Q2,99.7,0.0,,5292.0,5301.0,765.0,15.19,16.41
049,Espoo-Kauniainen,All,2015Q3,100.2,0.5,,5617.0,5622.0,959.0,15.47,17.08
049,Espoo-Kauniainen,All,2015Q4,100.4,0.2,,6035.0,6043.0,848.0,15.42,16.84
049,Espoo-Kauniainen,All,2016Q1,101.5,1.2,1.8,5251.0,5897.0,924.0,15.71,16.93
049,Espoo-Kauniainen,All,2016Q2,101.8,0.2,2.1,5439.0,6658.0,1102.0,15.96,17.18
049,Espoo-Kauniainen,All,2016Q3,102.0,0.2,1.8,5173.0,6667.0,1159.0,16.05,17.19
049,Espoo-Kauniainen,All,2016Q4,102.0,0.0,1.6,5168.0,7235.0,1160.0,16.07,17.11
049,Espoo-Kauniainen,All,2017Q1,102.5,0.5,1.0,6666.0,7319.0,1165.0,16.28,17.39
049,Espoo-Kauniainen,All,2017Q2,102.8,0.2,0.9,6478.0,7608.0,1327.0,16.36,17.13
049,Espoo-Kauniainen,All,2017Q3,102.6,-0.1,0.6,6139.0,7623.0,1483.0,16.88,17.25
049,Espoo-Kauniainen,All,2017Q4,102.9,0.3,0.9,6123.0,8174.0,1618.0,16.94,17.44
049,Espoo-Kauniainen,All,2018Q1,103.5,0.6,0.9,7910.0,8472.0,1437.0,16.56,17.11
049,Espoo-Kauniainen,All,2018Q2,103.6,0.0,0.8,7535.0,8237.0,1209.0,16.64,16.95
049,Espoo-Kauniainen,All,2018Q3,103.6,0.1,1.0,7145.0,8121.0,1433.0,16.78,17.76
049,Espoo-Kauniainen,All,2018Q4,103.9,0.3,1.0,7123.0,8329.0,1692.0,17.27,18.49
049,Espoo-Kauniainen,All,2019Q1,104.5,0.5,0.9,8248.0,8736.0,1529.0,17.01,18.28
049,Espoo-Kauniainen,All,2019Q2,105.1,0.6,1.5,8014.0,8695.0,1261.0,17.15,18.3
049,Espoo-Kauniainen,All,2019Q3,105.4,0.4,1.7,7774.0,8698.0,1438.0,17.26,18.62
049,Espoo-Kauniainen,All,2019Q4,105.8,0.4,1.8,7651.0,8745.0,1511.0,17.78,19.01
049,Espoo-Kauniainen,All,2020Q1,106.4,0.5,1.8,8308.0,8836.0,1178.0,18.06,19.21
049,Espoo-Kauniainen,All,2020Q2,106.9,0.5,1.7,8153.0,9378.0,1383.0,18.11,19.1
049,Espoo-Kauniainen,All,2020Q3,107.2,0.3,1.7,7992.0,9383.0,1584.0,18.2,19.16
049,Espoo-Kauniainen,All,2020Q4,107.4,0.1,1.4,7933.0,9611.0,1795.0,18.28,19.27
049,Espoo-Kauniainen,All,2021Q1,107.4,0.1,0.9,9044.0,9849.0,1735.0,18.25,19.19
049,Espoo-Kauniainen,All,2021Q2,108.0,0.5,1.0,8758.0,9845.0,1659.0,18.39,19.21
049,Espoo-Kauniainen,All,2021Q3,108.2,0.1,0.9,8481.0,9769.0,1923.0,18.52,19.33
049,Espoo-Kauniainen,All,2021Q4,107.9,-0.2,0.5,8409.0,10126.0,2074.0,18.59,19.36
049,Espoo-Kauniainen,All,2022Q1,107.7,-0.2,0.3,9699.0,10753.0,1918.0,18.68,19.35
049,Espoo-Kauniainen,All,2022Q2,108.5,0.8,0.5,9146.0,10628.0,1891.0,18.92,19.91
049,Espoo-Kauniainen,All,2022Q3,108.7,0.1,0.5,8901.0,10583.0,2062.0,19.04,20.04
049,Espoo-Kauniainen,All,2022Q4,109.0,0.3,1.0,8796.0,10687.0,1954.0,19.18,20.0
049,Espoo-Kauniainen,All,2023Q1,108.8,-0.2,1.0,10321.0,10747.0,1744.0,19.14,19.4
049,Espoo-Kauniainen,All,2023Q2,108.9,0.1,0.4,10062.0,10802.0,1943.0,19.21,19.43
049,Espoo-Kauniainen,All,2023Q3,108.9,0.0,0.2,9866.0,11077.0,2358.0,19.3,19.8
049,Espoo-Kauniainen,All,2023Q4,109.0,0.0,0.0,9750.0,11367.0,2368.0,19.26,19.46
049,Espoo-Kauniainen,All,2024Q1,109.1,0.2,0.3,11042.0,11462.0,1980.0,19.37,19.33
049,Espoo-Kauniainen,All,2024Q2,109.5,0.3,0.5,10771.0,11836.0,2031.0,19.43,19.6
049,Espoo-Kauniainen,All,2024Q3,109.7,0.2,0.7,10182.0,11390.0,2049.0,19.57,19.78
049,Espoo-Kauniainen,All,2024Q4,109.5,-0.1,0.5,10082.0,11593.0,2136.0,19.53,19.67
049,Espoo-Kauniainen,All,2025Q1,109.3,-0.2,0.2,11231.0,11606.0,1977.0,19.51,19.32
049,Espoo-Kauniainen,All,2025Q2,109.1,-0.2,-0.4,10904.0,11423.0,1948.0,19.51,19.11
049,Espoo-Kauniainen,All,2025Q3,109.0,-0.1,-0.6,10408.0,15702.0,2409.0,19.67,19.26
049,Espoo-Kauniainen,All,2025Q4,108.3,-0.7,-1.2,10461.0,11487.0,1824.0,19.14,19.33
049,Espoo-Kauniainen,One-bedroom,2015Q1,99.9,,,2225.0,2226.0,340.0,14.63,16.66
049,Espoo-Kauniainen,One-bedroom,2015Q2,99.7,-0.2,,2362.0,2368.0,365.0,14.79,17.25
049,Espoo-Kauniainen,One-bedroom,2015Q3,100.1,0.5,,2520.0,2522.0,448.0,15.13,17.97
049,Espoo-Kauniainen,One-bedroom,2015Q4,100.3,0.2,,2707.0,2709.0,386.0,15.01,17.32
049,Espoo-Kauniainen,One-bedroom,2016Q1,101.7,1.4,1.9,2345.0,2621.0,422.0,15.23,17.11
049,Espoo-Kauniainen,One-bedroom,2016Q2,102.0,0.3,2.4,2437.0,2961.0,485.0,15.46,17.25
049,Espoo-Kauniainen,One-bedroom,2016Q3,102.2,0.1,2.0,2314.0,2957.0,549.0,15.69,17.45
049,Espoo-Kauniainen,One-bedroom,2016Q4,102.1,-0.1,1.7,2305.0,3265.0,568.0,15.68,17.25
049,Espoo-Kauniainen,One-bedroom,2017Q1,102.5,0.4,0.7,3028.0,3346.0,568.0,15.93,17.32
049,Espoo-Kauniainen,One-bedroom,2017Q2,102.5,0.0,0.4,2912.0,3444.0,634.0,16.07,17.28
049,Espoo-Kauniainen,One-bedroom,2017Q3,102.5,0.0,0.3,2742.0,3438.0,676.0,16.8,17.15
049,Espoo-Kauniainen,One-bedroom,2017Q4,102.7,0.2,0.6,2715.0,3680.0,733.0,16.88,17.32
049,Espoo-Kauniainen,One-bedroom,2018Q1,103.2,0.6,0.7,3602.0,3836.0,682.0,16.54,17.48
049,Espoo-Kauniainen,One-bedroom,2018Q2,103.3,0.1,0.8,3440.0,3748.0,566.0,16.55,17.28
049,Espoo-Kauniainen,One-bedroom,2018Q3,103.4,0.1,0.9,3288.0,3696.0,644.0,16.74,17.73
049,Espoo-Kauniainen,One-bedroom,2018Q4,103.7,0.3,1.0,3260.0,3736.0,731.0,17.15,18.22
049,Espoo-Kauniainen,One-bedroom,2019Q1,104.2,0.5,1.0,3684.0,3840.0,655.0,16.87,18.1
049,Espoo-Kauniainen,One-bedroom,2019Q2,104.8,0.5,1.5,3583.0,3805.0,544.0,17.04,18.22
049,Espoo-Kauniainen,One-bedroom,2019Q3,105.1,0.3,1.7,3491.0,3835.0,666.0,17.14,18.47
049,Espoo-Kauniainen,One-bedroom,2019Q4,105.6,0.4,1.8,3422.0,3864.0,695.0,17.62,18.77
049,Espoo-Kauniainen,One-bedroom,2020Q1,106.1,0.5,1.8,3679.0,3890.0,533.0,17.92,18.78
049,Espoo-Kauniainen,One-bedroom,2020Q2,106.6,0.4,1.7,3610.0,4130.0,587.0,17.96,18.55
049,Espoo-Kauniainen,One-bedroom,2020Q3,106.8,0.2,1.6,3537.0,4131.0,652.0,18.06,18.7
049,Espoo-Kauniainen,One-bedroom,2020Q4,106.8,0.0,1.2,3502.0,4275.0,850.0,18.14,18.82
049,Espoo-Kauniainen,One-bedroom,2021Q1,106.9,0.1,0.7,4028.0,4345.0,808.0,18.06,18.72
049,Espoo-Kauniainen,One-bedroom,2021Q2,107.3,0.4,0.7,3911.0,4313.0,745.0,18.16,18.63
049,Espoo-Kauniainen,One-bedroom,2021Q3,107.4,0.1,0.6,3826.0,4309.0,850.0,18.28,18.8
049,Espoo-Kauniainen,One-bedroom,2021Q4,107.2,-0.2,0.4,3790.0,4409.0,888.0,18.28,18.8
049,Espoo-Kauniainen,One-bedroom,2022Q1,107.0,-0.2,0.1,4224.0,4583.0,768.0,18.3,18.81
049,Espoo-Kauniainen,One-bedroom,2022Q2,107.6,0.6,0.3,4002.0,4488.0,730.0,18.47,19.4
049,Espoo-Kauniainen,One-bedroom,2022Q3,107.8,0.2,0.3,3891.0,4450.0,813.0,18.6,19.4
049,Espoo-Kauniainen,One-bedroom,2022Q4,108.0,0.2,0.7,3856.0,4517.0,817.0,18.72,19.31
049,Espoo-Kauniainen,One-bedroom,2023Q1,107.8,-0.2,0.7,4411.0,4570.0,736.0,18.64,18.7
049,Espoo-Kauniainen,One-bedroom,2023Q2,107.9,0.1,0.3,4295.0,4562.0,786.0,18.71,18.68
049,Espoo-Kauniainen,One-bedroom,2023Q3,107.7,-0.1,0.0,4202.0,4638.0,940.0,18.77,18.87
049,Espoo-Kauniainen,One-bedroom,2023Q4,107.7,-0.1,-0.3,4195.0,4773.0,970.0,18.71,18.57
049,Espoo-Kauniainen,One-bedroom,2024Q1,107.7,0.1,0.0,4626.0,4770.0,821.0,18.77,18.41
049,Espoo-Kauniainen,One-bedroom,2024Q2,108.0,0.2,0.1,4516.0,4923.0,800.0,18.81,18.97
049,Espoo-Kauniainen,One-bedroom,2024Q3,108.0,0.1,0.3,4293.0,4741.0,787.0,18.91,18.96
049,Espoo-Kauniainen,One-bedroom,2024Q4,107.8,-0.2,0.2,4231.0,4802.0,822.0,18.89,18.71
049,Espoo-Kauniainen,One-bedroom,2025Q1,107.6,-0.2,-0.1,4671.0,4820.0,820.0,18.87,18.47
049,Espoo-Kauniainen,One-bedroom,2025Q2,107.4,-0.2,-0.6,4547.0,4733.0,792.0,18.88,18.43
049,Espoo-Kauniainen,One-bedroom,2025Q3,107.3,-0.1,-0.7,4405.0,6647.0,1014.0,19.05,18.59
049,Espoo-Kauniainen,One-bedroom,2025Q4,106.1,-1.1,-1.6,4380.0,4761.0,732.0,18.42,18.49
049,Espoo-Kauniainen,Studio,2015Q1,99.3,,,1360.0,1364.0,195.0,19.39,19.07
049,Espoo-Kauniainen,Studio,2015Q2,99.9,0.5,,1487.0,1488.0,182.0,19.59,20.74
049,Espoo-Kauniainen,Studio,2015Q3,100.3,0.4,,1597.0,1598.0,231.0,19.92,21.14
049,Espoo-Kauniainen,Studio,2015Q4,100.5,0.2,,1758.0,1762.0,216.0,20.05,20.96
049,Espoo-Kauniainen,Studio,2016Q1,102.0,1.4,2.7,1521.0,1756.0,228.0,20.41,21.08
049,Espoo-Kauniainen,Studio,2016Q2,102.4,0.4,2.5,1524.0,1946.0,292.0,20.59,21.56
049,Espoo-Kauniainen,Studio,2016Q3,102.7,0.3,2.4,1416.0,1941.0,279.0,20.67,21.71
049,Espoo-Kauniainen,Studio,2016Q4,102.7,0.0,2.2,1413.0,2053.0,262.0,20.77,21.56
049,Espoo-Kauniainen,Studio,2017Q1,103.5,0.7,1.5,1819.0,2044.0,294.0,20.85,21.44
049,Espoo-Kauniainen,Studio,2017Q2,103.7,0.3,1.3,1772.0,2112.0,321.0,20.96,21.47
049,Espoo-Kauniainen,Studio,2017Q3,103.8,0.0,1.0,1650.0,2147.0,411.0,21.07,21.62
049,Espoo-Kauniainen,Studio,2017Q4,104.0,0.2,1.2,1659.0,2365.0,503.0,21.17,21.73
049,Espoo-Kauniainen,Studio,2018Q1,104.7,0.7,1.2,2197.0,2409.0,376.0,20.97,21.9
049,Espoo-Kauniainen,Studio,2018Q2,104.9,0.1,1.1,2041.0,2318.0,267.0,20.98,21.56
049,Espoo-Kauniainen,Studio,2018Q3,105.0,0.2,1.2,1846.0,2230.0,362.0,21.12,22.41
049,Espoo-Kauniainen,Studio,2018Q4,105.3,0.2,1.3,1866.0,2338.0,508.0,21.44,22.62
049,Espoo-Kauniainen,Studio,2019Q1,106.0,0.7,1.3,2290.0,2582.0,470.0,21.63,22.99
049,Espoo-Kauniainen,Studio,2019Q2,106.5,0.4,1.5,2192.0,2586.0,420.0,21.69,22.93
049,Espoo-Kauniainen,Studio,2019Q3,107.0,0.5,1.9,2065.0,2533.0,422.0,21.8,23.17
049,Espoo-Kauniainen,Studio,2019Q4,107.4,0.4,2.0,2050.0,2569.0,465.0,22.11,23.21
049,Espoo-Kauniainen,Studio,2020Q1,108.2,0.7,2.0,2373.0,2623.0,375.0,22.48,23.52
049,Espoo-Kauniainen,Studio,2020Q2,108.8,0.6,2.1,2301.0,2797.0,428.0,22.67,23.96
049,Espoo-Kauniainen,Studio,2020Q3,109.1,0.3,2.0,2226.0,2799.0,483.0,22.72,23.98
049,Espoo-Kauniainen,Studio,2020Q4,109.3,0.1,1.7,2216.0,2844.0,521.0,22.83,23.72
049,Espoo-Kauniainen,Studio,2021Q1,109.5,0.2,1.3,2579.0,2981.0,533.0,23.1,24.07
049,Espoo-Kauniainen,Studio,2021Q2,110.1,0.5,1.2,2444.0,3009.0,517.0,23.2,23.86
049,Espoo-Kauniainen,Studio,2021Q3,110.1,0.1,0.9,2344.0,2977.0,608.0,23.31,23.93
049,Espoo-Kauniainen,Studio,2021Q4,110.0,-0.1,0.7,2331.0,3160.0,668.0,23.38,23.94
049,Espoo-Kauniainen,Studio,2022Q1,109.9,-0.1,0.3,2962.0,3530.0,616.0,23.4,23.99
049,Espoo-Kauniainen,Studio,2022Q2,110.4,0.4,0.3,2688.0,3441.0,633.0,23.63,24.52
049,Espoo-Kauniainen,Studio,2022Q3,110.3,-0.1,0.2,2579.0,3421.0,687.0,23.67,24.5
049,Espoo-Kauniainen,Studio,2022Q4,110.4,0.1,0.3,2561.0,3482.0,653.0,23.68,24.41
049,Espoo-Kauniainen,Studio,2023Q1,110.6,0.2,0.6,3271.0,3459.0,543.0,23.84,24.11
049,Espoo-Kauniainen,Studio,2023Q2,110.6,0.0,0.2,3151.0,3502.0,645.0,23.84,23.83
049,Espoo-Kauniainen,Studio,2023Q3,110.5,-0.1,0.2,3082.0,3623.0,809.0,23.84,24.09
049,Espoo-Kauniainen,Studio,2023Q4,110.4,-0.1,0.0,2985.0,3709.0,815.0,23.85,23.73
049,Espoo-Kauniainen,Studio,2024Q1,110.4,0.1,-0.1,3565.0,3796.0,681.0,23.93,23.71
049,Espoo-Kauniainen,Studio,2024Q2,110.8,0.3,0.2,3418.0,3874.0,696.0,24.03,24.06
049,Espoo-Kauniainen,Studio,2024Q3,110.8,0.0,0.3,3237.0,3781.0,735.0,24.03,24.06
049,Espoo-Kauniainen,Studio,2024Q4,110.6,-0.2,0.2,3224.0,3866.0,825.0,23.97,23.66
049,Espoo-Kauniainen,Studio,2025Q1,110.4,-0.2,-0.1,3695.0,3871.0,672.0,23.95,23.43
049,Espoo-Kauniainen,Studio,2025Q2,110.1,-0.2,-0.6,3518.0,3778.0,626.0,23.91,23.38
049,Espoo-Kauniainen,Studio,2025Q3,110.0,-0.1,-0.8,3233.0,4787.0,729.0,24.17,23.97
049,Espoo-Kauniainen,Studio,2025Q4,109.7,-0.3,-0.8,3327.0,3770.0,592.0,23.83,23.99
049,Espoo-Kauniainen,Two-bedroom+,2015Q1,99.8,,,1346.0,1348.0,172.0,13.52,14.67
049,Espoo-Kauniainen,Two-bedroom+,2015Q2,99.7,-0.1,,1443.0,1445.0,218.0,13.77,14.37
049,Espoo-Kauniainen,Two-bedroom+,2015Q3,100.2,0.5,,1500.0,1502.0,280.0,13.95,14.93
049,Espoo-Kauniainen,Two-bedroom+,2015Q4,100.3,0.1,,1570.0,1572.0,246.0,13.87,15.0
049,Espoo-Kauniainen,Two-bedroom+,2016Q1,101.1,0.8,1.2,1385.0,1520.0,274.0,14.1,15.21
049,Espoo-Kauniainen,Two-bedroom+,2016Q2,101.2,0.1,1.5,1478.0,1751.0,325.0,14.43,15.45
049,Espoo-Kauniainen,Two-bedroom+,2016Q3,101.4,0.3,1.2,1443.0,1769.0,331.0,14.37,15.43
049,Espoo-Kauniainen,Two-bedroom+,2016Q4,101.4,0.0,1.2,1450.0,1917.0,330.0,14.45,15.53
049,Espoo-Kauniainen,Two-bedroom+,2017Q1,102.1,0.6,1.0,1819.0,1929.0,303.0,14.74,15.85
049,Espoo-Kauniainen,Two-bedroom+,2017Q2,102.5,0.4,1.3,1794.0,2052.0,372.0,14.78,15.5
049,Espoo-Kauniainen,Two-bedroom+,2017Q3,102.2,-0.3,0.7,1747.0,2038.0,396.0,15.14,15.46
049,Espoo-Kauniainen,Two-bedroom+,2017Q4,102.6,0.4,1.2,1749.0,2129.0,382.0,15.09,15.28
049,Espoo-Kauniainen,Two-bedroom+,2018Q1,103.2,0.5,1.0,2111.0,2227.0,379.0,14.72,14.62
049,Espoo-Kauniainen,Two-bedroom+,2018Q2,103.1,0.0,0.6,2054.0,2171.0,376.0,14.82,14.94
049,Espoo-Kauniainen,Two-bedroom+,2018Q3,103.1,0.0,0.9,2011.0,2195.0,427.0,14.96,15.81
049,Espoo-Kauniainen,Two-bedroom+,2018Q4,103.4,0.3,0.7,1997.0,2255.0,453.0,15.49,16.46
049,Espoo-Kauniainen,Two-bedroom+,2019Q1,103.9,0.5,0.7,2274.0,2314.0,404.0,15.03,15.84
049,Espoo-Kauniainen,Two-bedroom+,2019Q2,104.5,0.7,1.4,2239.0,2304.0,297.0,15.14,15.65
049,Espoo-Kauniainen,Two-bedroom+,2019Q3,104.9,0.3,1.7,2218.0,2330.0,350.0,15.35,16.44
049,Espoo-Kauniainen,Two-bedroom+,2019Q4,105.2,0.3,1.7,2179.0,2312.0,351.0,15.87,16.7
049,Espoo-Kauniainen,Two-bedroom+,2020Q1,105.7,0.5,1.8,2256.0,2323.0,270.0,16.07,16.94
049,Espoo-Kauniainen,Two-bedroom+,2020Q2,106.2,0.4,1.5,2242.0,2451.0,368.0,16.07,17.01
049,Espoo-Kauniainen,Two-bedroom+,2020Q3,106.6,0.4,1.7,2229.0,2453.0,449.0,16.16,17.1
049,Espoo-Kauniainen,Two-bedroom+,2020Q4,106.9,0.3,1.6,2215.0,2492.0,424.0,16.22,17.23
049,Espoo-Kauniainen,Two-bedroom+,2021Q1,106.8,-0.1,1.1,2437.0,2523.0,394.0,16.15,16.71
049,Espoo-Kauniainen,Two-bedroom+,2021Q2,107.7,0.8,1.4,2403.0,2523.0,397.0,16.3,17.1
049,Espoo-Kauniainen,Two-bedroom+,2021Q3,108.0,0.3,1.3,2311.0,2483.0,465.0,16.41,17.16
049,Espoo-Kauniainen,Two-bedroom+,2021Q4,107.5,-0.4,0.6,2288.0,2557.0,518.0,16.49,17.29
049,Espoo-Kauniainen,Two-bedroom+,2022Q1,107.2,-0.3,0.4,2513.0,2640.0,534.0,16.58,17.44
049,Espoo-Kauniainen,Two-bedroom+,2022Q2,108.6,1.3,0.9,2456.0,2699.0,528.0,16.94,17.82
049,Espoo-Kauniainen,Two-bedroom+,2022Q3,108.8,0.2,0.8,2431.0,2712.0,562.0,17.05,18.1
049,Espoo-Kauniainen,Two-bedroom+,2022Q4,109.5,0.6,1.8,2379.0,2688.0,484.0,17.23,18.09
049,Espoo-Kauniainen,Two-bedroom+,2023Q1,109.0,-0.5,1.6,2639.0,2718.0,465.0,17.2,17.7
049,Espoo-Kauniainen,Two-bedroom+,2023Q2,109.3,0.3,0.6,2616.0,2738.0,512.0,17.28,17.58
049,Espoo-Kauniainen,Two-bedroom+,2023Q3,109.6,0.3,0.7,2582.0,2816.0,609.0,17.39,17.98
049,Espoo-Kauniainen,Two-bedroom+,2023Q4,109.9,0.2,0.3,2570.0,2885.0,583.0,17.39,17.82
049,Espoo-Kauniainen,Two-bedroom+,2024Q1,110.2,0.3,1.1,2851.0,2896.0,478.0,17.53,17.59
049,Espoo-Kauniainen,Two-bedroom+,2024Q2,110.7,0.5,1.4,2837.0,3039.0,535.0,17.59,17.61
049,Espoo-Kauniainen,Two-bedroom+,2024Q3,111.2,0.4,1.5,2652.0,2868.0,527.0,17.76,17.82
049,Espoo-Kauniainen,Two-bedroom+,2024Q4,111.2,0.0,1.2,2627.0,2925.0,489.0,17.72,17.67
049,Espoo-Kauniainen,Two-bedroom+,2025Q1,111.0,-0.2,0.7,2865.0,2915.0,485.0,17.66,17.54
049,Espoo-Kauniainen,Two-bedroom+,2025Q2,110.8,-0.2,0.0,2839.0,2912.0,530.0,17.68,17.39
049,Espoo-Kauniainen,Two-bedroom+,2025Q3,110.8,0.0,-0.4,2770.0,4268.0,666.0,17.91,17.4
049,Espoo-Kauniainen,Two-bedroom+,2025Q4,110.3,-0.4,-0.8,2754.0,2956.0,500.0,17.3,17.37
091,Helsinki,All,2015Q1,99.7,,,17493.0,17557.0,1704.0,17.55,20.28
091,Helsinki,All,2015Q2,99.9,0.2,,18060.0,18089.0,2029.0,17.71,20.33
091,Helsinki,All,2015Q3,100.1,0.2,,18586.0,18629.0,2151.0,17.83,20.26
091,Helsinki,All,2015Q4,100.3,0.3,,19911.0,20001.0,2333.0,17.83,20.56
091,Helsinki,All,2016Q1,101.3,1.0,1.6,16985.0,20298.0,2866.0,18.16,20.7
091,Helsinki,All,2016Q2,101.8,0.4,1.9,16435.0,21380.0,2808.0,18.4,20.6
091,Helsinki,All,2016Q3,102.1,0.4,2.1,15262.0,21492.0,2736.0,18.54,20.75
091,Helsinki,All,2016Q4,102.3,0.2,2.0,15052.0,23010.0,3091.0,18.49,20.72
091,Helsinki,All,2017Q1,102.9,0.6,1.6,20460.0,23058.0,3012.0,18.84,20.92
091,Helsinki,All,2017Q2,103.0,0.1,1.2,19341.0,23994.0,3342.0,18.91,20.69
091,Helsinki,All,2017Q3,103.2,0.2,1.0,16924.0,23457.0,4174.0,19.91,20.72
091,Helsinki,All,2017Q4,103.4,0.3,1.1,16821.0,25190.0,4769.0,20.19,21.26
091,Helsinki,All,2018Q1,104.2,0.8,1.3,23939.0,26721.0,4177.0,19.82,21.41
091,Helsinki,All,2018Q2,104.4,0.2,1.4,22295.0,26106.0,3941.0,19.86,21.67
091,Helsinki,All,2018Q3,104.6,0.2,1.4,20294.0,24766.0,3878.0,19.91,21.55
091,Helsinki,All,2018Q4,104.8,0.2,1.3,20278.0,25049.0,4023.0,20.37,21.68
091,Helsinki,All,2019Q1,105.3,0.5,1.0,24355.0,26319.0,3588.0,20.21,21.97
091,Helsinki,All,2019Q2,105.9,0.6,1.5,23059.0,26167.0,3442.0,20.35,22.24
091,Helsinki,All,2019Q3,106.3,0.3,1.6,21562.0,25565.0,3786.0,20.49,22.14
091,Helsinki,All,2019Q4,106.8,0.5,1.9,21002.0,26111.0,4367.0,21.05,22.73
091,Helsinki,All,2020Q1,107.3,0.4,1.8,23948.0,26603.0,3958.0,21.15,22.67
091,Helsinki,All,2020Q2,107.7,0.4,1.7,23284.0,29663.0,4487.0,21.32,22.8
091,Helsinki,All,2020Q3,107.8,0.1,1.4,22245.0,30234.0,5421.0,21.37,22.79
091,Helsinki,All,2020Q4,108.1,0.2,1.2,21968.0,30845.0,6096.0,21.47,22.99
091,Helsinki,All,2021Q1,108.2,0.2,0.9,27711.0,31288.0,5181.0,21.34,22.41
091,Helsinki,All,2021Q2,108.6,0.4,0.9,25972.0,30829.0,5002.0,21.45,22.3
091,Helsinki,All,2021Q3,108.8,0.1,0.9,24293.0,29935.0,5731.0,21.54,22.76
091,Helsinki,All,2021Q4,108.7,-0.1,0.6,24124.0,30746.0,6229.0,21.6,22.82
091,Helsinki,All,2022Q1,108.4,-0.2,0.2,28283.0,32674.0,5167.0,21.51,22.41
091,Helsinki,All,2022Q2,108.9,0.4,0.2,25534.0,31250.0,5310.0,21.72,22.49
091,Helsinki,All,2022Q3,109.0,0.1,0.2,24046.0,30697.0,5724.0,21.9,23.36
091,Helsinki,All,2022Q4,109.4,0.4,0.6,23926.0,31578.0,6067.0,21.97,23.56
091,Helsinki,All,2023Q1,109.2,-0.1,0.8,29678.0,31599.0,4987.0,21.98,22.87
091,Helsinki,All,2023Q2,109.4,0.1,0.4,28577.0,32209.0,5355.0,22.01,22.72
091,Helsinki,All,2023Q3,109.4,0.0,0.4,27615.0,32418.0,6103.0,22.07,22.9
091,Helsinki,All,2023Q4,109.5,0.1,0.1,27250.0,33344.0,6468.0,22.16,23.03
091,Helsinki,All,2024Q1,109.7,0.2,0.4,31630.0,33385.0,5297.0,22.2,22.75
091,Helsinki,All,2024Q2,110.0,0.2,0.5,29901.0,32796.0,4925.0,22.26,22.57
091,Helsinki,All,2024Q3,110.0,0.1,0.6,28303.0,32193.0,5329.0,22.32,22.86
091,Helsinki,All,2024Q4,110.0,0.0,0.5,27677.0,32222.0,5810.0,22.39,22.95
091,Helsinki,All,2025Q1,110.0,0.0,0.3,30101.0,31877.0,5035.0,22.31,22.39
091,Helsinki,All,2025Q2,109.9,-0.1,-0.1,28624.0,30861.0,5113.0,22.43,22.26
091,Helsinki,All,2025Q3,109.7,-0.1,-0.3,26103.0,38256.0,6063.0,22.67,22.22
091,Helsinki,All,2025Q4,108.6,-1.1,-1.3,26756.0,32286.0,4466.0,21.42,21.75
091,Helsinki,One-bedroom,2015Q1,99.7,,,6481.0,6491.0,672.0,15.77,19.41
091,Helsinki,One-bedroom,2015Q2,99.9,0.3,,6635.0,6639.0,769.0,15.95,19.42
091,Helsinki,One-bedroom,2015Q3,100.1,0.2,,6873.0,6879.0,862.0,16.12,19.51
091,Helsinki,One-bedroom,2015Q4,100.3,0.3,,7366.0,7374.0,878.0,16.04,19.3
091,Helsinki,One-bedroom,2016Q1,101.4,1.0,1.7,6247.0,7481.0,1104.0,16.4,19.85
091,Helsinki,One-bedroom,2016Q2,101.8,0.4,1.9,6052.0,7926.0,1067.0,16.71,19.61
091,Helsinki,One-bedroom,2016Q3,102.1,0.3,2.0,5617.0,8013.0,1105.0,16.85,19.89
091,Helsinki,One-bedroom,2016Q4,102.0,0.0,1.7,5524.0,8651.0,1292.0,16.82,19.7
091,Helsinki,One-bedroom,2017Q1,102.7,0.6,1.3,7690.0,8698.0,1231.0,17.14,20.11
091,Helsinki,One-bedroom,2017Q2,102.8,0.1,1.0,7247.0,9129.0,1352.0,17.3,19.72
091,Helsinki,One-bedroom,2017Q3,102.8,0.0,0.7,6154.0,8643.0,1547.0,18.63,19.3
091,Helsinki,One-bedroom,2017Q4,103.1,0.3,1.1,5992.0,9167.0,1698.0,18.93,19.54
091,Helsinki,One-bedroom,2018Q1,104.0,0.8,1.3,8775.0,9690.0,1581.0,18.68,20.09
091,Helsinki,One-bedroom,2018Q2,104.1,0.1,1.2,8291.0,9572.0,1503.0,18.71,20.35
091,Helsinki,One-bedroom,2018Q3,104.3,0.2,1.4,7710.0,9147.0,1471.0,18.83,20.12
091,Helsinki,One-bedroom,2018Q4,104.4,0.1,1.2,7582.0,9071.0,1415.0,19.11,19.79
091,Helsinki,One-bedroom,2019Q1,104.9,0.5,0.9,8856.0,9433.0,1298.0,18.9,20.55
091,Helsinki,One-bedroom,2019Q2,105.6,0.6,1.5,8446.0,9400.0,1235.0,19.02,20.83
091,Helsinki,One-bedroom,2019Q3,105.9,0.3,1.6,8032.0,9269.0,1366.0,19.21,20.84
091,Helsinki,One-bedroom,2019Q4,106.5,0.5,2.0,7744.0,9473.0,1539.0,19.72,20.83
091,Helsinki,One-bedroom,2020Q1,106.9,0.4,1.9,8839.0,9800.0,1530.0,19.85,21.17
091,Helsinki,One-bedroom,2020Q2,107.3,0.4,1.7,8622.0,10614.0,1588.0,19.92,20.95
091,Helsinki,One-bedroom,2020Q3,107.4,0.1,1.4,8276.0,10859.0,1896.0,20.02,20.96
091,Helsinki,One-bedroom,2020Q4,107.6,0.1,1.0,8109.0,10964.0,2114.0,20.1,21.15
091,Helsinki,One-bedroom,2021Q1,107.7,0.1,0.7,9895.0,11033.0,1795.0,20.01,20.62
091,Helsinki,One-bedroom,2021Q2,108.0,0.3,0.6,9387.0,10997.0,1791.0,20.14,20.68
091,Helsinki,One-bedroom,2021Q3,108.1,0.1,0.7,8951.0,10767.0,2002.0,20.21,21.18
091,Helsinki,One-bedroom,2021Q4,108.0,-0.2,0.4,8812.0,10856.0,2023.0,20.19,20.87
091,Helsinki,One-bedroom,2022Q1,107.6,-0.3,-0.1,10080.0,11428.0,1725.0,20.22,20.72
091,Helsinki,One-bedroom,2022Q2,108.1,0.4,0.0,9326.0,11157.0,1811.0,20.45,20.96
091,Helsinki,One-bedroom,2022Q3,108.1,0.1,0.0,8907.0,11073.0,2048.0,20.59,21.75
091,Helsinki,One-bedroom,2022Q4,108.5,0.4,0.5,8805.0,11285.0,2051.0,20.66,21.94
091,Helsinki,One-bedroom,2023Q1,108.3,-0.2,0.7,10650.0,11280.0,1770.0,20.65,21.46
091,Helsinki,One-bedroom,2023Q2,108.5,0.1,0.4,10311.0,11481.0,1843.0,20.68,21.27
091,Helsinki,One-bedroom,2023Q3,108.4,0.0,0.3,10056.0,11630.0,2134.0,20.76,21.45
091,Helsinki,One-bedroom,2023Q4,108.5,0.0,-0.1,9920.0,11885.0,2172.0,20.82,21.37
091,Helsinki,One-bedroom,2024Q1,108.6,0.1,0.2,11370.0,11922.0,1867.0,20.84,21.19
091,Helsinki,One-bedroom,2024Q2,108.9,0.3,0.4,10829.0,11811.0,1780.0,20.91,21.24
091,Helsinki,One-bedroom,2024Q3,109.0,0.1,0.5,10422.0,11684.0,1833.0,20.99,21.51
091,Helsinki,One-bedroom,2024Q4,109.0,0.0,0.5,10151.0,11578.0,1928.0,21.01,21.23
091,Helsinki,One-bedroom,2025Q1,109.0,0.0,0.3,10939.0,11440.0,1772.0,21.06,21.05
091,Helsinki,One-bedroom,2025Q2,108.9,0.0,0.0,10485.0,11156.0,1862.0,21.08,20.91
091,Helsinki,One-bedroom,2025Q3,108.9,-0.1,-0.1,9895.0,14755.0,2363.0,21.65,21.34
091,Helsinki,One-bedroom,2025Q4,106.8,-1.9,-2.0,9862.0,11750.0,1736.0,19.92,20.87
091,Helsinki,Studio,2015Q1,99.7,,,8183.0,8236.0,700.0,22.68,24.99
091,Helsinki,Studio,2015Q2,99.9,0.2,,8514.0,8538.0,866.0,22.87,24.93
091,Helsinki,Studio,2015Q3,100.1,0.2,,8659.0,8693.0,848.0,23.1,25.1
091,Helsinki,Studio,2015Q4,100.3,0.3,,9346.0,9424.0,1056.0,23.23,25.08
091,Helsinki,Studio,2016Q1,101.1,0.7,1.4,7957.0,9435.0,1143.0,23.5,25.34
091,Helsinki,Studio,2016Q2,101.5,0.4,1.6,7546.0,9804.0,1167.0,23.68,25.53
091,Helsinki,Studio,2016Q3,101.9,0.4,1.8,6914.0,9788.0,1052.0,23.78,25.73
091,Helsinki,Studio,2016Q4,102.3,0.4,1.9,6797.0,10346.0,1192.0,23.89,25.78
091,Helsinki,Studio,2017Q1,102.8,0.5,1.7,9056.0,10372.0,1182.0,24.07,25.48
091,Helsinki,Studio,2017Q2,102.9,0.1,1.4,8455.0,10535.0,1254.0,24.08,25.19
091,Helsinki,Studio,2017Q3,103.3,0.4,1.4,7303.0,10540.0,1840.0,24.45,25.3
091,Helsinki,Studio,2017Q4,103.6,0.3,1.3,7429.0,11699.0,2367.0,24.55,25.67
091,Helsinki,Studio,2018Q1,104.3,0.6,1.4,10908.0,12426.0,1872.0,24.54,26.25
091,Helsinki,Studio,2018Q2,104.5,0.2,1.6,9856.0,11958.0,1666.0,24.65,26.77
091,Helsinki,Studio,2018Q3,104.7,0.2,1.3,8533.0,11072.0,1664.0,24.72,26.38
091,Helsinki,Studio,2018Q4,105.0,0.3,1.3,8691.0,11447.0,1915.0,25.13,26.52
091,Helsinki,Studio,2019Q1,105.6,0.5,1.2,11005.0,12228.0,1646.0,25.09,26.96
091,Helsinki,Studio,2019Q2,106.1,0.5,1.5,10258.0,12154.0,1616.0,25.22,26.94
091,Helsinki,Studio,2019Q3,106.5,0.4,1.7,9289.0,11731.0,1766.0,25.44,27.25
091,Helsinki,Studio,2019Q4,106.9,0.4,1.8,9077.0,12025.0,2134.0,25.87,27.81
091,Helsinki,Studio,2020Q1,107.4,0.4,1.7,10741.0,12210.0,1741.0,26.15,27.9
091,Helsinki,Studio,2020Q2,107.8,0.4,1.6,10349.0,14166.0,2113.0,26.27,27.77
091,Helsinki,Studio,2020Q3,107.8,0.0,1.2,9709.0,14299.0,2557.0,26.36,27.83
091,Helsinki,Studio,2020Q4,108.2,0.4,1.2,9620.0,14742.0,3061.0,26.51,27.71
091,Helsinki,Studio,2021Q1,108.5,0.3,1.0,12895.0,14994.0,2525.0,26.59,27.52
091,Helsinki,Studio,2021Q2,108.7,0.2,0.9,11779.0,14567.0,2296.0,26.68,27.43
091,Helsinki,Studio,2021Q3,108.8,0.1,1.0,10619.0,13882.0,2597.0,26.72,27.49
091,Helsinki,Studio,2021Q4,108.8,0.0,0.6,10641.0,14553.0,3034.0,26.75,27.79
091,Helsinki,Studio,2022Q1,108.7,-0.1,0.2,13021.0,15625.0,2450.0,26.64,27.44
091,Helsinki,Studio,2022Q2,108.8,0.1,0.1,11231.0,14479.0,2420.0,26.82,27.45
091,Helsinki,Studio,2022Q3,108.8,0.0,0.0,10269.0,14026.0,2599.0,26.93,28.11
091,Helsinki,Studio,2022Q4,109.0,0.1,0.1,10272.0,14596.0,3012.0,26.93,27.91
091,Helsinki,Studio,2023Q1,109.0,0.0,0.3,13440.0,14555.0,2246.0,27.02,27.6
091,Helsinki,Studio,2023Q2,109.0,0.1,0.2,12746.0,14793.0,2420.0,27.04,27.55
091,Helsinki,Studio,2023Q3,109.1,0.0,0.2,12093.0,14817.0,2750.0,27.08,27.67
091,Helsinki,Studio,2023Q4,109.2,0.1,0.2,11881.0,15352.0,3122.0,27.14,27.78
091,Helsinki,Studio,2024Q1,109.3,0.1,0.3,14272.0,15328.0,2332.0,27.2,27.8
091,Helsinki,Studio,2024Q2,109.5,0.2,0.4,13156.0,14822.0,2117.0,27.27,27.55
091,Helsinki,Studio,2024Q3,109.5,0.1,0.4,12140.0,14401.0,2418.0,27.31,27.73
091,Helsinki,Studio,2024Q4,109.5,-0.1,0.3,11858.0,14591.0,2841.0,27.3,27.45
091,Helsinki,Studio,2025Q1,109.4,-0.1,0.1,13228.0,14376.0,2249.0,27.32,27.04
091,Helsinki,Studio,2025Q2,109.2,-0.1,-0.3,12296.0,13739.0,2115.0,27.33,27.12
091,Helsinki,Studio,2025Q3,109.0,-0.2,-0.5,10500.0,14666.0,2165.0,27.57,27.13
091,Helsinki,Studio,2025Q4,108.6,-0.4,-0.8,11204.0,14356.0,1575.0,26.9,26.84
091,Helsinki,Two-bedroom+,2015Q1,99.8,,,2829.0,2830.0,332.0,14.69,17.09
091,Helsinki,Two-bedroom+,2015Q2,99.9,0.0,,2911.0,2912.0,394.0,14.8,17.16
091,Helsinki,Two-bedroom+,2015Q3,100.0,0.1,,3054.0,3057.0,441.0,14.85,17.11
091,Helsinki,Two-bedroom+,2015Q4,100.3,0.2,,3199.0,3203.0,399.0,14.77,17.4
091,Helsinki,Two-bedroom+,2016Q1,101.5,1.3,1.7,2781.0,3382.0,619.0,15.26,17.72
091,Helsinki,Two-bedroom+,2016Q2,102.1,0.5,2.2,2837.0,3650.0,574.0,15.58,17.5
091,Helsinki,Two-bedroom+,2016Q3,102.6,0.4,2.5,2731.0,3691.0,579.0,15.8,17.95
091,Helsinki,Two-bedroom+,2016Q4,102.9,0.3,2.6,2731.0,4013.0,607.0,15.66,17.79
091,Helsinki,Two-bedroom+,2017Q1,103.4,0.5,1.8,3714.0,3988.0,599.0,16.04,17.82
091,Helsinki,Two-bedroom+,2017Q2,103.5,0.0,1.3,3639.0,4330.0,736.0,16.17,18.17
091,Helsinki,Two-bedroom+,2017Q3,103.6,0.1,1.0,3467.0,4274.0,787.0,17.0,17.72
091,Helsinki,Two-bedroom+,2017Q4,103.6,0.0,0.7,3400.0,4324.0,704.0,17.07,17.59
091,Helsinki,Two-bedroom+,2018Q1,104.5,0.9,1.1,4256.0,4605.0,724.0,16.58,17.91
091,Helsinki,Two-bedroom+,2018Q2,104.7,0.2,1.2,4148.0,4576.0,772.0,16.66,18.09
091,Helsinki,Two-bedroom+,2018Q3,104.9,0.2,1.3,4051.0,4547.0,743.0,16.76,18.33
091,Helsinki,Two-bedroom+,2018Q4,105.1,0.1,1.4,4005.0,4531.0,693.0,17.28,18.26
091,Helsinki,Two-bedroom+,2019Q1,105.5,0.5,1.0,4494.0,4658.0,644.0,16.95,18.03
091,Helsinki,Two-bedroom+,2019Q2,106.2,0.7,1.4,4355.0,4613.0,591.0,17.11,18.12
091,Helsinki,Two-bedroom+,2019Q3,106.6,0.3,1.6,4241.0,4565.0,654.0,17.16,17.53
091,Helsinki,Two-bedroom+,2019Q4,107.1,0.5,1.9,4181.0,4613.0,694.0,17.69,18.42
091,Helsinki,Two-bedroom+,2020Q1,107.6,0.5,1.9,4368.0,4593.0,687.0,17.88,18.82
091,Helsinki,Two-bedroom+,2020Q2,108.1,0.5,1.8,4313.0,4883.0,786.0,18.06,19.99
091,Helsinki,Two-bedroom+,2020Q3,108.4,0.3,1.7,4260.0,5076.0,968.0,18.12,19.89
091,Helsinki,Two-bedroom+,2020Q4,108.6,0.2,1.4,4239.0,5139.0,921.0,18.11,19.61
091,Helsinki,Two-bedroom+,2021Q1,108.7,0.1,1.1,4921.0,5261.0,861.0,18.02,19.05
091,Helsinki,Two-bedroom+,2021Q2,109.5,0.7,1.3,4806.0,5265.0,915.0,18.19,19.2
091,Helsinki,Two-bedroom+,2021Q3,109.8,0.3,1.3,4723.0,5286.0,1132.0,18.42,19.9
091,Helsinki,Two-bedroom+,2021Q4,109.6,-0.2,0.9,4671.0,5337.0,1172.0,18.41,19.75
091,Helsinki,Two-bedroom+,2022Q1,109.3,-0.3,0.5,5182.0,5621.0,992.0,18.43,19.53
091,Helsinki,Two-bedroom+,2022Q2,110.3,1.0,0.8,4977.0,5614.0,1079.0,18.75,19.67
091,Helsinki,Two-bedroom+,2022Q3,110.6,0.2,0.7,4870.0,5598.0,1077.0,19.04,20.41
091,Helsinki,Two-bedroom+,2022Q4,111.3,0.7,1.6,4849.0,5697.0,1004.0,19.13,20.42
091,Helsinki,Two-bedroom+,2023Q1,111.0,-0.3,1.6,5588.0,5764.0,971.0,19.12,19.94
091,Helsinki,Two-bedroom+,2023Q2,111.3,0.2,0.9,5520.0,5935.0,1092.0,19.17,19.75
091,Helsinki,Two-bedroom+,2023Q3,111.5,0.2,0.8,5466.0,5971.0,1219.0,19.23,20.01
091,Helsinki,Two-bedroom+,2023Q4,111.7,0.2,0.3,5449.0,6107.0,1174.0,19.33,20.11
091,Helsinki,Two-bedroom+,2024Q1,112.0,0.3,0.9,5988.0,6135.0,1098.0,19.4,20.01
091,Helsinki,Two-bedroom+,2024Q2,112.4,0.3,1.0,5916.0,6163.0,1028.0,19.51,19.8
091,Helsinki,Two-bedroom+,2024Q3,112.5,0.1,1.0,5741.0,6108.0,1078.0,19.59,19.85
091,Helsinki,Two-bedroom+,2024Q4,112.5,0.0,0.7,5668.0,6053.0,1041.0,19.63,19.9
091,Helsinki,Two-bedroom+,2025Q1,112.5,0.0,0.4,5934.0,6061.0,1014.0,19.35,19.34
091,Helsinki,Two-bedroom+,2025Q2,112.5,0.0,0.1,5843.0,5966.0,1136.0,19.69,19.56
091,Helsinki,Two-bedroom+,2025Q3,112.3,-0.2,-0.2,5708.0,8835.0,1535.0,20.05,19.4
091,Helsinki,Two-bedroom+,2025Q4,111.5,-0.7,-0.9,5690.0,6180.0,1155.0,18.52,19.06
091-1,Helsinki 1,All,2015Q1,100.0,,,2612.0,2623.0,223.0,18.34,22.95
091-1,Helsinki 1,All,2015Q2,100.0,0.0,,2708.0,2714.0,299.0,18.52,22.45
091-1,Helsinki 1,All,2015Q3,99.9,-0.1,,2839.0,2849.0,324.0,18.86,23.16
091-1,Helsinki 1,All,2015Q4,100.2,0.4,,3128.0,3146.0,370.0,19.02,24.23
091-1,Helsinki 1,All,2016Q1,101.1,0.9,1.1,2581.0,3101.0,421.0,19.34,24.74
091-1,Helsinki 1,All,2016Q2,101.6,0.6,1.7,2453.0,3195.0,387.0,19.71,23.69
091-1,Helsinki 1,All,2016Q3,101.7,0.1,1.9,2244.0,3282.0,433.0,19.76,23.79
091-1,Helsinki 1,All,2016Q4,101.9,0.2,1.7,2175.0,3409.0,481.0,19.6,23.69
091-1,Helsinki 1,All,2017Q1,102.1,0.2,1.0,2911.0,3347.0,420.0,20.26,23.1
091-1,Helsinki 1,All,2017Q2,102.2,0.1,0.6,2698.0,3303.0,432.0,20.58,24.56
091-1,Helsinki 1,All,2017Q3,102.5,0.3,0.8,2200.0,3091.0,551.0,22.3,23.84
091-1,Helsinki 1,All,2017Q4,102.7,0.1,0.8,2158.0,3340.0,664.0,22.58,23.56
091-1,Helsinki 1,All,2018Q1,103.1,0.5,1.0,3122.0,3782.0,693.0,21.93,24.25
091-1,Helsinki 1,All,2018Q2,103.2,0.1,0.9,2794.0,3662.0,665.0,21.8,25.01
091-1,Helsinki 1,All,2018Q3,103.6,0.4,1.1,2368.0,3339.0,584.0,21.78,24.53
091-1,Helsinki 1,All,2018Q4,104.0,0.4,1.3,2376.0,3392.0,615.0,22.37,23.78
091-1,Helsinki 1,All,2019Q1,104.4,0.4,1.2,3227.0,3575.0,541.0,22.05,24.83
091-1,Helsinki 1,All,2019Q2,104.7,0.3,1.4,3027.0,3560.0,551.0,22.17,25.45
091-1,Helsinki 1,All,2019Q3,105.1,0.4,1.4,2770.0,3469.0,580.0,22.33,25.26
091-1,Helsinki 1,All,2019Q4,105.6,0.4,1.5,2700.0,3491.0,627.0,23.05,25.38
091-1,Helsinki 1,All,2020Q1,105.9,0.3,1.5,3074.0,3579.0,622.0,23.07,26.1
091-1,Helsinki 1,All,2020Q2,106.3,0.3,1.5,3015.0,4687.0,932.0,22.87,25.35
091-1,Helsinki 1,All,2020Q3,106.2,-0.1,1.0,2796.0,4823.0,1125.0,22.95,25.06
091-1,Helsinki 1,All,2020Q4,106.4,0.2,0.8,2784.0,5014.0,1157.0,23.0,25.22
091-1,Helsinki 1,All,2021Q1,106.8,0.4,0.8,4356.0,5076.0,925.0,23.14,24.8
091-1,Helsinki 1,All,2021Q2,106.9,0.1,0.7,3991.0,4966.0,857.0,23.18,24.84
091-1,Helsinki 1,All,2021Q3,107.1,0.1,0.9,3608.0,4681.0,942.0,23.24,25.47
091-1,Helsinki 1,All,2021Q4,107.0,-0.1,0.5,3551.0,4830.0,1056.0,23.24,25.27
091-1,Helsinki 1,All,2022Q1,106.7,-0.3,-0.1,4242.0,4969.0,827.0,24.01,25.75
091-1,Helsinki 1,All,2022Q2,106.9,0.2,-0.1,3643.0,4589.0,803.0,24.55,25.76
091-1,Helsinki 1,All,2022Q3,106.9,0.0,-0.2,3346.0,4464.0,907.0,24.78,26.26
091-1,Helsinki 1,All,2022Q4,107.0,0.1,0.1,3306.0,4579.0,989.0,24.8,26.35
091-1,Helsinki 1,All,2023Q1,107.2,0.1,0.5,4273.0,4601.0,735.0,24.77,26.23
091-1,Helsinki 1,All,2023Q2,107.2,0.1,0.3,4008.0,4569.0,737.0,24.78,25.59
091-1,Helsinki 1,All,2023Q3,107.2,0.0,0.3,3776.0,4655.0,950.0,24.97,26.73
091-1,Helsinki 1,All,2023Q4,107.3,0.0,0.2,3687.0,4880.0,1126.0,25.11,27.0
091-1,Helsinki 1,All,2024Q1,107.5,0.2,0.3,4538.0,4868.0,791.0,25.23,26.71
091-1,Helsinki 1,All,2024Q2,107.8,0.3,0.5,4181.0,4734.0,735.0,25.38,26.14
091-1,Helsinki 1,All,2024Q3,108.0,0.1,0.7,3860.0,4562.0,765.0,25.42,26.19
091-1,Helsinki 1,All,2024Q4,107.9,-0.1,0.6,3733.0,4571.0,816.0,25.57,26.32
091-1,Helsinki 1,All,2025Q1,107.8,-0.1,0.3,4139.0,4536.0,697.0,25.28,26.0
091-1,Helsinki 1,All,2025Q2,107.8,0.0,0.0,3824.0,4219.0,685.0,25.79,26.19
091-1,Helsinki 1,All,2025Q3,107.9,0.1,0.0,3371.0,4776.0,750.0,26.65,26.75
091-1,Helsinki 1,All,2025Q4,106.4,-1.4,-1.4,3435.0,4429.0,465.0,23.56,26.55
091-1,Helsinki 1,One-bedroom,2015Q1,100.1,,,875.0,875.0,83.0,16.53,21.83
091-1,Helsinki 1,One-bedroom,2015Q2,99.9,-0.2,,904.0,904.0,98.0,16.52,22.11
091-1,Helsinki 1,One-bedroom,2015Q3,99.7,-0.2,,935.0,935.0,110.0,16.87,22.41
091-1,Helsinki 1,One-bedroom,2015Q4,100.4,0.7,,1051.0,1051.0,124.0,16.83,22.11
091-1,Helsinki 1,One-bedroom,2016Q1,101.4,1.0,1.3,852.0,1024.0,161.0,17.34,23.43
091-1,Helsinki 1,One-bedroom,2016Q2,102.1,0.7,2.2,815.0,1049.0,134.0,17.8,22.49
091-1,Helsinki 1,One-bedroom,2016Q3,102.1,0.0,2.4,741.0,1093.0,156.0,18.01,23.0
091-1,Helsinki 1,One-bedroom,2016Q4,102.0,-0.1,1.6,728.0,1129.0,180.0,17.86,21.82
091-1,Helsinki 1,One-bedroom,2017Q1,102.5,0.5,1.1,960.0,1118.0,154.0,18.4,22.57
091-1,Helsinki 1,One-bedroom,2017Q2,102.7,0.2,0.6,906.0,1106.0,144.0,18.69,23.49
091-1,Helsinki 1,One-bedroom,2017Q3,102.7,0.1,0.6,720.0,980.0,160.0,20.78,21.72
091-1,Helsinki 1,One-bedroom,2017Q4,103.0,0.3,1.1,686.0,1012.0,167.0,21.13,21.18
091-1,Helsinki 1,One-bedroom,2018Q1,103.7,0.6,1.2,957.0,1161.0,219.0,20.96,22.63
091-1,Helsinki 1,One-bedroom,2018Q2,103.5,-0.2,0.8,867.0,1156.0,223.0,20.81,23.28
091-1,Helsinki 1,One-bedroom,2018Q3,104.0,0.4,1.2,760.0,1066.0,171.0,20.83,22.39
091-1,Helsinki 1,One-bedroom,2018Q4,104.2,0.2,1.1,753.0,1064.0,163.0,21.02,21.08
091-1,Helsinki 1,One-bedroom,2019Q1,104.7,0.5,1.0,1013.0,1102.0,173.0,20.83,22.78
091-1,Helsinki 1,One-bedroom,2019Q2,105.2,0.5,1.6,956.0,1103.0,170.0,20.91,23.22
091-1,Helsinki 1,One-bedroom,2019Q3,105.6,0.4,1.6,916.0,1111.0,172.0,21.04,23.54
091-1,Helsinki 1,One-bedroom,2019Q4,106.0,0.4,1.7,867.0,1080.0,158.0,21.71,23.11
091-1,Helsinki 1,One-bedroom,2020Q1,106.5,0.4,1.6,960.0,1131.0,209.0,22.23,24.43
091-1,Helsinki 1,One-bedroom,2020Q2,106.8,0.4,1.5,947.0,1407.0,293.0,21.82,23.38
091-1,Helsinki 1,One-bedroom,2020Q3,106.6,-0.2,1.0,880.0,1466.0,334.0,21.98,23.28
091-1,Helsinki 1,One-bedroom,2020Q4,106.9,0.2,0.9,860.0,1494.0,344.0,22.02,23.62
091-1,Helsinki 1,One-bedroom,2021Q1,107.2,0.3,0.7,1288.0,1482.0,250.0,22.1,22.67
091-1,Helsinki 1,One-bedroom,2021Q2,107.4,0.1,0.5,1202.0,1466.0,246.0,22.16,22.83
091-1,Helsinki 1,One-bedroom,2021Q3,107.5,0.1,0.8,1088.0,1378.0,281.0,22.28,23.76
091-1,Helsinki 1,One-bedroom,2021Q4,107.4,-0.1,0.4,1062.0,1389.0,272.0,22.21,23.33
091-1,Helsinki 1,One-bedroom,2022Q1,107.0,-0.3,-0.2,1245.0,1424.0,220.0,23.02,24.11
091-1,Helsinki 1,One-bedroom,2022Q2,107.2,0.2,-0.1,1082.0,1355.0,227.0,23.48,24.53
091-1,Helsinki 1,One-bedroom,2022Q3,107.3,0.1,-0.2,1009.0,1321.0,256.0,23.57,24.99
091-1,Helsinki 1,One-bedroom,2022Q4,107.3,0.1,0.0,992.0,1350.0,281.0,23.47,24.64
091-1,Helsinki 1,One-bedroom,2023Q1,107.5,0.1,0.4,1257.0,1344.0,223.0,23.6,24.8
091-1,Helsinki 1,One-bedroom,2023Q2,107.5,0.1,0.3,1200.0,1358.0,219.0,23.5,24.23
091-1,Helsinki 1,One-bedroom,2023Q3,107.4,-0.1,0.2,1143.0,1434.0,318.0,23.75,25.43
091-1,Helsinki 1,One-bedroom,2023Q4,107.5,0.0,0.1,1106.0,1501.0,353.0,23.92,25.68
091-1,Helsinki 1,One-bedroom,2024Q1,107.7,0.2,0.2,1412.0,1492.0,244.0,24.01,25.47
091-1,Helsinki 1,One-bedroom,2024Q2,108.0,0.3,0.4,1317.0,1470.0,240.0,24.1,24.64
091-1,Helsinki 1,One-bedroom,2024Q3,108.1,0.0,0.6,1253.0,1431.0,244.0,24.27,25.26
091-1,Helsinki 1,One-bedroom,2024Q4,108.2,0.2,0.7,1215.0,1430.0,241.0,24.29,24.79
091-1,Helsinki 1,One-bedroom,2025Q1,108.2,0.0,0.5,1329.0,1427.0,217.0,24.34,25.2
091-1,Helsinki 1,One-bedroom,2025Q2,108.2,0.0,0.2,1237.0,1331.0,207.0,24.58,25.68
091-1,Helsinki 1,One-bedroom,2025Q3,108.5,0.3,0.4,1143.0,1639.0,268.0,25.88,26.48
091-1,Helsinki 1,One-bedroom,2025Q4,105.3,-2.9,-2.7,1121.0,1432.0,180.0,22.07,26.26
091-1,Helsinki 1,Studio,2015Q1,99.8,,,1474.0,1485.0,118.0,23.02,26.45
091-1,Helsinki 1,Studio,2015Q2,100.0,0.2,,1524.0,1530.0,167.0,23.44,26.47
091-1,Helsinki 1,Studio,2015Q3,100.0,-0.1,,1610.0,1619.0,180.0,24.07,26.79
091-1,Helsinki 1,Studio,2015Q4,100.2,0.2,,1778.0,1794.0,210.0,24.09,26.69
091-1,Helsinki 1,Studio,2016Q1,100.8,0.6,0.9,1477.0,1781.0,208.0,24.13,27.25
091-1,Helsinki 1,Studio,2016Q2,101.2,0.4,1.2,1389.0,1833.0,218.0,24.46,27.45
091-1,Helsinki 1,Studio,2016Q3,101.4,0.2,1.4,1257.0,1836.0,214.0,24.54,27.17
091-1,Helsinki 1,Studio,2016Q4,101.7,0.3,1.6,1213.0,1920.0,241.0,24.66,27.39
091-1,Helsinki 1,Studio,2017Q1,102.0,0.3,1.3,1646.0,1868.0,217.0,25.21,26.6
091-1,Helsinki 1,Studio,2017Q2,102.3,0.2,1.1,1496.0,1840.0,232.0,25.42,27.56
091-1,Helsinki 1,Studio,2017Q3,102.7,0.4,1.3,1219.0,1788.0,339.0,26.41,27.07
091-1,Helsinki 1,Studio,2017Q4,102.9,0.2,1.1,1220.0,1998.0,444.0,26.6,27.55
091-1,Helsinki 1,Studio,2018Q1,103.2,0.3,1.1,1852.0,2264.0,405.0,26.41,28.48
091-1,Helsinki 1,Studio,2018Q2,103.4,0.2,1.1,1626.0,2151.0,383.0,26.37,29.32
091-1,Helsinki 1,Studio,2018Q3,103.6,0.2,0.9,1319.0,1923.0,358.0,26.58,28.03
091-1,Helsinki 1,Studio,2018Q4,104.0,0.4,1.1,1341.0,1981.0,390.0,27.19,28.12
091-1,Helsinki 1,Studio,2019Q1,104.4,0.3,1.1,1877.0,2117.0,325.0,26.72,29.13
091-1,Helsinki 1,Studio,2019Q2,104.8,0.4,1.4,1745.0,2102.0,342.0,26.94,29.37
091-1,Helsinki 1,Studio,2019Q3,105.2,0.4,1.5,1551.0,2015.0,358.0,27.39,30.11
091-1,Helsinki 1,Studio,2019Q4,105.7,0.6,1.7,1535.0,2076.0,421.0,27.79,29.79
091-1,Helsinki 1,Studio,2020Q1,105.9,0.2,1.5,1809.0,2117.0,371.0,27.97,30.02
091-1,Helsinki 1,Studio,2020Q2,106.1,0.1,1.2,1762.0,2835.0,525.0,27.78,29.95
091-1,Helsinki 1,Studio,2020Q3,106.0,-0.1,0.8,1615.0,2882.0,645.0,28.02,29.9
091-1,Helsinki 1,Studio,2020Q4,106.3,0.2,0.5,1619.0,3019.0,690.0,28.08,29.56
091-1,Helsinki 1,Studio,2021Q1,106.8,0.6,0.9,2603.0,3096.0,578.0,28.27,29.1
091-1,Helsinki 1,Studio,2021Q2,107.1,0.2,0.9,2351.0,3013.0,532.0,28.3,29.11
091-1,Helsinki 1,Studio,2021Q3,107.0,-0.1,0.9,2089.0,2819.0,575.0,28.33,29.21
091-1,Helsinki 1,Studio,2021Q4,106.9,0.0,0.6,2065.0,2948.0,692.0,28.24,29.25
091-1,Helsinki 1,Studio,2022Q1,106.8,-0.2,-0.1,2554.0,3067.0,524.0,28.58,29.45
091-1,Helsinki 1,Studio,2022Q2,106.8,0.1,-0.2,2166.0,2794.0,479.0,28.92,29.54
091-1,Helsinki 1,Studio,2022Q3,106.7,-0.1,-0.2,1954.0,2715.0,562.0,28.95,29.57
091-1,Helsinki 1,Studio,2022Q4,106.8,0.1,-0.1,1935.0,2801.0,641.0,28.98,29.81
091-1,Helsinki 1,Studio,2023Q1,107.0,0.1,0.2,2592.0,2820.0,444.0,29.02,29.63
091-1,Helsinki 1,Studio,2023Q2,106.9,0.0,0.1,2401.0,2778.0,445.0,28.95,29.24
091-1,Helsinki 1,Studio,2023Q3,107.0,0.1,0.2,2237.0,2783.0,545.0,29.1,30.08
091-1,Helsinki 1,Studio,2023Q4,107.1,0.1,0.2,2187.0,2914.0,676.0,29.11,30.13
091-1,Helsinki 1,Studio,2024Q1,107.1,0.0,0.1,2683.0,2918.0,466.0,29.17,30.28
091-1,Helsinki 1,Studio,2024Q2,107.1,0.1,0.2,2437.0,2808.0,426.0,29.27,29.68
091-1,Helsinki 1,Studio,2024Q3,107.2,0.1,0.2,2199.0,2686.0,433.0,29.33,30.37
091-1,Helsinki 1,Studio,2024Q4,107.1,-0.1,0.0,2124.0,2714.0,498.0,29.28,29.64
091-1,Helsinki 1,Studio,2025Q1,107.0,-0.1,-0.1,2399.0,2672.0,412.0,29.32,29.19
091-1,Helsinki 1,Studio,2025Q2,106.8,-0.2,-0.3,2193.0,2476.0,397.0,29.38,29.14
091-1,Helsinki 1,Studio,2025Q3,106.7,-0.1,-0.5,1841.0,2605.0,379.0,30.03,29.54
091-1,Helsinki 1,Studio,2025Q4,106.3,-0.4,-0.7,1931.0,2537.0,218.0,29.07,30.8
091-1,Helsinki 1,Two-bedroom+,2015Q1,100.0,,,263.0,263.0,,15.39,
091-1,Helsinki 1,Two-bedroom+,2015Q2,100.0,0.0,,280.0,280.0,34.0,15.68,18.59
091-1,Helsinki 1,Two-bedroom+,2015Q3,99.9,-0.1,,294.0,295.0,34.0,15.67,19.81
091-1,Helsinki 1,Two-bedroom+,2015Q4,100.1,0.2,,299.0,301.0,,15.98,
091-1,Helsinki 1,Two-bedroom+,2016Q1,101.1,1.0,1.1,252.0,296.0,,16.2,
091-1,Helsinki 1,Two-bedroom+,2016Q2,101.7,0.6,1.7,249.0,313.0,35.0,16.62,20.51
091-1,Helsinki 1,Two-bedroom+,2016Q3,101.7,0.0,1.8,246.0,353.0,63.0,16.73,21.56
091-1,Helsinki 1,Two-bedroom+,2016Q4,102.0,0.3,1.9,234.0,360.0,,16.2,
091-1,Helsinki 1,Two-bedroom+,2017Q1,101.8,-0.2,0.7,305.0,361.0,49.0,17.42,20.27
091-1,Helsinki 1,Two-bedroom+,2017Q2,101.7,-0.1,0.0,296.0,357.0,,17.89,
091-1,Helsinki 1,Two-bedroom+,2017Q3,102.0,0.3,0.3,261.0,323.0,52.0,19.44,21.96
091-1,Helsinki 1,Two-bedroom+,2017Q4,101.8,-0.2,-0.3,252.0,330.0,53.0,19.27,19.29
091-1,Helsinki 1,Two-bedroom+,2018Q1,102.1,0.4,0.3,313.0,357.0,69.0,17.91,20.82
091-1,Helsinki 1,Two-bedroom+,2018Q2,102.3,0.1,0.6,301.0,355.0,,17.95,
091-1,Helsinki 1,Two-bedroom+,2018Q3,103.0,0.7,1.0,289.0,350.0,,18.06,
091-1,Helsinki 1,Two-bedroom+,2018Q4,103.5,0.5,1.7,282.0,347.0,62.0,18.82,20.81
091-1,Helsinki 1,Two-bedroom+,2019Q1,103.8,0.3,1.6,337.0,356.0,43.0,18.37,21.56
091-1,Helsinki 1,Two-bedroom+,2019Q2,103.6,-0.1,1.3,326.0,355.0,,18.5,
091-1,Helsinki 1,Two-bedroom+,2019Q3,104.2,0.5,1.2,303.0,343.0,,18.54,
091-1,Helsinki 1,Two-bedroom+,2019Q4,104.5,0.3,1.0,298.0,335.0,,19.2,
091-1,Helsinki 1,Two-bedroom+,2020Q1,104.8,0.4,1.1,305.0,331.0,,19.08,
091-1,Helsinki 1,Two-bedroom+,2020Q2,105.4,0.5,1.7,306.0,445.0,,19.12,
091-1,Helsinki 1,Two-bedroom+,2020Q3,105.4,0.0,1.2,301.0,475.0,146.0,19.14,22.35
091-1,Helsinki 1,Two-bedroom+,2020Q4,105.6,0.2,1.1,305.0,501.0,123.0,19.03,21.99
091-1,Helsinki 1,Two-bedroom+,2021Q1,105.8,0.2,1.0,465.0,498.0,97.0,19.09,21.95
091-1,Helsinki 1,Two-bedroom+,2021Q2,105.9,0.1,0.5,438.0,487.0,79.0,19.11,21.88
091-1,Helsinki 1,Two-bedroom+,2021Q3,106.3,0.3,0.9,431.0,484.0,86.0,19.36,22.86
091-1,Helsinki 1,Two-bedroom+,2021Q4,106.2,-0.1,0.5,424.0,493.0,92.0,19.34,21.92
091-1,Helsinki 1,Two-bedroom+,2022Q1,105.9,-0.3,0.0,443.0,478.0,83.0,20.51,23.32
091-1,Helsinki 1,Two-bedroom+,2022Q2,106.4,0.5,0.4,395.0,440.0,97.0,21.25,23.39
091-1,Helsinki 1,Two-bedroom+,2022Q3,106.4,0.1,0.1,383.0,428.0,,21.78,
091-1,Helsinki 1,Two-bedroom+,2022Q4,106.7,0.3,0.6,379.0,428.0,67.0,21.85,23.24
091-1,Helsinki 1,Two-bedroom+,2023Q1,106.9,0.2,1.0,424.0,437.0,,21.65,
091-1,Helsinki 1,Two-bedroom+,2023Q2,107.1,0.2,0.7,407.0,433.0,,21.89,
091-1,Helsinki 1,Two-bedroom+,2023Q3,107.2,0.1,0.7,396.0,438.0,,22.09,
091-1,Helsinki 1,Two-bedroom+,2023Q4,107.2,0.0,0.4,394.0,465.0,97.0,22.37,24.8
091-1,Helsinki 1,Two-bedroom+,2024Q1,107.8,0.5,0.8,443.0,458.0,81.0,22.53,24.35
091-1,Helsinki 1,Two-bedroom+,2024Q2,108.5,0.6,1.3,427.0,456.0,,22.9,
091-1,Helsinki 1,Two-bedroom+,2024Q3,109.0,0.4,1.7,408.0,445.0,88.0,22.82,23.41
091-1,Helsinki 1,Two-bedroom+,2024Q4,108.7,-0.3,1.3,394.0,427.0,,23.14,
091-1,Helsinki 1,Two-bedroom+,2025Q1,108.5,-0.1,0.7,411.0,437.0,,22.21,
091-1,Helsinki 1,Two-bedroom+,2025Q2,108.8,0.3,0.3,394.0,412.0,,23.49,
091-1,Helsinki 1,Two-bedroom+,2025Q3,109.1,0.3,0.1,387.0,532.0,,24.33,
091-1,Helsinki 1,Two-bedroom+,2025Q4,108.6,-0.4,0.0,383.0,460.0,,20.28,
091-2,Helsinki 2,All,2015Q1,99.7,,,7747.0,7783.0,730.0,18.23,21.25
091-2,Helsinki 2,All,2015Q2,99.9,0.2,,7953.0,7972.0,875.0,18.45,21.13
091-2,Helsinki 2,All,2015Q3,100.1,0.2,,8174.0,8200.0,930.0,18.47,21.2
091-2,Helsinki 2,All,2015Q4,100.3,0.2,,8749.0,8801.0,983.0,18.42,21.29
091-2,Helsinki 2,All,2016Q1,101.2,0.8,1.5,7495.0,8832.0,1193.0,18.82,21.61
091-2,Helsinki 2,All,2016Q2,101.6,0.4,1.7,7136.0,9306.0,1260.0,19.08,21.62
091-2,Helsinki 2,All,2016Q3,102.1,0.5,2.0,6538.0,9242.0,1126.0,19.28,21.67
091-2,Helsinki 2,All,2016Q4,102.3,0.2,2.0,6410.0,9764.0,1254.0,19.29,22.12
091-2,Helsinki 2,All,2017Q1,102.8,0.5,1.6,8621.0,9703.0,1195.0,19.52,22.41
091-2,Helsinki 2,All,2017Q2,103.0,0.2,1.4,8062.0,9982.0,1242.0,19.6,22.03
091-2,Helsinki 2,All,2017Q3,103.2,0.2,1.0,6777.0,9567.0,1678.0,20.96,22.03
091-2,Helsinki 2,All,2017Q4,103.6,0.4,1.2,6740.0,10381.0,2038.0,21.4,22.55
091-2,Helsinki 2,All,2018Q1,104.2,0.6,1.4,9740.0,10813.0,1614.0,20.78,22.15
091-2,Helsinki 2,All,2018Q2,104.6,0.3,1.5,8972.0,10559.0,1572.0,20.89,22.25
091-2,Helsinki 2,All,2018Q3,104.7,0.1,1.5,7940.0,9783.0,1615.0,21.0,22.28
091-2,Helsinki 2,All,2018Q4,104.9,0.2,1.3,8005.0,10053.0,1703.0,21.47,22.57
091-2,Helsinki 2,All,2019Q1,105.3,0.4,1.0,9748.0,10547.0,1492.0,21.27,22.72
091-2,Helsinki 2,All,2019Q2,106.0,0.7,1.4,9162.0,10525.0,1436.0,21.37,22.97
091-2,Helsinki 2,All,2019Q3,106.4,0.3,1.6,8361.0,10102.0,1518.0,21.58,22.86
091-2,Helsinki 2,All,2019Q4,106.9,0.5,2.0,8127.0,10614.0,1961.0,22.25,23.94
091-2,Helsinki 2,All,2020Q1,107.4,0.5,2.0,9744.0,10816.0,1676.0,22.23,23.77
091-2,Helsinki 2,All,2020Q2,107.9,0.4,1.8,9372.0,12218.0,1806.0,22.44,23.7
091-2,Helsinki 2,All,2020Q3,107.9,0.0,1.5,8865.0,12308.0,2210.0,22.46,23.61
091-2,Helsinki 2,All,2020Q4,108.3,0.3,1.3,8661.0,12425.0,2500.0,22.56,23.77
091-2,Helsinki 2,All,2021Q1,108.4,0.1,0.9,11101.0,12642.0,2058.0,22.35,23.24
091-2,Helsinki 2,All,2021Q2,108.6,0.2,0.7,10265.0,12398.0,2078.0,22.44,23.04
091-2,Helsinki 2,All,2021Q3,108.7,0.1,0.7,9420.0,11945.0,2405.0,22.56,23.5
091-2,Helsinki 2,All,2021Q4,108.8,0.0,0.4,9337.0,12478.0,2697.0,22.7,23.81
091-2,Helsinki 2,All,2022Q1,108.6,-0.1,0.2,11364.0,13193.0,2086.0,22.68,23.58
091-2,Helsinki 2,All,2022Q2,108.9,0.3,0.3,10136.0,12457.0,2042.0,22.81,23.58
091-2,Helsinki 2,All,2022Q3,108.9,0.0,0.1,9369.0,12241.0,2425.0,23.11,24.73
091-2,Helsinki 2,All,2022Q4,109.4,0.4,0.6,9359.0,12843.0,2770.0,23.14,24.81
091-2,Helsinki 2,All,2023Q1,109.2,-0.2,0.5,11886.0,12706.0,2033.0,23.17,23.98
091-2,Helsinki 2,All,2023Q2,109.3,0.1,0.3,11433.0,12975.0,2094.0,23.23,23.88
091-2,Helsinki 2,All,2023Q3,109.4,0.1,0.4,10940.0,12976.0,2302.0,23.28,24.13
091-2,Helsinki 2,All,2023Q4,109.5,0.1,0.1,10759.0,13293.0,2504.0,23.35,24.09
091-2,Helsinki 2,All,2024Q1,109.6,0.1,0.4,12515.0,13314.0,2052.0,23.38,23.99
091-2,Helsinki 2,All,2024Q2,109.8,0.2,0.5,11659.0,12983.0,1980.0,23.42,23.82
091-2,Helsinki 2,All,2024Q3,110.0,0.2,0.6,10839.0,12624.0,2122.0,23.58,24.18
091-2,Helsinki 2,All,2024Q4,110.0,0.0,0.4,10528.0,12687.0,2310.0,23.65,24.45
091-2,Helsinki 2,All,2025Q1,110.0,0.0,0.4,11754.0,12627.0,1927.0,23.54,23.9
091-2,Helsinki 2,All,2025Q2,110.1,0.0,0.2,11005.0,12061.0,1911.0,23.79,23.91
091-2,Helsinki 2,All,2025Q3,110.0,-0.1,-0.1,9664.0,13728.0,2098.0,24.29,24.24
091-2,Helsinki 2,All,2025Q4,108.6,-1.3,-1.3,10078.0,12571.0,1494.0,22.58,23.88
091-2,Helsinki 2,One-bedroom,2015Q1,99.5,,,2736.0,2741.0,290.0,15.75,20.09
091-2,Helsinki 2,One-bedroom,2015Q2,99.9,0.4,,2790.0,2793.0,347.0,15.99,19.85
091-2,Helsinki 2,One-bedroom,2015Q3,100.2,0.2,,2926.0,2930.0,393.0,16.12,20.11
091-2,Helsinki 2,One-bedroom,2015Q4,100.4,0.3,,3084.0,3089.0,352.0,16.02,19.85
091-2,Helsinki 2,One-bedroom,2016Q1,101.4,1.0,1.9,2643.0,3133.0,431.0,16.35,20.54
091-2,Helsinki 2,One-bedroom,2016Q2,101.7,0.3,1.8,2535.0,3360.0,455.0,16.69,20.55
091-2,Helsinki 2,One-bedroom,2016Q3,102.1,0.4,1.9,2314.0,3329.0,454.0,16.85,20.72
091-2,Helsinki 2,One-bedroom,2016Q4,102.0,-0.1,1.6,2248.0,3495.0,521.0,16.82,20.69
091-2,Helsinki 2,One-bedroom,2017Q1,102.5,0.5,1.1,3123.0,3485.0,491.0,17.15,21.16
091-2,Helsinki 2,One-bedroom,2017Q2,102.7,0.2,1.0,2928.0,3616.0,488.0,17.39,20.98
091-2,Helsinki 2,One-bedroom,2017Q3,102.7,0.0,0.6,2350.0,3267.0,568.0,19.22,20.28
091-2,Helsinki 2,One-bedroom,2017Q4,103.2,0.5,1.2,2263.0,3464.0,669.0,19.77,20.64
091-2,Helsinki 2,One-bedroom,2018Q1,104.0,0.8,1.5,3287.0,3585.0,566.0,19.23,20.74
091-2,Helsinki 2,One-bedroom,2018Q2,104.3,0.3,1.6,3078.0,3523.0,571.0,19.31,20.82
091-2,Helsinki 2,One-bedroom,2018Q3,104.5,0.2,1.7,2824.0,3312.0,593.0,19.52,20.85
091-2,Helsinki 2,One-bedroom,2018Q4,104.6,0.1,1.3,2794.0,3322.0,560.0,19.83,20.45
091-2,Helsinki 2,One-bedroom,2019Q1,104.9,0.3,0.9,3259.0,3439.0,510.0,19.51,21.09
091-2,Helsinki 2,One-bedroom,2019Q2,105.7,0.7,1.3,3062.0,3404.0,477.0,19.62,21.48
091-2,Helsinki 2,One-bedroom,2019Q3,106.0,0.3,1.5,2861.0,3309.0,525.0,19.87,21.38
091-2,Helsinki 2,One-bedroom,2019Q4,106.8,0.7,2.1,2760.0,3522.0,671.0,20.52,21.66
091-2,Helsinki 2,One-bedroom,2020Q1,107.3,0.4,2.2,3307.0,3620.0,628.0,20.58,21.89
091-2,Helsinki 2,One-bedroom,2020Q2,107.8,0.5,2.0,3213.0,3961.0,566.0,20.66,21.66
091-2,Helsinki 2,One-bedroom,2020Q3,107.8,0.1,1.7,3064.0,3980.0,717.0,20.77,21.59
091-2,Helsinki 2,One-bedroom,2020Q4,108.0,0.1,1.1,2975.0,3997.0,782.0,20.83,21.69
091-2,Helsinki 2,One-bedroom,2021Q1,108.1,0.1,0.7,3633.0,4047.0,654.0,20.67,21.43
091-2,Helsinki 2,One-bedroom,2021Q2,108.2,0.1,0.4,3438.0,4062.0,750.0,20.79,21.4
091-2,Helsinki 2,One-bedroom,2021Q3,108.3,0.1,0.4,3233.0,3949.0,818.0,20.93,21.94
091-2,Helsinki 2,One-bedroom,2021Q4,108.2,-0.1,0.2,3150.0,4006.0,805.0,20.96,21.68
091-2,Helsinki 2,One-bedroom,2022Q1,108.0,-0.2,0.0,3707.0,4176.0,634.0,21.14,21.87
091-2,Helsinki 2,One-bedroom,2022Q2,108.3,0.2,0.0,3433.0,4051.0,641.0,21.31,21.87
091-2,Helsinki 2,One-bedroom,2022Q3,108.2,-0.1,-0.1,3221.0,4012.0,807.0,21.61,22.91
091-2,Helsinki 2,One-bedroom,2022Q4,108.6,0.4,0.3,3184.0,4169.0,869.0,21.65,22.93
091-2,Helsinki 2,One-bedroom,2023Q1,108.4,-0.1,0.4,3878.0,4109.0,692.0,21.63,22.33
091-2,Helsinki 2,One-bedroom,2023Q2,108.4,0.0,0.2,3768.0,4212.0,720.0,21.67,22.23
091-2,Helsinki 2,One-bedroom,2023Q3,108.4,0.0,0.2,3645.0,4244.0,749.0,21.74,22.43
091-2,Helsinki 2,One-bedroom,2023Q4,108.6,0.1,0.0,3594.0,4315.0,752.0,21.79,22.09
091-2,Helsinki 2,One-bedroom,2024Q1,108.7,0.1,0.2,4107.0,4307.0,636.0,21.8,22.41
091-2,Helsinki 2,One-bedroom,2024Q2,108.9,0.2,0.4,3879.0,4255.0,640.0,21.91,22.48
091-2,Helsinki 2,One-bedroom,2024Q3,109.1,0.2,0.6,3686.0,4176.0,640.0,22.06,22.92
091-2,Helsinki 2,One-bedroom,2024Q4,109.1,0.0,0.5,3568.0,4144.0,670.0,22.1,22.59
091-2,Helsinki 2,One-bedroom,2025Q1,109.1,0.0,0.4,3913.0,4129.0,622.0,22.11,22.43
091-2,Helsinki 2,One-bedroom,2025Q2,109.2,0.1,0.3,3708.0,3956.0,662.0,22.26,22.49
091-2,Helsinki 2,One-bedroom,2025Q3,109.2,0.0,0.0,3467.0,5025.0,824.0,23.16,23.09
091-2,Helsinki 2,One-bedroom,2025Q4,106.6,-2.4,-2.3,3451.0,4236.0,563.0,20.72,22.69
091-2,Helsinki 2,Studio,2015Q1,99.7,,,4222.0,4253.0,339.0,23.23,25.22
091-2,Helsinki 2,Studio,2015Q2,99.8,0.1,,4361.0,4377.0,411.0,23.37,25.05
091-2,Helsinki 2,Studio,2015Q3,100.1,0.3,,4384.0,4405.0,408.0,23.43,25.13
091-2,Helsinki 2,Studio,2015Q4,100.3,0.2,,4736.0,4782.0,518.0,23.58,25.16
091-2,Helsinki 2,Studio,2016Q1,101.0,0.6,1.3,4045.0,4770.0,571.0,23.87,25.23
091-2,Helsinki 2,Studio,2016Q2,101.4,0.4,1.5,3795.0,4951.0,606.0,24.07,25.37
091-2,Helsinki 2,Studio,2016Q3,101.9,0.5,1.8,3470.0,4935.0,511.0,24.15,25.63
091-2,Helsinki 2,Studio,2016Q4,102.2,0.4,1.9,3404.0,5236.0,595.0,24.29,25.74
091-2,Helsinki 2,Studio,2017Q1,102.6,0.4,1.6,4545.0,5205.0,551.0,24.47,25.93
091-2,Helsinki 2,Studio,2017Q2,102.8,0.1,1.4,4211.0,5233.0,562.0,24.51,25.56
091-2,Helsinki 2,Studio,2017Q3,103.3,0.5,1.4,3566.0,5226.0,934.0,24.86,25.64
091-2,Helsinki 2,Studio,2017Q4,103.7,0.4,1.4,3643.0,5844.0,1204.0,24.95,25.94
091-2,Helsinki 2,Studio,2018Q1,104.2,0.5,1.5,5396.0,6107.0,874.0,24.75,26.26
091-2,Helsinki 2,Studio,2018Q2,104.5,0.3,1.7,4875.0,5915.0,779.0,24.88,26.59
091-2,Helsinki 2,Studio,2018Q3,104.7,0.2,1.4,4129.0,5382.0,795.0,25.0,26.53
091-2,Helsinki 2,Studio,2018Q4,105.1,0.4,1.4,4224.0,5616.0,939.0,25.43,26.8
091-2,Helsinki 2,Studio,2019Q1,105.6,0.5,1.3,5383.0,5980.0,791.0,25.34,27.08
091-2,Helsinki 2,Studio,2019Q2,106.0,0.4,1.5,5011.0,5990.0,812.0,25.43,26.65
091-2,Helsinki 2,Studio,2019Q3,106.4,0.4,1.6,4449.0,5694.0,844.0,25.63,26.89
091-2,Helsinki 2,Studio,2019Q4,106.7,0.3,1.6,4333.0,5940.0,1101.0,26.16,28.04
091-2,Helsinki 2,Studio,2020Q1,107.3,0.5,1.6,5308.0,6016.0,860.0,26.44,28.18
091-2,Helsinki 2,Studio,2020Q2,107.6,0.3,1.5,5051.0,7006.0,1028.0,26.55,27.73
091-2,Helsinki 2,Studio,2020Q3,107.6,-0.1,1.1,4698.0,7019.0,1237.0,26.56,27.8
091-2,Helsinki 2,Studio,2020Q4,108.3,0.7,1.5,4589.0,7124.0,1483.0,26.77,27.8
091-2,Helsinki 2,Studio,2021Q1,108.4,0.1,1.0,6213.0,7278.0,1195.0,26.78,27.45
091-2,Helsinki 2,Studio,2021Q2,108.5,0.1,0.8,5594.0,7014.0,1095.0,26.89,27.38
091-2,Helsinki 2,Studio,2021Q3,108.6,0.1,0.9,4977.0,6645.0,1247.0,26.93,27.53
091-2,Helsinki 2,Studio,2021Q4,108.7,0.1,0.3,4998.0,7082.0,1518.0,27.01,28.06
091-2,Helsinki 2,Studio,2022Q1,108.7,0.0,0.2,6301.0,7558.0,1167.0,27.01,27.87
091-2,Helsinki 2,Studio,2022Q2,108.7,0.1,0.2,5385.0,6954.0,1143.0,27.11,27.74
091-2,Helsinki 2,Studio,2022Q3,108.7,0.0,0.1,4848.0,6741.0,1292.0,27.32,28.68
091-2,Helsinki 2,Studio,2022Q4,108.9,0.2,0.2,4875.0,7104.0,1547.0,27.32,28.35
091-2,Helsinki 2,Studio,2023Q1,108.8,-0.1,0.2,6484.0,7033.0,1049.0,27.43,28.0
091-2,Helsinki 2,Studio,2023Q2,109.0,0.1,0.2,6162.0,7180.0,1095.0,27.5,28.13
091-2,Helsinki 2,Studio,2023Q3,109.1,0.1,0.4,5804.0,7134.0,1231.0,27.56,28.25
091-2,Helsinki 2,Studio,2023Q4,109.3,0.2,0.3,5677.0,7351.0,1451.0,27.63,28.16
091-2,Helsinki 2,Studio,2024Q1,109.3,0.1,0.5,6817.0,7364.0,1097.0,27.63,28.11
091-2,Helsinki 2,Studio,2024Q2,109.5,0.1,0.5,6203.0,7059.0,1010.0,27.73,28.08
091-2,Helsinki 2,Studio,2024Q3,109.6,0.1,0.5,5640.0,6801.0,1157.0,27.8,28.37
091-2,Helsinki 2,Studio,2024Q4,109.6,0.0,0.3,5472.0,6914.0,1371.0,27.8,28.08
091-2,Helsinki 2,Studio,2025Q1,109.5,-0.1,0.2,6246.0,6853.0,1037.0,27.8,27.73
091-2,Helsinki 2,Studio,2025Q2,109.4,-0.1,-0.1,5722.0,6501.0,937.0,27.89,27.8
091-2,Helsinki 2,Studio,2025Q3,109.2,-0.2,-0.4,4667.0,6356.0,918.0,28.31,28.06
091-2,Helsinki 2,Studio,2025Q4,108.8,-0.4,-0.8,5102.0,6635.0,638.0,27.66,28.26
091-2,Helsinki 2,Two-bedroom+,2015Q1,99.8,,,789.0,789.0,101.0,14.7,17.79
091-2,Helsinki 2,Two-bedroom+,2015Q2,100.0,0.2,,802.0,802.0,117.0,14.9,17.88
091-2,Helsinki 2,Two-bedroom+,2015Q3,100.0,0.0,,864.0,865.0,129.0,15.0,17.96
091-2,Helsinki 2,Two-bedroom+,2015Q4,100.1,0.1,,929.0,930.0,113.0,14.74,17.38
091-2,Helsinki 2,Two-bedroom+,2016Q1,101.1,1.0,1.2,807.0,929.0,191.0,15.44,18.23
091-2,Helsinki 2,Two-bedroom+,2016Q2,101.9,0.8,1.9,806.0,995.0,199.0,15.83,18.19
091-2,Helsinki 2,Two-bedroom+,2016Q3,102.7,0.8,2.7,754.0,978.0,161.0,16.16,18.14
091-2,Helsinki 2,Two-bedroom+,2016Q4,103.0,0.2,2.9,758.0,1033.0,138.0,16.01,18.79
091-2,Helsinki 2,Two-bedroom+,2017Q1,103.8,0.8,2.7,953.0,1013.0,153.0,16.22,19.41
091-2,Helsinki 2,Two-bedroom+,2017Q2,104.0,0.2,2.0,923.0,1133.0,192.0,16.29,19.17
091-2,Helsinki 2,Two-bedroom+,2017Q3,104.0,0.0,1.2,861.0,1074.0,176.0,17.59,18.34
091-2,Helsinki 2,Two-bedroom+,2017Q4,104.1,0.1,1.0,834.0,1073.0,165.0,17.88,18.54
091-2,Helsinki 2,Two-bedroom+,2018Q1,104.6,0.6,0.8,1057.0,1121.0,174.0,17.19,17.85
091-2,Helsinki 2,Two-bedroom+,2018Q2,105.2,0.5,1.2,1019.0,1121.0,222.0,17.36,18.23
091-2,Helsinki 2,Two-bedroom+,2018Q3,105.1,-0.1,1.0,987.0,1089.0,227.0,17.37,18.49
091-2,Helsinki 2,Two-bedroom+,2018Q4,105.0,-0.1,0.9,987.0,1115.0,204.0,17.97,18.61
091-2,Helsinki 2,Two-bedroom+,2019Q1,105.5,0.5,0.8,1106.0,1128.0,191.0,17.6,18.2
091-2,Helsinki 2,Two-bedroom+,2019Q2,106.5,1.0,1.3,1089.0,1131.0,147.0,17.7,18.1
091-2,Helsinki 2,Two-bedroom+,2019Q3,106.9,0.3,1.7,1051.0,1099.0,149.0,17.84,17.43
091-2,Helsinki 2,Two-bedroom+,2019Q4,107.6,0.6,2.4,1034.0,1152.0,189.0,18.57,19.61
091-2,Helsinki 2,Two-bedroom+,2020Q1,108.1,0.5,2.4,1129.0,1180.0,188.0,18.65,19.72
091-2,Helsinki 2,Two-bedroom+,2020Q2,108.7,0.6,2.0,1108.0,1251.0,212.0,18.91,20.19
091-2,Helsinki 2,Two-bedroom+,2020Q3,109.1,0.3,2.0,1103.0,1309.0,256.0,18.95,20.11
091-2,Helsinki 2,Two-bedroom+,2020Q4,109.0,0.0,1.4,1097.0,1304.0,235.0,18.92,19.73
091-2,Helsinki 2,Two-bedroom+,2021Q1,109.1,0.1,1.0,1255.0,1317.0,209.0,18.72,19.2
091-2,Helsinki 2,Two-bedroom+,2021Q2,109.9,0.7,1.1,1233.0,1322.0,233.0,18.92,19.66
091-2,Helsinki 2,Two-bedroom+,2021Q3,110.0,0.1,0.9,1210.0,1351.0,340.0,19.16,20.33
091-2,Helsinki 2,Two-bedroom+,2021Q4,110.1,0.0,0.9,1189.0,1390.0,374.0,19.26,20.54
091-2,Helsinki 2,Two-bedroom+,2022Q1,109.9,-0.2,0.7,1356.0,1459.0,285.0,19.11,20.1
091-2,Helsinki 2,Two-bedroom+,2022Q2,110.7,0.7,0.7,1318.0,1452.0,258.0,19.39,19.95
091-2,Helsinki 2,Two-bedroom+,2022Q3,110.9,0.2,0.7,1300.0,1488.0,326.0,19.82,21.5
091-2,Helsinki 2,Two-bedroom+,2022Q4,112.1,1.1,1.8,1300.0,1570.0,354.0,19.9,21.94
091-2,Helsinki 2,Two-bedroom+,2023Q1,111.4,-0.6,1.3,1524.0,1564.0,292.0,19.96,21.12
091-2,Helsinki 2,Two-bedroom+,2023Q2,111.6,0.2,0.8,1503.0,1583.0,279.0,19.98,20.59
091-2,Helsinki 2,Two-bedroom+,2023Q3,111.9,0.3,1.0,1491.0,1598.0,322.0,20.05,21.0
091-2,Helsinki 2,Two-bedroom+,2023Q4,112.2,0.2,0.1,1488.0,1627.0,301.0,20.07,20.78
091-2,Helsinki 2,Two-bedroom+,2024Q1,112.3,0.1,0.9,1591.0,1643.0,319.0,20.16,20.85
091-2,Helsinki 2,Two-bedroom+,2024Q2,112.6,0.2,0.9,1577.0,1669.0,330.0,20.21,20.66
091-2,Helsinki 2,Two-bedroom+,2024Q3,112.8,0.2,0.8,1513.0,1647.0,325.0,20.45,20.49
091-2,Helsinki 2,Two-bedroom+,2024Q4,112.9,0.1,0.6,1488.0,1629.0,269.0,20.5,20.77
091-2,Helsinki 2,Two-bedroom+,2025Q1,113.1,0.1,0.6,1595.0,1645.0,268.0,20.08,20.4
091-2,Helsinki 2,Two-bedroom+,2025Q2,113.3,0.2,0.7,1575.0,1604.0,,20.62,
091-2,Helsinki 2,Two-bedroom+,2025Q3,113.3,0.0,0.5,1530.0,2347.0,,21.45,
091-2,Helsinki 2,Two-bedroom+,2025Q4,112.5,-0.8,-0.4,1525.0,1700.0,293.0,19.2,20.84
091-3,Helsinki 3,All,2015Q1,99.8,,,1942.0,1949.0,240.0,17.35,20.62
091-3,Helsinki 3,All,2015Q2,100.0,0.2,,2027.0,2028.0,273.0,17.43,20.75
091-3,Helsinki 3,All,2015Q3,100.0,0.0,,2019.0,2022.0,257.0,17.61,19.98
091-3,Helsinki 3,All,2015Q4,100.1,0.1,,2162.0,2169.0,259.0,17.35,20.27
091-3,Helsinki 3,All,2016Q1,100.7,0.6,0.9,1879.0,2487.0,412.0,17.89,19.89
091-3,Helsinki 3,All,2016Q2,100.9,0.2,0.9,1774.0,2675.0,367.0,18.02,19.87
091-3,Helsinki 3,All,2016Q3,101.3,0.4,1.3,1637.0,2662.0,371.0,18.24,20.2
091-3,Helsinki 3,All,2016Q4,101.5,0.2,1.4,1658.0,2934.0,424.0,18.14,19.92
091-3,Helsinki 3,All,2017Q1,102.0,0.5,1.3,2652.0,2977.0,393.0,17.97,19.35
091-3,Helsinki 3,All,2017Q2,102.2,0.2,1.3,2536.0,3100.0,445.0,18.04,19.12
091-3,Helsinki 3,All,2017Q3,102.1,-0.1,0.7,2278.0,3027.0,555.0,18.79,19.41
091-3,Helsinki 3,All,2017Q4,102.3,0.2,0.8,2283.0,3275.0,597.0,18.87,19.73
091-3,Helsinki 3,All,2018Q1,103.2,0.8,1.1,3122.0,3391.0,469.0,18.35,19.7
091-3,Helsinki 3,All,2018Q2,103.2,0.1,1.0,2951.0,3303.0,485.0,18.43,20.13
091-3,Helsinki 3,All,2018Q3,103.2,-0.1,1.1,2713.0,3133.0,486.0,18.66,20.32
091-3,Helsinki 3,All,2018Q4,103.4,0.2,1.0,2690.0,3097.0,452.0,19.12,20.69
091-3,Helsinki 3,All,2019Q1,104.0,0.6,0.8,3025.0,3279.0,399.0,19.03,20.4
091-3,Helsinki 3,All,2019Q2,104.8,0.7,1.5,2895.0,3258.0,397.0,19.16,20.78
091-3,Helsinki 3,All,2019Q3,105.0,0.3,1.8,2706.0,3180.0,446.0,19.22,20.2
091-3,Helsinki 3,All,2019Q4,105.3,0.3,1.9,2636.0,3189.0,493.0,19.77,20.31
091-3,Helsinki 3,All,2020Q1,105.7,0.4,1.6,2957.0,3336.0,484.0,19.83,20.16
091-3,Helsinki 3,All,2020Q2,106.0,0.3,1.2,2854.0,3459.0,458.0,19.81,20.05
091-3,Helsinki 3,All,2020Q3,106.4,0.3,1.3,2706.0,3457.0,525.0,19.91,20.18
091-3,Helsinki 3,All,2020Q4,106.6,0.2,1.1,2673.0,3567.0,668.0,20.15,21.47
091-3,Helsinki 3,All,2021Q1,106.7,0.2,0.9,3239.0,3617.0,601.0,19.96,20.98
091-3,Helsinki 3,All,2021Q2,106.9,0.2,0.8,3062.0,3526.0,545.0,20.08,20.35
091-3,Helsinki 3,All,2021Q3,107.0,0.1,0.6,2874.0,3466.0,692.0,20.31,20.95
091-3,Helsinki 3,All,2021Q4,106.8,-0.2,0.2,2866.0,3520.0,705.0,20.3,20.72
091-3,Helsinki 3,All,2022Q1,106.2,-0.6,-0.5,3286.0,3677.0,579.0,20.13,19.97
091-3,Helsinki 3,All,2022Q2,106.8,0.6,-0.1,2959.0,3528.0,563.0,20.27,20.24
091-3,Helsinki 3,All,2022Q3,107.3,0.4,0.2,2734.0,3423.0,572.0,20.31,20.94
091-3,Helsinki 3,All,2022Q4,108.4,1.0,1.5,2726.0,3488.0,543.0,20.5,21.37
091-3,Helsinki 3,All,2023Q1,107.3,-1.0,1.1,3293.0,3624.0,680.0,20.42,21.31
091-3,Helsinki 3,All,2023Q2,107.6,0.3,0.8,3184.0,3877.0,951.0,20.6,21.87
091-3,Helsinki 3,All,2023Q3,107.6,-0.1,0.3,3055.0,3863.0,881.0,20.61,21.32
091-3,Helsinki 3,All,2023Q4,108.0,0.4,-0.4,3076.0,4116.0,802.0,20.81,21.52
091-3,Helsinki 3,All,2024Q1,108.1,0.1,0.7,3961.0,4170.0,755.0,20.89,21.47
091-3,Helsinki 3,All,2024Q2,108.5,0.4,0.8,3794.0,4103.0,615.0,20.98,20.96
091-3,Helsinki 3,All,2024Q3,108.6,0.1,1.0,3636.0,4090.0,664.0,21.0,21.44
091-3,Helsinki 3,All,2024Q4,108.6,0.0,0.6,3582.0,4081.0,736.0,21.08,21.49
091-3,Helsinki 3,All,2025Q1,108.8,0.1,0.6,3853.0,4002.0,604.0,21.09,21.07
091-3,Helsinki 3,All,2025Q2,108.8,0.0,0.3,3716.0,3904.0,626.0,21.21,21.25
091-3,Helsinki 3,All,2025Q3,108.7,-0.1,0.1,3396.0,4689.0,666.0,21.27,21.33
091-3,Helsinki 3,All,2025Q4,107.8,-0.9,-0.8,3477.0,4389.0,650.0,20.41,20.58
091-3,Helsinki 3,One-bedroom,2015Q1,99.6,,,773.0,775.0,84.0,15.5,19.14
091-3,Helsinki 3,One-bedroom,2015Q2,100.2,0.5,,800.0,800.0,92.0,15.79,18.93
091-3,Helsinki 3,One-bedroom,2015Q3,100.2,0.0,,802.0,802.0,91.0,16.0,18.63
091-3,Helsinki 3,One-bedroom,2015Q4,100.0,-0.1,,854.0,854.0,95.0,15.7,18.58
091-3,Helsinki 3,One-bedroom,2016Q1,100.8,0.7,1.2,729.0,976.0,158.0,16.41,18.53
091-3,Helsinki 3,One-bedroom,2016Q2,101.0,0.2,0.8,684.0,1038.0,133.0,16.6,18.6
091-3,Helsinki 3,One-bedroom,2016Q3,101.2,0.2,1.0,636.0,1057.0,142.0,16.72,19.07
091-3,Helsinki 3,One-bedroom,2016Q4,101.2,0.0,1.1,636.0,1177.0,171.0,16.78,18.91
091-3,Helsinki 3,One-bedroom,2017Q1,101.9,0.7,1.1,1061.0,1206.0,154.0,16.87,18.62
091-3,Helsinki 3,One-bedroom,2017Q2,102.1,0.2,1.0,1003.0,1262.0,205.0,16.97,18.49
091-3,Helsinki 3,One-bedroom,2017Q3,101.7,-0.4,0.5,886.0,1223.0,230.0,17.85,18.48
091-3,Helsinki 3,One-bedroom,2017Q4,102.0,0.3,0.8,866.0,1306.0,222.0,17.97,18.38
091-3,Helsinki 3,One-bedroom,2018Q1,102.8,0.8,0.9,1241.0,1347.0,179.0,17.63,18.38
091-3,Helsinki 3,One-bedroom,2018Q2,102.9,0.1,0.9,1192.0,1336.0,198.0,17.68,18.97
091-3,Helsinki 3,One-bedroom,2018Q3,102.6,-0.4,0.9,1103.0,1265.0,197.0,17.82,19.01
091-3,Helsinki 3,One-bedroom,2018Q4,102.8,0.3,0.8,1056.0,1208.0,153.0,18.02,18.86
091-3,Helsinki 3,One-bedroom,2019Q1,103.7,0.8,0.8,1168.0,1242.0,135.0,17.93,19.19
091-3,Helsinki 3,One-bedroom,2019Q2,104.5,0.8,1.5,1128.0,1236.0,143.0,18.12,19.73
091-3,Helsinki 3,One-bedroom,2019Q3,104.7,0.2,2.1,1069.0,1216.0,166.0,18.34,19.35
091-3,Helsinki 3,One-bedroom,2019Q4,105.1,0.3,2.2,1026.0,1228.0,185.0,18.68,19.14
091-3,Helsinki 3,One-bedroom,2020Q1,105.3,0.2,1.6,1143.0,1329.0,187.0,18.4,18.88
091-3,Helsinki 3,One-bedroom,2020Q2,105.5,0.2,1.0,1098.0,1353.0,186.0,18.4,18.27
091-3,Helsinki 3,One-bedroom,2020Q3,106.0,0.5,1.2,1043.0,1328.0,201.0,18.52,18.26
091-3,Helsinki 3,One-bedroom,2020Q4,106.2,0.2,1.0,1022.0,1347.0,242.0,18.8,19.36
091-3,Helsinki 3,One-bedroom,2021Q1,106.2,0.1,0.9,1229.0,1369.0,228.0,18.83,19.34
091-3,Helsinki 3,One-bedroom,2021Q2,106.4,0.2,0.9,1180.0,1365.0,212.0,18.93,19.11
091-3,Helsinki 3,One-bedroom,2021Q3,106.6,0.2,0.6,1118.0,1333.0,265.0,19.03,19.45
091-3,Helsinki 3,One-bedroom,2021Q4,106.1,-0.5,0.0,1117.0,1371.0,288.0,18.98,19.17
091-3,Helsinki 3,One-bedroom,2022Q1,105.3,-0.8,-0.9,1284.0,1431.0,235.0,18.87,18.35
091-3,Helsinki 3,One-bedroom,2022Q2,106.2,0.8,-0.2,1148.0,1383.0,211.0,19.21,18.86
091-3,Helsinki 3,One-bedroom,2022Q3,106.7,0.5,0.1,1074.0,1395.0,237.0,19.29,19.67
091-3,Helsinki 3,One-bedroom,2022Q4,108.5,1.7,2.2,1066.0,1411.0,199.0,19.55,20.33
091-3,Helsinki 3,One-bedroom,2023Q1,106.9,-1.5,1.5,1341.0,1439.0,229.0,19.3,19.8
091-3,Helsinki 3,One-bedroom,2023Q2,107.3,0.4,1.0,1296.0,1479.0,282.0,19.43,20.05
091-3,Helsinki 3,One-bedroom,2023Q3,107.3,0.0,0.6,1243.0,1473.0,293.0,19.45,19.7
091-3,Helsinki 3,One-bedroom,2023Q4,107.6,0.3,-0.8,1245.0,1519.0,255.0,19.51,19.43
091-3,Helsinki 3,One-bedroom,2024Q1,107.5,-0.1,0.6,1468.0,1536.0,246.0,19.55,19.5
091-3,Helsinki 3,One-bedroom,2024Q2,107.9,0.4,0.6,1399.0,1502.0,224.0,19.61,19.52
091-3,Helsinki 3,One-bedroom,2024Q3,108.0,0.1,0.7,1345.0,1494.0,213.0,19.6,19.55
091-3,Helsinki 3,One-bedroom,2024Q4,108.1,0.1,0.5,1310.0,1466.0,232.0,19.63,19.53
091-3,Helsinki 3,One-bedroom,2025Q1,108.2,0.1,0.6,1393.0,1441.0,192.0,19.69,19.26
091-3,Helsinki 3,One-bedroom,2025Q2,108.2,0.0,0.2,1334.0,1388.0,204.0,19.75,19.15
091-3,Helsinki 3,One-bedroom,2025Q3,108.0,-0.1,0.0,1234.0,1719.0,238.0,20.06,19.76
091-3,Helsinki 3,One-bedroom,2025Q4,107.3,-0.7,-0.8,1238.0,1463.0,210.0,19.02,19.23
091-3,Helsinki 3,Studio,2015Q1,99.6,,,842.0,847.0,100.0,23.69,26.17
091-3,Helsinki 3,Studio,2015Q2,100.0,0.3,,882.0,883.0,113.0,23.88,26.47
091-3,Helsinki 3,Studio,2015Q3,100.1,0.2,,871.0,874.0,99.0,24.15,26.23
091-3,Helsinki 3,Studio,2015Q4,100.3,0.1,,944.0,951.0,120.0,24.06,25.6
091-3,Helsinki 3,Studio,2016Q1,100.6,0.4,1.0,825.0,1015.0,153.0,24.57,25.9
091-3,Helsinki 3,Studio,2016Q2,101.0,0.3,1.0,775.0,1053.0,134.0,24.5,26.91
091-3,Helsinki 3,Studio,2016Q3,101.6,0.6,1.4,704.0,1033.0,119.0,24.73,27.74
091-3,Helsinki 3,Studio,2016Q4,101.9,0.3,1.6,717.0,1109.0,139.0,24.61,27.09
091-3,Helsinki 3,Studio,2017Q1,102.5,0.6,1.8,998.0,1121.0,138.0,24.17,25.89
091-3,Helsinki 3,Studio,2017Q2,102.6,0.2,1.6,951.0,1148.0,133.0,24.35,25.72
091-3,Helsinki 3,Studio,2017Q3,102.8,0.2,1.2,843.0,1153.0,199.0,24.26,25.0
091-3,Helsinki 3,Studio,2017Q4,103.0,0.2,1.1,871.0,1304.0,262.0,23.93,24.61
091-3,Helsinki 3,Studio,2018Q1,103.8,0.7,1.3,1226.0,1347.0,189.0,23.94,25.74
091-3,Helsinki 3,Studio,2018Q2,103.9,0.1,1.2,1121.0,1282.0,178.0,24.15,26.28
091-3,Helsinki 3,Studio,2018Q3,103.7,-0.1,0.9,992.0,1206.0,184.0,24.28,26.2
091-3,Helsinki 3,Studio,2018Q4,103.8,0.1,0.8,1021.0,1247.0,202.0,24.49,26.28
091-3,Helsinki 3,Studio,2019Q1,104.7,0.9,0.9,1206.0,1372.0,167.0,24.97,27.06
091-3,Helsinki 3,Studio,2019Q2,105.3,0.6,1.4,1135.0,1360.0,167.0,25.12,27.22
091-3,Helsinki 3,Studio,2019Q3,105.7,0.4,2.0,1023.0,1290.0,176.0,25.2,26.75
091-3,Helsinki 3,Studio,2019Q4,106.0,0.2,2.1,1012.0,1308.0,189.0,25.51,26.8
091-3,Helsinki 3,Studio,2020Q1,106.5,0.5,1.7,1193.0,1352.0,175.0,26.12,27.06
091-3,Helsinki 3,Studio,2020Q2,106.8,0.3,1.4,1149.0,1439.0,181.0,25.97,26.62
091-3,Helsinki 3,Studio,2020Q3,107.0,0.1,1.2,1072.0,1444.0,200.0,26.09,26.82
091-3,Helsinki 3,Studio,2020Q4,107.1,0.1,1.1,1075.0,1521.0,291.0,26.3,27.63
091-3,Helsinki 3,Studio,2021Q1,107.3,0.2,0.7,1343.0,1555.0,248.0,26.02,27.66
091-3,Helsinki 3,Studio,2021Q2,107.2,-0.2,0.3,1235.0,1478.0,200.0,26.12,26.56
091-3,Helsinki 3,Studio,2021Q3,107.2,0.1,0.2,1129.0,1437.0,256.0,26.24,26.35
091-3,Helsinki 3,Studio,2021Q4,107.2,0.0,0.1,1138.0,1463.0,261.0,26.26,26.56
091-3,Helsinki 3,Studio,2022Q1,106.8,-0.4,-0.5,1334.0,1539.0,238.0,26.07,25.78
091-3,Helsinki 3,Studio,2022Q2,106.7,0.0,-0.4,1169.0,1433.0,226.0,26.13,25.81
091-3,Helsinki 3,Studio,2022Q3,107.1,0.3,-0.1,1050.0,1332.0,216.0,26.09,26.59
091-3,Helsinki 3,Studio,2022Q4,107.0,-0.1,-0.2,1060.0,1380.0,238.0,25.98,26.37
091-3,Helsinki 3,Studio,2023Q1,106.8,-0.1,0.1,1265.0,1427.0,277.0,26.07,26.77
091-3,Helsinki 3,Studio,2023Q2,106.7,-0.1,0.0,1205.0,1541.0,395.0,26.21,27.0
091-3,Helsinki 3,Studio,2023Q3,106.3,-0.3,-0.7,1140.0,1537.0,353.0,26.17,26.69
091-3,Helsinki 3,Studio,2023Q4,106.3,0.0,-0.6,1152.0,1677.0,354.0,26.43,26.87
091-3,Helsinki 3,Studio,2024Q1,106.6,0.3,-0.2,1591.0,1708.0,309.0,26.46,27.16
091-3,Helsinki 3,Studio,2024Q2,106.9,0.3,0.3,1507.0,1681.0,241.0,26.59,26.45
091-3,Helsinki 3,Studio,2024Q3,106.9,0.0,0.6,1419.0,1653.0,305.0,26.67,26.4
091-3,Helsinki 3,Studio,2024Q4,106.8,-0.1,0.5,1407.0,1683.0,351.0,26.61,26.43
091-3,Helsinki 3,Studio,2025Q1,106.9,0.1,0.3,1545.0,1631.0,258.0,26.63,25.87
091-3,Helsinki 3,Studio,2025Q2,106.9,-0.1,-0.1,1474.0,1593.0,277.0,26.7,26.46
091-3,Helsinki 3,Studio,2025Q3,106.7,-0.1,-0.2,1300.0,1695.0,261.0,26.76,26.88
091-3,Helsinki 3,Studio,2025Q4,106.2,-0.5,-0.6,1375.0,1975.0,284.0,25.13,24.45
091-3,Helsinki 3,Two-bedroom+,2015Q1,100.2,,,327.0,327.0,56.0,14.69,17.46
091-3,Helsinki 3,Two-bedroom+,2015Q2,99.9,-0.3,,345.0,345.0,68.0,14.51,17.96
091-3,Helsinki 3,Two-bedroom+,2015Q3,99.8,-0.1,,346.0,346.0,67.0,14.63,17.34
091-3,Helsinki 3,Two-bedroom+,2015Q4,100.1,0.4,,364.0,364.0,44.0,14.3,16.95
091-3,Helsinki 3,Two-bedroom+,2016Q1,100.8,0.7,0.6,325.0,496.0,101.0,15.06,16.95
091-3,Helsinki 3,Two-bedroom+,2016Q2,100.7,-0.1,0.9,315.0,584.0,100.0,15.47,17.16
091-3,Helsinki 3,Two-bedroom+,2016Q3,101.3,0.6,1.6,297.0,572.0,110.0,15.84,17.55
091-3,Helsinki 3,Two-bedroom+,2016Q4,101.5,0.2,1.4,305.0,648.0,114.0,15.79,17.42
091-3,Helsinki 3,Two-bedroom+,2017Q1,101.7,0.2,0.9,593.0,650.0,101.0,15.44,16.57
091-3,Helsinki 3,Two-bedroom+,2017Q2,101.9,0.1,1.1,582.0,690.0,107.0,15.53,16.58
091-3,Helsinki 3,Two-bedroom+,2017Q3,102.0,0.1,0.6,549.0,651.0,126.0,16.29,17.02
091-3,Helsinki 3,Two-bedroom+,2017Q4,101.9,0.0,0.4,546.0,665.0,113.0,16.28,17.08
091-3,Helsinki 3,Two-bedroom+,2018Q1,103.0,1.0,1.2,655.0,697.0,101.0,15.6,16.83
091-3,Helsinki 3,Two-bedroom+,2018Q2,103.0,0.0,1.1,638.0,685.0,109.0,15.71,17.3
091-3,Helsinki 3,Two-bedroom+,2018Q3,103.5,0.5,1.5,618.0,662.0,105.0,16.02,17.61
091-3,Helsinki 3,Two-bedroom+,2018Q4,103.6,0.1,1.6,613.0,642.0,,16.67,
091-3,Helsinki 3,Two-bedroom+,2019Q1,103.8,0.2,0.8,651.0,665.0,,16.1,
091-3,Helsinki 3,Two-bedroom+,2019Q2,104.5,0.7,1.5,632.0,662.0,87.0,16.16,17.02
091-3,Helsinki 3,Two-bedroom+,2019Q3,104.7,0.2,1.2,614.0,674.0,104.0,16.19,16.75
091-3,Helsinki 3,Two-bedroom+,2019Q4,105.1,0.4,1.4,598.0,653.0,119.0,16.88,17.31
091-3,Helsinki 3,Two-bedroom+,2020Q1,105.5,0.4,1.6,621.0,655.0,122.0,17.15,17.26
091-3,Helsinki 3,Two-bedroom+,2020Q2,106.0,0.5,1.4,607.0,667.0,91.0,17.13,17.62
091-3,Helsinki 3,Two-bedroom+,2020Q3,106.2,0.2,1.4,591.0,685.0,124.0,17.21,18.13
091-3,Helsinki 3,Two-bedroom+,2020Q4,106.5,0.3,1.4,576.0,699.0,135.0,17.23,18.57
091-3,Helsinki 3,Two-bedroom+,2021Q1,106.8,0.3,1.2,667.0,693.0,125.0,17.26,18.15
091-3,Helsinki 3,Two-bedroom+,2021Q2,107.3,0.5,1.2,647.0,683.0,133.0,17.49,18.1
091-3,Helsinki 3,Two-bedroom+,2021Q3,107.4,0.2,1.1,627.0,696.0,171.0,17.86,19.21
091-3,Helsinki 3,Two-bedroom+,2021Q4,107.3,-0.2,0.7,611.0,686.0,,17.84,
091-3,Helsinki 3,Two-bedroom+,2022Q1,106.8,-0.4,0.0,668.0,707.0,106.0,17.68,17.75
091-3,Helsinki 3,Two-bedroom+,2022Q2,107.7,0.9,0.4,642.0,712.0,126.0,17.79,18.27
091-3,Helsinki 3,Two-bedroom+,2022Q3,108.2,0.4,0.7,610.0,696.0,119.0,18.03,18.73
091-3,Helsinki 3,Two-bedroom+,2022Q4,109.6,1.3,2.2,600.0,697.0,106.0,18.27,18.74
091-3,Helsinki 3,Two-bedroom+,2023Q1,108.4,-1.1,1.5,687.0,758.0,174.0,18.21,18.71
091-3,Helsinki 3,Two-bedroom+,2023Q2,109.0,0.6,1.2,683.0,857.0,,18.37,
091-3,Helsinki 3,Two-bedroom+,2023Q3,109.2,0.1,0.9,672.0,853.0,235.0,18.35,18.96
091-3,Helsinki 3,Two-bedroom+,2023Q4,110.1,0.9,0.5,679.0,920.0,193.0,18.5,19.37
091-3,Helsinki 3,Two-bedroom+,2024Q1,110.4,0.3,1.8,902.0,926.0,200.0,18.6,19.09
091-3,Helsinki 3,Two-bedroom+,2024Q2,111.0,0.5,1.8,888.0,920.0,150.0,18.67,18.59
091-3,Helsinki 3,Two-bedroom+,2024Q3,111.2,0.2,1.9,872.0,943.0,,18.71,
091-3,Helsinki 3,Two-bedroom+,2024Q4,111.3,0.0,1.0,865.0,932.0,,18.82,
091-3,Helsinki 3,Two-bedroom+,2025Q1,111.5,0.3,1.0,915.0,930.0,154.0,18.79,18.97
091-3,Helsinki 3,Two-bedroom+,2025Q2,111.6,0.1,0.6,908.0,923.0,,19.0,
091-3,Helsinki 3,Two-bedroom+,2025Q3,111.7,0.0,0.4,862.0,1275.0,,19.13,
091-3,Helsinki 3,Two-bedroom+,2025Q4,110.0,-1.5,-1.1,864.0,951.0,,18.19,
091-4,Helsinki 4,All,2015Q1,99.5,,,5192.0,5202.0,511.0,15.92,17.06
091-4,Helsinki 4,All,2015Q2,99.7,0.2,,5372.0,5375.0,582.0,16.01,17.17
091-4,Helsinki 4,All,2015Q3,100.2,0.5,,5554.0,5558.0,640.0,16.06,16.99
091-4,Helsinki 4,All,2015Q4,100.5,0.3,,5872.0,5885.0,721.0,16.08,17.2
091-4,Helsinki 4,All,2016Q1,102.1,1.6,2.6,5030.0,5878.0,840.0,16.29,17.44
091-4,Helsinki 4,All,2016Q2,102.6,0.5,2.9,5072.0,6204.0,794.0,16.5,17.48
091-4,Helsinki 4,All,2016Q3,103.0,0.4,2.8,4843.0,6306.0,806.0,16.57,17.61
091-4,Helsinki 4,All,2016Q4,103.3,0.2,2.7,4809.0,6903.0,932.0,16.63,17.38
091-4,Helsinki 4,All,2017Q1,104.4,1.1,2.2,6276.0,7031.0,1004.0,17.03,18.26
091-4,Helsinki 4,All,2017Q2,104.3,0.0,1.6,6045.0,7609.0,1223.0,17.06,17.8
091-4,Helsinki 4,All,2017Q3,104.4,0.1,1.3,5669.0,7772.0,1390.0,17.41,17.73
091-4,Helsinki 4,All,2017Q4,104.6,0.2,1.3,5640.0,8194.0,1470.0,17.52,18.46
091-4,Helsinki 4,All,2018Q1,106.0,1.4,1.6,7955.0,8735.0,1401.0,17.37,18.66
091-4,Helsinki 4,All,2018Q2,106.0,0.0,1.6,7578.0,8582.0,1219.0,17.43,18.62
091-4,Helsinki 4,All,2018Q3,106.2,0.2,1.7,7273.0,8511.0,1193.0,17.55,18.55
091-4,Helsinki 4,All,2018Q4,106.2,0.1,1.6,7207.0,8507.0,1253.0,17.85,18.9
091-4,Helsinki 4,All,2019Q1,107.1,0.8,1.0,8355.0,8918.0,1156.0,17.83,19.24
091-4,Helsinki 4,All,2019Q2,107.8,0.7,1.7,7975.0,8824.0,1058.0,17.99,19.11
091-4,Helsinki 4,All,2019Q3,108.1,0.3,1.8,7725.0,8814.0,1242.0,18.16,19.54
091-4,Helsinki 4,All,2019Q4,108.6,0.4,2.2,7539.0,8817.0,1286.0,18.4,19.61
091-4,Helsinki 4,All,2020Q1,109.2,0.5,2.0,8173.0,8872.0,1176.0,18.59,19.21
091-4,Helsinki 4,All,2020Q2,109.7,0.5,1.8,8043.0,9299.0,1291.0,18.62,19.26
091-4,Helsinki 4,All,2020Q3,110.0,0.3,1.7,7878.0,9646.0,1561.0,18.69,19.56
091-4,Helsinki 4,All,2020Q4,110.1,0.1,1.4,7850.0,9839.0,1771.0,18.78,19.75
091-4,Helsinki 4,All,2021Q1,110.2,0.1,1.0,9015.0,9953.0,1597.0,18.62,19.32
091-4,Helsinki 4,All,2021Q2,111.3,1.0,1.5,8654.0,9939.0,1522.0,18.85,19.44
091-4,Helsinki 4,All,2021Q3,111.5,0.2,1.4,8391.0,9843.0,1692.0,18.95,19.71
091-4,Helsinki 4,All,2021Q4,111.2,-0.3,1.1,8370.0,9918.0,1771.0,18.91,19.51
091-4,Helsinki 4,All,2022Q1,110.9,-0.3,0.6,9391.0,10835.0,1675.0,18.8,19.43
091-4,Helsinki 4,All,2022Q2,112.0,0.9,0.6,8796.0,10676.0,1902.0,19.1,19.9
091-4,Helsinki 4,All,2022Q3,112.1,0.1,0.5,8597.0,10569.0,1820.0,19.17,20.11
091-4,Helsinki 4,All,2022Q4,112.2,0.1,0.9,8535.0,10668.0,1765.0,19.21,20.08
091-4,Helsinki 4,All,2023Q1,112.4,0.1,1.3,10226.0,10668.0,1539.0,19.24,19.77
091-4,Helsinki 4,All,2023Q2,112.6,0.1,0.5,9952.0,10788.0,1573.0,19.24,19.57
091-4,Helsinki 4,All,2023Q3,112.6,0.0,0.4,9844.0,10924.0,1970.0,19.25,19.53
091-4,Helsinki 4,All,2023Q4,112.5,-0.1,0.2,9728.0,11055.0,2036.0,19.23,19.3
091-4,Helsinki 4,All,2024Q1,112.7,0.2,0.3,10616.0,11033.0,1699.0,19.25,19.11
091-4,Helsinki 4,All,2024Q2,113.0,0.2,0.4,10267.0,10976.0,1595.0,19.29,19.17
091-4,Helsinki 4,All,2024Q3,112.9,-0.1,0.3,9968.0,10917.0,1778.0,19.36,19.51
091-4,Helsinki 4,All,2024Q4,112.8,-0.1,0.3,9834.0,10883.0,1948.0,19.38,19.67
091-4,Helsinki 4,All,2025Q1,112.6,-0.2,-0.2,10355.0,10712.0,1807.0,19.36,19.12
091-4,Helsinki 4,All,2025Q2,112.2,-0.3,-0.7,10079.0,10677.0,1891.0,19.29,18.64
091-4,Helsinki 4,All,2025Q3,111.7,-0.4,-1.1,9672.0,15063.0,2549.0,19.55,18.52
091-4,Helsinki 4,All,2025Q4,111.1,-0.5,-1.5,9766.0,10897.0,1857.0,18.98,18.32
091-4,Helsinki 4,One-bedroom,2015Q1,99.6,,,2097.0,2100.0,215.0,15.37,17.15
091-4,Helsinki 4,One-bedroom,2015Q2,99.8,0.3,,2141.0,2142.0,232.0,15.54,17.24
091-4,Helsinki 4,One-bedroom,2015Q3,100.3,0.4,,2210.0,2212.0,268.0,15.63,17.18
091-4,Helsinki 4,One-bedroom,2015Q4,100.3,0.0,,2377.0,2380.0,307.0,15.59,17.22
091-4,Helsinki 4,One-bedroom,2016Q1,101.6,1.3,2.0,2023.0,2348.0,354.0,15.74,17.52
091-4,Helsinki 4,One-bedroom,2016Q2,102.1,0.5,2.3,2018.0,2479.0,345.0,15.98,17.27
091-4,Helsinki 4,One-bedroom,2016Q3,102.5,0.4,2.3,1926.0,2534.0,353.0,16.04,17.38
091-4,Helsinki 4,One-bedroom,2016Q4,102.6,0.1,2.3,1912.0,2850.0,420.0,16.1,17.44
091-4,Helsinki 4,One-bedroom,2017Q1,103.5,0.9,1.9,2546.0,2889.0,432.0,16.26,17.73
091-4,Helsinki 4,One-bedroom,2017Q2,103.5,0.0,1.4,2410.0,3145.0,515.0,16.33,17.11
091-4,Helsinki 4,One-bedroom,2017Q3,103.5,0.0,1.0,2198.0,3173.0,589.0,16.88,17.21
091-4,Helsinki 4,One-bedroom,2017Q4,103.7,0.2,1.1,2177.0,3385.0,640.0,16.95,17.68
091-4,Helsinki 4,One-bedroom,2018Q1,104.8,1.1,1.3,3290.0,3597.0,617.0,16.77,17.99
091-4,Helsinki 4,One-bedroom,2018Q2,104.7,-0.1,1.1,3154.0,3557.0,511.0,16.82,17.86
091-4,Helsinki 4,One-bedroom,2018Q3,105.0,0.3,1.5,3023.0,3504.0,510.0,17.0,18.0
091-4,Helsinki 4,One-bedroom,2018Q4,105.2,0.1,1.4,2979.0,3477.0,539.0,17.3,18.33
091-4,Helsinki 4,One-bedroom,2019Q1,105.8,0.7,1.0,3416.0,3650.0,480.0,17.21,18.56
091-4,Helsinki 4,One-bedroom,2019Q2,106.3,0.4,1.5,3300.0,3657.0,445.0,17.31,18.49
091-4,Helsinki 4,One-bedroom,2019Q3,106.6,0.3,1.5,3186.0,3633.0,503.0,17.45,18.72
091-4,Helsinki 4,One-bedroom,2019Q4,107.1,0.5,1.8,3091.0,3643.0,525.0,17.74,18.69
091-4,Helsinki 4,One-bedroom,2020Q1,107.6,0.5,1.7,3429.0,3720.0,506.0,17.85,18.49
091-4,Helsinki 4,One-bedroom,2020Q2,108.0,0.4,1.6,3364.0,3893.0,543.0,17.85,18.35
091-4,Helsinki 4,One-bedroom,2020Q3,108.2,0.1,1.5,3289.0,4085.0,644.0,17.88,18.4
091-4,Helsinki 4,One-bedroom,2020Q4,108.2,0.0,1.0,3252.0,4126.0,746.0,17.92,18.52
091-4,Helsinki 4,One-bedroom,2021Q1,108.3,0.1,0.6,3745.0,4135.0,663.0,17.81,18.23
091-4,Helsinki 4,One-bedroom,2021Q2,109.1,0.8,1.0,3567.0,4104.0,583.0,17.99,18.1
091-4,Helsinki 4,One-bedroom,2021Q3,109.2,0.0,0.9,3512.0,4107.0,638.0,18.05,18.35
091-4,Helsinki 4,One-bedroom,2021Q4,109.0,-0.2,0.7,3483.0,4090.0,658.0,18.01,18.25
091-4,Helsinki 4,One-bedroom,2022Q1,108.7,-0.2,0.4,3844.0,4397.0,636.0,17.95,18.25
091-4,Helsinki 4,One-bedroom,2022Q2,109.4,0.6,0.3,3663.0,4368.0,732.0,18.17,18.62
091-4,Helsinki 4,One-bedroom,2022Q3,109.5,0.0,0.3,3603.0,4345.0,748.0,18.21,18.97
091-4,Helsinki 4,One-bedroom,2022Q4,109.6,0.1,0.6,3563.0,4355.0,702.0,18.27,18.95
091-4,Helsinki 4,One-bedroom,2023Q1,109.7,0.1,0.9,4174.0,4388.0,626.0,18.34,18.77
091-4,Helsinki 4,One-bedroom,2023Q2,109.9,0.1,0.4,4047.0,4432.0,622.0,18.36,18.54
091-4,Helsinki 4,One-bedroom,2023Q3,109.8,0.0,0.3,4025.0,4479.0,774.0,18.33,18.26
091-4,Helsinki 4,One-bedroom,2023Q4,109.6,-0.2,0.1,3975.0,4550.0,812.0,18.28,18.16
091-4,Helsinki 4,One-bedroom,2024Q1,109.9,0.2,0.2,4383.0,4587.0,741.0,18.32,18.13
091-4,Helsinki 4,One-bedroom,2024Q2,110.2,0.2,0.3,4234.0,4584.0,676.0,18.36,18.26
091-4,Helsinki 4,One-bedroom,2024Q3,110.1,-0.1,0.2,4138.0,4583.0,736.0,18.42,18.45
091-4,Helsinki 4,One-bedroom,2024Q4,110.0,-0.1,0.3,4058.0,4538.0,785.0,18.41,18.38
091-4,Helsinki 4,One-bedroom,2025Q1,109.8,-0.1,-0.1,4304.0,4443.0,741.0,18.42,18.0
091-4,Helsinki 4,One-bedroom,2025Q2,109.5,-0.3,-0.6,4206.0,4481.0,789.0,18.35,17.65
091-4,Helsinki 4,One-bedroom,2025Q3,109.1,-0.4,-0.9,4051.0,6372.0,1033.0,18.73,17.78
091-4,Helsinki 4,One-bedroom,2025Q4,108.3,-0.7,-1.5,4052.0,4619.0,783.0,18.05,17.73
091-4,Helsinki 4,Studio,2015Q1,99.5,,,1645.0,1651.0,143.0,20.09,21.54
091-4,Helsinki 4,Studio,2015Q2,99.7,0.2,,1747.0,1748.0,175.0,20.14,21.13
091-4,Helsinki 4,Studio,2015Q3,100.2,0.5,,1794.0,1795.0,161.0,20.27,21.57
091-4,Helsinki 4,Studio,2015Q4,100.6,0.5,,1888.0,1897.0,208.0,20.55,22.03
091-4,Helsinki 4,Studio,2016Q1,102.2,1.6,2.8,1610.0,1869.0,211.0,20.77,22.81
091-4,Helsinki 4,Studio,2016Q2,102.7,0.4,3.0,1587.0,1967.0,209.0,20.96,22.35
091-4,Helsinki 4,Studio,2016Q3,103.0,0.3,2.8,1483.0,1984.0,208.0,21.08,22.46
091-4,Helsinki 4,Studio,2016Q4,103.4,0.4,2.7,1463.0,2081.0,217.0,21.21,22.51
091-4,Helsinki 4,Studio,2017Q1,104.6,1.2,2.3,1867.0,2178.0,276.0,21.59,23.35
091-4,Helsinki 4,Studio,2017Q2,104.5,-0.1,1.8,1797.0,2314.0,327.0,21.43,22.56
091-4,Helsinki 4,Studio,2017Q3,104.7,0.2,1.7,1675.0,2373.0,368.0,21.55,22.34
091-4,Helsinki 4,Studio,2017Q4,105.0,0.2,1.6,1695.0,2553.0,457.0,21.66,23.03
091-4,Helsinki 4,Studio,2018Q1,106.6,1.5,1.9,2434.0,2708.0,404.0,21.82,23.36
091-4,Helsinki 4,Studio,2018Q2,106.8,0.2,2.2,2234.0,2610.0,326.0,22.03,23.75
091-4,Helsinki 4,Studio,2018Q3,106.9,0.1,2.1,2093.0,2561.0,327.0,22.08,23.56
091-4,Helsinki 4,Studio,2018Q4,107.0,0.0,1.9,2105.0,2603.0,384.0,22.26,23.57
091-4,Helsinki 4,Studio,2019Q1,108.0,1.0,1.4,2539.0,2759.0,363.0,22.56,24.08
091-4,Helsinki 4,Studio,2019Q2,108.8,0.7,1.9,2367.0,2702.0,295.0,22.67,23.98
091-4,Helsinki 4,Studio,2019Q3,109.3,0.5,2.2,2266.0,2732.0,388.0,22.91,24.82
091-4,Helsinki 4,Studio,2019Q4,109.7,0.4,2.6,2197.0,2701.0,423.0,23.08,24.77
091-4,Helsinki 4,Studio,2020Q1,110.4,0.6,2.2,2431.0,2725.0,335.0,23.36,24.32
091-4,Helsinki 4,Studio,2020Q2,111.3,0.8,2.3,2387.0,2886.0,379.0,23.42,24.41
091-4,Helsinki 4,Studio,2020Q3,111.6,0.3,2.1,2324.0,2954.0,475.0,23.55,24.69
091-4,Helsinki 4,Studio,2020Q4,111.6,0.0,1.7,2337.0,3078.0,597.0,23.62,24.58
091-4,Helsinki 4,Studio,2021Q1,112.1,0.4,1.5,2736.0,3065.0,504.0,23.76,25.0
091-4,Helsinki 4,Studio,2021Q2,113.0,0.8,1.5,2599.0,3062.0,469.0,23.95,25.24
091-4,Helsinki 4,Studio,2021Q3,113.3,0.3,1.5,2424.0,2981.0,519.0,24.12,25.36
091-4,Helsinki 4,Studio,2021Q4,113.1,-0.1,1.3,2440.0,3060.0,563.0,24.12,24.95
091-4,Helsinki 4,Studio,2022Q1,112.9,-0.2,0.7,2832.0,3461.0,521.0,23.98,24.97
091-4,Helsinki 4,Studio,2022Q2,113.6,0.6,0.5,2511.0,3298.0,572.0,24.37,25.59
091-4,Helsinki 4,Studio,2022Q3,113.6,0.0,0.3,2417.0,3238.0,529.0,24.43,25.52
091-4,Helsinki 4,Studio,2022Q4,113.6,0.1,0.5,2402.0,3311.0,586.0,24.41,25.03
091-4,Helsinki 4,Studio,2023Q1,113.8,0.2,0.8,3099.0,3275.0,476.0,24.5,25.1
091-4,Helsinki 4,Studio,2023Q2,114.0,0.2,0.4,2978.0,3294.0,485.0,24.48,24.96
091-4,Helsinki 4,Studio,2023Q3,114.0,0.0,0.4,2912.0,3363.0,621.0,24.48,24.8
091-4,Helsinki 4,Studio,2023Q4,114.0,0.0,0.3,2865.0,3410.0,641.0,24.42,24.68
091-4,Helsinki 4,Studio,2024Q1,114.4,0.3,0.5,3181.0,3338.0,460.0,24.56,24.73
091-4,Helsinki 4,Studio,2024Q2,114.7,0.3,0.6,3009.0,3274.0,440.0,24.62,24.68
091-4,Helsinki 4,Studio,2024Q3,114.6,-0.1,0.5,2882.0,3261.0,523.0,24.66,24.82
091-4,Helsinki 4,Studio,2024Q4,114.5,-0.1,0.4,2855.0,3280.0,621.0,24.66,24.79
091-4,Helsinki 4,Studio,2025Q1,114.2,-0.2,-0.1,3038.0,3220.0,542.0,24.71,24.51
091-4,Helsinki 4,Studio,2025Q2,113.9,-0.3,-0.7,2907.0,3169.0,504.0,24.63,24.41
091-4,Helsinki 4,Studio,2025Q3,113.7,-0.2,-0.8,2692.0,4010.0,607.0,24.93,24.08
091-4,Helsinki 4,Studio,2025Q4,113.4,-0.3,-0.9,2796.0,3209.0,435.0,24.46,23.99
091-4,Helsinki 4,Two-bedroom+,2015Q1,99.4,,,1450.0,1451.0,153.0,14.24,14.91
091-4,Helsinki 4,Two-bedroom+,2015Q2,99.6,0.2,,1484.0,1485.0,175.0,14.25,15.09
091-4,Helsinki 4,Two-bedroom+,2015Q3,100.2,0.6,,1550.0,1551.0,211.0,14.26,15.02
091-4,Helsinki 4,Two-bedroom+,2015Q4,100.7,0.5,,1607.0,1608.0,206.0,14.24,15.01
091-4,Helsinki 4,Two-bedroom+,2016Q1,102.7,2.0,3.3,1397.0,1661.0,275.0,14.68,15.35
091-4,Helsinki 4,Two-bedroom+,2016Q2,103.3,0.5,3.7,1467.0,1758.0,240.0,14.84,15.68
091-4,Helsinki 4,Two-bedroom+,2016Q3,103.7,0.4,3.4,1434.0,1788.0,245.0,14.93,15.88
091-4,Helsinki 4,Two-bedroom+,2016Q4,104.1,0.4,3.3,1434.0,1972.0,295.0,15.0,15.49
091-4,Helsinki 4,Two-bedroom+,2017Q1,105.2,1.1,2.4,1863.0,1964.0,296.0,15.31,15.98
091-4,Helsinki 4,Two-bedroom+,2017Q2,105.2,-0.1,1.8,1838.0,2150.0,381.0,15.38,15.92
091-4,Helsinki 4,Two-bedroom+,2017Q3,105.3,0.1,1.6,1796.0,2226.0,433.0,15.62,16.04
091-4,Helsinki 4,Two-bedroom+,2017Q4,105.4,0.1,1.3,1768.0,2256.0,373.0,15.66,16.32
091-4,Helsinki 4,Two-bedroom+,2018Q1,107.1,1.6,1.8,2231.0,2430.0,380.0,15.61,16.55
091-4,Helsinki 4,Two-bedroom+,2018Q2,107.0,-0.1,1.7,2190.0,2415.0,382.0,15.63,16.59
091-4,Helsinki 4,Two-bedroom+,2018Q3,107.0,0.0,1.6,2157.0,2446.0,356.0,15.73,16.38
091-4,Helsinki 4,Two-bedroom+,2018Q4,107.1,0.1,1.5,2123.0,2427.0,330.0,15.97,16.42
091-4,Helsinki 4,Two-bedroom+,2019Q1,107.9,0.8,0.7,2400.0,2509.0,313.0,15.87,16.59
091-4,Helsinki 4,Two-bedroom+,2019Q2,108.9,0.9,1.8,2308.0,2465.0,318.0,16.09,16.96
091-4,Helsinki 4,Two-bedroom+,2019Q3,109.2,0.3,2.0,2273.0,2449.0,351.0,16.16,16.81
091-4,Helsinki 4,Two-bedroom+,2019Q4,109.6,0.4,2.4,2251.0,2473.0,338.0,16.4,17.01
091-4,Helsinki 4,Two-bedroom+,2020Q1,110.1,0.5,2.1,2313.0,2427.0,335.0,16.61,17.06
091-4,Helsinki 4,Two-bedroom+,2020Q2,110.6,0.5,1.6,2292.0,2520.0,369.0,16.68,17.33
091-4,Helsinki 4,Two-bedroom+,2020Q3,111.1,0.4,1.8,2265.0,2607.0,442.0,16.75,17.59
091-4,Helsinki 4,Two-bedroom+,2020Q4,111.4,0.3,1.6,2261.0,2635.0,428.0,16.83,17.5
091-4,Helsinki 4,Two-bedroom+,2021Q1,111.3,0.0,1.1,2534.0,2753.0,430.0,16.74,16.93
091-4,Helsinki 4,Two-bedroom+,2021Q2,112.8,1.3,2.0,2488.0,2773.0,470.0,16.99,17.42
091-4,Helsinki 4,Two-bedroom+,2021Q3,113.3,0.4,2.0,2455.0,2755.0,535.0,17.12,17.74
091-4,Helsinki 4,Two-bedroom+,2021Q4,112.8,-0.4,1.3,2447.0,2768.0,550.0,17.03,17.53
091-4,Helsinki 4,Two-bedroom+,2022Q1,112.3,-0.4,0.8,2715.0,2977.0,518.0,16.89,17.42
091-4,Helsinki 4,Two-bedroom+,2022Q2,114.1,1.6,1.1,2622.0,3010.0,598.0,17.25,17.86
091-4,Helsinki 4,Two-bedroom+,2022Q3,114.4,0.3,1.0,2577.0,2986.0,543.0,17.35,18.09
091-4,Helsinki 4,Two-bedroom+,2022Q4,114.6,0.2,1.6,2570.0,3002.0,477.0,17.36,17.9
091-4,Helsinki 4,Two-bedroom+,2023Q1,114.8,0.1,2.2,2953.0,3005.0,437.0,17.38,17.59
091-4,Helsinki 4,Two-bedroom+,2023Q2,115.0,0.1,0.8,2927.0,3062.0,466.0,17.39,17.42
091-4,Helsinki 4,Two-bedroom+,2023Q3,115.0,0.1,0.5,2907.0,3082.0,575.0,17.41,17.5
091-4,Helsinki 4,Two-bedroom+,2023Q4,115.1,0.0,0.4,2888.0,3095.0,583.0,17.4,17.28
091-4,Helsinki 4,Two-bedroom+,2024Q1,115.2,0.1,0.4,3052.0,3108.0,498.0,17.41,17.3
091-4,Helsinki 4,Two-bedroom+,2024Q2,115.4,0.2,0.4,3024.0,3118.0,479.0,17.46,17.27
091-4,Helsinki 4,Two-bedroom+,2024Q3,115.2,-0.2,0.2,2948.0,3073.0,519.0,17.51,17.44
091-4,Helsinki 4,Two-bedroom+,2024Q4,115.2,0.0,0.1,2921.0,3065.0,542.0,17.53,17.62
091-4,Helsinki 4,Two-bedroom+,2025Q1,114.8,-0.3,-0.3,3013.0,3049.0,524.0,17.45,16.96
091-4,Helsinki 4,Two-bedroom+,2025Q2,114.3,-0.5,-0.9,2966.0,3027.0,598.0,17.4,16.71
091-4,Helsinki 4,Two-bedroom+,2025Q3,113.5,-0.7,-1.5,2929.0,4681.0,909.0,17.58,16.68
091-4,Helsinki 4,Two-bedroom+,2025Q4,113.1,-0.4,-1.9,2918.0,3069.0,639.0,17.02,16.43
092,Vantaa,All,2015Q1,99.6,,,6138.0,6145.0,912.0,15.15,16.49
092,Vantaa,All,2015Q2,99.9,0.3,,6389.0,6393.0,872.0,15.27,15.87
092,Vantaa,All,2015Q3,100.1,0.3,,6645.0,6650.0,936.0,15.39,16.4
092,Vantaa,All,2015Q4,100.4,0.2,,6896.0,6904.0,777.0,15.4,16.73
092,Vantaa,All,2016Q1,101.8,1.5,2.2,5973.0,6769.0,1022.0,15.63,16.65
092,Vantaa,All,2016Q2,102.0,0.2,2.1,6429.0,7737.0,1171.0,15.81,16.42
092,Vantaa,All,2016Q3,102.3,0.3,2.2,6297.0,7772.0,1227.0,15.86,16.45
092,Vantaa,All,2016Q4,102.6,0.3,2.2,6195.0,8224.0,1299.0,15.9,16.53
092,Vantaa,All,2017Q1,103.9,1.3,2.1,7750.0,8378.0,1292.0,16.19,16.84
092,Vantaa,All,2017Q2,104.0,0.1,1.9,7367.0,8615.0,1416.0,16.28,16.96
092,Vantaa,All,2017Q3,104.0,0.0,1.7,7110.0,8712.0,1585.0,16.59,16.98
092,Vantaa,All,2017Q4,104.1,0.1,1.5,7067.0,9064.0,1529.0,16.65,17.11
092,Vantaa,All,2018Q1,105.3,1.1,1.3,8937.0,9674.0,1643.0,16.53,17.12
092,Vantaa,All,2018Q2,105.3,0.0,1.2,8664.0,9749.0,1753.0,16.58,17.47
092,Vantaa,All,2018Q3,105.4,0.1,1.3,8372.0,9597.0,1804.0,16.7,17.59
092,Vantaa,All,2018Q4,105.7,0.3,1.5,8269.0,9488.0,1653.0,17.04,17.82
092,Vantaa,All,2019Q1,106.5,0.8,1.2,9455.0,9830.0,1567.0,16.98,17.78
092,Vantaa,All,2019Q2,107.1,0.5,1.7,9258.0,9968.0,1465.0,17.06,18.0
092,Vantaa,All,2019Q3,107.4,0.3,1.9,9041.0,10085.0,1674.0,17.17,18.13
092,Vantaa,All,2019Q4,107.8,0.4,2.0,8756.0,10139.0,1780.0,17.56,18.63
092,Vantaa,All,2020Q1,108.3,0.5,1.7,9742.0,10788.0,1951.0,17.84,18.88
092,Vantaa,All,2020Q2,109.0,0.6,1.7,9582.0,11121.0,1808.0,17.95,18.64
092,Vantaa,All,2020Q3,109.3,0.3,1.8,9494.0,11187.0,1959.0,18.01,18.47
092,Vantaa,All,2020Q4,109.3,0.0,1.4,9417.0,11516.0,2255.0,18.0,18.42
092,Vantaa,All,2021Q1,109.1,-0.1,0.7,10811.0,11792.0,2034.0,18.01,18.24
092,Vantaa,All,2021Q2,110.0,0.8,1.0,10601.0,11776.0,2062.0,18.14,18.67
092,Vantaa,All,2021Q3,110.1,0.1,0.8,10380.0,11790.0,2198.0,18.3,19.18
092,Vantaa,All,2021Q4,109.9,-0.3,0.5,10304.0,11915.0,2306.0,18.32,19.27
092,Vantaa,All,2022Q1,109.5,-0.3,0.3,11417.0,12788.0,2141.0,18.36,18.93
092,Vantaa,All,2022Q2,110.7,1.1,0.6,10727.0,12316.0,1974.0,18.55,19.07
092,Vantaa,All,2022Q3,110.8,0.1,0.6,10465.0,12206.0,2099.0,18.61,19.3
092,Vantaa,All,2022Q4,111.7,0.8,1.7,10409.0,12356.0,2236.0,18.79,19.85
092,Vantaa,All,2023Q1,111.6,-0.1,1.9,12027.0,12580.0,2215.0,18.81,19.64
092,Vantaa,All,2023Q2,111.9,0.2,1.1,11773.0,12643.0,2166.0,18.84,19.32
092,Vantaa,All,2023Q3,111.9,0.0,1.0,11557.0,12712.0,2428.0,18.85,19.09
092,Vantaa,All,2023Q4,111.9,0.0,0.2,11476.0,13219.0,2437.0,18.9,19.02
092,Vantaa,All,2024Q1,111.9,0.1,0.3,12868.0,13227.0,2358.0,18.93,19.24
092,Vantaa,All,2024Q2,112.2,0.2,0.3,12524.0,13230.0,2099.0,18.99,18.88
092,Vantaa,All,2024Q3,112.1,0.0,0.2,12191.0,13056.0,2052.0,18.97,19.03
092,Vantaa,All,2024Q4,111.9,-0.2,0.1,12094.0,13246.0,2281.0,18.96,19.0
092,Vantaa,All,2025Q1,111.6,-0.3,-0.3,12871.0,13230.0,2288.0,18.9,18.58
092,Vantaa,All,2025Q2,111.2,-0.3,-0.8,12543.0,13110.0,2330.0,18.85,18.16
092,Vantaa,All,2025Q3,110.7,-0.5,-1.3,12289.0,19982.0,3408.0,18.77,17.78
092,Vantaa,All,2025Q4,110.2,-0.4,-1.6,12318.0,13975.0,2542.0,18.47,17.92
092,Vantaa,One-bedroom,2015Q1,99.6,,,2890.0,2891.0,463.0,14.73,16.63
092,Vantaa,One-bedroom,2015Q2,99.9,0.3,,3019.0,3019.0,440.0,14.87,16.02
092,Vantaa,One-bedroom,2015Q3,100.1,0.2,,3152.0,3153.0,446.0,14.93,16.46
092,Vantaa,One-bedroom,2015Q4,100.4,0.2,,3274.0,3276.0,356.0,14.95,16.86
092,Vantaa,One-bedroom,2016Q1,101.9,1.5,2.3,2818.0,3217.0,532.0,15.21,16.64
092,Vantaa,One-bedroom,2016Q2,102.0,0.1,2.1,3045.0,3728.0,586.0,15.49,16.37
092,Vantaa,One-bedroom,2016Q3,102.3,0.3,2.2,2989.0,3747.0,626.0,15.55,16.65
092,Vantaa,One-bedroom,2016Q4,102.5,0.2,2.2,2961.0,3947.0,647.0,15.55,16.35
092,Vantaa,One-bedroom,2017Q1,103.9,1.3,2.0,3747.0,4055.0,660.0,15.76,16.52
092,Vantaa,One-bedroom,2017Q2,103.9,0.1,1.9,3561.0,4181.0,728.0,15.96,16.84
092,Vantaa,One-bedroom,2017Q3,103.9,0.0,1.5,3427.0,4225.0,787.0,16.38,16.6
092,Vantaa,One-bedroom,2017Q4,104.0,0.1,1.4,3399.0,4374.0,729.0,16.42,16.7
092,Vantaa,One-bedroom,2018Q1,105.0,1.0,1.1,4339.0,4666.0,786.0,16.2,16.76
092,Vantaa,One-bedroom,2018Q2,105.0,0.0,1.0,4202.0,4688.0,880.0,16.26,17.11
092,Vantaa,One-bedroom,2018Q3,105.1,0.1,1.2,4085.0,4622.0,889.0,16.33,17.07
092,Vantaa,One-bedroom,2018Q4,105.5,0.4,1.5,4020.0,4548.0,795.0,16.62,17.25
092,Vantaa,One-bedroom,2019Q1,106.3,0.8,1.2,4550.0,4691.0,765.0,16.46,17.29
092,Vantaa,One-bedroom,2019Q2,106.8,0.5,1.7,4435.0,4716.0,703.0,16.59,17.37
092,Vantaa,One-bedroom,2019Q3,107.1,0.3,1.9,4356.0,4764.0,818.0,16.68,17.44
092,Vantaa,One-bedroom,2019Q4,107.6,0.5,1.9,4221.0,4741.0,843.0,17.1,18.0
092,Vantaa,One-bedroom,2020Q1,108.1,0.5,1.6,4602.0,4974.0,834.0,17.33,17.96
092,Vantaa,One-bedroom,2020Q2,108.7,0.6,1.8,4522.0,5060.0,763.0,17.44,17.84
092,Vantaa,One-bedroom,2020Q3,109.0,0.3,1.8,4518.0,5124.0,913.0,17.46,17.87
092,Vantaa,One-bedroom,2020Q4,108.9,-0.1,1.2,4490.0,5311.0,1077.0,17.44,17.69
092,Vantaa,One-bedroom,2021Q1,108.7,-0.2,0.6,5033.0,5419.0,942.0,17.42,17.41
092,Vantaa,One-bedroom,2021Q2,109.4,0.7,0.7,4946.0,5410.0,924.0,17.56,17.71
092,Vantaa,One-bedroom,2021Q3,109.5,0.1,0.5,4884.0,5400.0,957.0,17.59,17.86
092,Vantaa,One-bedroom,2021Q4,109.3,-0.2,0.4,4835.0,5436.0,976.0,17.59,17.77
092,Vantaa,One-bedroom,2022Q1,108.9,-0.3,0.2,5261.0,5722.0,921.0,17.62,17.78
092,Vantaa,One-bedroom,2022Q2,109.9,0.9,0.4,5017.0,5602.0,921.0,17.79,18.02
092,Vantaa,One-bedroom,2022Q3,110.0,0.1,0.4,4925.0,5568.0,944.0,17.85,18.27
092,Vantaa,One-bedroom,2022Q4,110.9,0.8,1.5,4882.0,5594.0,941.0,17.99,18.55
092,Vantaa,One-bedroom,2023Q1,110.6,-0.3,1.5,5458.0,5658.0,940.0,17.99,18.28
092,Vantaa,One-bedroom,2023Q2,110.8,0.2,0.8,5364.0,5704.0,942.0,18.03,18.18
092,Vantaa,One-bedroom,2023Q3,110.7,-0.1,0.6,5312.0,5746.0,1088.0,17.99,17.91
092,Vantaa,One-bedroom,2023Q4,110.5,-0.1,-0.3,5293.0,5908.0,1046.0,18.0,17.67
092,Vantaa,One-bedroom,2024Q1,110.5,0.0,-0.1,5752.0,5903.0,1016.0,18.02,17.89
092,Vantaa,One-bedroom,2024Q2,110.8,0.2,0.0,5630.0,5973.0,930.0,18.11,17.81
092,Vantaa,One-bedroom,2024Q3,110.7,-0.1,0.0,5518.0,5931.0,864.0,18.11,17.92
092,Vantaa,One-bedroom,2024Q4,110.5,-0.2,0.0,5490.0,5989.0,947.0,18.05,17.89
092,Vantaa,One-bedroom,2025Q1,110.2,-0.3,-0.3,5849.0,5990.0,1017.0,17.99,17.52
092,Vantaa,One-bedroom,2025Q2,109.7,-0.4,-1.0,5703.0,5946.0,1058.0,17.9,17.07
092,Vantaa,One-bedroom,2025Q3,109.1,-0.6,-1.5,5633.0,9465.0,1649.0,17.88,16.78
092,Vantaa,One-bedroom,2025Q4,108.5,-0.5,-1.8,5631.0,6358.0,1195.0,17.52,16.94
092,Vantaa,Studio,2015Q1,99.6,,,1553.0,1558.0,169.0,18.56,19.78
092,Vantaa,Studio,2015Q2,99.9,0.3,,1624.0,1627.0,164.0,18.68,19.55
092,Vantaa,Studio,2015Q3,100.2,0.3,,1684.0,1686.0,180.0,18.81,20.07
092,Vantaa,Studio,2015Q4,100.3,0.1,,1765.0,1769.0,174.0,18.88,20.48
092,Vantaa,Studio,2016Q1,101.7,1.4,2.1,1500.0,1691.0,214.0,19.28,20.53
092,Vantaa,Studio,2016Q2,102.1,0.3,2.2,1569.0,1868.0,241.0,19.38,20.27
092,Vantaa,Studio,2016Q3,102.5,0.4,2.3,1509.0,1883.0,242.0,19.47,20.06
092,Vantaa,Studio,2016Q4,102.8,0.3,2.5,1447.0,1978.0,275.0,19.6,20.57
092,Vantaa,Studio,2017Q1,104.3,1.5,2.6,1817.0,2024.0,278.0,20.0,21.16
092,Vantaa,Studio,2017Q2,104.5,0.2,2.4,1702.0,2050.0,289.0,20.06,21.35
092,Vantaa,Studio,2017Q3,104.6,0.1,2.1,1621.0,2092.0,344.0,20.17,21.22
092,Vantaa,Studio,2017Q4,104.8,0.2,2.0,1611.0,2247.0,402.0,20.32,21.23
092,Vantaa,Studio,2018Q1,106.1,1.2,1.7,2158.0,2403.0,400.0,20.59,22.07
092,Vantaa,Studio,2018Q2,106.1,0.0,1.5,2042.0,2398.0,351.0,20.67,22.15
092,Vantaa,Studio,2018Q3,106.3,0.2,1.6,1913.0,2346.0,378.0,20.75,22.33
092,Vantaa,Studio,2018Q4,106.5,0.2,1.6,1912.0,2353.0,395.0,20.99,22.44
092,Vantaa,Studio,2019Q1,107.4,0.9,1.3,2313.0,2505.0,372.0,21.28,22.41
092,Vantaa,Studio,2019Q2,108.1,0.6,1.9,2236.0,2534.0,362.0,21.41,22.67
092,Vantaa,Studio,2019Q3,108.4,0.3,1.9,2127.0,2574.0,413.0,21.48,22.84
092,Vantaa,Studio,2019Q4,108.7,0.3,2.1,2026.0,2589.0,436.0,21.79,23.65
092,Vantaa,Studio,2020Q1,109.2,0.5,1.7,2384.0,2865.0,549.0,22.36,24.24
092,Vantaa,Studio,2020Q2,109.9,0.6,1.7,2323.0,3031.0,510.0,22.49,23.67
092,Vantaa,Studio,2020Q3,110.3,0.4,1.8,2255.0,3043.0,485.0,22.6,23.6
092,Vantaa,Studio,2020Q4,110.4,0.1,1.6,2217.0,3084.0,569.0,22.65,23.5
092,Vantaa,Studio,2021Q1,110.5,0.1,1.2,2728.0,3183.0,530.0,22.87,23.77
092,Vantaa,Studio,2021Q2,111.2,0.6,1.2,2614.0,3164.0,582.0,22.96,23.83
092,Vantaa,Studio,2021Q3,111.3,0.0,0.9,2479.0,3203.0,660.0,23.32,24.45
092,Vantaa,Studio,2021Q4,111.1,-0.2,0.6,2493.0,3302.0,722.0,23.3,24.61
092,Vantaa,Studio,2022Q1,110.8,-0.2,0.2,3043.0,3736.0,657.0,23.48,24.14
092,Vantaa,Studio,2022Q2,111.5,0.6,0.2,2679.0,3436.0,546.0,23.64,24.36
092,Vantaa,Studio,2022Q3,111.4,0.0,0.2,2533.0,3363.0,605.0,23.68,24.33
092,Vantaa,Studio,2022Q4,112.0,0.5,0.8,2548.0,3456.0,705.0,23.77,24.93
092,Vantaa,Studio,2023Q1,112.3,0.2,1.3,3296.0,3544.0,681.0,23.89,25.03
092,Vantaa,Studio,2023Q2,112.4,0.2,0.9,3148.0,3522.0,621.0,23.92,24.56
092,Vantaa,Studio,2023Q3,112.5,0.1,1.0,3017.0,3533.0,655.0,23.97,24.21
092,Vantaa,Studio,2023Q4,112.5,0.0,0.5,2982.0,3734.0,763.0,23.95,24.07
092,Vantaa,Studio,2024Q1,112.6,0.0,0.3,3583.0,3749.0,721.0,23.94,24.25
092,Vantaa,Studio,2024Q2,112.6,0.0,0.1,3399.0,3683.0,574.0,24.0,24.07
092,Vantaa,Studio,2024Q3,112.5,-0.1,-0.1,3223.0,3576.0,607.0,24.01,24.03
092,Vantaa,Studio,2024Q4,112.3,-0.1,-0.2,3191.0,3645.0,703.0,23.96,23.91
092,Vantaa,Studio,2025Q1,112.1,-0.2,-0.4,3445.0,3628.0,644.0,23.96,23.57
092,Vantaa,Studio,2025Q2,112.0,-0.1,-0.5,3308.0,3560.0,574.0,23.93,23.52
092,Vantaa,Studio,2025Q3,111.6,-0.4,-0.8,3137.0,4717.0,736.0,24.01,23.39
092,Vantaa,Studio,2025Q4,111.2,-0.4,-1.0,3170.0,3685.0,613.0,23.79,23.42
092,Vantaa,Two-bedroom+,2015Q1,99.6,,,1695.0,1696.0,280.0,13.83,15.18
092,Vantaa,Two-bedroom+,2015Q2,99.8,0.2,,1746.0,1747.0,268.0,13.96,14.46
092,Vantaa,Two-bedroom+,2015Q3,100.2,0.3,,1809.0,1811.0,310.0,14.13,15.02
092,Vantaa,Two-bedroom+,2015Q4,100.4,0.3,,1857.0,1859.0,247.0,14.13,15.08
092,Vantaa,Two-bedroom+,2016Q1,101.8,1.4,2.2,1655.0,1861.0,276.0,14.34,14.95
092,Vantaa,Two-bedroom+,2016Q2,102.0,0.2,2.2,1815.0,2141.0,344.0,14.49,14.95
092,Vantaa,Two-bedroom+,2016Q3,102.2,0.2,2.1,1799.0,2142.0,359.0,14.49,14.87
092,Vantaa,Two-bedroom+,2016Q4,102.5,0.3,2.1,1787.0,2299.0,377.0,14.6,15.21
092,Vantaa,Two-bedroom+,2017Q1,103.7,1.2,1.8,2186.0,2299.0,354.0,14.75,15.24
092,Vantaa,Two-bedroom+,2017Q2,103.8,0.0,1.7,2104.0,2384.0,399.0,14.78,15.14
092,Vantaa,Two-bedroom+,2017Q3,103.8,0.0,1.5,2062.0,2395.0,454.0,14.98,15.45
092,Vantaa,Two-bedroom+,2017Q4,103.9,0.1,1.3,2057.0,2443.0,398.0,14.95,15.15
092,Vantaa,Two-bedroom+,2018Q1,105.1,1.2,1.4,2440.0,2605.0,457.0,14.68,14.75
092,Vantaa,Two-bedroom+,2018Q2,105.1,-0.1,1.3,2420.0,2663.0,522.0,14.72,15.64
092,Vantaa,Two-bedroom+,2018Q3,105.2,0.1,1.4,2374.0,2629.0,537.0,14.89,15.76
092,Vantaa,Two-bedroom+,2018Q4,105.4,0.1,1.4,2337.0,2587.0,463.0,15.24,15.76
092,Vantaa,Two-bedroom+,2019Q1,106.2,0.8,1.0,2592.0,2634.0,430.0,15.13,15.75
092,Vantaa,Two-bedroom+,2019Q2,106.8,0.6,1.6,2587.0,2718.0,400.0,15.15,15.83
092,Vantaa,Two-bedroom+,2019Q3,107.1,0.3,1.8,2558.0,2747.0,443.0,15.27,16.0
092,Vantaa,Two-bedroom+,2019Q4,107.6,0.5,2.1,2509.0,2809.0,501.0,15.61,16.45
092,Vantaa,Two-bedroom+,2020Q1,108.1,0.5,1.9,2756.0,2949.0,568.0,15.79,16.56
092,Vantaa,Two-bedroom+,2020Q2,108.7,0.5,1.8,2737.0,3030.0,535.0,15.85,16.43
092,Vantaa,Two-bedroom+,2020Q3,109.0,0.3,1.8,2721.0,3020.0,561.0,15.93,16.34
092,Vantaa,Two-bedroom+,2020Q4,109.1,0.0,1.4,2710.0,3121.0,609.0,15.94,16.32
092,Vantaa,Two-bedroom+,2021Q1,108.8,-0.3,0.6,3050.0,3190.0,562.0,15.84,16.03
092,Vantaa,Two-bedroom+,2021Q2,110.0,1.1,1.2,3041.0,3202.0,556.0,16.0,16.41
092,Vantaa,Two-bedroom+,2021Q3,110.3,0.3,1.1,3017.0,3187.0,581.0,16.07,16.67
092,Vantaa,Two-bedroom+,2021Q4,109.8,-0.4,0.7,2976.0,3177.0,608.0,16.07,16.58
092,Vantaa,Two-bedroom+,2022Q1,109.4,-0.4,0.6,3113.0,3330.0,563.0,16.07,16.59
092,Vantaa,Two-bedroom+,2022Q2,111.3,1.7,1.2,3031.0,3278.0,507.0,16.39,16.92
092,Vantaa,Two-bedroom+,2022Q3,111.5,0.2,1.1,3007.0,3275.0,550.0,16.47,17.01
092,Vantaa,Two-bedroom+,2022Q4,112.8,1.1,2.7,2979.0,3306.0,590.0,16.67,17.27
092,Vantaa,Two-bedroom+,2023Q1,112.7,-0.1,3.0,3273.0,3378.0,594.0,16.68,17.15
092,Vantaa,Two-bedroom+,2023Q2,113.1,0.4,1.6,3261.0,3417.0,603.0,16.76,17.18
092,Vantaa,Two-bedroom+,2023Q3,113.3,0.2,1.6,3228.0,3433.0,685.0,16.8,17.03
092,Vantaa,Two-bedroom+,2023Q4,113.4,0.1,0.6,3201.0,3577.0,628.0,16.82,16.67
092,Vantaa,Two-bedroom+,2024Q1,113.6,0.2,0.8,3533.0,3575.0,621.0,16.84,16.65
092,Vantaa,Two-bedroom+,2024Q2,113.9,0.3,0.8,3495.0,3574.0,595.0,16.91,16.73
092,Vantaa,Two-bedroom+,2024Q3,114.0,0.1,0.6,3450.0,3549.0,581.0,16.91,16.66
092,Vantaa,Two-bedroom+,2024Q4,113.8,-0.2,0.4,3413.0,3612.0,631.0,16.93,16.51
092,Vantaa,Two-bedroom+,2025Q1,113.4,-0.4,-0.2,3577.0,3612.0,627.0,16.83,16.26
092,Vantaa,Two-bedroom+,2025Q2,112.9,-0.4,-0.9,3532.0,3604.0,698.0,16.79,16.28
092,Vantaa,Two-bedroom+,2025Q3,112.3,-0.6,-1.5,3519.0,5800.0,1023.0,16.79,15.97
092,Vantaa,Two-bedroom+,2025Q4,111.9,-0.3,-1.7,3517.0,3932.0,734.0,16.44,15.82
pks,Pääkaupunkiseutu (PKS),All,2015Q1,99.7,,,28562.0,28640.0,3323.0,16.7,18.62
pks,Pääkaupunkiseutu (PKS),All,2015Q2,99.9,0.2,,29741.0,29783.0,3666.0,16.84,18.66
pks,Pääkaupunkiseutu (PKS),All,2015Q3,100.1,0.2,,30848.0,30901.0,4046.0,16.98,18.83
pks,Pääkaupunkiseutu (PKS),All,2015Q4,100.3,0.2,,32842.0,32948.0,3958.0,16.97,19.08
pks,Pääkaupunkiseutu (PKS),All,2016Q1,101.4,1.1,1.7,28209.0,32964.0,4812.0,17.29,19.25
pks,Pääkaupunkiseutu (PKS),All,2016Q2,101.8,0.4,1.9,28303.0,35775.0,5081.0,17.49,19.09
pks,Pääkaupunkiseutu (PKS),All,2016Q3,102.1,0.3,2.0,26732.0,35931.0,5122.0,17.61,19.15
pks,Pääkaupunkiseutu (PKS),All,2016Q4,102.3,0.2,2.0,26415.0,38469.0,5550.0,17.58,19.13
pks,Pääkaupunkiseutu (PKS),All,2017Q1,103.0,0.7,1.6,34876.0,38755.0,5469.0,17.9,19.4
pks,Pääkaupunkiseutu (PKS),All,2017Q2,103.1,0.1,1.3,33186.0,40217.0,6085.0,17.98,19.23
pks,Pääkaupunkiseutu (PKS),All,2017Q3,103.2,0.1,1.0,30173.0,39792.0,7242.0,18.74,19.32
pks,Pääkaupunkiseutu (PKS),All,2017Q4,103.5,0.2,1.1,30011.0,42428.0,7916.0,18.94,19.76
pks,Pääkaupunkiseutu (PKS),All,2018Q1,104.3,0.8,1.2,40786.0,44867.0,7257.0,18.6,19.7
pks,Pääkaupunkiseutu (PKS),All,2018Q2,104.4,0.1,1.2,38494.0,44092.0,6903.0,18.64,19.99
pks,Pääkaupunkiseutu (PKS),All,2018Q3,104.6,0.2,1.3,35811.0,42484.0,7115.0,18.72,20.0
pks,Pääkaupunkiseutu (PKS),All,2018Q4,104.8,0.2,1.3,35670.0,42866.0,7368.0,19.17,20.27
pks,Pääkaupunkiseutu (PKS),All,2019Q1,105.4,0.6,1.0,42058.0,44885.0,6684.0,19.0,20.33
pks,Pääkaupunkiseutu (PKS),All,2019Q2,106.0,0.6,1.5,40331.0,44830.0,6168.0,19.13,20.64
pks,Pääkaupunkiseutu (PKS),All,2019Q3,106.3,0.3,1.7,38377.0,44348.0,6898.0,19.24,20.65
pks,Pääkaupunkiseutu (PKS),All,2019Q4,106.8,0.4,1.9,37409.0,44995.0,7658.0,19.78,21.24
pks,Pääkaupunkiseutu (PKS),All,2020Q1,107.3,0.5,1.8,41998.0,46227.0,7087.0,19.92,21.25
pks,Pääkaupunkiseutu (PKS),All,2020Q2,107.8,0.4,1.7,41019.0,50162.0,7678.0,20.11,21.36
pks,Pääkaupunkiseutu (PKS),All,2020Q3,107.9,0.2,1.5,39731.0,50804.0,8964.0,20.18,21.4
pks,Pääkaupunkiseutu (PKS),All,2020Q4,108.1,0.2,1.3,39318.0,51972.0,10146.0,20.25,21.5
pks,Pääkaupunkiseutu (PKS),All,2021Q1,108.2,0.1,0.9,47566.0,52929.0,8950.0,20.13,20.97
pks,Pääkaupunkiseutu (PKS),All,2021Q2,108.7,0.5,0.9,45331.0,52450.0,8723.0,20.24,21.0
pks,Pääkaupunkiseutu (PKS),All,2021Q3,108.9,0.1,0.9,43154.0,51494.0,9852.0,20.34,21.43
pks,Pääkaupunkiseutu (PKS),All,2021Q4,108.7,-0.1,0.6,42837.0,52787.0,10609.0,20.39,21.47
pks,Pääkaupunkiseutu (PKS),All,2022Q1,108.5,-0.3,0.2,49399.0,56215.0,9226.0,20.29,21.0
pks,Pääkaupunkiseutu (PKS),All,2022Q2,109.1,0.6,0.3,45407.0,54194.0,9175.0,20.5,21.28
pks,Pääkaupunkiseutu (PKS),All,2022Q3,109.2,0.1,0.3,43412.0,53486.0,9885.0,20.64,21.91
pks,Pääkaupunkiseutu (PKS),All,2022Q4,109.7,0.4,0.9,43131.0,54621.0,10257.0,20.76,22.14
pks,Pääkaupunkiseutu (PKS),All,2023Q1,109.5,-0.1,1.0,52026.0,54926.0,8946.0,20.75,21.47
pks,Pääkaupunkiseutu (PKS),All,2023Q2,109.7,0.1,0.5,50412.0,55654.0,9464.0,20.8,21.34
pks,Pääkaupunkiseutu (PKS),All,2023Q3,109.7,0.0,0.5,49038.0,56207.0,10889.0,20.86,21.48
pks,Pääkaupunkiseutu (PKS),All,2023Q4,109.8,0.1,0.1,48476.0,57930.0,11273.0,20.9,21.49
pks,Pääkaupunkiseutu (PKS),All,2024Q1,110.0,0.1,0.4,55540.0,58074.0,9635.0,20.96,21.28
pks,Pääkaupunkiseutu (PKS),All,2024Q2,110.2,0.3,0.5,53196.0,57862.0,9055.0,20.99,21.14
pks,Pääkaupunkiseutu (PKS),All,2024Q3,110.3,0.1,0.5,50676.0,56639.0,9430.0,21.07,21.44
pks,Pääkaupunkiseutu (PKS),All,2024Q4,110.2,-0.1,0.4,49853.0,57061.0,10227.0,21.08,21.44
pks,Pääkaupunkiseutu (PKS),All,2025Q1,110.1,-0.1,0.1,54203.0,56713.0,9300.0,21.01,20.89
pks,Pääkaupunkiseutu (PKS),All,2025Q2,110.0,-0.1,-0.3,52071.0,55394.0,9391.0,21.06,20.7
pks,Pääkaupunkiseutu (PKS),All,2025Q3,109.8,-0.2,-0.5,48800.0,73940.0,11880.0,21.11,20.51
pks,Pääkaupunkiseutu (PKS),All,2025Q4,108.8,-0.9,-1.3,49535.0,57748.0,8832.0,20.32,20.28
pks,Pääkaupunkiseutu (PKS),One-bedroom,2015Q1,99.7,,,11596.0,11608.0,1475.0,15.38,18.16
pks,Pääkaupunkiseutu (PKS),One-bedroom,2015Q2,99.9,0.2,,12016.0,12026.0,1574.0,15.55,18.25
pks,Pääkaupunkiseutu (PKS),One-bedroom,2015Q3,100.1,0.2,,12545.0,12554.0,1756.0,15.73,18.59
pks,Pääkaupunkiseutu (PKS),One-bedroom,2015Q4,100.3,0.2,,13347.0,13359.0,1620.0,15.65,18.45
pks,Pääkaupunkiseutu (PKS),One-bedroom,2016Q1,101.5,1.2,1.8,11410.0,13319.0,2058.0,15.97,18.66
pks,Pääkaupunkiseutu (PKS),One-bedroom,2016Q2,101.9,0.3,2.0,11534.0,14615.0,2138.0,16.24,18.44
pks,Pääkaupunkiseutu (PKS),One-bedroom,2016Q3,102.1,0.3,2.0,10920.0,14717.0,2280.0,16.39,18.68
pks,Pääkaupunkiseutu (PKS),One-bedroom,2016Q4,102.1,0.0,1.8,10790.0,15863.0,2507.0,16.37,18.52
pks,Pääkaupunkiseutu (PKS),One-bedroom,2017Q1,102.8,0.7,1.3,14465.0,16099.0,2459.0,16.65,18.76
pks,Pääkaupunkiseutu (PKS),One-bedroom,2017Q2,102.9,0.1,1.1,13720.0,16754.0,2714.0,16.83,18.6
pks,Pääkaupunkiseutu (PKS),One-bedroom,2017Q3,102.9,0.0,0.8,12323.0,16306.0,3010.0,17.84,18.32
pks,Pääkaupunkiseutu (PKS),One-bedroom,2017Q4,103.2,0.3,1.0,12106.0,17221.0,3160.0,18.04,18.54
pks,Pääkaupunkiseutu (PKS),One-bedroom,2018Q1,104.0,0.8,1.2,16716.0,18192.0,3049.0,17.78,18.87
pks,Pääkaupunkiseutu (PKS),One-bedroom,2018Q2,104.1,0.1,1.1,15933.0,18008.0,2949.0,17.81,19.1
pks,Pääkaupunkiseutu (PKS),One-bedroom,2018Q3,104.3,0.2,1.3,15083.0,17465.0,3004.0,17.92,18.98
pks,Pääkaupunkiseutu (PKS),One-bedroom,2018Q4,104.5,0.2,1.2,14862.0,17355.0,2941.0,18.24,18.93
pks,Pääkaupunkiseutu (PKS),One-bedroom,2019Q1,105.0,0.6,1.0,17090.0,17964.0,2718.0,18.02,19.3
pks,Pääkaupunkiseutu (PKS),One-bedroom,2019Q2,105.6,0.6,1.5,16464.0,17921.0,2482.0,18.15,19.58
pks,Pääkaupunkiseutu (PKS),One-bedroom,2019Q3,106.0,0.3,1.6,15879.0,17868.0,2850.0,18.3,19.61
pks,Pääkaupunkiseutu (PKS),One-bedroom,2019Q4,106.5,0.5,1.9,15387.0,18078.0,3077.0,18.8,19.84
pks,Pääkaupunkiseutu (PKS),One-bedroom,2020Q1,107.0,0.4,1.8,17120.0,18664.0,2897.0,18.98,20.08
pks,Pääkaupunkiseutu (PKS),One-bedroom,2020Q2,107.4,0.4,1.7,16754.0,19804.0,2938.0,19.09,19.94
pks,Pääkaupunkiseutu (PKS),One-bedroom,2020Q3,107.6,0.1,1.5,16331.0,20114.0,3461.0,19.18,19.98
pks,Pääkaupunkiseutu (PKS),One-bedroom,2020Q4,107.7,0.1,1.1,16101.0,20550.0,4041.0,19.23,20.03
pks,Pääkaupunkiseutu (PKS),One-bedroom,2021Q1,107.7,0.1,0.7,18956.0,20797.0,3545.0,19.13,19.56
pks,Pääkaupunkiseutu (PKS),One-bedroom,2021Q2,108.1,0.4,0.6,18244.0,20720.0,3460.0,19.25,19.68
pks,Pääkaupunkiseutu (PKS),One-bedroom,2021Q3,108.2,0.1,0.6,17661.0,20476.0,3809.0,19.31,20.07
pks,Pääkaupunkiseutu (PKS),One-bedroom,2021Q4,108.0,-0.2,0.4,17437.0,20701.0,3887.0,19.29,19.85
pks,Pääkaupunkiseutu (PKS),One-bedroom,2022Q1,107.7,-0.3,0.0,19565.0,21733.0,3414.0,19.27,19.65
pks,Pääkaupunkiseutu (PKS),One-bedroom,2022Q2,108.3,0.5,0.2,18345.0,21247.0,3462.0,19.48,20.0
pks,Pääkaupunkiseutu (PKS),One-bedroom,2022Q3,108.4,0.1,0.1,17723.0,21091.0,3805.0,19.6,20.59
pks,Pääkaupunkiseutu (PKS),One-bedroom,2022Q4,108.9,0.4,0.7,17543.0,21396.0,3809.0,19.71,20.74
pks,Pääkaupunkiseutu (PKS),One-bedroom,2023Q1,108.6,-0.2,0.8,20519.0,21508.0,3446.0,19.68,20.21
pks,Pääkaupunkiseutu (PKS),One-bedroom,2023Q2,108.8,0.1,0.4,19970.0,21747.0,3571.0,19.73,20.07
pks,Pääkaupunkiseutu (PKS),One-bedroom,2023Q3,108.7,-0.1,0.3,19570.0,22014.0,4162.0,19.78,20.16
pks,Pääkaupunkiseutu (PKS),One-bedroom,2023Q4,108.7,0.0,-0.2,19408.0,22566.0,4188.0,19.8,20.02
pks,Pääkaupunkiseutu (PKS),One-bedroom,2024Q1,108.8,0.1,0.1,21748.0,22595.0,3704.0,19.83,19.88
pks,Pääkaupunkiseutu (PKS),One-bedroom,2024Q2,109.0,0.2,0.3,20975.0,22707.0,3510.0,19.87,20.0
pks,Pääkaupunkiseutu (PKS),One-bedroom,2024Q3,109.1,0.1,0.4,20233.0,22356.0,3484.0,19.95,20.23
pks,Pääkaupunkiseutu (PKS),One-bedroom,2024Q4,109.0,-0.1,0.3,19872.0,22369.0,3697.0,19.94,20.0
pks,Pääkaupunkiseutu (PKS),One-bedroom,2025Q1,108.9,-0.1,0.1,21459.0,22250.0,3609.0,19.94,19.67
pks,Pääkaupunkiseutu (PKS),One-bedroom,2025Q2,108.8,-0.2,-0.3,20735.0,21835.0,3712.0,19.92,19.5
pks,Pääkaupunkiseutu (PKS),One-bedroom,2025Q3,108.6,-0.2,-0.5,19933.0,30867.0,5026.0,20.17,19.58
pks,Pääkaupunkiseutu (PKS),One-bedroom,2025Q4,107.0,-1.5,-1.9,19873.0,22869.0,3663.0,19.08,19.33
pks,Pääkaupunkiseutu (PKS),Studio,2015Q1,99.7,,,11096.0,11158.0,1064.0,21.81,23.45
pks,Pääkaupunkiseutu (PKS),Studio,2015Q2,99.9,0.2,,11625.0,11653.0,1212.0,21.98,23.82
pks,Pääkaupunkiseutu (PKS),Studio,2015Q3,100.1,0.2,,11940.0,11977.0,1259.0,22.18,23.89
pks,Pääkaupunkiseutu (PKS),Studio,2015Q4,100.4,0.2,,12869.0,12955.0,1446.0,22.3,24.0
pks,Pääkaupunkiseutu (PKS),Studio,2016Q1,101.2,0.9,1.6,10978.0,12882.0,1585.0,22.61,24.22
pks,Pääkaupunkiseutu (PKS),Studio,2016Q2,101.6,0.4,1.8,10639.0,13618.0,1700.0,22.75,24.29
pks,Pääkaupunkiseutu (PKS),Studio,2016Q3,102.0,0.4,1.9,9839.0,13612.0,1573.0,22.84,24.39
pks,Pääkaupunkiseutu (PKS),Studio,2016Q4,102.4,0.3,2.0,9657.0,14377.0,1729.0,22.95,24.47
pks,Pääkaupunkiseutu (PKS),Studio,2017Q1,103.0,0.6,1.8,12692.0,14440.0,1754.0,23.15,24.32
pks,Pääkaupunkiseutu (PKS),Studio,2017Q2,103.2,0.1,1.5,11929.0,14697.0,1864.0,23.18,24.16
pks,Pääkaupunkiseutu (PKS),Studio,2017Q3,103.5,0.3,1.4,10574.0,14779.0,2595.0,23.48,24.3
pks,Pääkaupunkiseutu (PKS),Studio,2017Q4,103.8,0.3,1.4,10699.0,16311.0,3272.0,23.59,24.62
pks,Pääkaupunkiseutu (PKS),Studio,2018Q1,104.5,0.7,1.4,15263.0,17238.0,2648.0,23.54,25.08
pks,Pääkaupunkiseutu (PKS),Studio,2018Q2,104.7,0.2,1.5,13939.0,16674.0,2284.0,23.62,25.58
pks,Pääkaupunkiseutu (PKS),Studio,2018Q3,104.9,0.2,1.4,12292.0,15648.0,2404.0,23.67,25.27
pks,Pääkaupunkiseutu (PKS),Studio,2018Q4,105.2,0.3,1.4,12469.0,16138.0,2818.0,24.06,25.36
pks,Pääkaupunkiseutu (PKS),Studio,2019Q1,105.8,0.6,1.2,15608.0,17315.0,2488.0,24.09,25.67
pks,Pääkaupunkiseutu (PKS),Studio,2019Q2,106.3,0.5,1.5,14686.0,17274.0,2398.0,24.21,25.76
pks,Pääkaupunkiseutu (PKS),Studio,2019Q3,106.8,0.4,1.8,13481.0,16838.0,2601.0,24.37,26.05
pks,Pääkaupunkiseutu (PKS),Studio,2019Q4,107.1,0.4,1.9,13153.0,17183.0,3035.0,24.78,26.66
pks,Pääkaupunkiseutu (PKS),Studio,2020Q1,107.6,0.5,1.7,15498.0,17698.0,2665.0,25.05,26.66
pks,Pääkaupunkiseutu (PKS),Studio,2020Q2,108.1,0.4,1.6,14973.0,19994.0,3051.0,25.25,26.63
pks,Pääkaupunkiseutu (PKS),Studio,2020Q3,108.2,0.1,1.3,14190.0,20141.0,3525.0,25.35,26.79
pks,Pääkaupunkiseutu (PKS),Studio,2020Q4,108.6,0.4,1.3,14053.0,20670.0,4151.0,25.48,26.69
pks,Pääkaupunkiseutu (PKS),Studio,2021Q1,108.8,0.2,1.1,18202.0,21158.0,3588.0,25.54,26.48
pks,Pääkaupunkiseutu (PKS),Studio,2021Q2,109.1,0.3,1.0,16837.0,20740.0,3395.0,25.62,26.31
pks,Pääkaupunkiseutu (PKS),Studio,2021Q3,109.2,0.1,0.9,15442.0,20062.0,3865.0,25.68,26.45
pks,Pääkaupunkiseutu (PKS),Studio,2021Q4,109.2,0.0,0.6,15465.0,21015.0,4424.0,25.72,26.69
pks,Pääkaupunkiseutu (PKS),Studio,2022Q1,109.0,-0.1,0.2,19026.0,22891.0,3723.0,25.57,26.23
pks,Pääkaupunkiseutu (PKS),Studio,2022Q2,109.3,0.2,0.1,16598.0,21356.0,3599.0,25.74,26.44
pks,Pääkaupunkiseutu (PKS),Studio,2022Q3,109.3,0.0,0.1,15381.0,20810.0,3891.0,25.83,26.91
pks,Pääkaupunkiseutu (PKS),Studio,2022Q4,109.5,0.2,0.3,15381.0,21534.0,4370.0,25.86,26.9
pks,Pääkaupunkiseutu (PKS),Studio,2023Q1,109.5,0.1,0.5,20007.0,21558.0,3470.0,25.95,26.56
pks,Pääkaupunkiseutu (PKS),Studio,2023Q2,109.6,0.1,0.3,19045.0,21817.0,3686.0,25.98,26.39
pks,Pääkaupunkiseutu (PKS),Studio,2023Q3,109.7,0.0,0.3,18192.0,21973.0,4214.0,26.01,26.43
pks,Pääkaupunkiseutu (PKS),Studio,2023Q4,109.7,0.1,0.2,17848.0,22795.0,4700.0,26.04,26.44
pks,Pääkaupunkiseutu (PKS),Studio,2024Q1,109.8,0.1,0.2,21420.0,22873.0,3734.0,26.08,26.33
pks,Pääkaupunkiseutu (PKS),Studio,2024Q2,110.0,0.2,0.3,19973.0,22379.0,3387.0,26.13,26.22
pks,Pääkaupunkiseutu (PKS),Studio,2024Q3,110.0,0.0,0.3,18600.0,21758.0,3760.0,26.16,26.38
pks,Pääkaupunkiseutu (PKS),Studio,2024Q4,109.9,-0.1,0.2,18273.0,22102.0,4369.0,26.12,26.12
pks,Pääkaupunkiseutu (PKS),Studio,2025Q1,109.8,-0.1,0.0,20368.0,21875.0,3565.0,26.13,25.71
pks,Pääkaupunkiseutu (PKS),Studio,2025Q2,109.6,-0.2,-0.3,19122.0,21077.0,3315.0,26.11,25.8
pks,Pääkaupunkiseutu (PKS),Studio,2025Q3,109.4,-0.2,-0.5,16870.0,24170.0,3630.0,26.2,25.79
pks,Pääkaupunkiseutu (PKS),Studio,2025Q4,109.0,-0.4,-0.8,17701.0,21811.0,2780.0,25.8,25.52
pks,Pääkaupunkiseutu (PKS),Two-bedroom+,2015Q1,99.8,,,5870.0,5874.0,784.0,14.26,16.04
pks,Pääkaupunkiseutu (PKS),Two-bedroom+,2015Q2,99.8,0.0,,6100.0,6104.0,880.0,14.4,15.83
pks,Pääkaupunkiseutu (PKS),Two-bedroom+,2015Q3,100.1,0.3,,6363.0,6370.0,1031.0,14.5,16.06
pks,Pääkaupunkiseutu (PKS),Two-bedroom+,2015Q4,100.3,0.2,,6626.0,6634.0,892.0,14.43,16.21
pks,Pääkaupunkiseutu (PKS),Two-bedroom+,2016Q1,101.5,1.2,1.7,5821.0,6763.0,1169.0,14.82,16.62
pks,Pääkaupunkiseutu (PKS),Two-bedroom+,2016Q2,101.9,0.4,2.1,6130.0,7542.0,1243.0,15.1,16.45
pks,Pääkaupunkiseutu (PKS),Two-bedroom+,2016Q3,102.3,0.4,2.2,5973.0,7602.0,1269.0,15.22,16.66
pks,Pääkaupunkiseutu (PKS),Two-bedroom+,2016Q4,102.5,0.2,2.2,5968.0,8229.0,1314.0,15.17,16.6
pks,Pääkaupunkiseutu (PKS),Two-bedroom+,2017Q1,103.2,0.7,1.7,7719.0,8216.0,1256.0,15.49,16.8
pks,Pääkaupunkiseutu (PKS),Two-bedroom+,2017Q2,103.3,0.1,1.4,7537.0,8766.0,1507.0,15.58,16.88
pks,Pääkaupunkiseutu (PKS),Two-bedroom+,2017Q3,103.4,0.0,1.0,7276.0,8707.0,1637.0,16.16,16.66
pks,Pääkaupunkiseutu (PKS),Two-bedroom+,2017Q4,103.5,0.1,0.9,7206.0,8896.0,1484.0,16.16,16.46
pks,Pääkaupunkiseutu (PKS),Two-bedroom+,2018Q1,104.4,0.9,1.1,8807.0,9437.0,1560.0,15.76,16.36
pks,Pääkaupunkiseutu (PKS),Two-bedroom+,2018Q2,104.5,0.1,1.1,8622.0,9410.0,1670.0,15.84,16.82
pks,Pääkaupunkiseutu (PKS),Two-bedroom+,2018Q3,104.6,0.1,1.2,8436.0,9371.0,1707.0,15.97,17.11
pks,Pääkaupunkiseutu (PKS),Two-bedroom+,2018Q4,104.8,0.2,1.3,8339.0,9373.0,1609.0,16.46,17.23
pks,Pääkaupunkiseutu (PKS),Two-bedroom+,2019Q1,105.3,0.5,0.9,9360.0,9606.0,1478.0,16.14,16.94
pks,Pääkaupunkiseutu (PKS),Two-bedroom+,2019Q2,106.0,0.6,1.5,9181.0,9635.0,1288.0,16.25,17.0
pks,Pääkaupunkiseutu (PKS),Two-bedroom+,2019Q3,106.3,0.3,1.7,9017.0,9642.0,1447.0,16.34,16.92
pks,Pääkaupunkiseutu (PKS),Two-bedroom+,2019Q4,106.8,0.4,1.9,8869.0,9734.0,1546.0,16.83,17.56
pks,Pääkaupunkiseutu (PKS),Two-bedroom+,2020Q1,107.3,0.5,1.9,9380.0,9865.0,1525.0,17.0,17.83
pks,Pääkaupunkiseutu (PKS),Two-bedroom+,2020Q2,107.8,0.5,1.7,9292.0,10364.0,1689.0,17.15,18.55
pks,Pääkaupunkiseutu (PKS),Two-bedroom+,2020Q3,108.2,0.3,1.7,9210.0,10549.0,1978.0,17.25,18.58
pks,Pääkaupunkiseutu (PKS),Two-bedroom+,2020Q4,108.3,0.2,1.5,9164.0,10752.0,1954.0,17.25,18.37
pks,Pääkaupunkiseutu (PKS),Two-bedroom+,2021Q1,108.3,0.0,1.0,10408.0,10974.0,1817.0,17.15,17.86
pks,Pääkaupunkiseutu (PKS),Two-bedroom+,2021Q2,109.2,0.8,1.3,10250.0,10990.0,1868.0,17.3,18.13
pks,Pääkaupunkiseutu (PKS),Two-bedroom+,2021Q3,109.5,0.3,1.2,10051.0,10956.0,2178.0,17.48,18.66
pks,Pääkaupunkiseutu (PKS),Two-bedroom+,2021Q4,109.2,-0.3,0.8,9935.0,11071.0,2298.0,17.49,18.54
pks,Pääkaupunkiseutu (PKS),Two-bedroom+,2022Q1,108.9,-0.3,0.5,10808.0,11591.0,2089.0,17.48,18.34
pks,Pääkaupunkiseutu (PKS),Two-bedroom+,2022Q2,110.2,1.2,0.9,10464.0,11591.0,2114.0,17.81,18.67
pks,Pääkaupunkiseutu (PKS),Two-bedroom+,2022Q3,110.4,0.2,0.8,10308.0,11585.0,2189.0,18.0,19.14
pks,Pääkaupunkiseutu (PKS),Two-bedroom+,2022Q4,111.2,0.7,1.8,10207.0,11691.0,2078.0,18.16,19.19
pks,Pääkaupunkiseutu (PKS),Two-bedroom+,2023Q1,110.9,-0.3,1.9,11500.0,11860.0,2030.0,18.14,18.77
pks,Pääkaupunkiseutu (PKS),Two-bedroom+,2023Q2,111.2,0.3,1.0,11397.0,12090.0,2207.0,18.2,18.67
pks,Pääkaupunkiseutu (PKS),Two-bedroom+,2023Q3,111.5,0.2,0.9,11276.0,12220.0,2513.0,18.27,18.89
pks,Pääkaupunkiseutu (PKS),Two-bedroom+,2023Q4,111.7,0.2,0.4,11220.0,12569.0,2385.0,18.33,18.83
pks,Pääkaupunkiseutu (PKS),Two-bedroom+,2024Q1,112.0,0.3,0.9,12372.0,12606.0,2197.0,18.4,18.73
pks,Pääkaupunkiseutu (PKS),Two-bedroom+,2024Q2,112.4,0.4,1.0,12248.0,12776.0,2158.0,18.49,18.59
pks,Pääkaupunkiseutu (PKS),Two-bedroom+,2024Q3,112.6,0.2,1.0,11843.0,12525.0,2186.0,18.57,18.72
pks,Pääkaupunkiseutu (PKS),Two-bedroom+,2024Q4,112.6,0.0,0.8,11708.0,12590.0,2161.0,18.57,18.57
pks,Pääkaupunkiseutu (PKS),Two-bedroom+,2025Q1,112.4,-0.1,0.4,12376.0,12588.0,2126.0,18.39,18.19
pks,Pääkaupunkiseutu (PKS),Two-bedroom+,2025Q2,112.3,-0.1,-0.1,12214.0,12482.0,2364.0,18.55,18.28
pks,Pääkaupunkiseutu (PKS),Two-bedroom+,2025Q3,112.0,-0.2,-0.5,11997.0,18903.0,3224.0,18.74,18.06
pks,Pääkaupunkiseutu (PKS),Two-bedroom+,2025Q4,111.4,-0.6,-1.0,11961.0,13068.0,2389.0,17.76,17.87
