postcode,area_name,municipality,quarter,size,rent_eur_m2,n_obs,area_label,year,meets_min_obs
00180,Kamppi - Ruoholahti,Helsinki,2015Q1,One-bedroom,17.84,154.0,00180 Kamppi - Ruoholahti,2015,True
00180,Kamppi - Ruoholahti,Helsinki,2015Q1,Studio,22.25,199.0,00180 Kamppi - Ruoholahti,2015,True
00180,Kamppi - Ruoholahti,Helsinki,2015Q1,Two-bedroom+,14.39,82.0,00180 Kamppi - Ruoholahti,2015,True
00180,Kamppi - Ruoholahti,Helsinki,2015Q2,One-bedroom,17.61,167.0,00180 Kamppi - Ruoholahti,2015,True
00180,Kamppi - Ruoholahti,Helsinki,2015Q2,Studio,22.32,209.0,00180 Kamppi - Ruoholahti,2015,True
00180,Kamppi - Ruoholahti,Helsinki,2015Q2,Two-bedroom+,14.87,84.0,00180 Kamppi - Ruoholahti,2015,True
00180,Kamppi - Ruoholahti,Helsinki,2015Q3,One-bedroom,19.55,203.0,00180 Kamppi - Ruoholahti,2015,True
00180,Kamppi - Ruoholahti,Helsinki,2015Q3,Studio,24.49,258.0,00180 Kamppi - Ruoholahti,2015,True
00180,Kamppi - Ruoholahti,Helsinki,2015Q3,Two-bedroom+,15.27,93.0,00180 Kamppi - Ruoholahti,2015,True
00180,Kamppi - Ruoholahti,Helsinki,2015Q4,One-bedroom,19.2,225.0,00180 Kamppi - Ruoholahti,2015,True
00180,Kamppi - Ruoholahti,Helsinki,2015Q4,Studio,24.57,284.0,00180 Kamppi - Ruoholahti,2015,True
00180,Kamppi - Ruoholahti,Helsinki,2015Q4,Two-bedroom+,15.05,91.0,00180 Kamppi - Ruoholahti,2015,True
00180,Kamppi - Ruoholahti,Helsinki,2016Q1,One-bedroom,19.56,211.0,00180 Kamppi - Ruoholahti,2016,True
00180,Kamppi - Ruoholahti,Helsinki,2016Q1,Studio,24.45,290.0,00180 Kamppi - Ruoholahti,2016,True
00180,Kamppi - Ruoholahti,Helsinki,2016Q1,Two-bedroom+,15.24,85.0,00180 Kamppi - Ruoholahti,2016,True
00180,Kamppi - Ruoholahti,Helsinki,2016Q2,One-bedroom,20.0,216.0,00180 Kamppi - Ruoholahti,2016,True
00180,Kamppi - Ruoholahti,Helsinki,2016Q2,Studio,24.92,295.0,00180 Kamppi - Ruoholahti,2016,True
00180,Kamppi - Ruoholahti,Helsinki,2016Q2,Two-bedroom+,15.66,89.0,00180 Kamppi - Ruoholahti,2016,True
00180,Kamppi - Ruoholahti,Helsinki,2016Q3,One-bedroom,20.24,205.0,00180 Kamppi - Ruoholahti,2016,True
00180,Kamppi - Ruoholahti,Helsinki,2016Q3,Studio,24.93,274.0,00180 Kamppi - Ruoholahti,2016,True
00180,Kamppi - Ruoholahti,Helsinki,2016Q3,Two-bedroom+,15.14,97.0,00180 Kamppi - Ruoholahti,2016,True
00180,Kamppi - Ruoholahti,Helsinki,2016Q4,One-bedroom,19.83,220.0,00180 Kamppi - Ruoholahti,2016,True
00180,Kamppi - Ruoholahti,Helsinki,2016Q4,Studio,24.68,292.0,00180 Kamppi - Ruoholahti,2016,True
00180,Kamppi - Ruoholahti,Helsinki,2016Q4,Two-bedroom+,14.87,99.0,00180 Kamppi - Ruoholahti,2016,True
00180,Kamppi - Ruoholahti,Helsinki,2017Q1,One-bedroom,21.01,191.0,00180 Kamppi - Ruoholahti,2017,True
00180,Kamppi - Ruoholahti,Helsinki,2017Q1,Studio,25.16,280.0,00180 Kamppi - Ruoholahti,2017,True
00180,Kamppi - Ruoholahti,Helsinki,2017Q1,Two-bedroom+,14.94,91.0,00180 Kamppi - Ruoholahti,2017,True
00180,Kamppi - Ruoholahti,Helsinki,2017Q2,One-bedroom,20.84,198.0,00180 Kamppi - Ruoholahti,2017,True
00180,Kamppi - Ruoholahti,Helsinki,2017Q2,Studio,25.64,265.0,00180 Kamppi - Ruoholahti,2017,True
00180,Kamppi - Ruoholahti,Helsinki,2017Q2,Two-bedroom+,15.32,91.0,00180 Kamppi - Ruoholahti,2017,True
00180,Kamppi - Ruoholahti,Helsinki,2017Q3,One-bedroom,21.72,189.0,00180 Kamppi - Ruoholahti,2017,True
00180,Kamppi - Ruoholahti,Helsinki,2017Q3,Studio,26.48,263.0,00180 Kamppi - Ruoholahti,2017,True
00180,Kamppi - Ruoholahti,Helsinki,2017Q3,Two-bedroom+,16.1,85.0,00180 Kamppi - Ruoholahti,2017,True
00180,Kamppi - Ruoholahti,Helsinki,2017Q4,One-bedroom,22.12,192.0,00180 Kamppi - Ruoholahti,2017,True
00180,Kamppi - Ruoholahti,Helsinki,2017Q4,Studio,26.57,292.0,00180 Kamppi - Ruoholahti,2017,True
00180,Kamppi - Ruoholahti,Helsinki,2017Q4,Two-bedroom+,15.77,87.0,00180 Kamppi - Ruoholahti,2017,True
00180,Kamppi - Ruoholahti,Helsinki,2018Q1,One-bedroom,22.06,193.0,00180 Kamppi - Ruoholahti,2018,True
00180,Kamppi - Ruoholahti,Helsinki,2018Q1,Studio,26.35,308.0,00180 Kamppi - Ruoholahti,2018,True
00180,Kamppi - Ruoholahti,Helsinki,2018Q1,Two-bedroom+,15.82,88.0,00180 Kamppi - Ruoholahti,2018,True
00180,Kamppi - Ruoholahti,Helsinki,2018Q2,One-bedroom,21.86,218.0,00180 Kamppi - Ruoholahti,2018,True
00180,Kamppi - Ruoholahti,Helsinki,2018Q2,Studio,26.28,303.0,00180 Kamppi - Ruoholahti,2018,True
00180,Kamppi - Ruoholahti,Helsinki,2018Q2,Two-bedroom+,15.83,88.0,00180 Kamppi - Ruoholahti,2018,True
00180,Kamppi - Ruoholahti,Helsinki,2018Q3,One-bedroom,20.69,183.0,00180 Kamppi - Ruoholahti,2018,True
00180,Kamppi - Ruoholahti,Helsinki,2018Q3,Studio,25.04,252.0,00180 Kamppi - Ruoholahti,2018,True
00180,Kamppi - Ruoholahti,Helsinki,2018Q3,Two-bedroom+,15.83,82.0,00180 Kamppi - Ruoholahti,2018,True
00180,Kamppi - Ruoholahti,Helsinki,2018Q4,One-bedroom,20.47,185.0,00180 Kamppi - Ruoholahti,2018,True
00180,Kamppi - Ruoholahti,Helsinki,2018Q4,Studio,25.64,263.0,00180 Kamppi - Ruoholahti,2018,True
00180,Kamppi - Ruoholahti,Helsinki,2018Q4,Two-bedroom+,15.85,85.0,00180 Kamppi - Ruoholahti,2018,True
00180,Kamppi - Ruoholahti,Helsinki,2019Q1,One-bedroom,20.63,173.0,00180 Kamppi - Ruoholahti,2019,True
00180,Kamppi - Ruoholahti,Helsinki,2019Q1,Studio,25.63,278.0,00180 Kamppi - Ruoholahti,2019,True
00180,Kamppi - Ruoholahti,Helsinki,2019Q1,Two-bedroom+,15.99,80.0,00180 Kamppi - Ruoholahti,2019,True
00180,Kamppi - Ruoholahti,Helsinki,2019Q2,One-bedroom,20.23,190.0,00180 Kamppi - Ruoholahti,2019,True
00180,Kamppi - Ruoholahti,Helsinki,2019Q2,Studio,25.86,278.0,00180 Kamppi - Ruoholahti,2019,True
00180,Kamppi - Ruoholahti,Helsinki,2019Q2,Two-bedroom+,15.85,78.0,00180 Kamppi - Ruoholahti,2019,True
00180,Kamppi - Ruoholahti,Helsinki,2019Q3,One-bedroom,20.12,197.0,00180 Kamppi - Ruoholahti,2019,True
00180,Kamppi - Ruoholahti,Helsinki,2019Q3,Studio,26.18,264.0,00180 Kamppi - Ruoholahti,2019,True
00180,Kamppi - Ruoholahti,Helsinki,2019Q3,Two-bedroom+,15.9,73.0,00180 Kamppi - Ruoholahti,2019,True
00180,Kamppi - Ruoholahti,Helsinki,2019Q4,One-bedroom,20.58,193.0,00180 Kamppi - Ruoholahti,2019,True
00180,Kamppi - Ruoholahti,Helsinki,2019Q4,Studio,26.5,273.0,00180 Kamppi - Ruoholahti,2019,True
00180,Kamppi - Ruoholahti,Helsinki,2019Q4,Two-bedroom+,16.07,76.0,00180 Kamppi - Ruoholahti,2019,True
00180,Kamppi - Ruoholahti,Helsinki,2020Q1,One-bedroom,21.31,180.0,00180 Kamppi - Ruoholahti,2020,True
00180,Kamppi - Ruoholahti,Helsinki,2020Q1,Studio,26.54,267.0,00180 Kamppi - Ruoholahti,2020,True
00180,Kamppi - Ruoholahti,Helsinki,2020Q1,Two-bedroom+,15.97,78.0,00180 Kamppi - Ruoholahti,2020,True
00180,Kamppi - Ruoholahti,Helsinki,2020Q2,One-bedroom,20.95,228.0,00180 Kamppi - Ruoholahti,2020,True
00180,Kamppi - Ruoholahti,Helsinki,2020Q2,Studio,26.72,359.0,00180 Kamppi - Ruoholahti,2020,True
00180,Kamppi - Ruoholahti,Helsinki,2020Q2,Two-bedroom+,15.94,98.0,00180 Kamppi - Ruoholahti,2020,True
00180,Kamppi - Ruoholahti,Helsinki,2020Q3,One-bedroom,20.96,229.0,00180 Kamppi - Ruoholahti,2020,True
00180,Kamppi - Ruoholahti,Helsinki,2020Q3,Studio,26.92,375.0,00180 Kamppi - Ruoholahti,2020,True
00180,Kamppi - Ruoholahti,Helsinki,2020Q3,Two-bedroom+,15.93,96.0,00180 Kamppi - Ruoholahti,2020,True
00180,Kamppi - Ruoholahti,Helsinki,2020Q4,One-bedroom,20.84,234.0,00180 Kamppi - Ruoholahti,2020,True
00180,Kamppi - Ruoholahti,Helsinki,2020Q4,Studio,26.95,399.0,00180 Kamppi - Ruoholahti,2020,True
00180,Kamppi - Ruoholahti,Helsinki,2020Q4,Two-bedroom+,16.05,91.0,00180 Kamppi - Ruoholahti,2020,True
00180,Kamppi - Ruoholahti,Helsinki,2021Q1,One-bedroom,21.14,236.0,00180 Kamppi - Ruoholahti,2021,True
00180,Kamppi - Ruoholahti,Helsinki,2021Q1,Studio,27.13,387.0,00180 Kamppi - Ruoholahti,2021,True
00180,Kamppi - Ruoholahti,Helsinki,2021Q1,Two-bedroom+,16.15,84.0,00180 Kamppi - Ruoholahti,2021,True
00180,Kamppi - Ruoholahti,Helsinki,2021Q2,One-bedroom,20.92,233.0,00180 Kamppi - Ruoholahti,2021,True
00180,Kamppi - Ruoholahti,Helsinki,2021Q2,Studio,26.81,391.0,00180 Kamppi - Ruoholahti,2021,True
00180,Kamppi - Ruoholahti,Helsinki,2021Q2,Two-bedroom+,16.11,86.0,00180 Kamppi - Ruoholahti,2021,True
00180,Kamppi - Ruoholahti,Helsinki,2021Q3,One-bedroom,21.08,214.0,00180 Kamppi - Ruoholahti,2021,True
00180,Kamppi - Ruoholahti,Helsinki,2021Q3,Studio,26.53,380.0,00180 Kamppi - Ruoholahti,2021,True
00180,Kamppi - Ruoholahti,Helsinki,2021Q3,Two-bedroom+,16.25,89.0,00180 Kamppi - Ruoholahti,2021,True
00180,Kamppi - Ruoholahti,Helsinki,2021Q4,One-bedroom,21.15,228.0,00180 Kamppi - Ruoholahti,2021,True
00180,Kamppi - Ruoholahti,Helsinki,2021Q4,Studio,26.56,393.0,00180 Kamppi - Ruoholahti,2021,True
00180,Kamppi - Ruoholahti,Helsinki,2021Q4,Two-bedroom+,16.24,89.0,00180 Kamppi - Ruoholahti,2021,True
00180,Kamppi - Ruoholahti,Helsinki,2022Q1,One-bedroom,21.74,211.0,00180 Kamppi - Ruoholahti,2022,True
00180,Kamppi - Ruoholahti,Helsinki,2022Q1,Studio,26.94,421.0,00180 Kamppi - Ruoholahti,2022,True
00180,Kamppi - Ruoholahti,Helsinki,2022Q1,Two-bedroom+,16.32,68.0,00180 Kamppi - Ruoholahti,2022,True
00180,Kamppi - Ruoholahti,Helsinki,2022Q2,One-bedroom,22.88,176.0,00180 Kamppi - Ruoholahti,2022,True
00180,Kamppi - Ruoholahti,Helsinki,2022Q2,Studio,27.26,368.0,00180 Kamppi - Ruoholahti,2022,True
00180,Kamppi - Ruoholahti,Helsinki,2022Q2,Two-bedroom+,17.33,40.0,00180 Kamppi - Ruoholahti,2022,True
00180,Kamppi - Ruoholahti,Helsinki,2022Q3,One-bedroom,22.85,168.0,00180 Kamppi - Ruoholahti,2022,True
00180,Kamppi - Ruoholahti,Helsinki,2022Q3,Studio,26.97,349.0,00180 Kamppi - Ruoholahti,2022,True
00180,Kamppi - Ruoholahti,Helsinki,2022Q3,Two-bedroom+,17.56,34.0,00180 Kamppi - Ruoholahti,2022,True
00180,Kamppi - Ruoholahti,Helsinki,2022Q4,One-bedroom,22.66,177.0,00180 Kamppi - Ruoholahti,2022,True
00180,Kamppi - Ruoholahti,Helsinki,2022Q4,Studio,27.39,364.0,00180 Kamppi - Ruoholahti,2022,True
00180,Kamppi - Ruoholahti,Helsinki,2022Q4,Two-bedroom+,17.5,33.0,00180 Kamppi - Ruoholahti,2022,True
00180,Kamppi - Ruoholahti,Helsinki,2023Q1,One-bedroom,23.12,173.0,00180 Kamppi - Ruoholahti,2023,True
00180,Kamppi - Ruoholahti,Helsinki,2023Q1,Studio,27.53,364.0,00180 Kamppi - Ruoholahti,2023,True
00180,Kamppi - Ruoholahti,Helsinki,2023Q1,Two-bedroom+,17.44,40.0,00180 Kamppi - Ruoholahti,2023,True
00180,Kamppi - Ruoholahti,Helsinki,2023Q2,One-bedroom,22.81,185.0,00180 Kamppi - Ruoholahti,2023,True
00180,Kamppi - Ruoholahti,Helsinki,2023Q2,Studio,27.26,355.0,00180 Kamppi - Ruoholahti,2023,True
00180,Kamppi - Ruoholahti,Helsinki,2023Q2,Two-bedroom+,17.54,38.0,00180 Kamppi - Ruoholahti,2023,True
00180,Kamppi - Ruoholahti,Helsinki,2023Q3,One-bedroom,22.88,179.0,00180 Kamppi - Ruoholahti,2023,True
00180,Kamppi - Ruoholahti,Helsinki,2023Q3,Studio,27.42,350.0,00180 Kamppi - Ruoholahti,2023,True
00180,Kamppi - Ruoholahti,Helsinki,2023Q3,Two-bedroom+,17.15,41.0,00180 Kamppi - Ruoholahti,2023,True
00180,Kamppi - Ruoholahti,Helsinki,2023Q4,One-bedroom,24.41,217.0,00180 Kamppi - Ruoholahti,2023,True
00180,Kamppi - Ruoholahti,Helsinki,2023Q4,Studio,28.19,379.0,00180 Kamppi - Ruoholahti,2023,True
00180,Kamppi - Ruoholahti,Helsinki,2023Q4,Two-bedroom+,20.48,58.0,00180 Kamppi - Ruoholahti,2023,True
00180,Kamppi - Ruoholahti,Helsinki,2024Q1,One-bedroom,24.31,213.0,00180 Kamppi - Ruoholahti,2024,True
00180,Kamppi - Ruoholahti,Helsinki,2024Q1,Studio,28.32,378.0,00180 Kamppi - Ruoholahti,2024,True
00180,Kamppi - Ruoholahti,Helsinki,2024Q1,Two-bedroom+,20.99,53.0,00180 Kamppi - Ruoholahti,2024,True
00180,Kamppi - Ruoholahti,Helsinki,2024Q2,One-bedroom,24.46,210.0,00180 Kamppi - Ruoholahti,2024,True
00180,Kamppi - Ruoholahti,Helsinki,2024Q2,Studio,28.37,342.0,00180 Kamppi - Ruoholahti,2024,True
00180,Kamppi - Ruoholahti,Helsinki,2024Q2,Two-bedroom+,21.51,52.0,00180 Kamppi - Ruoholahti,2024,True
00180,Kamppi - Ruoholahti,Helsinki,2024Q3,One-bedroom,24.89,201.0,00180 Kamppi - Ruoholahti,2024,True
00180,Kamppi - Ruoholahti,Helsinki,2024Q3,Studio,28.38,342.0,00180 Kamppi - Ruoholahti,2024,True
00180,Kamppi - Ruoholahti,Helsinki,2024Q3,Two-bedroom+,21.32,47.0,00180 Kamppi - Ruoholahti,2024,True
00180,Kamppi - Ruoholahti,Helsinki,2024Q4,One-bedroom,24.69,206.0,00180 Kamppi - Ruoholahti,2024,True
00180,Kamppi - Ruoholahti,Helsinki,2024Q4,Studio,28.38,354.0,00180 Kamppi - Ruoholahti,2024,True
00180,Kamppi - Ruoholahti,Helsinki,2024Q4,Two-bedroom+,21.89,44.0,00180 Kamppi - Ruoholahti,2024,True
00180,Kamppi - Ruoholahti,Helsinki,2025Q1,One-bedroom,24.77,211.0,00180 Kamppi - Ruoholahti,2025,True
00180,Kamppi - Ruoholahti,Helsinki,2025Q1,Studio,28.47,388.0,00180 Kamppi - Ruoholahti,2025,True
00180,Kamppi - Ruoholahti,Helsinki,2025Q1,Two-bedroom+,21.51,45.0,00180 Kamppi - Ruoholahti,2025,True
00180,Kamppi - Ruoholahti,Helsinki,2025Q2,One-bedroom,25.1,190.0,00180 Kamppi - Ruoholahti,2025,True
00180,Kamppi - Ruoholahti,Helsinki,2025Q2,Studio,28.36,321.0,00180 Kamppi - Ruoholahti,2025,True
00180,Kamppi - Ruoholahti,Helsinki,2025Q2,Two-bedroom+,22.36,43.0,00180 Kamppi - Ruoholahti,2025,True
00180,Kamppi - Ruoholahti,Helsinki,2025Q3,Studio,29.06,326.0,00180 Kamppi - Ruoholahti,2025,True
00180,Kamppi - Ruoholahti,Helsinki,2025Q3,Two-bedroom+,24.91,51.0,00180 Kamppi - Ruoholahti,2025,True
00180,Kamppi - Ruoholahti,Helsinki,2025Q4,One-bedroom,23.13,202.0,00180 Kamppi - Ruoholahti,2025,True
00180,Kamppi - Ruoholahti,Helsinki,2025Q4,Studio,28.03,315.0,00180 Kamppi - Ruoholahti,2025,True
00180,Kamppi - Ruoholahti,Helsinki,2025Q4,Two-bedroom+,20.8,41.0,00180 Kamppi - Ruoholahti,2025,True
00200,Lauttasaari,Helsinki,2015Q1,One-bedroom,13.89,225.0,00200 Lauttasaari,2015,True
00200,Lauttasaari,Helsinki,2015Q1,Studio,22.63,387.0,00200 Lauttasaari,2015,True
00200,Lauttasaari,Helsinki,2015Q1,Two-bedroom+,14.24,45.0,00200 Lauttasaari,2015,True
00200,Lauttasaari,Helsinki,2015Q2,One-bedroom,14.21,223.0,00200 Lauttasaari,2015,True
00200,Lauttasaari,Helsinki,2015Q2,Studio,22.91,393.0,00200 Lauttasaari,2015,True
00200,Lauttasaari,Helsinki,2015Q2,Two-bedroom+,14.3,47.0,00200 Lauttasaari,2015,True
00200,Lauttasaari,Helsinki,2015Q3,One-bedroom,14.16,223.0,00200 Lauttasaari,2015,True
00200,Lauttasaari,Helsinki,2015Q3,Studio,22.98,367.0,00200 Lauttasaari,2015,True
00200,Lauttasaari,Helsinki,2015Q3,Two-bedroom+,13.27,50.0,00200 Lauttasaari,2015,True
00200,Lauttasaari,Helsinki,2015Q4,One-bedroom,14.3,242.0,00200 Lauttasaari,2015,True
00200,Lauttasaari,Helsinki,2015Q4,Studio,23.59,416.0,00200 Lauttasaari,2015,True
00200,Lauttasaari,Helsinki,2015Q4,Two-bedroom+,13.61,58.0,00200 Lauttasaari,2015,True
00200,Lauttasaari,Helsinki,2016Q1,One-bedroom,15.03,227.0,00200 Lauttasaari,2016,True
00200,Lauttasaari,Helsinki,2016Q1,Studio,23.67,422.0,00200 Lauttasaari,2016,True
00200,Lauttasaari,Helsinki,2016Q1,Two-bedroom+,14.95,49.0,00200 Lauttasaari,2016,True
00200,Lauttasaari,Helsinki,2016Q2,One-bedroom,15.01,250.0,00200 Lauttasaari,2016,True
00200,Lauttasaari,Helsinki,2016Q2,Studio,23.84,425.0,00200 Lauttasaari,2016,True
00200,Lauttasaari,Helsinki,2016Q2,Two-bedroom+,15.76,50.0,00200 Lauttasaari,2016,True
00200,Lauttasaari,Helsinki,2016Q3,One-bedroom,15.25,267.0,00200 Lauttasaari,2016,True
00200,Lauttasaari,Helsinki,2016Q3,Studio,23.74,419.0,00200 Lauttasaari,2016,True
00200,Lauttasaari,Helsinki,2016Q3,Two-bedroom+,16.25,45.0,00200 Lauttasaari,2016,True
00200,Lauttasaari,Helsinki,2016Q4,One-bedroom,15.23,271.0,00200 Lauttasaari,2016,True
00200,Lauttasaari,Helsinki,2016Q4,Studio,24.18,437.0,00200 Lauttasaari,2016,True
00200,Lauttasaari,Helsinki,2016Q4,Two-bedroom+,15.5,50.0,00200 Lauttasaari,2016,True
00200,Lauttasaari,Helsinki,2017Q1,One-bedroom,15.15,268.0,00200 Lauttasaari,2017,True
00200,Lauttasaari,Helsinki,2017Q1,Studio,24.02,444.0,00200 Lauttasaari,2017,True
00200,Lauttasaari,Helsinki,2017Q1,Two-bedroom+,15.67,53.0,00200 Lauttasaari,2017,True
00200,Lauttasaari,Helsinki,2017Q2,One-bedroom,15.82,289.0,00200 Lauttasaari,2017,True
00200,Lauttasaari,Helsinki,2017Q2,Studio,24.11,439.0,00200 Lauttasaari,2017,True
00200,Lauttasaari,Helsinki,2017Q2,Two-bedroom+,15.94,76.0,00200 Lauttasaari,2017,True
00200,Lauttasaari,Helsinki,2017Q3,One-bedroom,18.29,224.0,00200 Lauttasaari,2017,True
00200,Lauttasaari,Helsinki,2017Q3,Studio,24.5,425.0,00200 Lauttasaari,2017,True
00200,Lauttasaari,Helsinki,2017Q3,Two-bedroom+,17.56,67.0,00200 Lauttasaari,2017,True
00200,Lauttasaari,Helsinki,2017Q4,One-bedroom,19.14,236.0,00200 Lauttasaari,2017,True
00200,Lauttasaari,Helsinki,2017Q4,Studio,24.79,491.0,00200 Lauttasaari,2017,True
00200,Lauttasaari,Helsinki,2017Q4,Two-bedroom+,17.76,69.0,00200 Lauttasaari,2017,True
00200,Lauttasaari,Helsinki,2018Q1,One-bedroom,18.3,257.0,00200 Lauttasaari,2018,True
00200,Lauttasaari,Helsinki,2018Q1,Studio,24.36,500.0,00200 Lauttasaari,2018,True
00200,Lauttasaari,Helsinki,2018Q1,Two-bedroom+,17.33,74.0,00200 Lauttasaari,2018,True
00200,Lauttasaari,Helsinki,2018Q2,One-bedroom,18.35,261.0,00200 Lauttasaari,2018,True
00200,Lauttasaari,Helsinki,2018Q2,Studio,24.48,488.0,00200 Lauttasaari,2018,True
00200,Lauttasaari,Helsinki,2018Q2,Two-bedroom+,17.83,67.0,00200 Lauttasaari,2018,True
00200,Lauttasaari,Helsinki,2018Q3,One-bedroom,18.62,224.0,00200 Lauttasaari,2018,True
00200,Lauttasaari,Helsinki,2018Q3,Studio,24.62,440.0,00200 Lauttasaari,2018,True
00200,Lauttasaari,Helsinki,2018Q3,Two-bedroom+,18.15,60.0,00200 Lauttasaari,2018,True
00200,Lauttasaari,Helsinki,2018Q4,One-bedroom,19.37,217.0,00200 Lauttasaari,2018,True
00200,Lauttasaari,Helsinki,2018Q4,Studio,25.03,490.0,00200 Lauttasaari,2018,True
00200,Lauttasaari,Helsinki,2018Q4,Two-bedroom+,18.1,65.0,00200 Lauttasaari,2018,True
00200,Lauttasaari,Helsinki,2019Q1,One-bedroom,18.57,237.0,00200 Lauttasaari,2019,True
00200,Lauttasaari,Helsinki,2019Q1,Studio,24.76,501.0,00200 Lauttasaari,2019,True
00200,Lauttasaari,Helsinki,2019Q1,Two-bedroom+,17.95,63.0,00200 Lauttasaari,2019,True
00200,Lauttasaari,Helsinki,2019Q2,One-bedroom,18.77,230.0,00200 Lauttasaari,2019,True
00200,Lauttasaari,Helsinki,2019Q2,Studio,24.86,496.0,00200 Lauttasaari,2019,True
00200,Lauttasaari,Helsinki,2019Q2,Two-bedroom+,17.85,58.0,00200 Lauttasaari,2019,True
00200,Lauttasaari,Helsinki,2019Q3,One-bedroom,18.79,223.0,00200 Lauttasaari,2019,True
00200,Lauttasaari,Helsinki,2019Q3,Studio,25.26,444.0,00200 Lauttasaari,2019,True
00200,Lauttasaari,Helsinki,2019Q3,Two-bedroom+,18.15,54.0,00200 Lauttasaari,2019,True
00200,Lauttasaari,Helsinki,2019Q4,One-bedroom,19.94,209.0,00200 Lauttasaari,2019,True
00200,Lauttasaari,Helsinki,2019Q4,Studio,25.42,491.0,00200 Lauttasaari,2019,True
00200,Lauttasaari,Helsinki,2019Q4,Two-bedroom+,18.64,48.0,00200 Lauttasaari,2019,True
00200,Lauttasaari,Helsinki,2020Q1,One-bedroom,20.07,211.0,00200 Lauttasaari,2020,True
00200,Lauttasaari,Helsinki,2020Q1,Studio,25.64,481.0,00200 Lauttasaari,2020,True
00200,Lauttasaari,Helsinki,2020Q1,Two-bedroom+,18.49,64.0,00200 Lauttasaari,2020,True
00200,Lauttasaari,Helsinki,2020Q2,One-bedroom,20.39,232.0,00200 Lauttasaari,2020,True
00200,Lauttasaari,Helsinki,2020Q2,Studio,25.89,508.0,00200 Lauttasaari,2020,True
00200,Lauttasaari,Helsinki,2020Q2,Two-bedroom+,18.59,62.0,00200 Lauttasaari,2020,True
00200,Lauttasaari,Helsinki,2020Q3,One-bedroom,20.57,235.0,00200 Lauttasaari,2020,True
00200,Lauttasaari,Helsinki,2020Q3,Studio,26.11,509.0,00200 Lauttasaari,2020,True
00200,Lauttasaari,Helsinki,2020Q3,Two-bedroom+,18.49,69.0,00200 Lauttasaari,2020,True
00200,Lauttasaari,Helsinki,2020Q4,One-bedroom,20.5,237.0,00200 Lauttasaari,2020,True
00200,Lauttasaari,Helsinki,2020Q4,Studio,26.28,542.0,00200 Lauttasaari,2020,True
00200,Lauttasaari,Helsinki,2020Q4,Two-bedroom+,18.92,62.0,00200 Lauttasaari,2020,True
00200,Lauttasaari,Helsinki,2021Q1,One-bedroom,20.55,251.0,00200 Lauttasaari,2021,True
00200,Lauttasaari,Helsinki,2021Q1,Studio,26.37,559.0,00200 Lauttasaari,2021,True
00200,Lauttasaari,Helsinki,2021Q1,Two-bedroom+,19.06,65.0,00200 Lauttasaari,2021,True
00200,Lauttasaari,Helsinki,2021Q2,One-bedroom,20.72,247.0,00200 Lauttasaari,2021,True
00200,Lauttasaari,Helsinki,2021Q2,Studio,26.31,539.0,00200 Lauttasaari,2021,True
00200,Lauttasaari,Helsinki,2021Q2,Two-bedroom+,19.12,67.0,00200 Lauttasaari,2021,True
00200,Lauttasaari,Helsinki,2021Q3,One-bedroom,20.73,247.0,00200 Lauttasaari,2021,True
00200,Lauttasaari,Helsinki,2021Q3,Studio,26.43,475.0,00200 Lauttasaari,2021,True
00200,Lauttasaari,Helsinki,2021Q3,Two-bedroom+,19.39,63.0,00200 Lauttasaari,2021,True
00200,Lauttasaari,Helsinki,2021Q4,One-bedroom,20.81,241.0,00200 Lauttasaari,2021,True
00200,Lauttasaari,Helsinki,2021Q4,Studio,26.61,517.0,00200 Lauttasaari,2021,True
00200,Lauttasaari,Helsinki,2021Q4,Two-bedroom+,19.8,58.0,00200 Lauttasaari,2021,True
00200,Lauttasaari,Helsinki,2022Q1,One-bedroom,20.85,245.0,00200 Lauttasaari,2022,True
00200,Lauttasaari,Helsinki,2022Q1,Studio,26.59,510.0,00200 Lauttasaari,2022,True
00200,Lauttasaari,Helsinki,2022Q1,Two-bedroom+,19.17,62.0,00200 Lauttasaari,2022,True
00200,Lauttasaari,Helsinki,2022Q2,One-bedroom,20.65,236.0,00200 Lauttasaari,2022,True
00200,Lauttasaari,Helsinki,2022Q2,Studio,26.65,486.0,00200 Lauttasaari,2022,True
00200,Lauttasaari,Helsinki,2022Q2,Two-bedroom+,19.25,62.0,00200 Lauttasaari,2022,True
00200,Lauttasaari,Helsinki,2022Q3,One-bedroom,20.84,219.0,00200 Lauttasaari,2022,True
00200,Lauttasaari,Helsinki,2022Q3,Studio,26.42,469.0,00200 Lauttasaari,2022,True
00200,Lauttasaari,Helsinki,2022Q3,Two-bedroom+,19.27,62.0,00200 Lauttasaari,2022,True
00200,Lauttasaari,Helsinki,2022Q4,One-bedroom,20.93,234.0,00200 Lauttasaari,2022,True
00200,Lauttasaari,Helsinki,2022Q4,Studio,26.43,497.0,00200 Lauttasaari,2022,True
00200,Lauttasaari,Helsinki,2022Q4,Two-bedroom+,19.24,63.0,00200 Lauttasaari,2022,True
00200,Lauttasaari,Helsinki,2023Q1,One-bedroom,21.02,231.0,00200 Lauttasaari,2023,True
00200,Lauttasaari,Helsinki,2023Q1,Studio,26.51,492.0,00200 Lauttasaari,2023,True
00200,Lauttasaari,Helsinki,2023Q1,Two-bedroom+,19.52,64.0,00200 Lauttasaari,2023,True
00200,Lauttasaari,Helsinki,2023Q2,One-bedroom,20.88,233.0,00200 Lauttasaari,2023,True
00200,Lauttasaari,Helsinki,2023Q2,Studio,26.7,494.0,00200 Lauttasaari,2023,True
00200,Lauttasaari,Helsinki,2023Q2,Two-bedroom+,19.77,61.0,00200 Lauttasaari,2023,True
00200,Lauttasaari,Helsinki,2023Q3,One-bedroom,21.01,221.0,00200 Lauttasaari,2023,True
00200,Lauttasaari,Helsinki,2023Q3,Studio,26.75,499.0,00200 Lauttasaari,2023,True
00200,Lauttasaari,Helsinki,2023Q3,Two-bedroom+,19.84,58.0,00200 Lauttasaari,2023,True
00200,Lauttasaari,Helsinki,2023Q4,One-bedroom,21.07,236.0,00200 Lauttasaari,2023,True
00200,Lauttasaari,Helsinki,2023Q4,Studio,26.85,527.0,00200 Lauttasaari,2023,True
00200,Lauttasaari,Helsinki,2023Q4,Two-bedroom+,20.0,59.0,00200 Lauttasaari,2023,True
00200,Lauttasaari,Helsinki,2024Q1,One-bedroom,21.07,230.0,00200 Lauttasaari,2024,True
00200,Lauttasaari,Helsinki,2024Q1,Studio,26.95,533.0,00200 Lauttasaari,2024,True
00200,Lauttasaari,Helsinki,2024Q1,Two-bedroom+,20.21,58.0,00200 Lauttasaari,2024,True
00200,Lauttasaari,Helsinki,2024Q2,One-bedroom,20.99,214.0,00200 Lauttasaari,2024,True
00200,Lauttasaari,Helsinki,2024Q2,Studio,27.02,504.0,00200 Lauttasaari,2024,True
00200,Lauttasaari,Helsinki,2024Q2,Two-bedroom+,20.31,56.0,00200 Lauttasaari,2024,True
00200,Lauttasaari,Helsinki,2024Q3,One-bedroom,21.2,213.0,00200 Lauttasaari,2024,True
00200,Lauttasaari,Helsinki,2024Q3,Studio,27.06,469.0,00200 Lauttasaari,2024,True
00200,Lauttasaari,Helsinki,2024Q3,Two-bedroom+,21.18,55.0,00200 Lauttasaari,2024,True
00200,Lauttasaari,Helsinki,2024Q4,One-bedroom,21.42,201.0,00200 Lauttasaari,2024,True
00200,Lauttasaari,Helsinki,2024Q4,Studio,26.99,456.0,00200 Lauttasaari,2024,True
00200,Lauttasaari,Helsinki,2024Q4,Two-bedroom+,20.99,52.0,00200 Lauttasaari,2024,True
00200,Lauttasaari,Helsinki,2025Q1,One-bedroom,21.64,197.0,00200 Lauttasaari,2025,True
00200,Lauttasaari,Helsinki,2025Q1,Studio,27.07,500.0,00200 Lauttasaari,2025,True
00200,Lauttasaari,Helsinki,2025Q1,Two-bedroom+,20.16,61.0,00200 Lauttasaari,2025,True
00200,Lauttasaari,Helsinki,2025Q2,One-bedroom,21.93,156.0,00200 Lauttasaari,2025,True
00200,Lauttasaari,Helsinki,2025Q2,Studio,27.09,418.0,00200 Lauttasaari,2025,True
00200,Lauttasaari,Helsinki,2025Q2,Two-bedroom+,20.67,50.0,00200 Lauttasaari,2025,True
00200,Lauttasaari,Helsinki,2025Q3,One-bedroom,22.63,194.0,00200 Lauttasaari,2025,True
00200,Lauttasaari,Helsinki,2025Q3,Studio,26.85,345.0,00200 Lauttasaari,2025,True
00200,Lauttasaari,Helsinki,2025Q3,Two-bedroom+,21.52,66.0,00200 Lauttasaari,2025,True
00200,Lauttasaari,Helsinki,2025Q4,One-bedroom,18.92,194.0,00200 Lauttasaari,2025,True
00200,Lauttasaari,Helsinki,2025Q4,Studio,26.78,434.0,00200 Lauttasaari,2025,True
00200,Lauttasaari,Helsinki,2025Q4,Two-bedroom+,20.61,46.0,00200 Lauttasaari,2025,True
00250,Taka-Töölö,Helsinki,2015Q1,One-bedroom,16.45,206.0,00250 Taka-Töölö,2015,True
00250,Taka-Töölö,Helsinki,2015Q1,Studio,25.27,365.0,00250 Taka-Töölö,2015,True
00250,Taka-Töölö,Helsinki,2015Q1,Two-bedroom+,13.4,26.0,00250 Taka-Töölö,2015,False
00250,Taka-Töölö,Helsinki,2015Q2,One-bedroom,16.7,210.0,00250 Taka-Töölö,2015,True
00250,Taka-Töölö,Helsinki,2015Q2,Studio,25.2,372.0,00250 Taka-Töölö,2015,True
00250,Taka-Töölö,Helsinki,2015Q2,Two-bedroom+,12.89,29.0,00250 Taka-Töölö,2015,False
00250,Taka-Töölö,Helsinki,2015Q3,One-bedroom,16.95,224.0,00250 Taka-Töölö,2015,True
00250,Taka-Töölö,Helsinki,2015Q3,Studio,25.16,369.0,00250 Taka-Töölö,2015,True
00250,Taka-Töölö,Helsinki,2015Q3,Two-bedroom+,14.46,26.0,00250 Taka-Töölö,2015,False
00250,Taka-Töölö,Helsinki,2015Q4,One-bedroom,16.47,242.0,00250 Taka-Töölö,2015,True
00250,Taka-Töölö,Helsinki,2015Q4,Studio,25.25,394.0,00250 Taka-Töölö,2015,True
00250,Taka-Töölö,Helsinki,2015Q4,Two-bedroom+,14.9,28.0,00250 Taka-Töölö,2015,False
00250,Taka-Töölö,Helsinki,2016Q1,One-bedroom,16.69,253.0,00250 Taka-Töölö,2016,True
00250,Taka-Töölö,Helsinki,2016Q1,Studio,25.72,416.0,00250 Taka-Töölö,2016,True
00250,Taka-Töölö,Helsinki,2016Q1,Two-bedroom+,16.09,31.0,00250 Taka-Töölö,2016,True
00250,Taka-Töölö,Helsinki,2016Q2,One-bedroom,17.44,252.0,00250 Taka-Töölö,2016,True
00250,Taka-Töölö,Helsinki,2016Q2,Studio,25.67,443.0,00250 Taka-Töölö,2016,True
00250,Taka-Töölö,Helsinki,2016Q2,Two-bedroom+,16.13,48.0,00250 Taka-Töölö,2016,True
00250,Taka-Töölö,Helsinki,2016Q3,One-bedroom,17.65,264.0,00250 Taka-Töölö,2016,True
00250,Taka-Töölö,Helsinki,2016Q3,Studio,26.19,425.0,00250 Taka-Töölö,2016,True
00250,Taka-Töölö,Helsinki,2016Q3,Two-bedroom+,16.15,46.0,00250 Taka-Töölö,2016,True
00250,Taka-Töölö,Helsinki,2016Q4,One-bedroom,17.08,280.0,00250 Taka-Töölö,2016,True
00250,Taka-Töölö,Helsinki,2016Q4,Studio,26.06,459.0,00250 Taka-Töölö,2016,True
00250,Taka-Töölö,Helsinki,2016Q4,Two-bedroom+,15.47,49.0,00250 Taka-Töölö,2016,True
00250,Taka-Töölö,Helsinki,2017Q1,One-bedroom,17.55,264.0,00250 Taka-Töölö,2017,True
00250,Taka-Töölö,Helsinki,2017Q1,Studio,26.31,420.0,00250 Taka-Töölö,2017,True
00250,Taka-Töölö,Helsinki,2017Q1,Two-bedroom+,16.03,47.0,00250 Taka-Töölö,2017,True
00250,Taka-Töölö,Helsinki,2017Q2,One-bedroom,18.03,251.0,00250 Taka-Töölö,2017,True
00250,Taka-Töölö,Helsinki,2017Q2,Studio,26.38,421.0,00250 Taka-Töölö,2017,True
00250,Taka-Töölö,Helsinki,2017Q2,Two-bedroom+,16.56,41.0,00250 Taka-Töölö,2017,True
00250,Taka-Töölö,Helsinki,2017Q3,One-bedroom,20.16,217.0,00250 Taka-Töölö,2017,True
00250,Taka-Töölö,Helsinki,2017Q3,Studio,26.75,431.0,00250 Taka-Töölö,2017,True
00250,Taka-Töölö,Helsinki,2017Q3,Two-bedroom+,17.69,38.0,00250 Taka-Töölö,2017,True
00250,Taka-Töölö,Helsinki,2017Q4,One-bedroom,21.0,223.0,00250 Taka-Töölö,2017,True
00250,Taka-Töölö,Helsinki,2017Q4,Studio,26.73,466.0,00250 Taka-Töölö,2017,True
00250,Taka-Töölö,Helsinki,2017Q4,Two-bedroom+,18.22,41.0,00250 Taka-Töölö,2017,True
00250,Taka-Töölö,Helsinki,2018Q1,One-bedroom,20.94,245.0,00250 Taka-Töölö,2018,True
00250,Taka-Töölö,Helsinki,2018Q1,Studio,26.7,491.0,00250 Taka-Töölö,2018,True
00250,Taka-Töölö,Helsinki,2018Q1,Two-bedroom+,17.39,45.0,00250 Taka-Töölö,2018,True
00250,Taka-Töölö,Helsinki,2018Q2,One-bedroom,21.04,239.0,00250 Taka-Töölö,2018,True
00250,Taka-Töölö,Helsinki,2018Q2,Studio,26.67,485.0,00250 Taka-Töölö,2018,True
00250,Taka-Töölö,Helsinki,2018Q2,Two-bedroom+,17.5,47.0,00250 Taka-Töölö,2018,True
00250,Taka-Töölö,Helsinki,2018Q3,One-bedroom,21.15,224.0,00250 Taka-Töölö,2018,True
00250,Taka-Töölö,Helsinki,2018Q3,Studio,27.23,435.0,00250 Taka-Töölö,2018,True
00250,Taka-Töölö,Helsinki,2018Q3,Two-bedroom+,17.74,40.0,00250 Taka-Töölö,2018,True
00250,Taka-Töölö,Helsinki,2018Q4,One-bedroom,21.32,212.0,00250 Taka-Töölö,2018,True
00250,Taka-Töölö,Helsinki,2018Q4,Studio,27.09,463.0,00250 Taka-Töölö,2018,True
00250,Taka-Töölö,Helsinki,2018Q4,Two-bedroom+,19.04,35.0,00250 Taka-Töölö,2018,True
00250,Taka-Töölö,Helsinki,2019Q1,One-bedroom,21.34,223.0,00250 Taka-Töölö,2019,True
00250,Taka-Töölö,Helsinki,2019Q1,Studio,27.36,501.0,00250 Taka-Töölö,2019,True
00250,Taka-Töölö,Helsinki,2019Q1,Two-bedroom+,17.61,42.0,00250 Taka-Töölö,2019,True
00250,Taka-Töölö,Helsinki,2019Q2,One-bedroom,21.37,213.0,00250 Taka-Töölö,2019,True
00250,Taka-Töölö,Helsinki,2019Q2,Studio,27.49,501.0,00250 Taka-Töölö,2019,True
00250,Taka-Töölö,Helsinki,2019Q2,Two-bedroom+,17.69,45.0,00250 Taka-Töölö,2019,True
00250,Taka-Töölö,Helsinki,2019Q3,One-bedroom,21.42,216.0,00250 Taka-Töölö,2019,True
00250,Taka-Töölö,Helsinki,2019Q3,Studio,27.64,472.0,00250 Taka-Töölö,2019,True
00250,Taka-Töölö,Helsinki,2019Q3,Two-bedroom+,17.81,42.0,00250 Taka-Töölö,2019,True
00250,Taka-Töölö,Helsinki,2019Q4,One-bedroom,21.9,207.0,00250 Taka-Töölö,2019,True
00250,Taka-Töölö,Helsinki,2019Q4,Studio,27.74,481.0,00250 Taka-Töölö,2019,True
00250,Taka-Töölö,Helsinki,2019Q4,Two-bedroom+,18.91,41.0,00250 Taka-Töölö,2019,True
00250,Taka-Töölö,Helsinki,2020Q1,One-bedroom,21.82,223.0,00250 Taka-Töölö,2020,True
00250,Taka-Töölö,Helsinki,2020Q1,Studio,27.81,501.0,00250 Taka-Töölö,2020,True
00250,Taka-Töölö,Helsinki,2020Q1,Two-bedroom+,19.05,43.0,00250 Taka-Töölö,2020,True
00250,Taka-Töölö,Helsinki,2020Q2,One-bedroom,21.47,264.0,00250 Taka-Töölö,2020,True
00250,Taka-Töölö,Helsinki,2020Q2,Studio,27.86,633.0,00250 Taka-Töölö,2020,True
00250,Taka-Töölö,Helsinki,2020Q2,Two-bedroom+,19.56,40.0,00250 Taka-Töölö,2020,True
00250,Taka-Töölö,Helsinki,2020Q3,One-bedroom,21.5,264.0,00250 Taka-Töölö,2020,True
00250,Taka-Töölö,Helsinki,2020Q3,Studio,28.15,650.0,00250 Taka-Töölö,2020,True
00250,Taka-Töölö,Helsinki,2020Q3,Two-bedroom+,19.84,39.0,00250 Taka-Töölö,2020,True
00250,Taka-Töölö,Helsinki,2020Q4,One-bedroom,21.63,275.0,00250 Taka-Töölö,2020,True
00250,Taka-Töölö,Helsinki,2020Q4,Studio,28.17,661.0,00250 Taka-Töölö,2020,True
00250,Taka-Töölö,Helsinki,2020Q4,Two-bedroom+,19.61,42.0,00250 Taka-Töölö,2020,True
00250,Taka-Töölö,Helsinki,2021Q1,One-bedroom,21.37,272.0,00250 Taka-Töölö,2021,True
00250,Taka-Töölö,Helsinki,2021Q1,Studio,28.34,644.0,00250 Taka-Töölö,2021,True
00250,Taka-Töölö,Helsinki,2021Q1,Two-bedroom+,19.68,39.0,00250 Taka-Töölö,2021,True
00250,Taka-Töölö,Helsinki,2021Q2,One-bedroom,21.51,272.0,00250 Taka-Töölö,2021,True
00250,Taka-Töölö,Helsinki,2021Q2,Studio,28.29,614.0,00250 Taka-Töölö,2021,True
00250,Taka-Töölö,Helsinki,2021Q2,Two-bedroom+,19.72,39.0,00250 Taka-Töölö,2021,True
00250,Taka-Töölö,Helsinki,2021Q3,One-bedroom,21.58,267.0,00250 Taka-Töölö,2021,True
00250,Taka-Töölö,Helsinki,2021Q3,Studio,28.38,582.0,00250 Taka-Töölö,2021,True
00250,Taka-Töölö,Helsinki,2021Q3,Two-bedroom+,19.36,44.0,00250 Taka-Töölö,2021,True
00250,Taka-Töölö,Helsinki,2021Q4,One-bedroom,21.58,264.0,00250 Taka-Töölö,2021,True
00250,Taka-Töölö,Helsinki,2021Q4,Studio,28.13,641.0,00250 Taka-Töölö,2021,True
00250,Taka-Töölö,Helsinki,2021Q4,Two-bedroom+,19.55,39.0,00250 Taka-Töölö,2021,True
00250,Taka-Töölö,Helsinki,2022Q1,One-bedroom,21.7,265.0,00250 Taka-Töölö,2022,True
00250,Taka-Töölö,Helsinki,2022Q1,Studio,28.17,645.0,00250 Taka-Töölö,2022,True
00250,Taka-Töölö,Helsinki,2022Q1,Two-bedroom+,19.68,39.0,00250 Taka-Töölö,2022,True
00250,Taka-Töölö,Helsinki,2022Q2,One-bedroom,21.46,238.0,00250 Taka-Töölö,2022,True
00250,Taka-Töölö,Helsinki,2022Q2,Studio,28.07,574.0,00250 Taka-Töölö,2022,True
00250,Taka-Töölö,Helsinki,2022Q2,Two-bedroom+,20.41,31.0,00250 Taka-Töölö,2022,True
00250,Taka-Töölö,Helsinki,2022Q3,One-bedroom,21.49,233.0,00250 Taka-Töölö,2022,True
00250,Taka-Töölö,Helsinki,2022Q3,Studio,28.14,556.0,00250 Taka-Töölö,2022,True
00250,Taka-Töölö,Helsinki,2022Q3,Two-bedroom+,20.6,32.0,00250 Taka-Töölö,2022,True
00250,Taka-Töölö,Helsinki,2022Q4,One-bedroom,21.19,250.0,00250 Taka-Töölö,2022,True
00250,Taka-Töölö,Helsinki,2022Q4,Studio,28.15,579.0,00250 Taka-Töölö,2022,True
00250,Taka-Töölö,Helsinki,2022Q4,Two-bedroom+,20.05,35.0,00250 Taka-Töölö,2022,True
00250,Taka-Töölö,Helsinki,2023Q1,One-bedroom,21.08,254.0,00250 Taka-Töölö,2023,True
00250,Taka-Töölö,Helsinki,2023Q1,Studio,28.26,577.0,00250 Taka-Töölö,2023,True
00250,Taka-Töölö,Helsinki,2023Q1,Two-bedroom+,19.86,38.0,00250 Taka-Töölö,2023,True
00250,Taka-Töölö,Helsinki,2023Q2,One-bedroom,21.14,255.0,00250 Taka-Töölö,2023,True
00250,Taka-Töölö,Helsinki,2023Q2,Studio,28.4,593.0,00250 Taka-Töölö,2023,True
00250,Taka-Töölö,Helsinki,2023Q2,Two-bedroom+,19.9,39.0,00250 Taka-Töölö,2023,True
00250,Taka-Töölö,Helsinki,2023Q3,One-bedroom,21.31,237.0,00250 Taka-Töölö,2023,True
00250,Taka-Töölö,Helsinki,2023Q3,Studio,28.48,601.0,00250 Taka-Töölö,2023,True
00250,Taka-Töölö,Helsinki,2023Q3,Two-bedroom+,19.7,42.0,00250 Taka-Töölö,2023,True
00250,Taka-Töölö,Helsinki,2023Q4,One-bedroom,21.5,235.0,00250 Taka-Töölö,2023,True
00250,Taka-Töölö,Helsinki,2023Q4,Studio,28.48,609.0,00250 Taka-Töölö,2023,True
00250,Taka-Töölö,Helsinki,2023Q4,Two-bedroom+,19.94,40.0,00250 Taka-Töölö,2023,True
00250,Taka-Töölö,Helsinki,2024Q1,One-bedroom,21.41,239.0,00250 Taka-Töölö,2024,True
00250,Taka-Töölö,Helsinki,2024Q1,Studio,28.48,608.0,00250 Taka-Töölö,2024,True
00250,Taka-Töölö,Helsinki,2024Q1,Two-bedroom+,20.11,39.0,00250 Taka-Töölö,2024,True
00250,Taka-Töölö,Helsinki,2024Q2,One-bedroom,21.52,235.0,00250 Taka-Töölö,2024,True
00250,Taka-Töölö,Helsinki,2024Q2,Studio,28.61,595.0,00250 Taka-Töölö,2024,True
00250,Taka-Töölö,Helsinki,2024Q2,Two-bedroom+,20.35,38.0,00250 Taka-Töölö,2024,True
00250,Taka-Töölö,Helsinki,2024Q3,One-bedroom,21.95,222.0,00250 Taka-Töölö,2024,True
00250,Taka-Töölö,Helsinki,2024Q3,Studio,28.58,566.0,00250 Taka-Töölö,2024,True
00250,Taka-Töölö,Helsinki,2024Q3,Two-bedroom+,20.29,35.0,00250 Taka-Töölö,2024,True
00250,Taka-Töölö,Helsinki,2024Q4,One-bedroom,21.52,225.0,00250 Taka-Töölö,2024,True
00250,Taka-Töölö,Helsinki,2024Q4,Studio,28.56,584.0,00250 Taka-Töölö,2024,True
00250,Taka-Töölö,Helsinki,2024Q4,Two-bedroom+,20.52,35.0,00250 Taka-Töölö,2024,True
00250,Taka-Töölö,Helsinki,2025Q1,One-bedroom,21.68,230.0,00250 Taka-Töölö,2025,True
00250,Taka-Töölö,Helsinki,2025Q1,Studio,28.56,648.0,00250 Taka-Töölö,2025,True
00250,Taka-Töölö,Helsinki,2025Q1,Two-bedroom+,20.69,35.0,00250 Taka-Töölö,2025,True
00250,Taka-Töölö,Helsinki,2025Q2,One-bedroom,22.0,197.0,00250 Taka-Töölö,2025,True
00250,Taka-Töölö,Helsinki,2025Q2,Studio,28.65,548.0,00250 Taka-Töölö,2025,True
00250,Taka-Töölö,Helsinki,2025Q2,Two-bedroom+,21.48,32.0,00250 Taka-Töölö,2025,True
00250,Taka-Töölö,Helsinki,2025Q3,One-bedroom,22.84,197.0,00250 Taka-Töölö,2025,True
00250,Taka-Töölö,Helsinki,2025Q3,Studio,28.45,455.0,00250 Taka-Töölö,2025,True
00250,Taka-Töölö,Helsinki,2025Q4,One-bedroom,18.85,227.0,00250 Taka-Töölö,2025,True
00250,Taka-Töölö,Helsinki,2025Q4,Studio,28.65,559.0,00250 Taka-Töölö,2025,True
00250,Taka-Töölö,Helsinki,2025Q4,Two-bedroom+,18.49,41.0,00250 Taka-Töölö,2025,True
00320,Etelä-Haaga,Helsinki,2015Q1,One-bedroom,14.39,133.0,00320 Etelä-Haaga,2015,True
00320,Etelä-Haaga,Helsinki,2015Q1,Studio,23.34,317.0,00320 Etelä-Haaga,2015,True
00320,Etelä-Haaga,Helsinki,2015Q1,Two-bedroom+,11.34,25.0,00320 Etelä-Haaga,2015,False
00320,Etelä-Haaga,Helsinki,2015Q2,One-bedroom,14.72,135.0,00320 Etelä-Haaga,2015,True
00320,Etelä-Haaga,Helsinki,2015Q2,Studio,23.88,316.0,00320 Etelä-Haaga,2015,True
00320,Etelä-Haaga,Helsinki,2015Q2,Two-bedroom+,12.12,25.0,00320 Etelä-Haaga,2015,False
00320,Etelä-Haaga,Helsinki,2015Q3,One-bedroom,15.56,135.0,00320 Etelä-Haaga,2015,True
00320,Etelä-Haaga,Helsinki,2015Q3,Studio,23.93,324.0,00320 Etelä-Haaga,2015,True
00320,Etelä-Haaga,Helsinki,2015Q3,Two-bedroom+,12.07,27.0,00320 Etelä-Haaga,2015,False
00320,Etelä-Haaga,Helsinki,2015Q4,One-bedroom,15.23,150.0,00320 Etelä-Haaga,2015,True
00320,Etelä-Haaga,Helsinki,2015Q4,Studio,23.77,370.0,00320 Etelä-Haaga,2015,True
00320,Etelä-Haaga,Helsinki,2015Q4,Two-bedroom+,12.16,29.0,00320 Etelä-Haaga,2015,False
00320,Etelä-Haaga,Helsinki,2016Q1,One-bedroom,15.77,164.0,00320 Etelä-Haaga,2016,True
00320,Etelä-Haaga,Helsinki,2016Q1,Studio,23.67,394.0,00320 Etelä-Haaga,2016,True
00320,Etelä-Haaga,Helsinki,2016Q1,Two-bedroom+,12.51,24.0,00320 Etelä-Haaga,2016,False
00320,Etelä-Haaga,Helsinki,2016Q2,One-bedroom,15.58,174.0,00320 Etelä-Haaga,2016,True
00320,Etelä-Haaga,Helsinki,2016Q2,Studio,23.9,388.0,00320 Etelä-Haaga,2016,True
00320,Etelä-Haaga,Helsinki,2016Q2,Two-bedroom+,13.25,24.0,00320 Etelä-Haaga,2016,False
00320,Etelä-Haaga,Helsinki,2016Q3,One-bedroom,15.48,157.0,00320 Etelä-Haaga,2016,True
00320,Etelä-Haaga,Helsinki,2016Q3,Studio,24.14,384.0,00320 Etelä-Haaga,2016,True
00320,Etelä-Haaga,Helsinki,2016Q3,Two-bedroom+,14.01,22.0,00320 Etelä-Haaga,2016,False
00320,Etelä-Haaga,Helsinki,2016Q4,One-bedroom,15.06,156.0,00320 Etelä-Haaga,2016,True
00320,Etelä-Haaga,Helsinki,2016Q4,Studio,24.15,416.0,00320 Etelä-Haaga,2016,True
00320,Etelä-Haaga,Helsinki,2016Q4,Two-bedroom+,13.84,25.0,00320 Etelä-Haaga,2016,False
00320,Etelä-Haaga,Helsinki,2017Q1,One-bedroom,15.09,155.0,00320 Etelä-Haaga,2017,True
00320,Etelä-Haaga,Helsinki,2017Q1,Studio,24.24,425.0,00320 Etelä-Haaga,2017,True
00320,Etelä-Haaga,Helsinki,2017Q1,Two-bedroom+,13.38,22.0,00320 Etelä-Haaga,2017,False
00320,Etelä-Haaga,Helsinki,2017Q2,One-bedroom,15.66,175.0,00320 Etelä-Haaga,2017,True
00320,Etelä-Haaga,Helsinki,2017Q2,Studio,24.47,428.0,00320 Etelä-Haaga,2017,True
00320,Etelä-Haaga,Helsinki,2017Q2,Two-bedroom+,13.75,27.0,00320 Etelä-Haaga,2017,False
00320,Etelä-Haaga,Helsinki,2017Q3,One-bedroom,17.81,147.0,00320 Etelä-Haaga,2017,True
00320,Etelä-Haaga,Helsinki,2017Q3,Studio,24.64,435.0,00320 Etelä-Haaga,2017,True
00320,Etelä-Haaga,Helsinki,2017Q3,Two-bedroom+,16.43,23.0,00320 Etelä-Haaga,2017,False
00320,Etelä-Haaga,Helsinki,2017Q4,One-bedroom,18.61,169.0,00320 Etelä-Haaga,2017,True
00320,Etelä-Haaga,Helsinki,2017Q4,Studio,24.55,496.0,00320 Etelä-Haaga,2017,True
00320,Etelä-Haaga,Helsinki,2017Q4,Two-bedroom+,16.28,21.0,00320 Etelä-Haaga,2017,False
00320,Etelä-Haaga,Helsinki,2018Q1,One-bedroom,18.1,180.0,00320 Etelä-Haaga,2018,True
00320,Etelä-Haaga,Helsinki,2018Q1,Studio,24.38,516.0,00320 Etelä-Haaga,2018,True
00320,Etelä-Haaga,Helsinki,2018Q1,Two-bedroom+,15.04,25.0,00320 Etelä-Haaga,2018,False
00320,Etelä-Haaga,Helsinki,2018Q2,One-bedroom,17.95,158.0,00320 Etelä-Haaga,2018,True
00320,Etelä-Haaga,Helsinki,2018Q2,Studio,24.72,485.0,00320 Etelä-Haaga,2018,True
00320,Etelä-Haaga,Helsinki,2018Q2,Two-bedroom+,15.14,27.0,00320 Etelä-Haaga,2018,False
00320,Etelä-Haaga,Helsinki,2018Q3,One-bedroom,18.0,143.0,00320 Etelä-Haaga,2018,True
00320,Etelä-Haaga,Helsinki,2018Q3,Studio,24.86,434.0,00320 Etelä-Haaga,2018,True
00320,Etelä-Haaga,Helsinki,2018Q3,Two-bedroom+,15.36,25.0,00320 Etelä-Haaga,2018,False
00320,Etelä-Haaga,Helsinki,2018Q4,One-bedroom,18.9,141.0,00320 Etelä-Haaga,2018,True
00320,Etelä-Haaga,Helsinki,2018Q4,Studio,25.01,473.0,00320 Etelä-Haaga,2018,True
00320,Etelä-Haaga,Helsinki,2018Q4,Two-bedroom+,16.73,22.0,00320 Etelä-Haaga,2018,False
00320,Etelä-Haaga,Helsinki,2019Q1,One-bedroom,18.2,149.0,00320 Etelä-Haaga,2019,True
00320,Etelä-Haaga,Helsinki,2019Q1,Studio,25.03,494.0,00320 Etelä-Haaga,2019,True
00320,Etelä-Haaga,Helsinki,2019Q1,Two-bedroom+,16.37,22.0,00320 Etelä-Haaga,2019,False
00320,Etelä-Haaga,Helsinki,2019Q2,One-bedroom,18.03,164.0,00320 Etelä-Haaga,2019,True
00320,Etelä-Haaga,Helsinki,2019Q2,Studio,24.98,490.0,00320 Etelä-Haaga,2019,True
00320,Etelä-Haaga,Helsinki,2019Q2,Two-bedroom+,17.12,22.0,00320 Etelä-Haaga,2019,False
00320,Etelä-Haaga,Helsinki,2019Q3,One-bedroom,18.38,160.0,00320 Etelä-Haaga,2019,True
00320,Etelä-Haaga,Helsinki,2019Q3,Studio,25.25,465.0,00320 Etelä-Haaga,2019,True
00320,Etelä-Haaga,Helsinki,2019Q3,Two-bedroom+,17.39,20.0,00320 Etelä-Haaga,2019,False
00320,Etelä-Haaga,Helsinki,2019Q4,One-bedroom,18.56,162.0,00320 Etelä-Haaga,2019,True
00320,Etelä-Haaga,Helsinki,2019Q4,Studio,25.8,456.0,00320 Etelä-Haaga,2019,True
00320,Etelä-Haaga,Helsinki,2019Q4,Two-bedroom+,17.94,20.0,00320 Etelä-Haaga,2019,False
00320,Etelä-Haaga,Helsinki,2020Q1,One-bedroom,18.78,153.0,00320 Etelä-Haaga,2020,True
00320,Etelä-Haaga,Helsinki,2020Q1,Studio,25.76,498.0,00320 Etelä-Haaga,2020,True
00320,Etelä-Haaga,Helsinki,2020Q1,Two-bedroom+,17.62,22.0,00320 Etelä-Haaga,2020,False
00320,Etelä-Haaga,Helsinki,2020Q2,One-bedroom,18.92,177.0,00320 Etelä-Haaga,2020,True
00320,Etelä-Haaga,Helsinki,2020Q2,Studio,25.77,560.0,00320 Etelä-Haaga,2020,True
00320,Etelä-Haaga,Helsinki,2020Q3,One-bedroom,18.95,183.0,00320 Etelä-Haaga,2020,True
00320,Etelä-Haaga,Helsinki,2020Q3,Studio,25.79,550.0,00320 Etelä-Haaga,2020,True
00320,Etelä-Haaga,Helsinki,2020Q4,One-bedroom,19.03,177.0,00320 Etelä-Haaga,2020,True
00320,Etelä-Haaga,Helsinki,2020Q4,Studio,25.86,571.0,00320 Etelä-Haaga,2020,True
00320,Etelä-Haaga,Helsinki,2021Q1,One-bedroom,19.04,170.0,00320 Etelä-Haaga,2021,True
00320,Etelä-Haaga,Helsinki,2021Q1,Studio,26.05,585.0,00320 Etelä-Haaga,2021,True
00320,Etelä-Haaga,Helsinki,2021Q1,Two-bedroom+,16.76,20.0,00320 Etelä-Haaga,2021,False
00320,Etelä-Haaga,Helsinki,2021Q2,One-bedroom,18.91,170.0,00320 Etelä-Haaga,2021,True
00320,Etelä-Haaga,Helsinki,2021Q2,Studio,26.19,556.0,00320 Etelä-Haaga,2021,True
00320,Etelä-Haaga,Helsinki,2021Q3,One-bedroom,18.91,146.0,00320 Etelä-Haaga,2021,True
00320,Etelä-Haaga,Helsinki,2021Q3,Studio,26.15,510.0,00320 Etelä-Haaga,2021,True
00320,Etelä-Haaga,Helsinki,2021Q4,One-bedroom,19.06,161.0,00320 Etelä-Haaga,2021,True
00320,Etelä-Haaga,Helsinki,2021Q4,Studio,26.17,541.0,00320 Etelä-Haaga,2021,True
00320,Etelä-Haaga,Helsinki,2022Q1,One-bedroom,19.13,162.0,00320 Etelä-Haaga,2022,True
00320,Etelä-Haaga,Helsinki,2022Q1,Studio,26.28,564.0,00320 Etelä-Haaga,2022,True
00320,Etelä-Haaga,Helsinki,2022Q2,One-bedroom,19.22,146.0,00320 Etelä-Haaga,2022,True
00320,Etelä-Haaga,Helsinki,2022Q2,Studio,26.32,502.0,00320 Etelä-Haaga,2022,True
00320,Etelä-Haaga,Helsinki,2022Q3,One-bedroom,19.4,138.0,00320 Etelä-Haaga,2022,True
00320,Etelä-Haaga,Helsinki,2022Q3,Studio,26.13,478.0,00320 Etelä-Haaga,2022,True
00320,Etelä-Haaga,Helsinki,2022Q4,One-bedroom,19.32,148.0,00320 Etelä-Haaga,2022,True
00320,Etelä-Haaga,Helsinki,2022Q4,Studio,26.1,517.0,00320 Etelä-Haaga,2022,True
00320,Etelä-Haaga,Helsinki,2023Q1,One-bedroom,19.13,153.0,00320 Etelä-Haaga,2023,True
00320,Etelä-Haaga,Helsinki,2023Q1,Studio,26.25,519.0,00320 Etelä-Haaga,2023,True
00320,Etelä-Haaga,Helsinki,2023Q2,One-bedroom,19.26,157.0,00320 Etelä-Haaga,2023,True
00320,Etelä-Haaga,Helsinki,2023Q2,Studio,26.2,509.0,00320 Etelä-Haaga,2023,True
00320,Etelä-Haaga,Helsinki,2023Q2,Two-bedroom+,17.34,23.0,00320 Etelä-Haaga,2023,False
00320,Etelä-Haaga,Helsinki,2023Q3,One-bedroom,19.51,155.0,00320 Etelä-Haaga,2023,True
00320,Etelä-Haaga,Helsinki,2023Q3,Studio,26.27,518.0,00320 Etelä-Haaga,2023,True
00320,Etelä-Haaga,Helsinki,2023Q3,Two-bedroom+,17.56,21.0,00320 Etelä-Haaga,2023,False
00320,Etelä-Haaga,Helsinki,2023Q4,One-bedroom,19.66,154.0,00320 Etelä-Haaga,2023,True
00320,Etelä-Haaga,Helsinki,2023Q4,Studio,26.15,535.0,00320 Etelä-Haaga,2023,True
00320,Etelä-Haaga,Helsinki,2023Q4,Two-bedroom+,17.61,23.0,00320 Etelä-Haaga,2023,False
00320,Etelä-Haaga,Helsinki,2024Q1,One-bedroom,19.29,151.0,00320 Etelä-Haaga,2024,True
00320,Etelä-Haaga,Helsinki,2024Q1,Studio,26.08,545.0,00320 Etelä-Haaga,2024,True
00320,Etelä-Haaga,Helsinki,2024Q1,Two-bedroom+,18.06,24.0,00320 Etelä-Haaga,2024,False
00320,Etelä-Haaga,Helsinki,2024Q2,One-bedroom,19.27,142.0,00320 Etelä-Haaga,2024,True
00320,Etelä-Haaga,Helsinki,2024Q2,Studio,25.98,499.0,00320 Etelä-Haaga,2024,True
00320,Etelä-Haaga,Helsinki,2024Q2,Two-bedroom+,17.97,23.0,00320 Etelä-Haaga,2024,False
00320,Etelä-Haaga,Helsinki,2024Q3,One-bedroom,19.19,130.0,00320 Etelä-Haaga,2024,True
00320,Etelä-Haaga,Helsinki,2024Q3,Studio,25.95,510.0,00320 Etelä-Haaga,2024,True
00320,Etelä-Haaga,Helsinki,2024Q3,Two-bedroom+,17.78,21.0,00320 Etelä-Haaga,2024,False
00320,Etelä-Haaga,Helsinki,2024Q4,One-bedroom,19.35,138.0,00320 Etelä-Haaga,2024,True
00320,Etelä-Haaga,Helsinki,2024Q4,Studio,25.91,525.0,00320 Etelä-Haaga,2024,True
00320,Etelä-Haaga,Helsinki,2025Q1,One-bedroom,19.35,140.0,00320 Etelä-Haaga,2025,True
00320,Etelä-Haaga,Helsinki,2025Q1,Studio,25.97,601.0,00320 Etelä-Haaga,2025,True
00320,Etelä-Haaga,Helsinki,2025Q1,Two-bedroom+,15.92,24.0,00320 Etelä-Haaga,2025,False
00320,Etelä-Haaga,Helsinki,2025Q2,One-bedroom,19.71,106.0,00320 Etelä-Haaga,2025,True
00320,Etelä-Haaga,Helsinki,2025Q2,Studio,26.04,495.0,00320 Etelä-Haaga,2025,True
00320,Etelä-Haaga,Helsinki,2025Q3,One-bedroom,19.56,100.0,00320 Etelä-Haaga,2025,True
00320,Etelä-Haaga,Helsinki,2025Q3,Studio,26.01,406.0,00320 Etelä-Haaga,2025,True
00320,Etelä-Haaga,Helsinki,2025Q4,One-bedroom,17.82,106.0,00320 Etelä-Haaga,2025,True
00320,Etelä-Haaga,Helsinki,2025Q4,Studio,25.7,506.0,00320 Etelä-Haaga,2025,True
00420,Kannelmäki,Helsinki,2015Q1,One-bedroom,15.14,207.0,00420 Kannelmäki,2015,True
00420,Kannelmäki,Helsinki,2015Q1,Studio,20.49,214.0,00420 Kannelmäki,2015,True
00420,Kannelmäki,Helsinki,2015Q2,One-bedroom,15.3,212.0,00420 Kannelmäki,2015,True
00420,Kannelmäki,Helsinki,2015Q2,Studio,20.51,230.0,00420 Kannelmäki,2015,True
00420,Kannelmäki,Helsinki,2015Q3,One-bedroom,15.37,215.0,00420 Kannelmäki,2015,True
00420,Kannelmäki,Helsinki,2015Q3,Studio,20.69,234.0,00420 Kannelmäki,2015,True
00420,Kannelmäki,Helsinki,2015Q4,One-bedroom,15.56,218.0,00420 Kannelmäki,2015,True
00420,Kannelmäki,Helsinki,2015Q4,Studio,21.08,242.0,00420 Kannelmäki,2015,True
00420,Kannelmäki,Helsinki,2015Q4,Two-bedroom+,14.58,193.0,00420 Kannelmäki,2015,True
00420,Kannelmäki,Helsinki,2016Q1,One-bedroom,15.83,241.0,00420 Kannelmäki,2016,True
00420,Kannelmäki,Helsinki,2016Q1,Studio,21.12,250.0,00420 Kannelmäki,2016,True
00420,Kannelmäki,Helsinki,2016Q2,One-bedroom,15.52,259.0,00420 Kannelmäki,2016,True
00420,Kannelmäki,Helsinki,2016Q2,Studio,21.22,253.0,00420 Kannelmäki,2016,True
00420,Kannelmäki,Helsinki,2016Q3,One-bedroom,15.53,268.0,00420 Kannelmäki,2016,True
00420,Kannelmäki,Helsinki,2016Q3,Studio,21.51,256.0,00420 Kannelmäki,2016,True
00420,Kannelmäki,Helsinki,2016Q4,One-bedroom,15.45,274.0,00420 Kannelmäki,2016,True
00420,Kannelmäki,Helsinki,2016Q4,Studio,21.7,260.0,00420 Kannelmäki,2016,True
00420,Kannelmäki,Helsinki,2017Q1,One-bedroom,15.58,268.0,00420 Kannelmäki,2017,True
00420,Kannelmäki,Helsinki,2017Q1,Studio,21.7,279.0,00420 Kannelmäki,2017,True
00420,Kannelmäki,Helsinki,2017Q2,One-bedroom,15.25,264.0,00420 Kannelmäki,2017,True
00420,Kannelmäki,Helsinki,2017Q2,Studio,21.47,286.0,00420 Kannelmäki,2017,True
00420,Kannelmäki,Helsinki,2017Q3,One-bedroom,15.91,247.0,00420 Kannelmäki,2017,True
00420,Kannelmäki,Helsinki,2017Q3,Studio,21.39,284.0,00420 Kannelmäki,2017,True
00420,Kannelmäki,Helsinki,2017Q4,One-bedroom,16.07,256.0,00420 Kannelmäki,2017,True
00420,Kannelmäki,Helsinki,2017Q4,Studio,21.64,295.0,00420 Kannelmäki,2017,True
00420,Kannelmäki,Helsinki,2018Q1,One-bedroom,16.54,266.0,00420 Kannelmäki,2018,True
00420,Kannelmäki,Helsinki,2018Q1,Studio,22.0,330.0,00420 Kannelmäki,2018,True
00420,Kannelmäki,Helsinki,2018Q2,One-bedroom,16.36,263.0,00420 Kannelmäki,2018,True
00420,Kannelmäki,Helsinki,2018Q2,Studio,22.16,301.0,00420 Kannelmäki,2018,True
00420,Kannelmäki,Helsinki,2018Q3,One-bedroom,16.47,255.0,00420 Kannelmäki,2018,True
00420,Kannelmäki,Helsinki,2018Q3,Studio,22.47,291.0,00420 Kannelmäki,2018,True
00420,Kannelmäki,Helsinki,2018Q4,One-bedroom,16.7,260.0,00420 Kannelmäki,2018,True
00420,Kannelmäki,Helsinki,2018Q4,Studio,22.4,305.0,00420 Kannelmäki,2018,True
00420,Kannelmäki,Helsinki,2019Q1,One-bedroom,16.61,268.0,00420 Kannelmäki,2019,True
00420,Kannelmäki,Helsinki,2019Q1,Studio,22.58,312.0,00420 Kannelmäki,2019,True
00420,Kannelmäki,Helsinki,2019Q2,One-bedroom,16.94,285.0,00420 Kannelmäki,2019,True
00420,Kannelmäki,Helsinki,2019Q2,Studio,22.76,320.0,00420 Kannelmäki,2019,True
00420,Kannelmäki,Helsinki,2019Q3,One-bedroom,17.12,272.0,00420 Kannelmäki,2019,True
00420,Kannelmäki,Helsinki,2019Q3,Studio,23.02,309.0,00420 Kannelmäki,2019,True
00420,Kannelmäki,Helsinki,2019Q4,One-bedroom,17.26,274.0,00420 Kannelmäki,2019,True
00420,Kannelmäki,Helsinki,2019Q4,Studio,23.07,312.0,00420 Kannelmäki,2019,True
00420,Kannelmäki,Helsinki,2020Q1,One-bedroom,17.35,271.0,00420 Kannelmäki,2020,True
00420,Kannelmäki,Helsinki,2020Q1,Studio,23.32,310.0,00420 Kannelmäki,2020,True
00420,Kannelmäki,Helsinki,2020Q2,One-bedroom,17.41,283.0,00420 Kannelmäki,2020,True
00420,Kannelmäki,Helsinki,2020Q2,Studio,23.37,327.0,00420 Kannelmäki,2020,True
00420,Kannelmäki,Helsinki,2020Q3,One-bedroom,17.49,290.0,00420 Kannelmäki,2020,True
00420,Kannelmäki,Helsinki,2020Q3,Studio,23.52,330.0,00420 Kannelmäki,2020,True
00420,Kannelmäki,Helsinki,2020Q4,One-bedroom,17.54,297.0,00420 Kannelmäki,2020,True
00420,Kannelmäki,Helsinki,2020Q4,Studio,23.54,356.0,00420 Kannelmäki,2020,True
00420,Kannelmäki,Helsinki,2021Q1,One-bedroom,17.51,293.0,00420 Kannelmäki,2021,True
00420,Kannelmäki,Helsinki,2021Q1,Studio,23.64,338.0,00420 Kannelmäki,2021,True
00420,Kannelmäki,Helsinki,2021Q2,One-bedroom,17.59,280.0,00420 Kannelmäki,2021,True
00420,Kannelmäki,Helsinki,2021Q2,Studio,23.73,336.0,00420 Kannelmäki,2021,True
00420,Kannelmäki,Helsinki,2021Q3,One-bedroom,17.57,278.0,00420 Kannelmäki,2021,True
00420,Kannelmäki,Helsinki,2021Q3,Studio,23.61,327.0,00420 Kannelmäki,2021,True
00420,Kannelmäki,Helsinki,2021Q4,One-bedroom,17.43,274.0,00420 Kannelmäki,2021,True
00420,Kannelmäki,Helsinki,2021Q4,Studio,23.65,349.0,00420 Kannelmäki,2021,True
00420,Kannelmäki,Helsinki,2022Q1,One-bedroom,17.7,307.0,00420 Kannelmäki,2022,True
00420,Kannelmäki,Helsinki,2022Q1,Studio,23.75,381.0,00420 Kannelmäki,2022,True
00420,Kannelmäki,Helsinki,2022Q2,One-bedroom,17.78,310.0,00420 Kannelmäki,2022,True
00420,Kannelmäki,Helsinki,2022Q2,Studio,23.88,340.0,00420 Kannelmäki,2022,True
00420,Kannelmäki,Helsinki,2022Q3,One-bedroom,17.71,305.0,00420 Kannelmäki,2022,True
00420,Kannelmäki,Helsinki,2022Q3,Studio,23.89,330.0,00420 Kannelmäki,2022,True
00420,Kannelmäki,Helsinki,2022Q4,One-bedroom,17.68,301.0,00420 Kannelmäki,2022,True
00420,Kannelmäki,Helsinki,2022Q4,Studio,23.93,346.0,00420 Kannelmäki,2022,True
00420,Kannelmäki,Helsinki,2023Q1,One-bedroom,17.75,301.0,00420 Kannelmäki,2023,True
00420,Kannelmäki,Helsinki,2023Q1,Studio,24.03,333.0,00420 Kannelmäki,2023,True
00420,Kannelmäki,Helsinki,2023Q2,One-bedroom,17.84,298.0,00420 Kannelmäki,2023,True
00420,Kannelmäki,Helsinki,2023Q2,Studio,24.14,332.0,00420 Kannelmäki,2023,True
00420,Kannelmäki,Helsinki,2023Q3,One-bedroom,17.83,302.0,00420 Kannelmäki,2023,True
00420,Kannelmäki,Helsinki,2023Q3,Studio,24.01,338.0,00420 Kannelmäki,2023,True
00420,Kannelmäki,Helsinki,2023Q4,One-bedroom,17.77,299.0,00420 Kannelmäki,2023,True
00420,Kannelmäki,Helsinki,2023Q4,Studio,23.93,338.0,00420 Kannelmäki,2023,True
00420,Kannelmäki,Helsinki,2024Q1,One-bedroom,17.81,295.0,00420 Kannelmäki,2024,True
00420,Kannelmäki,Helsinki,2024Q1,Studio,23.96,327.0,00420 Kannelmäki,2024,True
00420,Kannelmäki,Helsinki,2024Q2,One-bedroom,17.91,298.0,00420 Kannelmäki,2024,True
00420,Kannelmäki,Helsinki,2024Q2,Studio,23.96,335.0,00420 Kannelmäki,2024,True
00420,Kannelmäki,Helsinki,2024Q3,One-bedroom,17.92,296.0,00420 Kannelmäki,2024,True
00420,Kannelmäki,Helsinki,2024Q3,Studio,24.06,335.0,00420 Kannelmäki,2024,True
00420,Kannelmäki,Helsinki,2024Q4,One-bedroom,17.85,288.0,00420 Kannelmäki,2024,True
00420,Kannelmäki,Helsinki,2024Q4,Studio,24.2,331.0,00420 Kannelmäki,2024,True
00420,Kannelmäki,Helsinki,2025Q1,One-bedroom,17.8,298.0,00420 Kannelmäki,2025,True
00420,Kannelmäki,Helsinki,2025Q1,Studio,24.29,329.0,00420 Kannelmäki,2025,True
00420,Kannelmäki,Helsinki,2025Q2,One-bedroom,17.78,283.0,00420 Kannelmäki,2025,True
00420,Kannelmäki,Helsinki,2025Q2,Studio,24.26,310.0,00420 Kannelmäki,2025,True
00420,Kannelmäki,Helsinki,2025Q3,Studio,24.58,383.0,00420 Kannelmäki,2025,True
00420,Kannelmäki,Helsinki,2025Q4,One-bedroom,17.48,278.0,00420 Kannelmäki,2025,True
00420,Kannelmäki,Helsinki,2025Q4,Studio,24.21,321.0,00420 Kannelmäki,2025,True
00500,Sörnäinen,Helsinki,2015Q1,One-bedroom,17.95,322.0,00500 Sörnäinen,2015,True
00500,Sörnäinen,Helsinki,2015Q1,Studio,23.84,851.0,00500 Sörnäinen,2015,True
00500,Sörnäinen,Helsinki,2015Q2,One-bedroom,18.12,324.0,00500 Sörnäinen,2015,True
00500,Sörnäinen,Helsinki,2015Q2,Studio,23.86,874.0,00500 Sörnäinen,2015,True
00500,Sörnäinen,Helsinki,2015Q3,One-bedroom,18.35,314.0,00500 Sörnäinen,2015,True
00500,Sörnäinen,Helsinki,2015Q3,Studio,24.02,887.0,00500 Sörnäinen,2015,True
00500,Sörnäinen,Helsinki,2015Q4,One-bedroom,18.36,332.0,00500 Sörnäinen,2015,True
00500,Sörnäinen,Helsinki,2015Q4,Studio,24.27,924.0,00500 Sörnäinen,2015,True
00500,Sörnäinen,Helsinki,2015Q4,Two-bedroom+,16.47,61.0,00500 Sörnäinen,2015,True
00500,Sörnäinen,Helsinki,2016Q1,One-bedroom,18.35,334.0,00500 Sörnäinen,2016,True
00500,Sörnäinen,Helsinki,2016Q1,Studio,24.44,917.0,00500 Sörnäinen,2016,True
00500,Sörnäinen,Helsinki,2016Q1,Two-bedroom+,17.16,58.0,00500 Sörnäinen,2016,True
00500,Sörnäinen,Helsinki,2016Q2,One-bedroom,18.41,341.0,00500 Sörnäinen,2016,True
00500,Sörnäinen,Helsinki,2016Q2,Studio,24.66,938.0,00500 Sörnäinen,2016,True
00500,Sörnäinen,Helsinki,2016Q2,Two-bedroom+,17.28,62.0,00500 Sörnäinen,2016,True
00500,Sörnäinen,Helsinki,2016Q3,One-bedroom,18.44,335.0,00500 Sörnäinen,2016,True
00500,Sörnäinen,Helsinki,2016Q3,Studio,24.73,933.0,00500 Sörnäinen,2016,True
00500,Sörnäinen,Helsinki,2016Q3,Two-bedroom+,16.99,63.0,00500 Sörnäinen,2016,True
00500,Sörnäinen,Helsinki,2016Q4,One-bedroom,18.55,333.0,00500 Sörnäinen,2016,True
00500,Sörnäinen,Helsinki,2016Q4,Studio,24.9,979.0,00500 Sörnäinen,2016,True
00500,Sörnäinen,Helsinki,2016Q4,Two-bedroom+,17.43,59.0,00500 Sörnäinen,2016,True
00500,Sörnäinen,Helsinki,2017Q1,One-bedroom,18.86,334.0,00500 Sörnäinen,2017,True
00500,Sörnäinen,Helsinki,2017Q1,Studio,25.12,976.0,00500 Sörnäinen,2017,True
00500,Sörnäinen,Helsinki,2017Q1,Two-bedroom+,17.6,59.0,00500 Sörnäinen,2017,True
00500,Sörnäinen,Helsinki,2017Q2,One-bedroom,19.11,348.0,00500 Sörnäinen,2017,True
00500,Sörnäinen,Helsinki,2017Q2,Studio,25.16,992.0,00500 Sörnäinen,2017,True
00500,Sörnäinen,Helsinki,2017Q3,One-bedroom,20.53,311.0,00500 Sörnäinen,2017,True
00500,Sörnäinen,Helsinki,2017Q3,Studio,25.5,986.0,00500 Sörnäinen,2017,True
00500,Sörnäinen,Helsinki,2017Q4,One-bedroom,20.76,328.0,00500 Sörnäinen,2017,True
00500,Sörnäinen,Helsinki,2017Q4,Studio,25.75,1085.0,00500 Sörnäinen,2017,True
00500,Sörnäinen,Helsinki,2018Q1,One-bedroom,20.63,343.0,00500 Sörnäinen,2018,True
00500,Sörnäinen,Helsinki,2018Q1,Studio,25.69,1152.0,00500 Sörnäinen,2018,True
00500,Sörnäinen,Helsinki,2018Q2,One-bedroom,20.78,337.0,00500 Sörnäinen,2018,True
00500,Sörnäinen,Helsinki,2018Q2,Studio,25.89,1141.0,00500 Sörnäinen,2018,True
00500,Sörnäinen,Helsinki,2018Q3,One-bedroom,20.93,322.0,00500 Sörnäinen,2018,True
00500,Sörnäinen,Helsinki,2018Q3,Studio,25.93,1032.0,00500 Sörnäinen,2018,True
00500,Sörnäinen,Helsinki,2018Q4,One-bedroom,20.79,357.0,00500 Sörnäinen,2018,True
00500,Sörnäinen,Helsinki,2018Q4,Studio,26.02,1039.0,00500 Sörnäinen,2018,True
00500,Sörnäinen,Helsinki,2019Q1,One-bedroom,20.78,368.0,00500 Sörnäinen,2019,True
00500,Sörnäinen,Helsinki,2019Q1,Studio,25.96,1166.0,00500 Sörnäinen,2019,True
00500,Sörnäinen,Helsinki,2019Q2,One-bedroom,21.24,361.0,00500 Sörnäinen,2019,True
00500,Sörnäinen,Helsinki,2019Q2,Studio,26.26,1145.0,00500 Sörnäinen,2019,True
00500,Sörnäinen,Helsinki,2019Q3,One-bedroom,21.47,359.0,00500 Sörnäinen,2019,True
00500,Sörnäinen,Helsinki,2019Q3,Studio,26.52,1080.0,00500 Sörnäinen,2019,True
00500,Sörnäinen,Helsinki,2019Q4,One-bedroom,21.98,422.0,00500 Sörnäinen,2019,True
00500,Sörnäinen,Helsinki,2019Q4,Studio,26.86,1108.0,00500 Sörnäinen,2019,True
00500,Sörnäinen,Helsinki,2020Q1,One-bedroom,21.87,426.0,00500 Sörnäinen,2020,True
00500,Sörnäinen,Helsinki,2020Q1,Studio,26.93,1136.0,00500 Sörnäinen,2020,True
00500,Sörnäinen,Helsinki,2020Q2,One-bedroom,22.09,482.0,00500 Sörnäinen,2020,True
00500,Sörnäinen,Helsinki,2020Q2,Studio,26.85,1371.0,00500 Sörnäinen,2020,True
00500,Sörnäinen,Helsinki,2020Q3,One-bedroom,21.92,500.0,00500 Sörnäinen,2020,True
00500,Sörnäinen,Helsinki,2020Q3,Studio,26.62,1372.0,00500 Sörnäinen,2020,True
00500,Sörnäinen,Helsinki,2020Q4,One-bedroom,22.04,498.0,00500 Sörnäinen,2020,True
00500,Sörnäinen,Helsinki,2020Q4,Studio,27.08,1350.0,00500 Sörnäinen,2020,True
00500,Sörnäinen,Helsinki,2021Q1,One-bedroom,22.01,500.0,00500 Sörnäinen,2021,True
00500,Sörnäinen,Helsinki,2021Q1,Studio,27.02,1394.0,00500 Sörnäinen,2021,True
00500,Sörnäinen,Helsinki,2021Q2,One-bedroom,21.91,504.0,00500 Sörnäinen,2021,True
00500,Sörnäinen,Helsinki,2021Q2,Studio,27.1,1347.0,00500 Sörnäinen,2021,True
00500,Sörnäinen,Helsinki,2021Q3,One-bedroom,21.91,483.0,00500 Sörnäinen,2021,True
00500,Sörnäinen,Helsinki,2021Q3,Studio,27.02,1273.0,00500 Sörnäinen,2021,True
00500,Sörnäinen,Helsinki,2021Q4,One-bedroom,21.96,490.0,00500 Sörnäinen,2021,True
00500,Sörnäinen,Helsinki,2021Q4,Studio,27.08,1309.0,00500 Sörnäinen,2021,True
00500,Sörnäinen,Helsinki,2022Q1,One-bedroom,21.98,479.0,00500 Sörnäinen,2022,True
00500,Sörnäinen,Helsinki,2022Q1,Studio,27.12,1411.0,00500 Sörnäinen,2022,True
00500,Sörnäinen,Helsinki,2022Q2,One-bedroom,22.23,469.0,00500 Sörnäinen,2022,True
00500,Sörnäinen,Helsinki,2022Q2,Studio,27.35,1286.0,00500 Sörnäinen,2022,True
00500,Sörnäinen,Helsinki,2022Q3,One-bedroom,22.0,464.0,00500 Sörnäinen,2022,True
00500,Sörnäinen,Helsinki,2022Q3,Studio,27.4,1258.0,00500 Sörnäinen,2022,True
00500,Sörnäinen,Helsinki,2022Q4,One-bedroom,21.53,471.0,00500 Sörnäinen,2022,True
00500,Sörnäinen,Helsinki,2022Q4,Studio,27.33,1284.0,00500 Sörnäinen,2022,True
00500,Sörnäinen,Helsinki,2023Q1,One-bedroom,21.98,431.0,00500 Sörnäinen,2023,True
00500,Sörnäinen,Helsinki,2023Q1,Studio,27.37,1280.0,00500 Sörnäinen,2023,True
00500,Sörnäinen,Helsinki,2023Q2,One-bedroom,21.99,434.0,00500 Sörnäinen,2023,True
00500,Sörnäinen,Helsinki,2023Q2,Studio,27.34,1298.0,00500 Sörnäinen,2023,True
00500,Sörnäinen,Helsinki,2023Q3,One-bedroom,21.99,460.0,00500 Sörnäinen,2023,True
00500,Sörnäinen,Helsinki,2023Q3,Studio,27.41,1292.0,00500 Sörnäinen,2023,True
00500,Sörnäinen,Helsinki,2023Q4,One-bedroom,22.09,468.0,00500 Sörnäinen,2023,True
00500,Sörnäinen,Helsinki,2023Q4,Studio,27.51,1318.0,00500 Sörnäinen,2023,True
00500,Sörnäinen,Helsinki,2024Q1,One-bedroom,22.11,490.0,00500 Sörnäinen,2024,True
00500,Sörnäinen,Helsinki,2024Q1,Studio,27.53,1317.0,00500 Sörnäinen,2024,True
00500,Sörnäinen,Helsinki,2024Q2,One-bedroom,22.19,489.0,00500 Sörnäinen,2024,True
00500,Sörnäinen,Helsinki,2024Q2,Studio,27.6,1252.0,00500 Sörnäinen,2024,True
00500,Sörnäinen,Helsinki,2024Q3,One-bedroom,22.21,488.0,00500 Sörnäinen,2024,True
00500,Sörnäinen,Helsinki,2024Q3,Studio,27.61,1208.0,00500 Sörnäinen,2024,True
00500,Sörnäinen,Helsinki,2024Q4,One-bedroom,22.42,468.0,00500 Sörnäinen,2024,True
00500,Sörnäinen,Helsinki,2024Q4,Studio,27.69,1238.0,00500 Sörnäinen,2024,True
00500,Sörnäinen,Helsinki,2025Q1,One-bedroom,22.36,484.0,00500 Sörnäinen,2025,True
00500,Sörnäinen,Helsinki,2025Q1,Studio,27.69,1404.0,00500 Sörnäinen,2025,True
00500,Sörnäinen,Helsinki,2025Q2,One-bedroom,22.49,459.0,00500 Sörnäinen,2025,True
00500,Sörnäinen,Helsinki,2025Q2,Studio,27.74,1163.0,00500 Sörnäinen,2025,True
00500,Sörnäinen,Helsinki,2025Q3,Studio,27.9,1084.0,00500 Sörnäinen,2025,True
00500,Sörnäinen,Helsinki,2025Q4,One-bedroom,21.48,488.0,00500 Sörnäinen,2025,True
00500,Sörnäinen,Helsinki,2025Q4,Studio,27.73,1184.0,00500 Sörnäinen,2025,True
00510,Etu-Vallila - Alppila,Helsinki,2015Q1,One-bedroom,13.22,118.0,00510 Etu-Vallila - Alppila,2015,True
00510,Etu-Vallila - Alppila,Helsinki,2015Q1,Studio,22.33,443.0,00510 Etu-Vallila - Alppila,2015,True
00510,Etu-Vallila - Alppila,Helsinki,2015Q2,One-bedroom,13.58,116.0,00510 Etu-Vallila - Alppila,2015,True
00510,Etu-Vallila - Alppila,Helsinki,2015Q2,Studio,22.59,454.0,00510 Etu-Vallila - Alppila,2015,True
00510,Etu-Vallila - Alppila,Helsinki,2015Q3,One-bedroom,13.91,125.0,00510 Etu-Vallila - Alppila,2015,True
00510,Etu-Vallila - Alppila,Helsinki,2015Q3,Studio,22.69,473.0,00510 Etu-Vallila - Alppila,2015,True
00510,Etu-Vallila - Alppila,Helsinki,2015Q4,One-bedroom,13.84,155.0,00510 Etu-Vallila - Alppila,2015,True
00510,Etu-Vallila - Alppila,Helsinki,2015Q4,Studio,23.1,516.0,00510 Etu-Vallila - Alppila,2015,True
00510,Etu-Vallila - Alppila,Helsinki,2016Q1,One-bedroom,15.49,161.0,00510 Etu-Vallila - Alppila,2016,True
00510,Etu-Vallila - Alppila,Helsinki,2016Q1,Studio,23.65,522.0,00510 Etu-Vallila - Alppila,2016,True
00510,Etu-Vallila - Alppila,Helsinki,2016Q1,Two-bedroom+,14.17,21.0,00510 Etu-Vallila - Alppila,2016,False
00510,Etu-Vallila - Alppila,Helsinki,2016Q2,One-bedroom,17.37,238.0,00510 Etu-Vallila - Alppila,2016,True
00510,Etu-Vallila - Alppila,Helsinki,2016Q2,Studio,23.84,571.0,00510 Etu-Vallila - Alppila,2016,True
00510,Etu-Vallila - Alppila,Helsinki,2016Q2,Two-bedroom+,14.7,26.0,00510 Etu-Vallila - Alppila,2016,False
00510,Etu-Vallila - Alppila,Helsinki,2016Q3,One-bedroom,17.32,236.0,00510 Etu-Vallila - Alppila,2016,True
00510,Etu-Vallila - Alppila,Helsinki,2016Q3,Studio,23.83,575.0,00510 Etu-Vallila - Alppila,2016,True
00510,Etu-Vallila - Alppila,Helsinki,2016Q3,Two-bedroom+,14.96,23.0,00510 Etu-Vallila - Alppila,2016,False
00510,Etu-Vallila - Alppila,Helsinki,2016Q4,One-bedroom,17.24,223.0,00510 Etu-Vallila - Alppila,2016,True
00510,Etu-Vallila - Alppila,Helsinki,2016Q4,Studio,23.85,616.0,00510 Etu-Vallila - Alppila,2016,True
00510,Etu-Vallila - Alppila,Helsinki,2016Q4,Two-bedroom+,15.36,22.0,00510 Etu-Vallila - Alppila,2016,False
00510,Etu-Vallila - Alppila,Helsinki,2017Q1,One-bedroom,17.3,231.0,00510 Etu-Vallila - Alppila,2017,True
00510,Etu-Vallila - Alppila,Helsinki,2017Q1,Studio,24.03,607.0,00510 Etu-Vallila - Alppila,2017,True
00510,Etu-Vallila - Alppila,Helsinki,2017Q1,Two-bedroom+,15.33,20.0,00510 Etu-Vallila - Alppila,2017,False
00510,Etu-Vallila - Alppila,Helsinki,2017Q2,One-bedroom,17.31,243.0,00510 Etu-Vallila - Alppila,2017,True
00510,Etu-Vallila - Alppila,Helsinki,2017Q2,Studio,24.24,599.0,00510 Etu-Vallila - Alppila,2017,True
00510,Etu-Vallila - Alppila,Helsinki,2017Q2,Two-bedroom+,15.61,22.0,00510 Etu-Vallila - Alppila,2017,False
00510,Etu-Vallila - Alppila,Helsinki,2017Q3,One-bedroom,19.28,216.0,00510 Etu-Vallila - Alppila,2017,True
00510,Etu-Vallila - Alppila,Helsinki,2017Q3,Studio,24.98,586.0,00510 Etu-Vallila - Alppila,2017,True
00510,Etu-Vallila - Alppila,Helsinki,2017Q4,One-bedroom,19.56,220.0,00510 Etu-Vallila - Alppila,2017,True
00510,Etu-Vallila - Alppila,Helsinki,2017Q4,Studio,24.95,646.0,00510 Etu-Vallila - Alppila,2017,True
00510,Etu-Vallila - Alppila,Helsinki,2018Q1,One-bedroom,19.37,218.0,00510 Etu-Vallila - Alppila,2018,True
00510,Etu-Vallila - Alppila,Helsinki,2018Q1,Studio,24.91,693.0,00510 Etu-Vallila - Alppila,2018,True
00510,Etu-Vallila - Alppila,Helsinki,2018Q2,One-bedroom,19.49,208.0,00510 Etu-Vallila - Alppila,2018,True
00510,Etu-Vallila - Alppila,Helsinki,2018Q2,Studio,24.93,664.0,00510 Etu-Vallila - Alppila,2018,True
00510,Etu-Vallila - Alppila,Helsinki,2018Q3,One-bedroom,19.77,193.0,00510 Etu-Vallila - Alppila,2018,True
00510,Etu-Vallila - Alppila,Helsinki,2018Q3,Studio,24.99,605.0,00510 Etu-Vallila - Alppila,2018,True
00510,Etu-Vallila - Alppila,Helsinki,2018Q4,One-bedroom,19.99,189.0,00510 Etu-Vallila - Alppila,2018,True
00510,Etu-Vallila - Alppila,Helsinki,2018Q4,Studio,25.68,636.0,00510 Etu-Vallila - Alppila,2018,True
00510,Etu-Vallila - Alppila,Helsinki,2019Q1,One-bedroom,19.71,200.0,00510 Etu-Vallila - Alppila,2019,True
00510,Etu-Vallila - Alppila,Helsinki,2019Q1,Studio,25.53,668.0,00510 Etu-Vallila - Alppila,2019,True
00510,Etu-Vallila - Alppila,Helsinki,2019Q2,One-bedroom,19.76,194.0,00510 Etu-Vallila - Alppila,2019,True
00510,Etu-Vallila - Alppila,Helsinki,2019Q2,Studio,25.47,678.0,00510 Etu-Vallila - Alppila,2019,True
00510,Etu-Vallila - Alppila,Helsinki,2019Q3,One-bedroom,19.8,191.0,00510 Etu-Vallila - Alppila,2019,True
00510,Etu-Vallila - Alppila,Helsinki,2019Q3,Studio,25.63,630.0,00510 Etu-Vallila - Alppila,2019,True
00510,Etu-Vallila - Alppila,Helsinki,2019Q4,One-bedroom,20.44,191.0,00510 Etu-Vallila - Alppila,2019,True
00510,Etu-Vallila - Alppila,Helsinki,2019Q4,Studio,26.54,622.0,00510 Etu-Vallila - Alppila,2019,True
00510,Etu-Vallila - Alppila,Helsinki,2020Q1,One-bedroom,20.51,197.0,00510 Etu-Vallila - Alppila,2020,True
00510,Etu-Vallila - Alppila,Helsinki,2020Q1,Studio,26.8,607.0,00510 Etu-Vallila - Alppila,2020,True
00510,Etu-Vallila - Alppila,Helsinki,2020Q2,One-bedroom,20.64,221.0,00510 Etu-Vallila - Alppila,2020,True
00510,Etu-Vallila - Alppila,Helsinki,2020Q2,Studio,27.02,757.0,00510 Etu-Vallila - Alppila,2020,True
00510,Etu-Vallila - Alppila,Helsinki,2020Q3,One-bedroom,20.82,224.0,00510 Etu-Vallila - Alppila,2020,True
00510,Etu-Vallila - Alppila,Helsinki,2020Q3,Studio,27.25,776.0,00510 Etu-Vallila - Alppila,2020,True
00510,Etu-Vallila - Alppila,Helsinki,2020Q3,Two-bedroom+,18.95,21.0,00510 Etu-Vallila - Alppila,2020,False
00510,Etu-Vallila - Alppila,Helsinki,2020Q4,One-bedroom,21.06,219.0,00510 Etu-Vallila - Alppila,2020,True
00510,Etu-Vallila - Alppila,Helsinki,2020Q4,Studio,27.21,809.0,00510 Etu-Vallila - Alppila,2020,True
00510,Etu-Vallila - Alppila,Helsinki,2020Q4,Two-bedroom+,18.65,22.0,00510 Etu-Vallila - Alppila,2020,False
00510,Etu-Vallila - Alppila,Helsinki,2021Q1,One-bedroom,21.03,236.0,00510 Etu-Vallila - Alppila,2021,True
00510,Etu-Vallila - Alppila,Helsinki,2021Q1,Studio,27.39,811.0,00510 Etu-Vallila - Alppila,2021,True
00510,Etu-Vallila - Alppila,Helsinki,2021Q1,Two-bedroom+,18.88,20.0,00510 Etu-Vallila - Alppila,2021,False
00510,Etu-Vallila - Alppila,Helsinki,2021Q2,One-bedroom,21.05,232.0,00510 Etu-Vallila - Alppila,2021,True
00510,Etu-Vallila - Alppila,Helsinki,2021Q2,Studio,27.55,787.0,00510 Etu-Vallila - Alppila,2021,True
00510,Etu-Vallila - Alppila,Helsinki,2021Q2,Two-bedroom+,18.85,21.0,00510 Etu-Vallila - Alppila,2021,False
00510,Etu-Vallila - Alppila,Helsinki,2021Q3,One-bedroom,21.06,213.0,00510 Etu-Vallila - Alppila,2021,True
00510,Etu-Vallila - Alppila,Helsinki,2021Q3,Studio,27.48,722.0,00510 Etu-Vallila - Alppila,2021,True
00510,Etu-Vallila - Alppila,Helsinki,2021Q4,One-bedroom,21.1,227.0,00510 Etu-Vallila - Alppila,2021,True
00510,Etu-Vallila - Alppila,Helsinki,2021Q4,Studio,27.49,759.0,00510 Etu-Vallila - Alppila,2021,True
00510,Etu-Vallila - Alppila,Helsinki,2022Q1,One-bedroom,21.31,218.0,00510 Etu-Vallila - Alppila,2022,True
00510,Etu-Vallila - Alppila,Helsinki,2022Q1,Studio,27.45,839.0,00510 Etu-Vallila - Alppila,2022,True
00510,Etu-Vallila - Alppila,Helsinki,2022Q1,Two-bedroom+,18.58,22.0,00510 Etu-Vallila - Alppila,2022,False
00510,Etu-Vallila - Alppila,Helsinki,2022Q2,One-bedroom,21.33,223.0,00510 Etu-Vallila - Alppila,2022,True
00510,Etu-Vallila - Alppila,Helsinki,2022Q2,Studio,27.53,755.0,00510 Etu-Vallila - Alppila,2022,True
00510,Etu-Vallila - Alppila,Helsinki,2022Q2,Two-bedroom+,18.65,22.0,00510 Etu-Vallila - Alppila,2022,False
00510,Etu-Vallila - Alppila,Helsinki,2022Q3,One-bedroom,21.4,199.0,00510 Etu-Vallila - Alppila,2022,True
00510,Etu-Vallila - Alppila,Helsinki,2022Q3,Studio,27.57,695.0,00510 Etu-Vallila - Alppila,2022,True
00510,Etu-Vallila - Alppila,Helsinki,2022Q3,Two-bedroom+,18.79,20.0,00510 Etu-Vallila - Alppila,2022,False
00510,Etu-Vallila - Alppila,Helsinki,2022Q4,One-bedroom,21.74,193.0,00510 Etu-Vallila - Alppila,2022,True
00510,Etu-Vallila - Alppila,Helsinki,2022Q4,Studio,27.35,758.0,00510 Etu-Vallila - Alppila,2022,True
00510,Etu-Vallila - Alppila,Helsinki,2022Q4,Two-bedroom+,18.66,21.0,00510 Etu-Vallila - Alppila,2022,False
00510,Etu-Vallila - Alppila,Helsinki,2023Q1,One-bedroom,21.81,197.0,00510 Etu-Vallila - Alppila,2023,True
00510,Etu-Vallila - Alppila,Helsinki,2023Q1,Studio,27.49,728.0,00510 Etu-Vallila - Alppila,2023,True
00510,Etu-Vallila - Alppila,Helsinki,2023Q1,Two-bedroom+,19.01,20.0,00510 Etu-Vallila - Alppila,2023,False
00510,Etu-Vallila - Alppila,Helsinki,2023Q2,One-bedroom,21.7,193.0,00510 Etu-Vallila - Alppila,2023,True
00510,Etu-Vallila - Alppila,Helsinki,2023Q2,Studio,27.49,754.0,00510 Etu-Vallila - Alppila,2023,True
00510,Etu-Vallila - Alppila,Helsinki,2023Q2,Two-bedroom+,18.7,21.0,00510 Etu-Vallila - Alppila,2023,False
00510,Etu-Vallila - Alppila,Helsinki,2023Q3,One-bedroom,21.7,199.0,00510 Etu-Vallila - Alppila,2023,True
00510,Etu-Vallila - Alppila,Helsinki,2023Q3,Studio,27.39,737.0,00510 Etu-Vallila - Alppila,2023,True
00510,Etu-Vallila - Alppila,Helsinki,2023Q3,Two-bedroom+,18.57,22.0,00510 Etu-Vallila - Alppila,2023,False
00510,Etu-Vallila - Alppila,Helsinki,2023Q4,One-bedroom,21.74,204.0,00510 Etu-Vallila - Alppila,2023,True
00510,Etu-Vallila - Alppila,Helsinki,2023Q4,Studio,27.44,754.0,00510 Etu-Vallila - Alppila,2023,True
00510,Etu-Vallila - Alppila,Helsinki,2023Q4,Two-bedroom+,18.93,20.0,00510 Etu-Vallila - Alppila,2023,False
00510,Etu-Vallila - Alppila,Helsinki,2024Q1,One-bedroom,21.56,206.0,00510 Etu-Vallila - Alppila,2024,True
00510,Etu-Vallila - Alppila,Helsinki,2024Q1,Studio,27.33,751.0,00510 Etu-Vallila - Alppila,2024,True
00510,Etu-Vallila - Alppila,Helsinki,2024Q1,Two-bedroom+,19.1,21.0,00510 Etu-Vallila - Alppila,2024,False
00510,Etu-Vallila - Alppila,Helsinki,2024Q2,One-bedroom,21.49,210.0,00510 Etu-Vallila - Alppila,2024,True
00510,Etu-Vallila - Alppila,Helsinki,2024Q2,Studio,27.45,745.0,00510 Etu-Vallila - Alppila,2024,True
00510,Etu-Vallila - Alppila,Helsinki,2024Q2,Two-bedroom+,19.17,22.0,00510 Etu-Vallila - Alppila,2024,False
00510,Etu-Vallila - Alppila,Helsinki,2024Q3,One-bedroom,21.66,200.0,00510 Etu-Vallila - Alppila,2024,True
00510,Etu-Vallila - Alppila,Helsinki,2024Q3,Studio,27.37,714.0,00510 Etu-Vallila - Alppila,2024,True
00510,Etu-Vallila - Alppila,Helsinki,2024Q4,One-bedroom,21.61,205.0,00510 Etu-Vallila - Alppila,2024,True
00510,Etu-Vallila - Alppila,Helsinki,2024Q4,Studio,27.43,705.0,00510 Etu-Vallila - Alppila,2024,True
00510,Etu-Vallila - Alppila,Helsinki,2025Q1,One-bedroom,21.47,218.0,00510 Etu-Vallila - Alppila,2025,True
00510,Etu-Vallila - Alppila,Helsinki,2025Q1,Studio,27.52,757.0,00510 Etu-Vallila - Alppila,2025,True
00510,Etu-Vallila - Alppila,Helsinki,2025Q2,One-bedroom,21.69,190.0,00510 Etu-Vallila - Alppila,2025,True
00510,Etu-Vallila - Alppila,Helsinki,2025Q2,Studio,27.62,638.0,00510 Etu-Vallila - Alppila,2025,True
00510,Etu-Vallila - Alppila,Helsinki,2025Q3,One-bedroom,22.36,231.0,00510 Etu-Vallila - Alppila,2025,True
00510,Etu-Vallila - Alppila,Helsinki,2025Q3,Studio,27.85,602.0,00510 Etu-Vallila - Alppila,2025,True
00510,Etu-Vallila - Alppila,Helsinki,2025Q4,One-bedroom,20.55,182.0,00510 Etu-Vallila - Alppila,2025,True
00510,Etu-Vallila - Alppila,Helsinki,2025Q4,Studio,27.08,682.0,00510 Etu-Vallila - Alppila,2025,True
00520,Itä-Pasila,Helsinki,2015Q1,Studio,22.3,122.0,00520 Itä-Pasila,2015,True
00520,Itä-Pasila,Helsinki,2015Q2,Studio,22.64,122.0,00520 Itä-Pasila,2015,True
00520,Itä-Pasila,Helsinki,2015Q3,Studio,22.83,124.0,00520 Itä-Pasila,2015,True
00520,Itä-Pasila,Helsinki,2015Q4,Studio,23.08,139.0,00520 Itä-Pasila,2015,True
00520,Itä-Pasila,Helsinki,2016Q1,Studio,23.1,137.0,00520 Itä-Pasila,2016,True
00520,Itä-Pasila,Helsinki,2016Q2,Studio,23.23,136.0,00520 Itä-Pasila,2016,True
00520,Itä-Pasila,Helsinki,2016Q3,Studio,23.49,140.0,00520 Itä-Pasila,2016,True
00520,Itä-Pasila,Helsinki,2016Q4,Studio,23.25,148.0,00520 Itä-Pasila,2016,True
00520,Itä-Pasila,Helsinki,2017Q1,Studio,23.84,141.0,00520 Itä-Pasila,2017,True
00520,Itä-Pasila,Helsinki,2017Q2,Studio,24.07,136.0,00520 Itä-Pasila,2017,True
00520,Itä-Pasila,Helsinki,2017Q3,Studio,24.26,140.0,00520 Itä-Pasila,2017,True
00520,Itä-Pasila,Helsinki,2017Q4,Studio,24.59,161.0,00520 Itä-Pasila,2017,True
00520,Itä-Pasila,Helsinki,2018Q1,Studio,24.64,176.0,00520 Itä-Pasila,2018,True
00520,Itä-Pasila,Helsinki,2018Q2,Studio,24.59,178.0,00520 Itä-Pasila,2018,True
00520,Itä-Pasila,Helsinki,2018Q3,Studio,24.82,158.0,00520 Itä-Pasila,2018,True
00520,Itä-Pasila,Helsinki,2018Q4,Studio,25.03,152.0,00520 Itä-Pasila,2018,True
00520,Itä-Pasila,Helsinki,2019Q1,Studio,25.01,173.0,00520 Itä-Pasila,2019,True
00520,Itä-Pasila,Helsinki,2019Q2,Studio,25.71,171.0,00520 Itä-Pasila,2019,True
00520,Itä-Pasila,Helsinki,2019Q3,Studio,25.62,169.0,00520 Itä-Pasila,2019,True
00520,Itä-Pasila,Helsinki,2019Q4,Studio,25.69,180.0,00520 Itä-Pasila,2019,True
00520,Itä-Pasila,Helsinki,2020Q1,Studio,25.69,186.0,00520 Itä-Pasila,2020,True
00520,Itä-Pasila,Helsinki,2020Q2,Studio,26.38,211.0,00520 Itä-Pasila,2020,True
00520,Itä-Pasila,Helsinki,2020Q3,Studio,26.5,208.0,00520 Itä-Pasila,2020,True
00520,Itä-Pasila,Helsinki,2020Q4,Studio,26.64,200.0,00520 Itä-Pasila,2020,True
00520,Itä-Pasila,Helsinki,2021Q1,Studio,26.57,216.0,00520 Itä-Pasila,2021,True
00520,Itä-Pasila,Helsinki,2021Q2,Studio,26.62,210.0,00520 Itä-Pasila,2021,True
00520,Itä-Pasila,Helsinki,2021Q3,Studio,27.04,218.0,00520 Itä-Pasila,2021,True
00520,Itä-Pasila,Helsinki,2021Q4,One-bedroom,20.58,301.0,00520 Itä-Pasila,2021,True
00520,Itä-Pasila,Helsinki,2021Q4,Studio,27.64,250.0,00520 Itä-Pasila,2021,True
00520,Itä-Pasila,Helsinki,2022Q1,One-bedroom,20.5,307.0,00520 Itä-Pasila,2022,True
00520,Itä-Pasila,Helsinki,2022Q1,Studio,27.77,279.0,00520 Itä-Pasila,2022,True
00520,Itä-Pasila,Helsinki,2022Q2,One-bedroom,20.52,299.0,00520 Itä-Pasila,2022,True
00520,Itä-Pasila,Helsinki,2022Q2,Studio,27.63,272.0,00520 Itä-Pasila,2022,True
00520,Itä-Pasila,Helsinki,2022Q3,One-bedroom,20.39,268.0,00520 Itä-Pasila,2022,True
00520,Itä-Pasila,Helsinki,2022Q3,Studio,27.57,255.0,00520 Itä-Pasila,2022,True
00520,Itä-Pasila,Helsinki,2022Q4,Studio,27.98,285.0,00520 Itä-Pasila,2022,True
00520,Itä-Pasila,Helsinki,2023Q1,Studio,27.82,296.0,00520 Itä-Pasila,2023,True
00520,Itä-Pasila,Helsinki,2023Q2,Studio,28.04,329.0,00520 Itä-Pasila,2023,True
00520,Itä-Pasila,Helsinki,2023Q3,Studio,28.29,314.0,00520 Itä-Pasila,2023,True
00520,Itä-Pasila,Helsinki,2023Q4,Studio,28.76,368.0,00520 Itä-Pasila,2023,True
00520,Itä-Pasila,Helsinki,2024Q1,Studio,28.53,366.0,00520 Itä-Pasila,2024,True
00520,Itä-Pasila,Helsinki,2024Q2,Studio,28.81,361.0,00520 Itä-Pasila,2024,True
00520,Itä-Pasila,Helsinki,2024Q3,Studio,28.88,348.0,00520 Itä-Pasila,2024,True
00520,Itä-Pasila,Helsinki,2024Q4,Studio,28.8,350.0,00520 Itä-Pasila,2024,True
00520,Itä-Pasila,Helsinki,2025Q1,Studio,28.66,377.0,00520 Itä-Pasila,2025,True
00520,Itä-Pasila,Helsinki,2025Q2,Studio,28.8,357.0,00520 Itä-Pasila,2025,True
00520,Itä-Pasila,Helsinki,2025Q3,Studio,29.43,472.0,00520 Itä-Pasila,2025,True
00520,Itä-Pasila,Helsinki,2025Q4,Studio,28.8,357.0,00520 Itä-Pasila,2025,True
00530,Kallio,Helsinki,2015Q1,One-bedroom,15.59,310.0,00530 Kallio,2015,True
00530,Kallio,Helsinki,2015Q1,Studio,22.86,759.0,00530 Kallio,2015,True
00530,Kallio,Helsinki,2015Q1,Two-bedroom+,14.89,98.0,00530 Kallio,2015,True
00530,Kallio,Helsinki,2015Q2,One-bedroom,15.76,318.0,00530 Kallio,2015,True
00530,Kallio,Helsinki,2015Q2,Studio,22.97,794.0,00530 Kallio,2015,True
00530,Kallio,Helsinki,2015Q2,Two-bedroom+,15.04,96.0,00530 Kallio,2015,True
00530,Kallio,Helsinki,2015Q3,One-bedroom,15.59,346.0,00530 Kallio,2015,True
00530,Kallio,Helsinki,2015Q3,Studio,23.13,797.0,00530 Kallio,2015,True
00530,Kallio,Helsinki,2015Q4,One-bedroom,15.62,349.0,00530 Kallio,2015,True
00530,Kallio,Helsinki,2015Q4,Studio,23.17,863.0,00530 Kallio,2015,True
00530,Kallio,Helsinki,2015Q4,Two-bedroom+,15.13,99.0,00530 Kallio,2015,True
00530,Kallio,Helsinki,2016Q1,One-bedroom,15.77,368.0,00530 Kallio,2016,True
00530,Kallio,Helsinki,2016Q1,Studio,23.61,840.0,00530 Kallio,2016,True
00530,Kallio,Helsinki,2016Q1,Two-bedroom+,15.61,89.0,00530 Kallio,2016,True
00530,Kallio,Helsinki,2016Q2,One-bedroom,16.66,410.0,00530 Kallio,2016,True
00530,Kallio,Helsinki,2016Q2,Studio,23.66,865.0,00530 Kallio,2016,True
00530,Kallio,Helsinki,2016Q2,Two-bedroom+,16.09,105.0,00530 Kallio,2016,True
00530,Kallio,Helsinki,2016Q3,One-bedroom,16.79,402.0,00530 Kallio,2016,True
00530,Kallio,Helsinki,2016Q3,Studio,23.74,854.0,00530 Kallio,2016,True
00530,Kallio,Helsinki,2016Q3,Two-bedroom+,16.2,106.0,00530 Kallio,2016,True
00530,Kallio,Helsinki,2016Q4,One-bedroom,16.47,418.0,00530 Kallio,2016,True
00530,Kallio,Helsinki,2016Q4,Studio,23.8,920.0,00530 Kallio,2016,True
00530,Kallio,Helsinki,2016Q4,Two-bedroom+,15.92,111.0,00530 Kallio,2016,True
00530,Kallio,Helsinki,2017Q1,One-bedroom,16.78,412.0,00530 Kallio,2017,True
00530,Kallio,Helsinki,2017Q1,Studio,23.93,913.0,00530 Kallio,2017,True
00530,Kallio,Helsinki,2017Q1,Two-bedroom+,16.12,113.0,00530 Kallio,2017,True
00530,Kallio,Helsinki,2017Q2,One-bedroom,17.03,408.0,00530 Kallio,2017,True
00530,Kallio,Helsinki,2017Q2,Studio,23.89,906.0,00530 Kallio,2017,True
00530,Kallio,Helsinki,2017Q2,Two-bedroom+,16.03,114.0,00530 Kallio,2017,True
00530,Kallio,Helsinki,2017Q3,One-bedroom,18.49,356.0,00530 Kallio,2017,True
00530,Kallio,Helsinki,2017Q3,Studio,24.21,936.0,00530 Kallio,2017,True
00530,Kallio,Helsinki,2017Q4,One-bedroom,20.3,406.0,00530 Kallio,2017,True
00530,Kallio,Helsinki,2017Q4,Studio,24.31,1020.0,00530 Kallio,2017,True
00530,Kallio,Helsinki,2018Q1,One-bedroom,20.07,421.0,00530 Kallio,2018,True
00530,Kallio,Helsinki,2018Q1,Studio,24.13,1033.0,00530 Kallio,2018,True
00530,Kallio,Helsinki,2018Q2,One-bedroom,20.33,416.0,00530 Kallio,2018,True
00530,Kallio,Helsinki,2018Q2,Studio,24.17,980.0,00530 Kallio,2018,True
00530,Kallio,Helsinki,2018Q3,One-bedroom,20.39,395.0,00530 Kallio,2018,True
00530,Kallio,Helsinki,2018Q3,Studio,24.28,899.0,00530 Kallio,2018,True
00530,Kallio,Helsinki,2018Q3,Two-bedroom+,17.92,101.0,00530 Kallio,2018,True
00530,Kallio,Helsinki,2018Q4,One-bedroom,20.7,411.0,00530 Kallio,2018,True
00530,Kallio,Helsinki,2018Q4,Studio,24.95,935.0,00530 Kallio,2018,True
00530,Kallio,Helsinki,2019Q1,One-bedroom,20.46,426.0,00530 Kallio,2019,True
00530,Kallio,Helsinki,2019Q1,Studio,24.76,988.0,00530 Kallio,2019,True
00530,Kallio,Helsinki,2019Q2,One-bedroom,20.47,409.0,00530 Kallio,2019,True
00530,Kallio,Helsinki,2019Q2,Studio,24.83,964.0,00530 Kallio,2019,True
00530,Kallio,Helsinki,2019Q3,One-bedroom,20.85,392.0,00530 Kallio,2019,True
00530,Kallio,Helsinki,2019Q3,Studio,24.98,940.0,00530 Kallio,2019,True
00530,Kallio,Helsinki,2019Q4,One-bedroom,21.36,384.0,00530 Kallio,2019,True
00530,Kallio,Helsinki,2019Q4,Studio,25.41,980.0,00530 Kallio,2019,True
00530,Kallio,Helsinki,2020Q1,One-bedroom,21.22,407.0,00530 Kallio,2020,True
00530,Kallio,Helsinki,2020Q1,Studio,25.75,945.0,00530 Kallio,2020,True
00530,Kallio,Helsinki,2020Q2,One-bedroom,21.19,428.0,00530 Kallio,2020,True
00530,Kallio,Helsinki,2020Q2,Studio,25.72,1125.0,00530 Kallio,2020,True
00530,Kallio,Helsinki,2020Q3,One-bedroom,21.24,422.0,00530 Kallio,2020,True
00530,Kallio,Helsinki,2020Q3,Studio,25.85,1158.0,00530 Kallio,2020,True
00530,Kallio,Helsinki,2020Q4,One-bedroom,21.41,420.0,00530 Kallio,2020,True
00530,Kallio,Helsinki,2020Q4,Studio,25.99,1142.0,00530 Kallio,2020,True
00530,Kallio,Helsinki,2021Q1,One-bedroom,21.47,422.0,00530 Kallio,2021,True
00530,Kallio,Helsinki,2021Q1,Studio,25.92,1156.0,00530 Kallio,2021,True
00530,Kallio,Helsinki,2021Q2,One-bedroom,21.69,420.0,00530 Kallio,2021,True
00530,Kallio,Helsinki,2021Q2,Studio,26.1,1083.0,00530 Kallio,2021,True
00530,Kallio,Helsinki,2021Q3,One-bedroom,21.8,406.0,00530 Kallio,2021,True
00530,Kallio,Helsinki,2021Q3,Studio,26.21,1063.0,00530 Kallio,2021,True
00530,Kallio,Helsinki,2021Q4,One-bedroom,21.81,405.0,00530 Kallio,2021,True
00530,Kallio,Helsinki,2021Q4,Studio,26.32,1128.0,00530 Kallio,2021,True
00530,Kallio,Helsinki,2022Q1,One-bedroom,21.62,420.0,00530 Kallio,2022,True
00530,Kallio,Helsinki,2022Q1,Studio,26.37,1227.0,00530 Kallio,2022,True
00530,Kallio,Helsinki,2022Q2,One-bedroom,21.82,404.0,00530 Kallio,2022,True
00530,Kallio,Helsinki,2022Q2,Studio,26.2,1123.0,00530 Kallio,2022,True
00530,Kallio,Helsinki,2022Q3,One-bedroom,21.92,377.0,00530 Kallio,2022,True
00530,Kallio,Helsinki,2022Q3,Studio,26.26,1027.0,00530 Kallio,2022,True
00530,Kallio,Helsinki,2022Q4,One-bedroom,21.92,400.0,00530 Kallio,2022,True
00530,Kallio,Helsinki,2022Q4,Studio,26.33,1095.0,00530 Kallio,2022,True
00530,Kallio,Helsinki,2023Q1,One-bedroom,21.91,403.0,00530 Kallio,2023,True
00530,Kallio,Helsinki,2023Q1,Studio,26.36,1074.0,00530 Kallio,2023,True
00530,Kallio,Helsinki,2023Q2,One-bedroom,22.33,453.0,00530 Kallio,2023,True
00530,Kallio,Helsinki,2023Q2,Studio,26.51,1130.0,00530 Kallio,2023,True
00530,Kallio,Helsinki,2023Q3,One-bedroom,22.37,459.0,00530 Kallio,2023,True
00530,Kallio,Helsinki,2023Q3,Studio,26.6,1134.0,00530 Kallio,2023,True
00530,Kallio,Helsinki,2023Q4,One-bedroom,22.43,462.0,00530 Kallio,2023,True
00530,Kallio,Helsinki,2023Q4,Studio,26.64,1152.0,00530 Kallio,2023,True
00530,Kallio,Helsinki,2024Q1,One-bedroom,22.48,456.0,00530 Kallio,2024,True
00530,Kallio,Helsinki,2024Q1,Studio,26.74,1169.0,00530 Kallio,2024,True
00530,Kallio,Helsinki,2024Q2,One-bedroom,22.85,420.0,00530 Kallio,2024,True
00530,Kallio,Helsinki,2024Q2,Studio,26.77,1092.0,00530 Kallio,2024,True
00530,Kallio,Helsinki,2024Q3,One-bedroom,22.87,401.0,00530 Kallio,2024,True
00530,Kallio,Helsinki,2024Q3,Studio,26.94,1037.0,00530 Kallio,2024,True
00530,Kallio,Helsinki,2024Q4,One-bedroom,23.01,395.0,00530 Kallio,2024,True
00530,Kallio,Helsinki,2024Q4,Studio,26.93,1059.0,00530 Kallio,2024,True
00530,Kallio,Helsinki,2025Q1,One-bedroom,22.78,445.0,00530 Kallio,2025,True
00530,Kallio,Helsinki,2025Q1,Studio,27.03,1225.0,00530 Kallio,2025,True
00530,Kallio,Helsinki,2025Q2,One-bedroom,23.15,388.0,00530 Kallio,2025,True
00530,Kallio,Helsinki,2025Q2,Studio,27.13,993.0,00530 Kallio,2025,True
00530,Kallio,Helsinki,2025Q3,One-bedroom,23.7,477.0,00530 Kallio,2025,True
00530,Kallio,Helsinki,2025Q3,Studio,27.09,870.0,00530 Kallio,2025,True
00530,Kallio,Helsinki,2025Q4,One-bedroom,21.31,431.0,00530 Kallio,2025,True
00530,Kallio,Helsinki,2025Q4,Studio,26.82,1031.0,00530 Kallio,2025,True
00530,Kallio,Helsinki,2025Q4,Two-bedroom+,18.95,123.0,00530 Kallio,2025,True
00640,Oulunkylä-Patola,Helsinki,2015Q1,One-bedroom,14.65,89.0,00640 Oulunkylä-Patola,2015,True
00640,Oulunkylä-Patola,Helsinki,2015Q1,Studio,19.74,81.0,00640 Oulunkylä-Patola,2015,True
00640,Oulunkylä-Patola,Helsinki,2015Q2,One-bedroom,15.15,89.0,00640 Oulunkylä-Patola,2015,True
00640,Oulunkylä-Patola,Helsinki,2015Q2,Studio,20.17,98.0,00640 Oulunkylä-Patola,2015,True
00640,Oulunkylä-Patola,Helsinki,2015Q3,One-bedroom,15.6,82.0,00640 Oulunkylä-Patola,2015,True
00640,Oulunkylä-Patola,Helsinki,2015Q3,Studio,20.26,102.0,00640 Oulunkylä-Patola,2015,True
00640,Oulunkylä-Patola,Helsinki,2015Q3,Two-bedroom+,14.86,81.0,00640 Oulunkylä-Patola,2015,True
00640,Oulunkylä-Patola,Helsinki,2015Q4,One-bedroom,14.74,93.0,00640 Oulunkylä-Patola,2015,True
00640,Oulunkylä-Patola,Helsinki,2015Q4,Studio,20.49,103.0,00640 Oulunkylä-Patola,2015,True
00640,Oulunkylä-Patola,Helsinki,2016Q1,One-bedroom,15.17,95.0,00640 Oulunkylä-Patola,2016,True
00640,Oulunkylä-Patola,Helsinki,2016Q1,Studio,20.79,104.0,00640 Oulunkylä-Patola,2016,True
00640,Oulunkylä-Patola,Helsinki,2016Q2,One-bedroom,15.15,112.0,00640 Oulunkylä-Patola,2016,True
00640,Oulunkylä-Patola,Helsinki,2016Q2,Studio,21.34,103.0,00640 Oulunkylä-Patola,2016,True
00640,Oulunkylä-Patola,Helsinki,2016Q3,One-bedroom,15.4,109.0,00640 Oulunkylä-Patola,2016,True
00640,Oulunkylä-Patola,Helsinki,2016Q3,Studio,21.24,107.0,00640 Oulunkylä-Patola,2016,True
00640,Oulunkylä-Patola,Helsinki,2016Q3,Two-bedroom+,15.27,81.0,00640 Oulunkylä-Patola,2016,True
00640,Oulunkylä-Patola,Helsinki,2016Q4,One-bedroom,14.86,114.0,00640 Oulunkylä-Patola,2016,True
00640,Oulunkylä-Patola,Helsinki,2016Q4,Studio,21.39,115.0,00640 Oulunkylä-Patola,2016,True
00640,Oulunkylä-Patola,Helsinki,2016Q4,Two-bedroom+,15.19,82.0,00640 Oulunkylä-Patola,2016,True
00640,Oulunkylä-Patola,Helsinki,2017Q1,One-bedroom,14.95,116.0,00640 Oulunkylä-Patola,2017,True
00640,Oulunkylä-Patola,Helsinki,2017Q1,Studio,21.34,121.0,00640 Oulunkylä-Patola,2017,True
00640,Oulunkylä-Patola,Helsinki,2017Q2,One-bedroom,15.3,114.0,00640 Oulunkylä-Patola,2017,True
00640,Oulunkylä-Patola,Helsinki,2017Q2,Studio,21.47,120.0,00640 Oulunkylä-Patola,2017,True
00640,Oulunkylä-Patola,Helsinki,2017Q3,One-bedroom,16.99,92.0,00640 Oulunkylä-Patola,2017,True
00640,Oulunkylä-Patola,Helsinki,2017Q3,Studio,21.39,124.0,00640 Oulunkylä-Patola,2017,True
00640,Oulunkylä-Patola,Helsinki,2017Q4,One-bedroom,17.04,100.0,00640 Oulunkylä-Patola,2017,True
00640,Oulunkylä-Patola,Helsinki,2017Q4,Studio,21.4,132.0,00640 Oulunkylä-Patola,2017,True
00640,Oulunkylä-Patola,Helsinki,2018Q1,One-bedroom,16.22,107.0,00640 Oulunkylä-Patola,2018,True
00640,Oulunkylä-Patola,Helsinki,2018Q1,Studio,21.88,138.0,00640 Oulunkylä-Patola,2018,True
00640,Oulunkylä-Patola,Helsinki,2018Q2,One-bedroom,16.4,106.0,00640 Oulunkylä-Patola,2018,True
00640,Oulunkylä-Patola,Helsinki,2018Q2,Studio,22.46,128.0,00640 Oulunkylä-Patola,2018,True
00640,Oulunkylä-Patola,Helsinki,2018Q3,One-bedroom,16.88,95.0,00640 Oulunkylä-Patola,2018,True
00640,Oulunkylä-Patola,Helsinki,2018Q3,Studio,22.64,120.0,00640 Oulunkylä-Patola,2018,True
00640,Oulunkylä-Patola,Helsinki,2018Q4,One-bedroom,17.22,91.0,00640 Oulunkylä-Patola,2018,True
00640,Oulunkylä-Patola,Helsinki,2018Q4,Studio,22.44,118.0,00640 Oulunkylä-Patola,2018,True
00640,Oulunkylä-Patola,Helsinki,2019Q1,One-bedroom,16.92,92.0,00640 Oulunkylä-Patola,2019,True
00640,Oulunkylä-Patola,Helsinki,2019Q1,Studio,22.56,133.0,00640 Oulunkylä-Patola,2019,True
00640,Oulunkylä-Patola,Helsinki,2019Q2,One-bedroom,16.94,100.0,00640 Oulunkylä-Patola,2019,True
00640,Oulunkylä-Patola,Helsinki,2019Q2,Studio,22.5,136.0,00640 Oulunkylä-Patola,2019,True
00640,Oulunkylä-Patola,Helsinki,2019Q3,One-bedroom,17.42,94.0,00640 Oulunkylä-Patola,2019,True
00640,Oulunkylä-Patola,Helsinki,2019Q3,Studio,23.0,133.0,00640 Oulunkylä-Patola,2019,True
00640,Oulunkylä-Patola,Helsinki,2019Q4,One-bedroom,17.43,100.0,00640 Oulunkylä-Patola,2019,True
00640,Oulunkylä-Patola,Helsinki,2019Q4,Studio,23.27,121.0,00640 Oulunkylä-Patola,2019,True
00640,Oulunkylä-Patola,Helsinki,2020Q1,One-bedroom,17.42,100.0,00640 Oulunkylä-Patola,2020,True
00640,Oulunkylä-Patola,Helsinki,2020Q1,Studio,23.1,119.0,00640 Oulunkylä-Patola,2020,True
00640,Oulunkylä-Patola,Helsinki,2020Q2,One-bedroom,17.24,106.0,00640 Oulunkylä-Patola,2020,True
00640,Oulunkylä-Patola,Helsinki,2020Q2,Studio,22.39,128.0,00640 Oulunkylä-Patola,2020,True
00640,Oulunkylä-Patola,Helsinki,2020Q3,One-bedroom,17.25,111.0,00640 Oulunkylä-Patola,2020,True
00640,Oulunkylä-Patola,Helsinki,2020Q3,Studio,22.44,138.0,00640 Oulunkylä-Patola,2020,True
00640,Oulunkylä-Patola,Helsinki,2020Q4,One-bedroom,17.25,110.0,00640 Oulunkylä-Patola,2020,True
00640,Oulunkylä-Patola,Helsinki,2020Q4,Studio,22.4,143.0,00640 Oulunkylä-Patola,2020,True
00640,Oulunkylä-Patola,Helsinki,2021Q1,One-bedroom,17.23,97.0,00640 Oulunkylä-Patola,2021,True
00640,Oulunkylä-Patola,Helsinki,2021Q1,Studio,22.65,150.0,00640 Oulunkylä-Patola,2021,True
00640,Oulunkylä-Patola,Helsinki,2021Q1,Two-bedroom+,16.48,81.0,00640 Oulunkylä-Patola,2021,True
00640,Oulunkylä-Patola,Helsinki,2021Q2,One-bedroom,16.96,94.0,00640 Oulunkylä-Patola,2021,True
00640,Oulunkylä-Patola,Helsinki,2021Q2,Studio,22.8,136.0,00640 Oulunkylä-Patola,2021,True
00640,Oulunkylä-Patola,Helsinki,2021Q3,One-bedroom,17.2,102.0,00640 Oulunkylä-Patola,2021,True
00640,Oulunkylä-Patola,Helsinki,2021Q3,Studio,22.84,136.0,00640 Oulunkylä-Patola,2021,True
00640,Oulunkylä-Patola,Helsinki,2021Q4,One-bedroom,17.16,102.0,00640 Oulunkylä-Patola,2021,True
00640,Oulunkylä-Patola,Helsinki,2021Q4,Studio,23.06,133.0,00640 Oulunkylä-Patola,2021,True
00640,Oulunkylä-Patola,Helsinki,2022Q1,One-bedroom,16.89,94.0,00640 Oulunkylä-Patola,2022,True
00640,Oulunkylä-Patola,Helsinki,2022Q1,Studio,23.01,143.0,00640 Oulunkylä-Patola,2022,True
00640,Oulunkylä-Patola,Helsinki,2022Q2,One-bedroom,16.96,90.0,00640 Oulunkylä-Patola,2022,True
00640,Oulunkylä-Patola,Helsinki,2022Q2,Studio,22.99,131.0,00640 Oulunkylä-Patola,2022,True
00640,Oulunkylä-Patola,Helsinki,2022Q3,One-bedroom,17.01,88.0,00640 Oulunkylä-Patola,2022,True
00640,Oulunkylä-Patola,Helsinki,2022Q3,Studio,23.21,128.0,00640 Oulunkylä-Patola,2022,True
00640,Oulunkylä-Patola,Helsinki,2022Q4,One-bedroom,16.96,87.0,00640 Oulunkylä-Patola,2022,True
00640,Oulunkylä-Patola,Helsinki,2022Q4,Studio,23.25,132.0,00640 Oulunkylä-Patola,2022,True
00640,Oulunkylä-Patola,Helsinki,2023Q1,One-bedroom,17.03,93.0,00640 Oulunkylä-Patola,2023,True
00640,Oulunkylä-Patola,Helsinki,2023Q1,Studio,23.43,135.0,00640 Oulunkylä-Patola,2023,True
00640,Oulunkylä-Patola,Helsinki,2023Q2,One-bedroom,17.16,91.0,00640 Oulunkylä-Patola,2023,True
00640,Oulunkylä-Patola,Helsinki,2023Q2,Studio,23.42,140.0,00640 Oulunkylä-Patola,2023,True
00640,Oulunkylä-Patola,Helsinki,2023Q3,One-bedroom,16.96,91.0,00640 Oulunkylä-Patola,2023,True
00640,Oulunkylä-Patola,Helsinki,2023Q3,Studio,23.18,144.0,00640 Oulunkylä-Patola,2023,True
00640,Oulunkylä-Patola,Helsinki,2023Q4,One-bedroom,16.93,92.0,00640 Oulunkylä-Patola,2023,True
00640,Oulunkylä-Patola,Helsinki,2023Q4,Studio,23.15,146.0,00640 Oulunkylä-Patola,2023,True
00640,Oulunkylä-Patola,Helsinki,2024Q1,One-bedroom,17.07,88.0,00640 Oulunkylä-Patola,2024,True
00640,Oulunkylä-Patola,Helsinki,2024Q1,Studio,23.65,142.0,00640 Oulunkylä-Patola,2024,True
00640,Oulunkylä-Patola,Helsinki,2024Q2,One-bedroom,17.11,87.0,00640 Oulunkylä-Patola,2024,True
00640,Oulunkylä-Patola,Helsinki,2024Q2,Studio,23.45,131.0,00640 Oulunkylä-Patola,2024,True
00640,Oulunkylä-Patola,Helsinki,2024Q2,Two-bedroom+,16.26,79.0,00640 Oulunkylä-Patola,2024,True
00640,Oulunkylä-Patola,Helsinki,2024Q3,One-bedroom,17.14,87.0,00640 Oulunkylä-Patola,2024,True
00640,Oulunkylä-Patola,Helsinki,2024Q3,Studio,23.43,126.0,00640 Oulunkylä-Patola,2024,True
00640,Oulunkylä-Patola,Helsinki,2024Q4,One-bedroom,17.11,83.0,00640 Oulunkylä-Patola,2024,True
00640,Oulunkylä-Patola,Helsinki,2024Q4,Studio,23.97,118.0,00640 Oulunkylä-Patola,2024,True
00640,Oulunkylä-Patola,Helsinki,2025Q1,One-bedroom,17.49,84.0,00640 Oulunkylä-Patola,2025,True
00640,Oulunkylä-Patola,Helsinki,2025Q1,Studio,24.03,116.0,00640 Oulunkylä-Patola,2025,True
00640,Oulunkylä-Patola,Helsinki,2025Q2,One-bedroom,17.27,82.0,00640 Oulunkylä-Patola,2025,True
00640,Oulunkylä-Patola,Helsinki,2025Q2,Studio,23.76,110.0,00640 Oulunkylä-Patola,2025,True
00640,Oulunkylä-Patola,Helsinki,2025Q3,One-bedroom,17.46,90.0,00640 Oulunkylä-Patola,2025,True
00640,Oulunkylä-Patola,Helsinki,2025Q3,Studio,24.23,100.0,00640 Oulunkylä-Patola,2025,True
00640,Oulunkylä-Patola,Helsinki,2025Q4,One-bedroom,16.68,81.0,00640 Oulunkylä-Patola,2025,True
00640,Oulunkylä-Patola,Helsinki,2025Q4,Studio,23.9,114.0,00640 Oulunkylä-Patola,2025,True
00840,Laajasalo,Helsinki,2015Q1,One-bedroom,14.51,55.0,00840 Laajasalo,2015,True
00840,Laajasalo,Helsinki,2015Q1,Studio,19.91,91.0,00840 Laajasalo,2015,True
00840,Laajasalo,Helsinki,2015Q2,One-bedroom,15.08,55.0,00840 Laajasalo,2015,True
00840,Laajasalo,Helsinki,2015Q2,Studio,20.8,86.0,00840 Laajasalo,2015,True
00840,Laajasalo,Helsinki,2015Q3,One-bedroom,15.26,57.0,00840 Laajasalo,2015,True
00840,Laajasalo,Helsinki,2015Q3,Studio,21.58,96.0,00840 Laajasalo,2015,True
00840,Laajasalo,Helsinki,2015Q4,One-bedroom,14.87,70.0,00840 Laajasalo,2015,True
00840,Laajasalo,Helsinki,2015Q4,Studio,21.89,99.0,00840 Laajasalo,2015,True
00840,Laajasalo,Helsinki,2016Q1,One-bedroom,15.31,68.0,00840 Laajasalo,2016,True
00840,Laajasalo,Helsinki,2016Q1,Studio,22.09,106.0,00840 Laajasalo,2016,True
00840,Laajasalo,Helsinki,2016Q1,Two-bedroom+,14.26,21.0,00840 Laajasalo,2016,False
00840,Laajasalo,Helsinki,2016Q2,One-bedroom,15.21,70.0,00840 Laajasalo,2016,True
00840,Laajasalo,Helsinki,2016Q2,Studio,22.0,120.0,00840 Laajasalo,2016,True
00840,Laajasalo,Helsinki,2016Q2,Two-bedroom+,13.81,21.0,00840 Laajasalo,2016,False
00840,Laajasalo,Helsinki,2016Q3,One-bedroom,14.59,71.0,00840 Laajasalo,2016,True
00840,Laajasalo,Helsinki,2016Q3,Studio,21.86,115.0,00840 Laajasalo,2016,True
00840,Laajasalo,Helsinki,2016Q3,Two-bedroom+,14.56,20.0,00840 Laajasalo,2016,False
00840,Laajasalo,Helsinki,2016Q4,One-bedroom,14.44,76.0,00840 Laajasalo,2016,True
00840,Laajasalo,Helsinki,2016Q4,Studio,22.25,121.0,00840 Laajasalo,2016,True
00840,Laajasalo,Helsinki,2016Q4,Two-bedroom+,14.84,25.0,00840 Laajasalo,2016,False
00840,Laajasalo,Helsinki,2017Q1,One-bedroom,15.1,73.0,00840 Laajasalo,2017,True
00840,Laajasalo,Helsinki,2017Q1,Studio,22.48,116.0,00840 Laajasalo,2017,True
00840,Laajasalo,Helsinki,2017Q1,Two-bedroom+,14.85,22.0,00840 Laajasalo,2017,False
00840,Laajasalo,Helsinki,2017Q2,One-bedroom,15.15,66.0,00840 Laajasalo,2017,True
00840,Laajasalo,Helsinki,2017Q2,Studio,22.61,123.0,00840 Laajasalo,2017,True
00840,Laajasalo,Helsinki,2017Q2,Two-bedroom+,15.19,26.0,00840 Laajasalo,2017,False
00840,Laajasalo,Helsinki,2017Q3,One-bedroom,16.11,72.0,00840 Laajasalo,2017,True
00840,Laajasalo,Helsinki,2017Q3,Studio,22.56,116.0,00840 Laajasalo,2017,True
00840,Laajasalo,Helsinki,2017Q3,Two-bedroom+,15.44,25.0,00840 Laajasalo,2017,False
00840,Laajasalo,Helsinki,2017Q4,One-bedroom,16.14,77.0,00840 Laajasalo,2017,True
00840,Laajasalo,Helsinki,2017Q4,Studio,22.34,124.0,00840 Laajasalo,2017,True
00840,Laajasalo,Helsinki,2017Q4,Two-bedroom+,15.11,28.0,00840 Laajasalo,2017,False
00840,Laajasalo,Helsinki,2018Q1,One-bedroom,15.3,92.0,00840 Laajasalo,2018,True
00840,Laajasalo,Helsinki,2018Q1,Studio,22.71,128.0,00840 Laajasalo,2018,True
00840,Laajasalo,Helsinki,2018Q1,Two-bedroom+,14.04,32.0,00840 Laajasalo,2018,True
00840,Laajasalo,Helsinki,2018Q2,One-bedroom,15.58,80.0,00840 Laajasalo,2018,True
00840,Laajasalo,Helsinki,2018Q2,Studio,22.77,128.0,00840 Laajasalo,2018,True
00840,Laajasalo,Helsinki,2018Q2,Two-bedroom+,14.32,30.0,00840 Laajasalo,2018,True
00840,Laajasalo,Helsinki,2018Q3,One-bedroom,15.76,66.0,00840 Laajasalo,2018,True
00840,Laajasalo,Helsinki,2018Q3,Studio,22.61,117.0,00840 Laajasalo,2018,True
00840,Laajasalo,Helsinki,2018Q3,Two-bedroom+,14.29,24.0,00840 Laajasalo,2018,False
00840,Laajasalo,Helsinki,2018Q4,One-bedroom,15.86,60.0,00840 Laajasalo,2018,True
00840,Laajasalo,Helsinki,2018Q4,Studio,22.81,126.0,00840 Laajasalo,2018,True
00840,Laajasalo,Helsinki,2018Q4,Two-bedroom+,15.18,26.0,00840 Laajasalo,2018,False
00840,Laajasalo,Helsinki,2019Q1,One-bedroom,15.47,67.0,00840 Laajasalo,2019,True
00840,Laajasalo,Helsinki,2019Q1,Studio,22.93,130.0,00840 Laajasalo,2019,True
00840,Laajasalo,Helsinki,2019Q1,Two-bedroom+,13.82,31.0,00840 Laajasalo,2019,True
00840,Laajasalo,Helsinki,2019Q2,One-bedroom,15.74,68.0,00840 Laajasalo,2019,True
00840,Laajasalo,Helsinki,2019Q2,Studio,23.04,117.0,00840 Laajasalo,2019,True
00840,Laajasalo,Helsinki,2019Q2,Two-bedroom+,13.67,29.0,00840 Laajasalo,2019,False
00840,Laajasalo,Helsinki,2019Q3,One-bedroom,16.29,69.0,00840 Laajasalo,2019,True
00840,Laajasalo,Helsinki,2019Q3,Studio,22.72,111.0,00840 Laajasalo,2019,True
00840,Laajasalo,Helsinki,2019Q3,Two-bedroom+,13.84,29.0,00840 Laajasalo,2019,False
00840,Laajasalo,Helsinki,2019Q4,One-bedroom,16.29,65.0,00840 Laajasalo,2019,True
00840,Laajasalo,Helsinki,2019Q4,Studio,23.0,108.0,00840 Laajasalo,2019,True
00840,Laajasalo,Helsinki,2019Q4,Two-bedroom+,15.4,25.0,00840 Laajasalo,2019,False
00840,Laajasalo,Helsinki,2020Q1,One-bedroom,16.43,72.0,00840 Laajasalo,2020,True
00840,Laajasalo,Helsinki,2020Q1,Studio,23.27,111.0,00840 Laajasalo,2020,True
00840,Laajasalo,Helsinki,2020Q1,Two-bedroom+,15.58,24.0,00840 Laajasalo,2020,False
00840,Laajasalo,Helsinki,2020Q2,One-bedroom,16.53,72.0,00840 Laajasalo,2020,True
00840,Laajasalo,Helsinki,2020Q2,Studio,23.16,132.0,00840 Laajasalo,2020,True
00840,Laajasalo,Helsinki,2020Q2,Two-bedroom+,15.4,28.0,00840 Laajasalo,2020,False
00840,Laajasalo,Helsinki,2020Q3,One-bedroom,16.6,69.0,00840 Laajasalo,2020,True
00840,Laajasalo,Helsinki,2020Q3,Studio,22.98,128.0,00840 Laajasalo,2020,True
00840,Laajasalo,Helsinki,2020Q3,Two-bedroom+,15.38,27.0,00840 Laajasalo,2020,False
00840,Laajasalo,Helsinki,2020Q4,One-bedroom,16.66,72.0,00840 Laajasalo,2020,True
00840,Laajasalo,Helsinki,2020Q4,Studio,23.12,142.0,00840 Laajasalo,2020,True
00840,Laajasalo,Helsinki,2020Q4,Two-bedroom+,15.44,24.0,00840 Laajasalo,2020,False
00840,Laajasalo,Helsinki,2021Q1,One-bedroom,16.54,74.0,00840 Laajasalo,2021,True
00840,Laajasalo,Helsinki,2021Q1,Studio,22.98,141.0,00840 Laajasalo,2021,True
00840,Laajasalo,Helsinki,2021Q1,Two-bedroom+,15.72,26.0,00840 Laajasalo,2021,False
00840,Laajasalo,Helsinki,2021Q2,One-bedroom,16.76,71.0,00840 Laajasalo,2021,True
00840,Laajasalo,Helsinki,2021Q2,Studio,22.91,129.0,00840 Laajasalo,2021,True
00840,Laajasalo,Helsinki,2021Q2,Two-bedroom+,15.64,26.0,00840 Laajasalo,2021,False
00840,Laajasalo,Helsinki,2021Q3,One-bedroom,16.88,68.0,00840 Laajasalo,2021,True
00840,Laajasalo,Helsinki,2021Q3,Studio,23.24,120.0,00840 Laajasalo,2021,True
00840,Laajasalo,Helsinki,2021Q4,One-bedroom,17.13,62.0,00840 Laajasalo,2021,True
00840,Laajasalo,Helsinki,2021Q4,Studio,23.65,134.0,00840 Laajasalo,2021,True
00840,Laajasalo,Helsinki,2021Q4,Two-bedroom+,15.84,20.0,00840 Laajasalo,2021,False
00840,Laajasalo,Helsinki,2022Q1,One-bedroom,17.23,63.0,00840 Laajasalo,2022,True
00840,Laajasalo,Helsinki,2022Q1,Studio,23.88,139.0,00840 Laajasalo,2022,True
00840,Laajasalo,Helsinki,2022Q1,Two-bedroom+,15.71,23.0,00840 Laajasalo,2022,False
00840,Laajasalo,Helsinki,2022Q2,One-bedroom,17.21,60.0,00840 Laajasalo,2022,True
00840,Laajasalo,Helsinki,2022Q2,Studio,23.8,133.0,00840 Laajasalo,2022,True
00840,Laajasalo,Helsinki,2022Q2,Two-bedroom+,15.84,23.0,00840 Laajasalo,2022,False
00840,Laajasalo,Helsinki,2022Q3,One-bedroom,17.24,49.0,00840 Laajasalo,2022,True
00840,Laajasalo,Helsinki,2022Q3,Studio,23.99,122.0,00840 Laajasalo,2022,True
00840,Laajasalo,Helsinki,2022Q4,One-bedroom,17.05,56.0,00840 Laajasalo,2022,True
00840,Laajasalo,Helsinki,2022Q4,Studio,24.19,125.0,00840 Laajasalo,2022,True
00840,Laajasalo,Helsinki,2023Q1,One-bedroom,16.84,51.0,00840 Laajasalo,2023,True
00840,Laajasalo,Helsinki,2023Q1,Studio,24.02,112.0,00840 Laajasalo,2023,True
00840,Laajasalo,Helsinki,2023Q2,One-bedroom,16.95,53.0,00840 Laajasalo,2023,True
00840,Laajasalo,Helsinki,2023Q2,Studio,23.63,118.0,00840 Laajasalo,2023,True
00840,Laajasalo,Helsinki,2023Q3,One-bedroom,17.26,60.0,00840 Laajasalo,2023,True
00840,Laajasalo,Helsinki,2023Q3,Studio,23.62,111.0,00840 Laajasalo,2023,True
00840,Laajasalo,Helsinki,2023Q4,One-bedroom,17.28,61.0,00840 Laajasalo,2023,True
00840,Laajasalo,Helsinki,2023Q4,Studio,23.79,120.0,00840 Laajasalo,2023,True
00840,Laajasalo,Helsinki,2024Q1,One-bedroom,17.15,59.0,00840 Laajasalo,2024,True
00840,Laajasalo,Helsinki,2024Q1,Studio,23.81,123.0,00840 Laajasalo,2024,True
00840,Laajasalo,Helsinki,2024Q2,One-bedroom,17.06,58.0,00840 Laajasalo,2024,True
00840,Laajasalo,Helsinki,2024Q2,Studio,23.32,124.0,00840 Laajasalo,2024,True
00840,Laajasalo,Helsinki,2024Q3,One-bedroom,17.04,53.0,00840 Laajasalo,2024,True
00840,Laajasalo,Helsinki,2024Q3,Studio,23.56,114.0,00840 Laajasalo,2024,True
00840,Laajasalo,Helsinki,2024Q4,One-bedroom,17.01,51.0,00840 Laajasalo,2024,True
00840,Laajasalo,Helsinki,2024Q4,Studio,23.44,110.0,00840 Laajasalo,2024,True
00840,Laajasalo,Helsinki,2025Q1,One-bedroom,17.21,52.0,00840 Laajasalo,2025,True
00840,Laajasalo,Helsinki,2025Q1,Studio,23.36,113.0,00840 Laajasalo,2025,True
00840,Laajasalo,Helsinki,2025Q2,One-bedroom,17.2,40.0,00840 Laajasalo,2025,True
00840,Laajasalo,Helsinki,2025Q2,Studio,23.52,105.0,00840 Laajasalo,2025,True
00840,Laajasalo,Helsinki,2025Q3,One-bedroom,17.17,40.0,00840 Laajasalo,2025,True
00840,Laajasalo,Helsinki,2025Q3,Studio,23.74,99.0,00840 Laajasalo,2025,True
00840,Laajasalo,Helsinki,2025Q4,One-bedroom,16.87,51.0,00840 Laajasalo,2025,True
00840,Laajasalo,Helsinki,2025Q4,Studio,23.99,110.0,00840 Laajasalo,2025,True
00920,Myllypuro,Helsinki,2015Q1,One-bedroom,15.02,104.0,00920 Myllypuro,2015,True
00920,Myllypuro,Helsinki,2015Q1,Studio,20.65,41.0,00920 Myllypuro,2015,True
00920,Myllypuro,Helsinki,2015Q1,Two-bedroom+,14.14,32.0,00920 Myllypuro,2015,True
00920,Myllypuro,Helsinki,2015Q2,One-bedroom,15.08,109.0,00920 Myllypuro,2015,True
00920,Myllypuro,Helsinki,2015Q2,Studio,20.37,49.0,00920 Myllypuro,2015,True
00920,Myllypuro,Helsinki,2015Q2,Two-bedroom+,14.19,35.0,00920 Myllypuro,2015,True
00920,Myllypuro,Helsinki,2015Q3,One-bedroom,15.18,107.0,00920 Myllypuro,2015,True
00920,Myllypuro,Helsinki,2015Q3,Studio,20.26,52.0,00920 Myllypuro,2015,True
00920,Myllypuro,Helsinki,2015Q3,Two-bedroom+,13.92,40.0,00920 Myllypuro,2015,True
00920,Myllypuro,Helsinki,2015Q4,One-bedroom,15.47,111.0,00920 Myllypuro,2015,True
00920,Myllypuro,Helsinki,2015Q4,Studio,20.31,52.0,00920 Myllypuro,2015,True
00920,Myllypuro,Helsinki,2015Q4,Two-bedroom+,14.07,42.0,00920 Myllypuro,2015,True
00920,Myllypuro,Helsinki,2016Q1,One-bedroom,15.05,107.0,00920 Myllypuro,2016,True
00920,Myllypuro,Helsinki,2016Q1,Studio,20.18,41.0,00920 Myllypuro,2016,True
00920,Myllypuro,Helsinki,2016Q1,Two-bedroom+,14.56,43.0,00920 Myllypuro,2016,True
00920,Myllypuro,Helsinki,2016Q2,One-bedroom,15.43,111.0,00920 Myllypuro,2016,True
00920,Myllypuro,Helsinki,2016Q2,Studio,20.68,47.0,00920 Myllypuro,2016,True
00920,Myllypuro,Helsinki,2016Q2,Two-bedroom+,14.97,44.0,00920 Myllypuro,2016,True
00920,Myllypuro,Helsinki,2016Q3,One-bedroom,16.11,100.0,00920 Myllypuro,2016,True
00920,Myllypuro,Helsinki,2016Q3,Studio,20.47,41.0,00920 Myllypuro,2016,True
00920,Myllypuro,Helsinki,2016Q3,Two-bedroom+,14.78,43.0,00920 Myllypuro,2016,True
00920,Myllypuro,Helsinki,2016Q4,One-bedroom,16.9,155.0,00920 Myllypuro,2016,True
00920,Myllypuro,Helsinki,2016Q4,Studio,21.58,52.0,00920 Myllypuro,2016,True
00920,Myllypuro,Helsinki,2016Q4,Two-bedroom+,15.74,85.0,00920 Myllypuro,2016,True
00920,Myllypuro,Helsinki,2017Q1,One-bedroom,16.84,156.0,00920 Myllypuro,2017,True
00920,Myllypuro,Helsinki,2017Q1,Studio,21.63,61.0,00920 Myllypuro,2017,True
00920,Myllypuro,Helsinki,2017Q1,Two-bedroom+,15.95,84.0,00920 Myllypuro,2017,True
00920,Myllypuro,Helsinki,2017Q2,One-bedroom,16.73,160.0,00920 Myllypuro,2017,True
00920,Myllypuro,Helsinki,2017Q2,Studio,21.84,64.0,00920 Myllypuro,2017,True
00920,Myllypuro,Helsinki,2017Q2,Two-bedroom+,16.03,88.0,00920 Myllypuro,2017,True
00920,Myllypuro,Helsinki,2017Q3,One-bedroom,17.5,156.0,00920 Myllypuro,2017,True
00920,Myllypuro,Helsinki,2017Q3,Studio,21.71,62.0,00920 Myllypuro,2017,True
00920,Myllypuro,Helsinki,2017Q3,Two-bedroom+,16.17,87.0,00920 Myllypuro,2017,True
00920,Myllypuro,Helsinki,2017Q4,One-bedroom,17.54,162.0,00920 Myllypuro,2017,True
00920,Myllypuro,Helsinki,2017Q4,Studio,21.63,62.0,00920 Myllypuro,2017,True
00920,Myllypuro,Helsinki,2017Q4,Two-bedroom+,16.14,87.0,00920 Myllypuro,2017,True
00920,Myllypuro,Helsinki,2018Q1,One-bedroom,17.49,166.0,00920 Myllypuro,2018,True
00920,Myllypuro,Helsinki,2018Q1,Studio,21.07,58.0,00920 Myllypuro,2018,True
00920,Myllypuro,Helsinki,2018Q1,Two-bedroom+,15.96,90.0,00920 Myllypuro,2018,True
00920,Myllypuro,Helsinki,2018Q2,One-bedroom,17.67,158.0,00920 Myllypuro,2018,True
00920,Myllypuro,Helsinki,2018Q2,Studio,21.64,62.0,00920 Myllypuro,2018,True
00920,Myllypuro,Helsinki,2018Q2,Two-bedroom+,15.88,90.0,00920 Myllypuro,2018,True
00920,Myllypuro,Helsinki,2018Q3,One-bedroom,17.68,162.0,00920 Myllypuro,2018,True
00920,Myllypuro,Helsinki,2018Q3,Studio,21.95,57.0,00920 Myllypuro,2018,True
00920,Myllypuro,Helsinki,2018Q3,Two-bedroom+,16.04,86.0,00920 Myllypuro,2018,True
00920,Myllypuro,Helsinki,2018Q4,One-bedroom,17.85,158.0,00920 Myllypuro,2018,True
00920,Myllypuro,Helsinki,2018Q4,Studio,22.3,49.0,00920 Myllypuro,2018,True
00920,Myllypuro,Helsinki,2018Q4,Two-bedroom+,16.47,83.0,00920 Myllypuro,2018,True
00920,Myllypuro,Helsinki,2019Q1,One-bedroom,17.67,180.0,00920 Myllypuro,2019,True
00920,Myllypuro,Helsinki,2019Q1,Studio,23.61,78.0,00920 Myllypuro,2019,True
00920,Myllypuro,Helsinki,2019Q1,Two-bedroom+,16.08,90.0,00920 Myllypuro,2019,True
00920,Myllypuro,Helsinki,2019Q2,One-bedroom,17.63,164.0,00920 Myllypuro,2019,True
00920,Myllypuro,Helsinki,2019Q2,Studio,23.41,77.0,00920 Myllypuro,2019,True
00920,Myllypuro,Helsinki,2019Q2,Two-bedroom+,16.31,86.0,00920 Myllypuro,2019,True
00920,Myllypuro,Helsinki,2019Q3,One-bedroom,17.67,156.0,00920 Myllypuro,2019,True
00920,Myllypuro,Helsinki,2019Q3,Studio,23.55,74.0,00920 Myllypuro,2019,True
00920,Myllypuro,Helsinki,2019Q3,Two-bedroom+,16.42,86.0,00920 Myllypuro,2019,True
00920,Myllypuro,Helsinki,2019Q4,One-bedroom,18.05,148.0,00920 Myllypuro,2019,True
00920,Myllypuro,Helsinki,2019Q4,Studio,23.97,70.0,00920 Myllypuro,2019,True
00920,Myllypuro,Helsinki,2019Q4,Two-bedroom+,16.71,83.0,00920 Myllypuro,2019,True
00920,Myllypuro,Helsinki,2020Q1,One-bedroom,18.2,153.0,00920 Myllypuro,2020,True
00920,Myllypuro,Helsinki,2020Q1,Studio,24.48,72.0,00920 Myllypuro,2020,True
00920,Myllypuro,Helsinki,2020Q1,Two-bedroom+,16.75,87.0,00920 Myllypuro,2020,True
00920,Myllypuro,Helsinki,2020Q2,One-bedroom,18.2,164.0,00920 Myllypuro,2020,True
00920,Myllypuro,Helsinki,2020Q2,Studio,25.06,81.0,00920 Myllypuro,2020,True
00920,Myllypuro,Helsinki,2020Q2,Two-bedroom+,16.85,85.0,00920 Myllypuro,2020,True
00920,Myllypuro,Helsinki,2020Q3,One-bedroom,18.13,168.0,00920 Myllypuro,2020,True
00920,Myllypuro,Helsinki,2020Q3,Studio,25.44,77.0,00920 Myllypuro,2020,True
00920,Myllypuro,Helsinki,2020Q3,Two-bedroom+,16.94,83.0,00920 Myllypuro,2020,True
00920,Myllypuro,Helsinki,2020Q4,One-bedroom,18.08,166.0,00920 Myllypuro,2020,True
00920,Myllypuro,Helsinki,2020Q4,Studio,25.04,77.0,00920 Myllypuro,2020,True
00920,Myllypuro,Helsinki,2020Q4,Two-bedroom+,17.0,79.0,00920 Myllypuro,2020,True
00920,Myllypuro,Helsinki,2021Q1,One-bedroom,18.03,171.0,00920 Myllypuro,2021,True
00920,Myllypuro,Helsinki,2021Q1,Studio,24.23,88.0,00920 Myllypuro,2021,True
00920,Myllypuro,Helsinki,2021Q1,Two-bedroom+,17.05,80.0,00920 Myllypuro,2021,True
00920,Myllypuro,Helsinki,2021Q2,One-bedroom,17.84,185.0,00920 Myllypuro,2021,True
00920,Myllypuro,Helsinki,2021Q2,Studio,23.71,94.0,00920 Myllypuro,2021,True
00920,Myllypuro,Helsinki,2021Q2,Two-bedroom+,16.94,91.0,00920 Myllypuro,2021,True
00920,Myllypuro,Helsinki,2021Q3,One-bedroom,17.77,186.0,00920 Myllypuro,2021,True
00920,Myllypuro,Helsinki,2021Q3,Studio,23.84,94.0,00920 Myllypuro,2021,True
00920,Myllypuro,Helsinki,2021Q3,Two-bedroom+,17.14,87.0,00920 Myllypuro,2021,True
00920,Myllypuro,Helsinki,2021Q4,One-bedroom,17.85,194.0,00920 Myllypuro,2021,True
00920,Myllypuro,Helsinki,2021Q4,Studio,23.82,94.0,00920 Myllypuro,2021,True
00920,Myllypuro,Helsinki,2021Q4,Two-bedroom+,17.0,94.0,00920 Myllypuro,2021,True
00920,Myllypuro,Helsinki,2022Q1,One-bedroom,17.83,199.0,00920 Myllypuro,2022,True
00920,Myllypuro,Helsinki,2022Q1,Studio,23.64,99.0,00920 Myllypuro,2022,True
00920,Myllypuro,Helsinki,2022Q1,Two-bedroom+,16.96,98.0,00920 Myllypuro,2022,True
00920,Myllypuro,Helsinki,2022Q2,One-bedroom,17.99,173.0,00920 Myllypuro,2022,True
00920,Myllypuro,Helsinki,2022Q2,Studio,23.56,82.0,00920 Myllypuro,2022,True
00920,Myllypuro,Helsinki,2022Q2,Two-bedroom+,17.14,92.0,00920 Myllypuro,2022,True
00920,Myllypuro,Helsinki,2022Q3,One-bedroom,18.0,171.0,00920 Myllypuro,2022,True
00920,Myllypuro,Helsinki,2022Q3,Studio,23.24,85.0,00920 Myllypuro,2022,True
00920,Myllypuro,Helsinki,2022Q3,Two-bedroom+,16.99,90.0,00920 Myllypuro,2022,True
00920,Myllypuro,Helsinki,2022Q4,One-bedroom,17.95,170.0,00920 Myllypuro,2022,True
00920,Myllypuro,Helsinki,2022Q4,Studio,23.2,83.0,00920 Myllypuro,2022,True
00920,Myllypuro,Helsinki,2022Q4,Two-bedroom+,17.06,85.0,00920 Myllypuro,2022,True
00920,Myllypuro,Helsinki,2023Q1,One-bedroom,18.06,162.0,00920 Myllypuro,2023,True
00920,Myllypuro,Helsinki,2023Q1,Studio,23.15,86.0,00920 Myllypuro,2023,True
00920,Myllypuro,Helsinki,2023Q1,Two-bedroom+,17.36,78.0,00920 Myllypuro,2023,True
00920,Myllypuro,Helsinki,2023Q2,One-bedroom,17.89,162.0,00920 Myllypuro,2023,True
00920,Myllypuro,Helsinki,2023Q2,Studio,23.24,84.0,00920 Myllypuro,2023,True
00920,Myllypuro,Helsinki,2023Q2,Two-bedroom+,17.17,88.0,00920 Myllypuro,2023,True
00920,Myllypuro,Helsinki,2023Q3,One-bedroom,17.83,170.0,00920 Myllypuro,2023,True
00920,Myllypuro,Helsinki,2023Q3,Studio,23.21,84.0,00920 Myllypuro,2023,True
00920,Myllypuro,Helsinki,2023Q3,Two-bedroom+,17.2,85.0,00920 Myllypuro,2023,True
00920,Myllypuro,Helsinki,2023Q4,One-bedroom,17.83,167.0,00920 Myllypuro,2023,True
00920,Myllypuro,Helsinki,2023Q4,Studio,23.09,88.0,00920 Myllypuro,2023,True
00920,Myllypuro,Helsinki,2023Q4,Two-bedroom+,17.28,83.0,00920 Myllypuro,2023,True
00920,Myllypuro,Helsinki,2024Q1,One-bedroom,17.98,157.0,00920 Myllypuro,2024,True
00920,Myllypuro,Helsinki,2024Q1,Studio,23.28,89.0,00920 Myllypuro,2024,True
00920,Myllypuro,Helsinki,2024Q1,Two-bedroom+,17.54,80.0,00920 Myllypuro,2024,True
00920,Myllypuro,Helsinki,2024Q2,One-bedroom,17.93,159.0,00920 Myllypuro,2024,True
00920,Myllypuro,Helsinki,2024Q2,Studio,23.63,80.0,00920 Myllypuro,2024,True
00920,Myllypuro,Helsinki,2024Q2,Two-bedroom+,17.52,82.0,00920 Myllypuro,2024,True
00920,Myllypuro,Helsinki,2024Q3,One-bedroom,18.02,160.0,00920 Myllypuro,2024,True
00920,Myllypuro,Helsinki,2024Q3,Studio,23.8,80.0,00920 Myllypuro,2024,True
00920,Myllypuro,Helsinki,2024Q3,Two-bedroom+,17.61,78.0,00920 Myllypuro,2024,True
00920,Myllypuro,Helsinki,2024Q4,One-bedroom,17.92,166.0,00920 Myllypuro,2024,True
00920,Myllypuro,Helsinki,2024Q4,Studio,23.65,80.0,00920 Myllypuro,2024,True
00920,Myllypuro,Helsinki,2024Q4,Two-bedroom+,17.52,76.0,00920 Myllypuro,2024,True
00920,Myllypuro,Helsinki,2025Q1,One-bedroom,17.77,166.0,00920 Myllypuro,2025,True
00920,Myllypuro,Helsinki,2025Q1,Studio,23.99,83.0,00920 Myllypuro,2025,True
00920,Myllypuro,Helsinki,2025Q1,Two-bedroom+,17.11,81.0,00920 Myllypuro,2025,True
00920,Myllypuro,Helsinki,2025Q2,One-bedroom,17.82,155.0,00920 Myllypuro,2025,True
00920,Myllypuro,Helsinki,2025Q2,Studio,23.62,80.0,00920 Myllypuro,2025,True
00920,Myllypuro,Helsinki,2025Q2,Two-bedroom+,17.12,75.0,00920 Myllypuro,2025,True
00920,Myllypuro,Helsinki,2025Q3,One-bedroom,18.44,209.0,00920 Myllypuro,2025,True
00920,Myllypuro,Helsinki,2025Q3,Studio,24.12,87.0,00920 Myllypuro,2025,True
00920,Myllypuro,Helsinki,2025Q4,One-bedroom,17.7,162.0,00920 Myllypuro,2025,True
00920,Myllypuro,Helsinki,2025Q4,Studio,23.59,84.0,00920 Myllypuro,2025,True
00920,Myllypuro,Helsinki,2025Q4,Two-bedroom+,16.58,76.0,00920 Myllypuro,2025,True
00940,Kontula - Vesala,Helsinki,2015Q1,One-bedroom,14.95,257.0,00940 Kontula - Vesala,2015,True
00940,Kontula - Vesala,Helsinki,2015Q1,Studio,20.24,189.0,00940 Kontula - Vesala,2015,True
00940,Kontula - Vesala,Helsinki,2015Q2,One-bedroom,14.98,256.0,00940 Kontula - Vesala,2015,True
00940,Kontula - Vesala,Helsinki,2015Q2,Studio,20.17,200.0,00940 Kontula - Vesala,2015,True
00940,Kontula - Vesala,Helsinki,2015Q2,Two-bedroom+,14.47,256.0,00940 Kontula - Vesala,2015,True
00940,Kontula - Vesala,Helsinki,2015Q3,One-bedroom,14.93,252.0,00940 Kontula - Vesala,2015,True
00940,Kontula - Vesala,Helsinki,2015Q3,Studio,20.33,202.0,00940 Kontula - Vesala,2015,True
00940,Kontula - Vesala,Helsinki,2015Q3,Two-bedroom+,14.43,261.0,00940 Kontula - Vesala,2015,True
00940,Kontula - Vesala,Helsinki,2015Q4,One-bedroom,15.08,268.0,00940 Kontula - Vesala,2015,True
00940,Kontula - Vesala,Helsinki,2015Q4,Studio,20.52,215.0,00940 Kontula - Vesala,2015,True
00940,Kontula - Vesala,Helsinki,2015Q4,Two-bedroom+,14.51,269.0,00940 Kontula - Vesala,2015,True
00940,Kontula - Vesala,Helsinki,2016Q1,One-bedroom,16.41,294.0,00940 Kontula - Vesala,2016,True
00940,Kontula - Vesala,Helsinki,2016Q1,Studio,20.78,216.0,00940 Kontula - Vesala,2016,True
00940,Kontula - Vesala,Helsinki,2016Q1,Two-bedroom+,16.41,296.0,00940 Kontula - Vesala,2016,True
00940,Kontula - Vesala,Helsinki,2016Q2,One-bedroom,15.89,311.0,00940 Kontula - Vesala,2016,True
00940,Kontula - Vesala,Helsinki,2016Q2,Studio,21.19,236.0,00940 Kontula - Vesala,2016,True
00940,Kontula - Vesala,Helsinki,2016Q2,Two-bedroom+,15.07,320.0,00940 Kontula - Vesala,2016,True
00940,Kontula - Vesala,Helsinki,2016Q3,One-bedroom,15.88,318.0,00940 Kontula - Vesala,2016,True
00940,Kontula - Vesala,Helsinki,2016Q3,Studio,21.21,235.0,00940 Kontula - Vesala,2016,True
00940,Kontula - Vesala,Helsinki,2016Q3,Two-bedroom+,15.03,318.0,00940 Kontula - Vesala,2016,True
00940,Kontula - Vesala,Helsinki,2016Q4,One-bedroom,16.31,373.0,00940 Kontula - Vesala,2016,True
00940,Kontula - Vesala,Helsinki,2016Q4,Studio,21.26,237.0,00940 Kontula - Vesala,2016,True
00940,Kontula - Vesala,Helsinki,2016Q4,Two-bedroom+,15.09,335.0,00940 Kontula - Vesala,2016,True
00940,Kontula - Vesala,Helsinki,2017Q1,One-bedroom,16.58,355.0,00940 Kontula - Vesala,2017,True
00940,Kontula - Vesala,Helsinki,2017Q1,Studio,21.87,230.0,00940 Kontula - Vesala,2017,True
00940,Kontula - Vesala,Helsinki,2017Q1,Two-bedroom+,15.42,330.0,00940 Kontula - Vesala,2017,True
00940,Kontula - Vesala,Helsinki,2017Q2,One-bedroom,16.68,358.0,00940 Kontula - Vesala,2017,True
00940,Kontula - Vesala,Helsinki,2017Q2,Studio,22.08,234.0,00940 Kontula - Vesala,2017,True
00940,Kontula - Vesala,Helsinki,2017Q2,Two-bedroom+,15.53,337.0,00940 Kontula - Vesala,2017,True
00940,Kontula - Vesala,Helsinki,2017Q3,One-bedroom,16.84,381.0,00940 Kontula - Vesala,2017,True
00940,Kontula - Vesala,Helsinki,2017Q3,Studio,22.05,242.0,00940 Kontula - Vesala,2017,True
00940,Kontula - Vesala,Helsinki,2017Q3,Two-bedroom+,15.55,371.0,00940 Kontula - Vesala,2017,True
00940,Kontula - Vesala,Helsinki,2017Q4,One-bedroom,16.84,378.0,00940 Kontula - Vesala,2017,True
00940,Kontula - Vesala,Helsinki,2017Q4,Studio,22.04,257.0,00940 Kontula - Vesala,2017,True
00940,Kontula - Vesala,Helsinki,2017Q4,Two-bedroom+,15.55,373.0,00940 Kontula - Vesala,2017,True
00940,Kontula - Vesala,Helsinki,2018Q1,One-bedroom,16.82,405.0,00940 Kontula - Vesala,2018,True
00940,Kontula - Vesala,Helsinki,2018Q1,Studio,21.9,260.0,00940 Kontula - Vesala,2018,True
00940,Kontula - Vesala,Helsinki,2018Q1,Two-bedroom+,15.65,381.0,00940 Kontula - Vesala,2018,True
00940,Kontula - Vesala,Helsinki,2018Q2,One-bedroom,16.82,387.0,00940 Kontula - Vesala,2018,True
00940,Kontula - Vesala,Helsinki,2018Q2,Studio,22.47,261.0,00940 Kontula - Vesala,2018,True
00940,Kontula - Vesala,Helsinki,2018Q2,Two-bedroom+,15.59,377.0,00940 Kontula - Vesala,2018,True
00940,Kontula - Vesala,Helsinki,2018Q3,One-bedroom,17.0,382.0,00940 Kontula - Vesala,2018,True
00940,Kontula - Vesala,Helsinki,2018Q3,Studio,21.99,254.0,00940 Kontula - Vesala,2018,True
00940,Kontula - Vesala,Helsinki,2018Q3,Two-bedroom+,15.5,374.0,00940 Kontula - Vesala,2018,True
00940,Kontula - Vesala,Helsinki,2018Q4,One-bedroom,17.17,373.0,00940 Kontula - Vesala,2018,True
00940,Kontula - Vesala,Helsinki,2018Q4,Studio,22.01,258.0,00940 Kontula - Vesala,2018,True
00940,Kontula - Vesala,Helsinki,2018Q4,Two-bedroom+,15.44,361.0,00940 Kontula - Vesala,2018,True
00940,Kontula - Vesala,Helsinki,2019Q1,One-bedroom,17.13,456.0,00940 Kontula - Vesala,2019,True
00940,Kontula - Vesala,Helsinki,2019Q1,Studio,22.31,292.0,00940 Kontula - Vesala,2019,True
00940,Kontula - Vesala,Helsinki,2019Q1,Two-bedroom+,15.55,348.0,00940 Kontula - Vesala,2019,True
00940,Kontula - Vesala,Helsinki,2019Q2,One-bedroom,17.22,457.0,00940 Kontula - Vesala,2019,True
00940,Kontula - Vesala,Helsinki,2019Q2,Studio,22.31,270.0,00940 Kontula - Vesala,2019,True
00940,Kontula - Vesala,Helsinki,2019Q2,Two-bedroom+,15.89,324.0,00940 Kontula - Vesala,2019,True
00940,Kontula - Vesala,Helsinki,2019Q3,One-bedroom,17.33,486.0,00940 Kontula - Vesala,2019,True
00940,Kontula - Vesala,Helsinki,2019Q3,Studio,23.05,337.0,00940 Kontula - Vesala,2019,True
00940,Kontula - Vesala,Helsinki,2019Q3,Two-bedroom+,15.92,327.0,00940 Kontula - Vesala,2019,True
00940,Kontula - Vesala,Helsinki,2019Q4,One-bedroom,17.44,480.0,00940 Kontula - Vesala,2019,True
00940,Kontula - Vesala,Helsinki,2019Q4,Studio,23.49,324.0,00940 Kontula - Vesala,2019,True
00940,Kontula - Vesala,Helsinki,2019Q4,Two-bedroom+,15.97,343.0,00940 Kontula - Vesala,2019,True
00940,Kontula - Vesala,Helsinki,2020Q1,One-bedroom,17.52,506.0,00940 Kontula - Vesala,2020,True
00940,Kontula - Vesala,Helsinki,2020Q1,Studio,23.57,310.0,00940 Kontula - Vesala,2020,True
00940,Kontula - Vesala,Helsinki,2020Q1,Two-bedroom+,16.08,299.0,00940 Kontula - Vesala,2020,True
00940,Kontula - Vesala,Helsinki,2020Q2,One-bedroom,17.7,504.0,00940 Kontula - Vesala,2020,True
00940,Kontula - Vesala,Helsinki,2020Q2,Studio,23.65,318.0,00940 Kontula - Vesala,2020,True
00940,Kontula - Vesala,Helsinki,2020Q2,Two-bedroom+,16.2,308.0,00940 Kontula - Vesala,2020,True
00940,Kontula - Vesala,Helsinki,2020Q3,One-bedroom,17.69,521.0,00940 Kontula - Vesala,2020,True
00940,Kontula - Vesala,Helsinki,2020Q3,Studio,23.88,349.0,00940 Kontula - Vesala,2020,True
00940,Kontula - Vesala,Helsinki,2020Q3,Two-bedroom+,16.37,317.0,00940 Kontula - Vesala,2020,True
00940,Kontula - Vesala,Helsinki,2020Q4,One-bedroom,17.93,560.0,00940 Kontula - Vesala,2020,True
00940,Kontula - Vesala,Helsinki,2020Q4,Studio,24.22,392.0,00940 Kontula - Vesala,2020,True
00940,Kontula - Vesala,Helsinki,2020Q4,Two-bedroom+,16.65,344.0,00940 Kontula - Vesala,2020,True
00940,Kontula - Vesala,Helsinki,2021Q1,One-bedroom,18.1,533.0,00940 Kontula - Vesala,2021,True
00940,Kontula - Vesala,Helsinki,2021Q1,Studio,24.84,406.0,00940 Kontula - Vesala,2021,True
00940,Kontula - Vesala,Helsinki,2021Q1,Two-bedroom+,16.78,414.0,00940 Kontula - Vesala,2021,True
00940,Kontula - Vesala,Helsinki,2021Q2,One-bedroom,18.25,547.0,00940 Kontula - Vesala,2021,True
00940,Kontula - Vesala,Helsinki,2021Q2,Studio,24.9,434.0,00940 Kontula - Vesala,2021,True
00940,Kontula - Vesala,Helsinki,2021Q2,Two-bedroom+,16.81,424.0,00940 Kontula - Vesala,2021,True
00940,Kontula - Vesala,Helsinki,2021Q3,One-bedroom,18.3,562.0,00940 Kontula - Vesala,2021,True
00940,Kontula - Vesala,Helsinki,2021Q3,Studio,25.18,480.0,00940 Kontula - Vesala,2021,True
00940,Kontula - Vesala,Helsinki,2021Q3,Two-bedroom+,16.97,445.0,00940 Kontula - Vesala,2021,True
00940,Kontula - Vesala,Helsinki,2021Q4,One-bedroom,18.36,560.0,00940 Kontula - Vesala,2021,True
00940,Kontula - Vesala,Helsinki,2021Q4,Studio,25.35,477.0,00940 Kontula - Vesala,2021,True
00940,Kontula - Vesala,Helsinki,2021Q4,Two-bedroom+,17.0,446.0,00940 Kontula - Vesala,2021,True
00940,Kontula - Vesala,Helsinki,2022Q1,One-bedroom,18.35,645.0,00940 Kontula - Vesala,2022,True
00940,Kontula - Vesala,Helsinki,2022Q1,Studio,25.42,573.0,00940 Kontula - Vesala,2022,True
00940,Kontula - Vesala,Helsinki,2022Q1,Two-bedroom+,16.86,515.0,00940 Kontula - Vesala,2022,True
00940,Kontula - Vesala,Helsinki,2022Q2,One-bedroom,18.37,646.0,00940 Kontula - Vesala,2022,True
00940,Kontula - Vesala,Helsinki,2022Q2,Studio,25.64,598.0,00940 Kontula - Vesala,2022,True
00940,Kontula - Vesala,Helsinki,2022Q3,One-bedroom,18.45,655.0,00940 Kontula - Vesala,2022,True
00940,Kontula - Vesala,Helsinki,2022Q3,Studio,25.7,582.0,00940 Kontula - Vesala,2022,True
00940,Kontula - Vesala,Helsinki,2022Q4,One-bedroom,18.51,649.0,00940 Kontula - Vesala,2022,True
00940,Kontula - Vesala,Helsinki,2022Q4,Studio,25.74,600.0,00940 Kontula - Vesala,2022,True
00940,Kontula - Vesala,Helsinki,2023Q1,One-bedroom,18.69,702.0,00940 Kontula - Vesala,2023,True
00940,Kontula - Vesala,Helsinki,2023Q1,Studio,25.88,598.0,00940 Kontula - Vesala,2023,True
00940,Kontula - Vesala,Helsinki,2023Q2,One-bedroom,18.66,700.0,00940 Kontula - Vesala,2023,True
00940,Kontula - Vesala,Helsinki,2023Q2,Studio,25.87,605.0,00940 Kontula - Vesala,2023,True
00940,Kontula - Vesala,Helsinki,2023Q3,One-bedroom,18.59,710.0,00940 Kontula - Vesala,2023,True
00940,Kontula - Vesala,Helsinki,2023Q3,Studio,25.91,603.0,00940 Kontula - Vesala,2023,True
00940,Kontula - Vesala,Helsinki,2023Q4,One-bedroom,18.49,750.0,00940 Kontula - Vesala,2023,True
00940,Kontula - Vesala,Helsinki,2023Q4,Studio,25.95,592.0,00940 Kontula - Vesala,2023,True
00940,Kontula - Vesala,Helsinki,2024Q1,One-bedroom,18.48,743.0,00940 Kontula - Vesala,2024,True
00940,Kontula - Vesala,Helsinki,2024Q1,Studio,25.88,590.0,00940 Kontula - Vesala,2024,True
00940,Kontula - Vesala,Helsinki,2024Q2,One-bedroom,18.51,735.0,00940 Kontula - Vesala,2024,True
00940,Kontula - Vesala,Helsinki,2024Q3,One-bedroom,18.42,737.0,00940 Kontula - Vesala,2024,True
00940,Kontula - Vesala,Helsinki,2024Q4,One-bedroom,18.36,742.0,00940 Kontula - Vesala,2024,True
00940,Kontula - Vesala,Helsinki,2024Q4,Studio,25.94,577.0,00940 Kontula - Vesala,2024,True
00940,Kontula - Vesala,Helsinki,2025Q1,One-bedroom,18.28,747.0,00940 Kontula - Vesala,2025,True
00940,Kontula - Vesala,Helsinki,2025Q1,Studio,25.73,601.0,00940 Kontula - Vesala,2025,True
00940,Kontula - Vesala,Helsinki,2025Q2,One-bedroom,18.2,727.0,00940 Kontula - Vesala,2025,True
00940,Kontula - Vesala,Helsinki,2025Q2,Studio,25.64,585.0,00940 Kontula - Vesala,2025,True
00940,Kontula - Vesala,Helsinki,2025Q4,One-bedroom,17.85,723.0,00940 Kontula - Vesala,2025,True
00940,Kontula - Vesala,Helsinki,2025Q4,Studio,25.34,594.0,00940 Kontula - Vesala,2025,True
00970,Mellunmäki,Helsinki,2015Q1,One-bedroom,13.29,68.0,00970 Mellunmäki,2015,True
00970,Mellunmäki,Helsinki,2015Q1,Studio,18.58,58.0,00970 Mellunmäki,2015,True
00970,Mellunmäki,Helsinki,2015Q1,Two-bedroom+,13.23,26.0,00970 Mellunmäki,2015,False
00970,Mellunmäki,Helsinki,2015Q2,One-bedroom,13.89,73.0,00970 Mellunmäki,2015,True
00970,Mellunmäki,Helsinki,2015Q2,Studio,18.76,60.0,00970 Mellunmäki,2015,True
00970,Mellunmäki,Helsinki,2015Q2,Two-bedroom+,13.31,30.0,00970 Mellunmäki,2015,True
00970,Mellunmäki,Helsinki,2015Q3,One-bedroom,14.24,77.0,00970 Mellunmäki,2015,True
00970,Mellunmäki,Helsinki,2015Q3,Studio,18.82,70.0,00970 Mellunmäki,2015,True
00970,Mellunmäki,Helsinki,2015Q3,Two-bedroom+,13.35,32.0,00970 Mellunmäki,2015,True
00970,Mellunmäki,Helsinki,2015Q4,One-bedroom,14.33,88.0,00970 Mellunmäki,2015,True
00970,Mellunmäki,Helsinki,2015Q4,Studio,18.93,72.0,00970 Mellunmäki,2015,True
00970,Mellunmäki,Helsinki,2015Q4,Two-bedroom+,13.41,35.0,00970 Mellunmäki,2015,True
00970,Mellunmäki,Helsinki,2016Q1,One-bedroom,14.39,81.0,00970 Mellunmäki,2016,True
00970,Mellunmäki,Helsinki,2016Q1,Studio,19.28,70.0,00970 Mellunmäki,2016,True
00970,Mellunmäki,Helsinki,2016Q1,Two-bedroom+,13.15,34.0,00970 Mellunmäki,2016,True
00970,Mellunmäki,Helsinki,2016Q2,One-bedroom,14.7,90.0,00970 Mellunmäki,2016,True
00970,Mellunmäki,Helsinki,2016Q2,Studio,19.09,72.0,00970 Mellunmäki,2016,True
00970,Mellunmäki,Helsinki,2016Q2,Two-bedroom+,13.59,39.0,00970 Mellunmäki,2016,True
00970,Mellunmäki,Helsinki,2016Q3,One-bedroom,14.59,95.0,00970 Mellunmäki,2016,True
00970,Mellunmäki,Helsinki,2016Q3,Studio,19.14,71.0,00970 Mellunmäki,2016,True
00970,Mellunmäki,Helsinki,2016Q3,Two-bedroom+,13.51,42.0,00970 Mellunmäki,2016,True
00970,Mellunmäki,Helsinki,2016Q4,One-bedroom,14.25,91.0,00970 Mellunmäki,2016,True
00970,Mellunmäki,Helsinki,2016Q4,Studio,19.18,75.0,00970 Mellunmäki,2016,True
00970,Mellunmäki,Helsinki,2016Q4,Two-bedroom+,13.39,40.0,00970 Mellunmäki,2016,True
00970,Mellunmäki,Helsinki,2017Q1,One-bedroom,14.42,86.0,00970 Mellunmäki,2017,True
00970,Mellunmäki,Helsinki,2017Q1,Studio,19.16,74.0,00970 Mellunmäki,2017,True
00970,Mellunmäki,Helsinki,2017Q1,Two-bedroom+,13.76,31.0,00970 Mellunmäki,2017,True
00970,Mellunmäki,Helsinki,2017Q2,One-bedroom,14.59,90.0,00970 Mellunmäki,2017,True
00970,Mellunmäki,Helsinki,2017Q2,Studio,19.39,75.0,00970 Mellunmäki,2017,True
00970,Mellunmäki,Helsinki,2017Q2,Two-bedroom+,14.2,35.0,00970 Mellunmäki,2017,True
00970,Mellunmäki,Helsinki,2017Q3,One-bedroom,15.05,97.0,00970 Mellunmäki,2017,True
00970,Mellunmäki,Helsinki,2017Q3,Studio,19.54,74.0,00970 Mellunmäki,2017,True
00970,Mellunmäki,Helsinki,2017Q3,Two-bedroom+,14.22,39.0,00970 Mellunmäki,2017,True
00970,Mellunmäki,Helsinki,2017Q4,One-bedroom,15.04,89.0,00970 Mellunmäki,2017,True
00970,Mellunmäki,Helsinki,2017Q4,Studio,19.34,87.0,00970 Mellunmäki,2017,True
00970,Mellunmäki,Helsinki,2017Q4,Two-bedroom+,14.42,37.0,00970 Mellunmäki,2017,True
00970,Mellunmäki,Helsinki,2018Q1,One-bedroom,14.71,99.0,00970 Mellunmäki,2018,True
00970,Mellunmäki,Helsinki,2018Q1,Studio,19.43,82.0,00970 Mellunmäki,2018,True
00970,Mellunmäki,Helsinki,2018Q1,Two-bedroom+,13.49,45.0,00970 Mellunmäki,2018,True
00970,Mellunmäki,Helsinki,2018Q2,One-bedroom,14.8,94.0,00970 Mellunmäki,2018,True
00970,Mellunmäki,Helsinki,2018Q2,Studio,19.73,77.0,00970 Mellunmäki,2018,True
00970,Mellunmäki,Helsinki,2018Q2,Two-bedroom+,13.49,42.0,00970 Mellunmäki,2018,True
00970,Mellunmäki,Helsinki,2018Q3,One-bedroom,14.9,97.0,00970 Mellunmäki,2018,True
00970,Mellunmäki,Helsinki,2018Q3,Studio,19.42,71.0,00970 Mellunmäki,2018,True
00970,Mellunmäki,Helsinki,2018Q3,Two-bedroom+,13.98,45.0,00970 Mellunmäki,2018,True
00970,Mellunmäki,Helsinki,2018Q4,One-bedroom,15.31,94.0,00970 Mellunmäki,2018,True
00970,Mellunmäki,Helsinki,2018Q4,Studio,19.73,73.0,00970 Mellunmäki,2018,True
00970,Mellunmäki,Helsinki,2018Q4,Two-bedroom+,14.64,41.0,00970 Mellunmäki,2018,True
00970,Mellunmäki,Helsinki,2019Q1,One-bedroom,15.27,93.0,00970 Mellunmäki,2019,True
00970,Mellunmäki,Helsinki,2019Q1,Studio,19.73,72.0,00970 Mellunmäki,2019,True
00970,Mellunmäki,Helsinki,2019Q1,Two-bedroom+,13.89,44.0,00970 Mellunmäki,2019,True
00970,Mellunmäki,Helsinki,2019Q2,One-bedroom,15.34,88.0,00970 Mellunmäki,2019,True
00970,Mellunmäki,Helsinki,2019Q2,Studio,19.47,81.0,00970 Mellunmäki,2019,True
00970,Mellunmäki,Helsinki,2019Q2,Two-bedroom+,13.85,41.0,00970 Mellunmäki,2019,True
00970,Mellunmäki,Helsinki,2019Q3,One-bedroom,15.41,93.0,00970 Mellunmäki,2019,True
00970,Mellunmäki,Helsinki,2019Q3,Studio,19.72,80.0,00970 Mellunmäki,2019,True
00970,Mellunmäki,Helsinki,2019Q3,Two-bedroom+,13.52,37.0,00970 Mellunmäki,2019,True
00970,Mellunmäki,Helsinki,2019Q4,One-bedroom,17.11,128.0,00970 Mellunmäki,2019,True
00970,Mellunmäki,Helsinki,2019Q4,Studio,19.71,89.0,00970 Mellunmäki,2019,True
00970,Mellunmäki,Helsinki,2019Q4,Two-bedroom+,15.23,55.0,00970 Mellunmäki,2019,True
00970,Mellunmäki,Helsinki,2020Q1,One-bedroom,16.72,130.0,00970 Mellunmäki,2020,True
00970,Mellunmäki,Helsinki,2020Q1,Studio,20.35,91.0,00970 Mellunmäki,2020,True
00970,Mellunmäki,Helsinki,2020Q1,Two-bedroom+,15.34,50.0,00970 Mellunmäki,2020,True
00970,Mellunmäki,Helsinki,2020Q2,One-bedroom,16.34,134.0,00970 Mellunmäki,2020,True
00970,Mellunmäki,Helsinki,2020Q2,Studio,20.17,91.0,00970 Mellunmäki,2020,True
00970,Mellunmäki,Helsinki,2020Q2,Two-bedroom+,15.35,48.0,00970 Mellunmäki,2020,True
00970,Mellunmäki,Helsinki,2020Q3,One-bedroom,17.15,231.0,00970 Mellunmäki,2020,True
00970,Mellunmäki,Helsinki,2020Q3,Studio,20.51,88.0,00970 Mellunmäki,2020,True
00970,Mellunmäki,Helsinki,2020Q3,Two-bedroom+,15.82,96.0,00970 Mellunmäki,2020,True
00970,Mellunmäki,Helsinki,2020Q4,One-bedroom,17.25,222.0,00970 Mellunmäki,2020,True
00970,Mellunmäki,Helsinki,2020Q4,Studio,20.69,90.0,00970 Mellunmäki,2020,True
00970,Mellunmäki,Helsinki,2020Q4,Two-bedroom+,15.75,96.0,00970 Mellunmäki,2020,True
00970,Mellunmäki,Helsinki,2021Q1,One-bedroom,17.14,202.0,00970 Mellunmäki,2021,True
00970,Mellunmäki,Helsinki,2021Q1,Studio,20.59,100.0,00970 Mellunmäki,2021,True
00970,Mellunmäki,Helsinki,2021Q1,Two-bedroom+,15.84,96.0,00970 Mellunmäki,2021,True
00970,Mellunmäki,Helsinki,2021Q2,One-bedroom,17.31,191.0,00970 Mellunmäki,2021,True
00970,Mellunmäki,Helsinki,2021Q2,Studio,20.53,99.0,00970 Mellunmäki,2021,True
00970,Mellunmäki,Helsinki,2021Q2,Two-bedroom+,15.93,93.0,00970 Mellunmäki,2021,True
00970,Mellunmäki,Helsinki,2021Q3,One-bedroom,17.35,195.0,00970 Mellunmäki,2021,True
00970,Mellunmäki,Helsinki,2021Q3,Studio,20.55,94.0,00970 Mellunmäki,2021,True
00970,Mellunmäki,Helsinki,2021Q3,Two-bedroom+,15.89,91.0,00970 Mellunmäki,2021,True
00970,Mellunmäki,Helsinki,2021Q4,One-bedroom,17.33,189.0,00970 Mellunmäki,2021,True
00970,Mellunmäki,Helsinki,2021Q4,Studio,20.48,96.0,00970 Mellunmäki,2021,True
00970,Mellunmäki,Helsinki,2021Q4,Two-bedroom+,15.74,89.0,00970 Mellunmäki,2021,True
00970,Mellunmäki,Helsinki,2022Q1,One-bedroom,17.25,221.0,00970 Mellunmäki,2022,True
00970,Mellunmäki,Helsinki,2022Q1,Studio,20.7,137.0,00970 Mellunmäki,2022,True
00970,Mellunmäki,Helsinki,2022Q1,Two-bedroom+,16.19,115.0,00970 Mellunmäki,2022,True
00970,Mellunmäki,Helsinki,2022Q2,One-bedroom,18.26,265.0,00970 Mellunmäki,2022,True
00970,Mellunmäki,Helsinki,2022Q2,Studio,22.01,155.0,00970 Mellunmäki,2022,True
00970,Mellunmäki,Helsinki,2022Q2,Two-bedroom+,16.77,125.0,00970 Mellunmäki,2022,True
00970,Mellunmäki,Helsinki,2022Q3,One-bedroom,18.27,276.0,00970 Mellunmäki,2022,True
00970,Mellunmäki,Helsinki,2022Q3,Studio,22.19,156.0,00970 Mellunmäki,2022,True
00970,Mellunmäki,Helsinki,2022Q3,Two-bedroom+,16.96,123.0,00970 Mellunmäki,2022,True
00970,Mellunmäki,Helsinki,2022Q4,One-bedroom,18.33,272.0,00970 Mellunmäki,2022,True
00970,Mellunmäki,Helsinki,2022Q4,Studio,22.04,161.0,00970 Mellunmäki,2022,True
00970,Mellunmäki,Helsinki,2022Q4,Two-bedroom+,17.0,120.0,00970 Mellunmäki,2022,True
00970,Mellunmäki,Helsinki,2023Q1,One-bedroom,18.53,254.0,00970 Mellunmäki,2023,True
00970,Mellunmäki,Helsinki,2023Q1,Studio,22.34,146.0,00970 Mellunmäki,2023,True
00970,Mellunmäki,Helsinki,2023Q1,Two-bedroom+,17.09,121.0,00970 Mellunmäki,2023,True
00970,Mellunmäki,Helsinki,2023Q2,One-bedroom,18.65,257.0,00970 Mellunmäki,2023,True
00970,Mellunmäki,Helsinki,2023Q2,Studio,22.53,151.0,00970 Mellunmäki,2023,True
00970,Mellunmäki,Helsinki,2023Q2,Two-bedroom+,17.27,118.0,00970 Mellunmäki,2023,True
00970,Mellunmäki,Helsinki,2023Q3,One-bedroom,18.67,265.0,00970 Mellunmäki,2023,True
00970,Mellunmäki,Helsinki,2023Q3,Studio,22.47,154.0,00970 Mellunmäki,2023,True
00970,Mellunmäki,Helsinki,2023Q3,Two-bedroom+,17.33,119.0,00970 Mellunmäki,2023,True
00970,Mellunmäki,Helsinki,2023Q4,One-bedroom,18.71,262.0,00970 Mellunmäki,2023,True
00970,Mellunmäki,Helsinki,2023Q4,Studio,22.17,163.0,00970 Mellunmäki,2023,True
00970,Mellunmäki,Helsinki,2023Q4,Two-bedroom+,17.4,117.0,00970 Mellunmäki,2023,True
00970,Mellunmäki,Helsinki,2024Q1,One-bedroom,18.78,262.0,00970 Mellunmäki,2024,True
00970,Mellunmäki,Helsinki,2024Q1,Studio,22.43,156.0,00970 Mellunmäki,2024,True
00970,Mellunmäki,Helsinki,2024Q1,Two-bedroom+,17.56,116.0,00970 Mellunmäki,2024,True
00970,Mellunmäki,Helsinki,2024Q2,One-bedroom,18.81,262.0,00970 Mellunmäki,2024,True
00970,Mellunmäki,Helsinki,2024Q2,Studio,22.59,149.0,00970 Mellunmäki,2024,True
00970,Mellunmäki,Helsinki,2024Q2,Two-bedroom+,17.75,112.0,00970 Mellunmäki,2024,True
00970,Mellunmäki,Helsinki,2024Q3,One-bedroom,18.81,263.0,00970 Mellunmäki,2024,True
00970,Mellunmäki,Helsinki,2024Q3,Studio,22.7,149.0,00970 Mellunmäki,2024,True
00970,Mellunmäki,Helsinki,2024Q3,Two-bedroom+,17.88,112.0,00970 Mellunmäki,2024,True
00970,Mellunmäki,Helsinki,2024Q4,One-bedroom,18.97,253.0,00970 Mellunmäki,2024,True
00970,Mellunmäki,Helsinki,2024Q4,Studio,22.99,148.0,00970 Mellunmäki,2024,True
00970,Mellunmäki,Helsinki,2024Q4,Two-bedroom+,17.86,110.0,00970 Mellunmäki,2024,True
00970,Mellunmäki,Helsinki,2025Q1,One-bedroom,18.96,254.0,00970 Mellunmäki,2025,True
00970,Mellunmäki,Helsinki,2025Q1,Studio,23.02,146.0,00970 Mellunmäki,2025,True
00970,Mellunmäki,Helsinki,2025Q1,Two-bedroom+,17.72,117.0,00970 Mellunmäki,2025,True
00970,Mellunmäki,Helsinki,2025Q2,One-bedroom,18.85,245.0,00970 Mellunmäki,2025,True
00970,Mellunmäki,Helsinki,2025Q2,Studio,23.37,128.0,00970 Mellunmäki,2025,True
00970,Mellunmäki,Helsinki,2025Q2,Two-bedroom+,17.77,113.0,00970 Mellunmäki,2025,True
00970,Mellunmäki,Helsinki,2025Q3,One-bedroom,18.66,317.0,00970 Mellunmäki,2025,True
00970,Mellunmäki,Helsinki,2025Q3,Studio,23.36,130.0,00970 Mellunmäki,2025,True
00970,Mellunmäki,Helsinki,2025Q4,One-bedroom,18.63,249.0,00970 Mellunmäki,2025,True
00970,Mellunmäki,Helsinki,2025Q4,Studio,22.82,150.0,00970 Mellunmäki,2025,True
00970,Mellunmäki,Helsinki,2025Q4,Two-bedroom+,17.55,114.0,00970 Mellunmäki,2025,True
01300,Tikkurila,Vantaa,2015Q1,One-bedroom,15.29,209.0,01300 Tikkurila,2015,True
01300,Tikkurila,Vantaa,2015Q1,Studio,19.15,167.0,01300 Tikkurila,2015,True
01300,Tikkurila,Vantaa,2015Q1,Two-bedroom+,15.28,63.0,01300 Tikkurila,2015,True
01300,Tikkurila,Vantaa,2015Q2,One-bedroom,15.4,224.0,01300 Tikkurila,2015,True
01300,Tikkurila,Vantaa,2015Q2,Studio,19.39,172.0,01300 Tikkurila,2015,True
01300,Tikkurila,Vantaa,2015Q2,Two-bedroom+,15.45,65.0,01300 Tikkurila,2015,True
01300,Tikkurila,Vantaa,2015Q3,One-bedroom,15.42,234.0,01300 Tikkurila,2015,True
01300,Tikkurila,Vantaa,2015Q3,Studio,19.63,173.0,01300 Tikkurila,2015,True
01300,Tikkurila,Vantaa,2015Q3,Two-bedroom+,15.55,78.0,01300 Tikkurila,2015,True
01300,Tikkurila,Vantaa,2015Q4,One-bedroom,15.49,250.0,01300 Tikkurila,2015,True
01300,Tikkurila,Vantaa,2015Q4,Studio,19.54,194.0,01300 Tikkurila,2015,True
01300,Tikkurila,Vantaa,2015Q4,Two-bedroom+,15.45,91.0,01300 Tikkurila,2015,True
01300,Tikkurila,Vantaa,2016Q1,One-bedroom,15.81,236.0,01300 Tikkurila,2016,True
01300,Tikkurila,Vantaa,2016Q1,Studio,19.76,176.0,01300 Tikkurila,2016,True
01300,Tikkurila,Vantaa,2016Q1,Two-bedroom+,15.85,87.0,01300 Tikkurila,2016,True
01300,Tikkurila,Vantaa,2016Q2,One-bedroom,16.27,365.0,01300 Tikkurila,2016,True
01300,Tikkurila,Vantaa,2016Q2,Studio,19.84,204.0,01300 Tikkurila,2016,True
01300,Tikkurila,Vantaa,2016Q2,Two-bedroom+,15.81,119.0,01300 Tikkurila,2016,True
01300,Tikkurila,Vantaa,2016Q3,One-bedroom,16.31,373.0,01300 Tikkurila,2016,True
01300,Tikkurila,Vantaa,2016Q3,Studio,20.19,199.0,01300 Tikkurila,2016,True
01300,Tikkurila,Vantaa,2016Q3,Two-bedroom+,15.65,120.0,01300 Tikkurila,2016,True
01300,Tikkurila,Vantaa,2016Q4,One-bedroom,16.55,426.0,01300 Tikkurila,2016,True
01300,Tikkurila,Vantaa,2016Q4,Studio,20.07,202.0,01300 Tikkurila,2016,True
01300,Tikkurila,Vantaa,2016Q4,Two-bedroom+,15.84,163.0,01300 Tikkurila,2016,True
01300,Tikkurila,Vantaa,2017Q1,One-bedroom,16.53,476.0,01300 Tikkurila,2017,True
01300,Tikkurila,Vantaa,2017Q1,Studio,20.48,214.0,01300 Tikkurila,2017,True
01300,Tikkurila,Vantaa,2017Q2,One-bedroom,16.9,594.0,01300 Tikkurila,2017,True
01300,Tikkurila,Vantaa,2017Q2,Studio,20.21,225.0,01300 Tikkurila,2017,True
01300,Tikkurila,Vantaa,2017Q3,Studio,20.43,213.0,01300 Tikkurila,2017,True
01300,Tikkurila,Vantaa,2017Q4,One-bedroom,17.19,622.0,01300 Tikkurila,2017,True
01300,Tikkurila,Vantaa,2017Q4,Studio,20.52,234.0,01300 Tikkurila,2017,True
01300,Tikkurila,Vantaa,2018Q1,One-bedroom,17.27,674.0,01300 Tikkurila,2018,True
01300,Tikkurila,Vantaa,2018Q1,Studio,20.96,274.0,01300 Tikkurila,2018,True
01300,Tikkurila,Vantaa,2018Q2,One-bedroom,17.56,710.0,01300 Tikkurila,2018,True
01300,Tikkurila,Vantaa,2018Q2,Studio,21.21,297.0,01300 Tikkurila,2018,True
01300,Tikkurila,Vantaa,2018Q3,Studio,21.69,299.0,01300 Tikkurila,2018,True
01300,Tikkurila,Vantaa,2018Q4,Studio,21.96,292.0,01300 Tikkurila,2018,True
01300,Tikkurila,Vantaa,2019Q1,Studio,22.07,327.0,01300 Tikkurila,2019,True
01300,Tikkurila,Vantaa,2019Q2,Studio,22.24,315.0,01300 Tikkurila,2019,True
01300,Tikkurila,Vantaa,2019Q3,Studio,22.3,314.0,01300 Tikkurila,2019,True
01300,Tikkurila,Vantaa,2019Q4,Studio,22.41,300.0,01300 Tikkurila,2019,True
01300,Tikkurila,Vantaa,2020Q1,Studio,22.82,319.0,01300 Tikkurila,2020,True
01300,Tikkurila,Vantaa,2020Q2,Studio,22.87,343.0,01300 Tikkurila,2020,True
01300,Tikkurila,Vantaa,2020Q3,Studio,23.16,347.0,01300 Tikkurila,2020,True
01300,Tikkurila,Vantaa,2020Q4,Studio,23.05,380.0,01300 Tikkurila,2020,True
01300,Tikkurila,Vantaa,2021Q1,Studio,23.34,388.0,01300 Tikkurila,2021,True
01300,Tikkurila,Vantaa,2021Q2,Studio,23.37,386.0,01300 Tikkurila,2021,True
01300,Tikkurila,Vantaa,2021Q3,Studio,23.45,364.0,01300 Tikkurila,2021,True
01300,Tikkurila,Vantaa,2021Q4,Studio,23.45,351.0,01300 Tikkurila,2021,True
01300,Tikkurila,Vantaa,2022Q1,One-bedroom,18.73,888.0,01300 Tikkurila,2022,True
01300,Tikkurila,Vantaa,2022Q1,Studio,23.82,436.0,01300 Tikkurila,2022,True
01300,Tikkurila,Vantaa,2022Q2,One-bedroom,18.77,869.0,01300 Tikkurila,2022,True
01300,Tikkurila,Vantaa,2022Q2,Studio,23.92,392.0,01300 Tikkurila,2022,True
01300,Tikkurila,Vantaa,2022Q3,One-bedroom,18.85,857.0,01300 Tikkurila,2022,True
01300,Tikkurila,Vantaa,2022Q3,Studio,23.83,377.0,01300 Tikkurila,2022,True
01300,Tikkurila,Vantaa,2022Q4,One-bedroom,18.91,858.0,01300 Tikkurila,2022,True
01300,Tikkurila,Vantaa,2022Q4,Studio,23.97,393.0,01300 Tikkurila,2022,True
01300,Tikkurila,Vantaa,2023Q1,One-bedroom,18.97,871.0,01300 Tikkurila,2023,True
01300,Tikkurila,Vantaa,2023Q1,Studio,24.01,406.0,01300 Tikkurila,2023,True
01300,Tikkurila,Vantaa,2023Q2,One-bedroom,19.0,873.0,01300 Tikkurila,2023,True
01300,Tikkurila,Vantaa,2023Q2,Studio,23.92,387.0,01300 Tikkurila,2023,True
01300,Tikkurila,Vantaa,2023Q3,One-bedroom,18.99,875.0,01300 Tikkurila,2023,True
01300,Tikkurila,Vantaa,2023Q3,Studio,23.94,371.0,01300 Tikkurila,2023,True
01300,Tikkurila,Vantaa,2023Q4,One-bedroom,19.11,933.0,01300 Tikkurila,2023,True
01300,Tikkurila,Vantaa,2023Q4,Studio,24.01,444.0,01300 Tikkurila,2023,True
01300,Tikkurila,Vantaa,2024Q1,One-bedroom,19.09,932.0,01300 Tikkurila,2024,True
01300,Tikkurila,Vantaa,2024Q1,Studio,23.95,448.0,01300 Tikkurila,2024,True
01300,Tikkurila,Vantaa,2024Q2,One-bedroom,19.13,935.0,01300 Tikkurila,2024,True
01300,Tikkurila,Vantaa,2024Q2,Studio,24.02,433.0,01300 Tikkurila,2024,True
01300,Tikkurila,Vantaa,2024Q3,Studio,24.07,404.0,01300 Tikkurila,2024,True
01300,Tikkurila,Vantaa,2024Q4,Studio,24.01,426.0,01300 Tikkurila,2024,True
01300,Tikkurila,Vantaa,2025Q1,One-bedroom,19.02,932.0,01300 Tikkurila,2025,True
01300,Tikkurila,Vantaa,2025Q1,Studio,24.1,449.0,01300 Tikkurila,2025,True
01300,Tikkurila,Vantaa,2025Q2,Studio,24.15,400.0,01300 Tikkurila,2025,True
01300,Tikkurila,Vantaa,2025Q3,Studio,24.38,529.0,01300 Tikkurila,2025,True
01300,Tikkurila,Vantaa,2025Q4,Studio,24.23,475.0,01300 Tikkurila,2025,True
01700,Kivistö,Vantaa,2016Q1,One-bedroom,13.34,33.0,01700 Kivistö,2016,True
01700,Kivistö,Vantaa,2016Q2,One-bedroom,13.37,30.0,01700 Kivistö,2016,True
01700,Kivistö,Vantaa,2016Q3,One-bedroom,13.61,27.0,01700 Kivistö,2016,False
01700,Kivistö,Vantaa,2016Q4,One-bedroom,14.01,41.0,01700 Kivistö,2016,True
01700,Kivistö,Vantaa,2016Q4,Studio,23.35,21.0,01700 Kivistö,2016,False
01700,Kivistö,Vantaa,2017Q1,One-bedroom,15.24,36.0,01700 Kivistö,2017,True
01700,Kivistö,Vantaa,2017Q1,Studio,21.89,32.0,01700 Kivistö,2017,True
01700,Kivistö,Vantaa,2017Q2,One-bedroom,15.69,36.0,01700 Kivistö,2017,True
01700,Kivistö,Vantaa,2017Q2,Studio,22.12,43.0,01700 Kivistö,2017,True
01700,Kivistö,Vantaa,2017Q3,One-bedroom,18.51,38.0,01700 Kivistö,2017,True
01700,Kivistö,Vantaa,2017Q3,Studio,22.81,46.0,01700 Kivistö,2017,True
01700,Kivistö,Vantaa,2017Q4,One-bedroom,18.7,45.0,01700 Kivistö,2017,True
01700,Kivistö,Vantaa,2017Q4,Studio,22.87,70.0,01700 Kivistö,2017,True
01700,Kivistö,Vantaa,2018Q1,One-bedroom,18.24,49.0,01700 Kivistö,2018,True
01700,Kivistö,Vantaa,2018Q1,Studio,23.09,86.0,01700 Kivistö,2018,True
01700,Kivistö,Vantaa,2018Q2,One-bedroom,18.68,43.0,01700 Kivistö,2018,True
01700,Kivistö,Vantaa,2018Q2,Studio,23.07,81.0,01700 Kivistö,2018,True
01700,Kivistö,Vantaa,2018Q3,One-bedroom,18.84,38.0,01700 Kivistö,2018,True
01700,Kivistö,Vantaa,2018Q3,Studio,23.37,71.0,01700 Kivistö,2018,True
01700,Kivistö,Vantaa,2018Q4,One-bedroom,18.55,35.0,01700 Kivistö,2018,True
01700,Kivistö,Vantaa,2018Q4,Studio,23.19,68.0,01700 Kivistö,2018,True
01700,Kivistö,Vantaa,2019Q1,One-bedroom,19.34,38.0,01700 Kivistö,2019,True
01700,Kivistö,Vantaa,2019Q1,Studio,23.43,75.0,01700 Kivistö,2019,True
01700,Kivistö,Vantaa,2019Q2,One-bedroom,20.11,29.0,01700 Kivistö,2019,False
01700,Kivistö,Vantaa,2019Q2,Studio,23.32,75.0,01700 Kivistö,2019,True
01700,Kivistö,Vantaa,2019Q3,One-bedroom,20.24,21.0,01700 Kivistö,2019,False
01700,Kivistö,Vantaa,2019Q3,Studio,22.91,72.0,01700 Kivistö,2019,True
01700,Kivistö,Vantaa,2019Q4,One-bedroom,19.26,34.0,01700 Kivistö,2019,True
01700,Kivistö,Vantaa,2019Q4,Studio,23.59,95.0,01700 Kivistö,2019,True
01700,Kivistö,Vantaa,2019Q4,Two-bedroom+,17.79,34.0,01700 Kivistö,2019,True
01700,Kivistö,Vantaa,2020Q1,One-bedroom,19.42,47.0,01700 Kivistö,2020,True
01700,Kivistö,Vantaa,2020Q1,Studio,24.5,124.0,01700 Kivistö,2020,True
01700,Kivistö,Vantaa,2020Q1,Two-bedroom+,17.92,37.0,01700 Kivistö,2020,True
01700,Kivistö,Vantaa,2020Q2,One-bedroom,19.62,56.0,01700 Kivistö,2020,True
01700,Kivistö,Vantaa,2020Q2,Studio,24.47,141.0,01700 Kivistö,2020,True
01700,Kivistö,Vantaa,2020Q2,Two-bedroom+,18.23,37.0,01700 Kivistö,2020,True
01700,Kivistö,Vantaa,2020Q3,One-bedroom,19.74,55.0,01700 Kivistö,2020,True
01700,Kivistö,Vantaa,2020Q3,Studio,24.4,147.0,01700 Kivistö,2020,True
01700,Kivistö,Vantaa,2020Q3,Two-bedroom+,18.3,36.0,01700 Kivistö,2020,True
01700,Kivistö,Vantaa,2020Q4,One-bedroom,19.63,60.0,01700 Kivistö,2020,True
01700,Kivistö,Vantaa,2020Q4,Studio,24.59,151.0,01700 Kivistö,2020,True
01700,Kivistö,Vantaa,2020Q4,Two-bedroom+,18.45,35.0,01700 Kivistö,2020,True
01700,Kivistö,Vantaa,2021Q1,One-bedroom,19.63,72.0,01700 Kivistö,2021,True
01700,Kivistö,Vantaa,2021Q1,Studio,24.96,231.0,01700 Kivistö,2021,True
01700,Kivistö,Vantaa,2021Q1,Two-bedroom+,18.23,38.0,01700 Kivistö,2021,True
01700,Kivistö,Vantaa,2021Q2,One-bedroom,19.66,81.0,01700 Kivistö,2021,True
01700,Kivistö,Vantaa,2021Q2,Studio,24.91,235.0,01700 Kivistö,2021,True
01700,Kivistö,Vantaa,2021Q2,Two-bedroom+,18.07,40.0,01700 Kivistö,2021,True
01700,Kivistö,Vantaa,2021Q3,One-bedroom,19.51,71.0,01700 Kivistö,2021,True
01700,Kivistö,Vantaa,2021Q3,Studio,24.9,212.0,01700 Kivistö,2021,True
01700,Kivistö,Vantaa,2021Q3,Two-bedroom+,17.95,43.0,01700 Kivistö,2021,True
01700,Kivistö,Vantaa,2021Q4,One-bedroom,19.58,77.0,01700 Kivistö,2021,True
01700,Kivistö,Vantaa,2021Q4,Studio,25.06,233.0,01700 Kivistö,2021,True
01700,Kivistö,Vantaa,2021Q4,Two-bedroom+,18.2,39.0,01700 Kivistö,2021,True
01700,Kivistö,Vantaa,2022Q1,One-bedroom,19.5,119.0,01700 Kivistö,2022,True
01700,Kivistö,Vantaa,2022Q1,Studio,24.61,288.0,01700 Kivistö,2022,True
01700,Kivistö,Vantaa,2022Q1,Two-bedroom+,17.81,53.0,01700 Kivistö,2022,True
01700,Kivistö,Vantaa,2022Q2,One-bedroom,19.49,104.0,01700 Kivistö,2022,True
01700,Kivistö,Vantaa,2022Q2,Studio,24.35,234.0,01700 Kivistö,2022,True
01700,Kivistö,Vantaa,2022Q2,Two-bedroom+,18.04,59.0,01700 Kivistö,2022,True
01700,Kivistö,Vantaa,2022Q3,One-bedroom,19.38,93.0,01700 Kivistö,2022,True
01700,Kivistö,Vantaa,2022Q3,Studio,24.34,223.0,01700 Kivistö,2022,True
01700,Kivistö,Vantaa,2022Q3,Two-bedroom+,17.84,58.0,01700 Kivistö,2022,True
01700,Kivistö,Vantaa,2022Q4,One-bedroom,20.23,104.0,01700 Kivistö,2022,True
01700,Kivistö,Vantaa,2022Q4,Studio,25.09,214.0,01700 Kivistö,2022,True
01700,Kivistö,Vantaa,2022Q4,Two-bedroom+,22.66,54.0,01700 Kivistö,2022,True
01700,Kivistö,Vantaa,2023Q1,One-bedroom,19.09,98.0,01700 Kivistö,2023,True
01700,Kivistö,Vantaa,2023Q1,Studio,24.52,214.0,01700 Kivistö,2023,True
01700,Kivistö,Vantaa,2023Q1,Two-bedroom+,18.17,58.0,01700 Kivistö,2023,True
01700,Kivistö,Vantaa,2023Q2,One-bedroom,19.37,124.0,01700 Kivistö,2023,True
01700,Kivistö,Vantaa,2023Q2,Studio,24.35,232.0,01700 Kivistö,2023,True
01700,Kivistö,Vantaa,2023Q2,Two-bedroom+,18.03,70.0,01700 Kivistö,2023,True
01700,Kivistö,Vantaa,2023Q3,One-bedroom,19.46,149.0,01700 Kivistö,2023,True
01700,Kivistö,Vantaa,2023Q3,Studio,24.52,261.0,01700 Kivistö,2023,True
01700,Kivistö,Vantaa,2023Q3,Two-bedroom+,18.05,87.0,01700 Kivistö,2023,True
01700,Kivistö,Vantaa,2023Q4,One-bedroom,19.39,160.0,01700 Kivistö,2023,True
01700,Kivistö,Vantaa,2023Q4,Studio,24.38,309.0,01700 Kivistö,2023,True
01700,Kivistö,Vantaa,2023Q4,Two-bedroom+,18.13,85.0,01700 Kivistö,2023,True
01700,Kivistö,Vantaa,2024Q1,One-bedroom,19.22,162.0,01700 Kivistö,2024,True
01700,Kivistö,Vantaa,2024Q1,Studio,24.31,314.0,01700 Kivistö,2024,True
01700,Kivistö,Vantaa,2024Q1,Two-bedroom+,18.12,86.0,01700 Kivistö,2024,True
01700,Kivistö,Vantaa,2024Q2,One-bedroom,19.32,179.0,01700 Kivistö,2024,True
01700,Kivistö,Vantaa,2024Q2,Studio,24.25,303.0,01700 Kivistö,2024,True
01700,Kivistö,Vantaa,2024Q2,Two-bedroom+,18.04,82.0,01700 Kivistö,2024,True
01700,Kivistö,Vantaa,2024Q3,One-bedroom,19.4,166.0,01700 Kivistö,2024,True
01700,Kivistö,Vantaa,2024Q3,Studio,24.18,288.0,01700 Kivistö,2024,True
01700,Kivistö,Vantaa,2024Q3,Two-bedroom+,18.22,81.0,01700 Kivistö,2024,True
01700,Kivistö,Vantaa,2024Q4,One-bedroom,19.36,152.0,01700 Kivistö,2024,True
01700,Kivistö,Vantaa,2024Q4,Studio,24.21,294.0,01700 Kivistö,2024,True
01700,Kivistö,Vantaa,2024Q4,Two-bedroom+,18.15,83.0,01700 Kivistö,2024,True
01700,Kivistö,Vantaa,2025Q1,One-bedroom,19.36,162.0,01700 Kivistö,2025,True
01700,Kivistö,Vantaa,2025Q1,Studio,24.28,307.0,01700 Kivistö,2025,True
01700,Kivistö,Vantaa,2025Q1,Two-bedroom+,18.1,88.0,01700 Kivistö,2025,True
01700,Kivistö,Vantaa,2025Q2,One-bedroom,19.33,132.0,01700 Kivistö,2025,True
01700,Kivistö,Vantaa,2025Q2,Studio,24.19,282.0,01700 Kivistö,2025,True
01700,Kivistö,Vantaa,2025Q2,Two-bedroom+,18.06,78.0,01700 Kivistö,2025,True
01700,Kivistö,Vantaa,2025Q3,One-bedroom,19.41,133.0,01700 Kivistö,2025,True
01700,Kivistö,Vantaa,2025Q3,Studio,24.34,259.0,01700 Kivistö,2025,True
01700,Kivistö,Vantaa,2025Q3,Two-bedroom+,18.08,85.0,01700 Kivistö,2025,True
01700,Kivistö,Vantaa,2025Q4,One-bedroom,18.92,146.0,01700 Kivistö,2025,True
01700,Kivistö,Vantaa,2025Q4,Studio,24.1,281.0,01700 Kivistö,2025,True
01700,Kivistö,Vantaa,2025Q4,Two-bedroom+,18.02,81.0,01700 Kivistö,2025,True
02600,Etelä-Leppävaara,Espoo,2015Q1,One-bedroom,18.26,115.0,02600 Etelä-Leppävaara,2015,True
02600,Etelä-Leppävaara,Espoo,2015Q1,Studio,20.97,68.0,02600 Etelä-Leppävaara,2015,True
02600,Etelä-Leppävaara,Espoo,2015Q2,One-bedroom,18.08,120.0,02600 Etelä-Leppävaara,2015,True
02600,Etelä-Leppävaara,Espoo,2015Q2,Studio,21.33,68.0,02600 Etelä-Leppävaara,2015,True
02600,Etelä-Leppävaara,Espoo,2015Q3,One-bedroom,18.19,117.0,02600 Etelä-Leppävaara,2015,True
02600,Etelä-Leppävaara,Espoo,2015Q3,Studio,20.53,75.0,02600 Etelä-Leppävaara,2015,True
02600,Etelä-Leppävaara,Espoo,2015Q4,Studio,20.53,91.0,02600 Etelä-Leppävaara,2015,True
02600,Etelä-Leppävaara,Espoo,2016Q1,One-bedroom,17.93,168.0,02600 Etelä-Leppävaara,2016,True
02600,Etelä-Leppävaara,Espoo,2016Q1,Studio,21.41,93.0,02600 Etelä-Leppävaara,2016,True
02600,Etelä-Leppävaara,Espoo,2016Q2,One-bedroom,17.99,171.0,02600 Etelä-Leppävaara,2016,True
02600,Etelä-Leppävaara,Espoo,2016Q2,Studio,21.26,99.0,02600 Etelä-Leppävaara,2016,True
02600,Etelä-Leppävaara,Espoo,2016Q3,One-bedroom,18.16,166.0,02600 Etelä-Leppävaara,2016,True
02600,Etelä-Leppävaara,Espoo,2016Q3,Studio,21.32,102.0,02600 Etelä-Leppävaara,2016,True
02600,Etelä-Leppävaara,Espoo,2016Q4,One-bedroom,18.19,170.0,02600 Etelä-Leppävaara,2016,True
02600,Etelä-Leppävaara,Espoo,2016Q4,Studio,21.45,107.0,02600 Etelä-Leppävaara,2016,True
02600,Etelä-Leppävaara,Espoo,2017Q1,One-bedroom,17.92,168.0,02600 Etelä-Leppävaara,2017,True
02600,Etelä-Leppävaara,Espoo,2017Q1,Studio,21.15,92.0,02600 Etelä-Leppävaara,2017,True
02600,Etelä-Leppävaara,Espoo,2017Q2,One-bedroom,18.23,167.0,02600 Etelä-Leppävaara,2017,True
02600,Etelä-Leppävaara,Espoo,2017Q2,Studio,21.34,86.0,02600 Etelä-Leppävaara,2017,True
02600,Etelä-Leppävaara,Espoo,2017Q3,Studio,21.56,89.0,02600 Etelä-Leppävaara,2017,True
02600,Etelä-Leppävaara,Espoo,2017Q4,Studio,21.74,91.0,02600 Etelä-Leppävaara,2017,True
02600,Etelä-Leppävaara,Espoo,2018Q1,One-bedroom,18.71,173.0,02600 Etelä-Leppävaara,2018,True
02600,Etelä-Leppävaara,Espoo,2018Q1,Studio,21.12,102.0,02600 Etelä-Leppävaara,2018,True
02600,Etelä-Leppävaara,Espoo,2018Q2,One-bedroom,18.78,172.0,02600 Etelä-Leppävaara,2018,True
02600,Etelä-Leppävaara,Espoo,2018Q2,Studio,21.35,99.0,02600 Etelä-Leppävaara,2018,True
02600,Etelä-Leppävaara,Espoo,2018Q3,Studio,22.51,120.0,02600 Etelä-Leppävaara,2018,True
02600,Etelä-Leppävaara,Espoo,2018Q4,Studio,22.48,130.0,02600 Etelä-Leppävaara,2018,True
02600,Etelä-Leppävaara,Espoo,2019Q1,Studio,22.29,134.0,02600 Etelä-Leppävaara,2019,True
02600,Etelä-Leppävaara,Espoo,2019Q2,Studio,22.41,133.0,02600 Etelä-Leppävaara,2019,True
02600,Etelä-Leppävaara,Espoo,2019Q3,Studio,23.85,160.0,02600 Etelä-Leppävaara,2019,True
02600,Etelä-Leppävaara,Espoo,2019Q4,Studio,23.83,168.0,02600 Etelä-Leppävaara,2019,True
02600,Etelä-Leppävaara,Espoo,2020Q1,Studio,23.81,181.0,02600 Etelä-Leppävaara,2020,True
02600,Etelä-Leppävaara,Espoo,2020Q2,Studio,24.68,237.0,02600 Etelä-Leppävaara,2020,True
02600,Etelä-Leppävaara,Espoo,2020Q3,Studio,24.75,238.0,02600 Etelä-Leppävaara,2020,True
02600,Etelä-Leppävaara,Espoo,2020Q4,Studio,25.03,260.0,02600 Etelä-Leppävaara,2020,True
02600,Etelä-Leppävaara,Espoo,2021Q1,Studio,25.01,281.0,02600 Etelä-Leppävaara,2021,True
02600,Etelä-Leppävaara,Espoo,2021Q2,Studio,24.94,282.0,02600 Etelä-Leppävaara,2021,True
02600,Etelä-Leppävaara,Espoo,2021Q3,Studio,24.96,280.0,02600 Etelä-Leppävaara,2021,True
02600,Etelä-Leppävaara,Espoo,2021Q4,Studio,25.02,336.0,02600 Etelä-Leppävaara,2021,True
02600,Etelä-Leppävaara,Espoo,2022Q1,Studio,24.9,440.0,02600 Etelä-Leppävaara,2022,True
02600,Etelä-Leppävaara,Espoo,2022Q2,Studio,24.96,432.0,02600 Etelä-Leppävaara,2022,True
02600,Etelä-Leppävaara,Espoo,2022Q3,Studio,24.82,443.0,02600 Etelä-Leppävaara,2022,True
02600,Etelä-Leppävaara,Espoo,2022Q4,Studio,24.9,439.0,02600 Etelä-Leppävaara,2022,True
02600,Etelä-Leppävaara,Espoo,2023Q1,Studio,25.2,481.0,02600 Etelä-Leppävaara,2023,True
02600,Etelä-Leppävaara,Espoo,2023Q2,Studio,25.09,506.0,02600 Etelä-Leppävaara,2023,True
02600,Etelä-Leppävaara,Espoo,2023Q3,Studio,25.1,513.0,02600 Etelä-Leppävaara,2023,True
02600,Etelä-Leppävaara,Espoo,2023Q4,Studio,25.1,516.0,02600 Etelä-Leppävaara,2023,True
02600,Etelä-Leppävaara,Espoo,2024Q1,Studio,25.13,525.0,02600 Etelä-Leppävaara,2024,True
02600,Etelä-Leppävaara,Espoo,2024Q2,Studio,25.27,521.0,02600 Etelä-Leppävaara,2024,True
02600,Etelä-Leppävaara,Espoo,2024Q3,Studio,25.26,509.0,02600 Etelä-Leppävaara,2024,True
02600,Etelä-Leppävaara,Espoo,2024Q4,Studio,25.09,512.0,02600 Etelä-Leppävaara,2024,True
02600,Etelä-Leppävaara,Espoo,2025Q1,Studio,25.03,541.0,02600 Etelä-Leppävaara,2025,True
02600,Etelä-Leppävaara,Espoo,2025Q2,Studio,25.0,505.0,02600 Etelä-Leppävaara,2025,True
02600,Etelä-Leppävaara,Espoo,2025Q4,Studio,24.85,509.0,02600 Etelä-Leppävaara,2025,True
02650,Pohjois-Leppävaara,Espoo,2015Q1,One-bedroom,14.21,91.0,02650 Pohjois-Leppävaara,2015,True
02650,Pohjois-Leppävaara,Espoo,2015Q1,Studio,20.18,68.0,02650 Pohjois-Leppävaara,2015,True
02650,Pohjois-Leppävaara,Espoo,2015Q1,Two-bedroom+,14.29,25.0,02650 Pohjois-Leppävaara,2015,False
02650,Pohjois-Leppävaara,Espoo,2015Q2,One-bedroom,14.19,94.0,02650 Pohjois-Leppävaara,2015,True
02650,Pohjois-Leppävaara,Espoo,2015Q2,Studio,19.9,71.0,02650 Pohjois-Leppävaara,2015,True
02650,Pohjois-Leppävaara,Espoo,2015Q2,Two-bedroom+,14.74,25.0,02650 Pohjois-Leppävaara,2015,False
02650,Pohjois-Leppävaara,Espoo,2015Q3,One-bedroom,16.13,106.0,02650 Pohjois-Leppävaara,2015,True
02650,Pohjois-Leppävaara,Espoo,2015Q3,Studio,24.74,128.0,02650 Pohjois-Leppävaara,2015,True
02650,Pohjois-Leppävaara,Espoo,2015Q3,Two-bedroom+,14.57,26.0,02650 Pohjois-Leppävaara,2015,False
02650,Pohjois-Leppävaara,Espoo,2015Q4,One-bedroom,15.36,120.0,02650 Pohjois-Leppävaara,2015,True
02650,Pohjois-Leppävaara,Espoo,2015Q4,Studio,24.76,132.0,02650 Pohjois-Leppävaara,2015,True
02650,Pohjois-Leppävaara,Espoo,2015Q4,Two-bedroom+,14.11,31.0,02650 Pohjois-Leppävaara,2015,True
02650,Pohjois-Leppävaara,Espoo,2016Q1,One-bedroom,16.33,119.0,02650 Pohjois-Leppävaara,2016,True
02650,Pohjois-Leppävaara,Espoo,2016Q1,Studio,24.26,146.0,02650 Pohjois-Leppävaara,2016,True
02650,Pohjois-Leppävaara,Espoo,2016Q1,Two-bedroom+,14.34,31.0,02650 Pohjois-Leppävaara,2016,True
02650,Pohjois-Leppävaara,Espoo,2016Q2,One-bedroom,16.85,143.0,02650 Pohjois-Leppävaara,2016,True
02650,Pohjois-Leppävaara,Espoo,2016Q2,Studio,24.15,157.0,02650 Pohjois-Leppävaara,2016,True
02650,Pohjois-Leppävaara,Espoo,2016Q2,Two-bedroom+,15.11,45.0,02650 Pohjois-Leppävaara,2016,True
02650,Pohjois-Leppävaara,Espoo,2016Q3,One-bedroom,16.91,137.0,02650 Pohjois-Leppävaara,2016,True
02650,Pohjois-Leppävaara,Espoo,2016Q3,Studio,24.18,157.0,02650 Pohjois-Leppävaara,2016,True
02650,Pohjois-Leppävaara,Espoo,2016Q3,Two-bedroom+,15.3,40.0,02650 Pohjois-Leppävaara,2016,True
02650,Pohjois-Leppävaara,Espoo,2016Q4,One-bedroom,17.23,154.0,02650 Pohjois-Leppävaara,2016,True
02650,Pohjois-Leppävaara,Espoo,2016Q4,Studio,24.11,162.0,02650 Pohjois-Leppävaara,2016,True
02650,Pohjois-Leppävaara,Espoo,2016Q4,Two-bedroom+,15.07,66.0,02650 Pohjois-Leppävaara,2016,True
02650,Pohjois-Leppävaara,Espoo,2017Q1,One-bedroom,17.07,153.0,02650 Pohjois-Leppävaara,2017,True
02650,Pohjois-Leppävaara,Espoo,2017Q1,Studio,24.35,160.0,02650 Pohjois-Leppävaara,2017,True
02650,Pohjois-Leppävaara,Espoo,2017Q1,Two-bedroom+,15.28,66.0,02650 Pohjois-Leppävaara,2017,True
02650,Pohjois-Leppävaara,Espoo,2017Q2,One-bedroom,17.1,152.0,02650 Pohjois-Leppävaara,2017,True
02650,Pohjois-Leppävaara,Espoo,2017Q2,Studio,24.38,154.0,02650 Pohjois-Leppävaara,2017,True
02650,Pohjois-Leppävaara,Espoo,2017Q2,Two-bedroom+,15.19,71.0,02650 Pohjois-Leppävaara,2017,True
02650,Pohjois-Leppävaara,Espoo,2017Q3,One-bedroom,17.98,148.0,02650 Pohjois-Leppävaara,2017,True
02650,Pohjois-Leppävaara,Espoo,2017Q3,Studio,24.15,162.0,02650 Pohjois-Leppävaara,2017,True
02650,Pohjois-Leppävaara,Espoo,2017Q3,Two-bedroom+,15.76,66.0,02650 Pohjois-Leppävaara,2017,True
02650,Pohjois-Leppävaara,Espoo,2017Q4,One-bedroom,17.86,158.0,02650 Pohjois-Leppävaara,2017,True
02650,Pohjois-Leppävaara,Espoo,2017Q4,Studio,23.6,185.0,02650 Pohjois-Leppävaara,2017,True
02650,Pohjois-Leppävaara,Espoo,2017Q4,Two-bedroom+,15.68,66.0,02650 Pohjois-Leppävaara,2017,True
02650,Pohjois-Leppävaara,Espoo,2018Q1,One-bedroom,16.24,168.0,02650 Pohjois-Leppävaara,2018,True
02650,Pohjois-Leppävaara,Espoo,2018Q1,Studio,20.49,128.0,02650 Pohjois-Leppävaara,2018,True
02650,Pohjois-Leppävaara,Espoo,2018Q1,Two-bedroom+,14.8,73.0,02650 Pohjois-Leppävaara,2018,True
02650,Pohjois-Leppävaara,Espoo,2018Q2,One-bedroom,16.31,175.0,02650 Pohjois-Leppävaara,2018,True
02650,Pohjois-Leppävaara,Espoo,2018Q2,Studio,20.51,121.0,02650 Pohjois-Leppävaara,2018,True
02650,Pohjois-Leppävaara,Espoo,2018Q2,Two-bedroom+,15.38,67.0,02650 Pohjois-Leppävaara,2018,True
02650,Pohjois-Leppävaara,Espoo,2018Q3,One-bedroom,16.71,155.0,02650 Pohjois-Leppävaara,2018,True
02650,Pohjois-Leppävaara,Espoo,2018Q3,Studio,21.07,103.0,02650 Pohjois-Leppävaara,2018,True
02650,Pohjois-Leppävaara,Espoo,2018Q3,Two-bedroom+,15.21,66.0,02650 Pohjois-Leppävaara,2018,True
02650,Pohjois-Leppävaara,Espoo,2018Q4,One-bedroom,17.55,140.0,02650 Pohjois-Leppävaara,2018,True
02650,Pohjois-Leppävaara,Espoo,2018Q4,Studio,21.39,104.0,02650 Pohjois-Leppävaara,2018,True
02650,Pohjois-Leppävaara,Espoo,2019Q1,One-bedroom,16.83,162.0,02650 Pohjois-Leppävaara,2019,True
02650,Pohjois-Leppävaara,Espoo,2019Q1,Studio,21.74,148.0,02650 Pohjois-Leppävaara,2019,True
02650,Pohjois-Leppävaara,Espoo,2019Q1,Two-bedroom+,15.31,68.0,02650 Pohjois-Leppävaara,2019,True
02650,Pohjois-Leppävaara,Espoo,2019Q2,One-bedroom,16.85,164.0,02650 Pohjois-Leppävaara,2019,True
02650,Pohjois-Leppävaara,Espoo,2019Q2,Studio,21.47,147.0,02650 Pohjois-Leppävaara,2019,True
02650,Pohjois-Leppävaara,Espoo,2019Q2,Two-bedroom+,15.79,67.0,02650 Pohjois-Leppävaara,2019,True
02650,Pohjois-Leppävaara,Espoo,2019Q3,One-bedroom,16.87,158.0,02650 Pohjois-Leppävaara,2019,True
02650,Pohjois-Leppävaara,Espoo,2019Q3,Studio,21.77,137.0,02650 Pohjois-Leppävaara,2019,True
02650,Pohjois-Leppävaara,Espoo,2019Q3,Two-bedroom+,15.8,69.0,02650 Pohjois-Leppävaara,2019,True
02650,Pohjois-Leppävaara,Espoo,2019Q4,One-bedroom,18.44,191.0,02650 Pohjois-Leppävaara,2019,True
02650,Pohjois-Leppävaara,Espoo,2019Q4,Studio,22.09,151.0,02650 Pohjois-Leppävaara,2019,True
02650,Pohjois-Leppävaara,Espoo,2020Q1,One-bedroom,18.57,203.0,02650 Pohjois-Leppävaara,2020,True
02650,Pohjois-Leppävaara,Espoo,2020Q1,Studio,22.24,154.0,02650 Pohjois-Leppävaara,2020,True
02650,Pohjois-Leppävaara,Espoo,2020Q2,One-bedroom,18.62,208.0,02650 Pohjois-Leppävaara,2020,True
02650,Pohjois-Leppävaara,Espoo,2020Q2,Studio,22.27,160.0,02650 Pohjois-Leppävaara,2020,True
02650,Pohjois-Leppävaara,Espoo,2020Q3,One-bedroom,18.85,193.0,02650 Pohjois-Leppävaara,2020,True
02650,Pohjois-Leppävaara,Espoo,2020Q3,Studio,22.36,157.0,02650 Pohjois-Leppävaara,2020,True
02650,Pohjois-Leppävaara,Espoo,2020Q4,One-bedroom,18.77,193.0,02650 Pohjois-Leppävaara,2020,True
02650,Pohjois-Leppävaara,Espoo,2020Q4,Studio,22.39,167.0,02650 Pohjois-Leppävaara,2020,True
02650,Pohjois-Leppävaara,Espoo,2021Q1,One-bedroom,18.67,201.0,02650 Pohjois-Leppävaara,2021,True
02650,Pohjois-Leppävaara,Espoo,2021Q1,Studio,22.71,172.0,02650 Pohjois-Leppävaara,2021,True
02650,Pohjois-Leppävaara,Espoo,2021Q2,One-bedroom,18.64,199.0,02650 Pohjois-Leppävaara,2021,True
02650,Pohjois-Leppävaara,Espoo,2021Q2,Studio,22.55,165.0,02650 Pohjois-Leppävaara,2021,True
02650,Pohjois-Leppävaara,Espoo,2021Q3,One-bedroom,18.56,202.0,02650 Pohjois-Leppävaara,2021,True
02650,Pohjois-Leppävaara,Espoo,2021Q3,Studio,22.35,164.0,02650 Pohjois-Leppävaara,2021,True
02650,Pohjois-Leppävaara,Espoo,2021Q4,One-bedroom,18.56,204.0,02650 Pohjois-Leppävaara,2021,True
02650,Pohjois-Leppävaara,Espoo,2021Q4,Studio,22.39,168.0,02650 Pohjois-Leppävaara,2021,True
02650,Pohjois-Leppävaara,Espoo,2022Q1,One-bedroom,18.61,213.0,02650 Pohjois-Leppävaara,2022,True
02650,Pohjois-Leppävaara,Espoo,2022Q1,Studio,22.46,174.0,02650 Pohjois-Leppävaara,2022,True
02650,Pohjois-Leppävaara,Espoo,2022Q2,One-bedroom,18.74,196.0,02650 Pohjois-Leppävaara,2022,True
02650,Pohjois-Leppävaara,Espoo,2022Q2,Studio,22.5,162.0,02650 Pohjois-Leppävaara,2022,True
02650,Pohjois-Leppävaara,Espoo,2022Q3,One-bedroom,18.82,186.0,02650 Pohjois-Leppävaara,2022,True
02650,Pohjois-Leppävaara,Espoo,2022Q3,Studio,22.73,149.0,02650 Pohjois-Leppävaara,2022,True
02650,Pohjois-Leppävaara,Espoo,2022Q4,One-bedroom,18.74,192.0,02650 Pohjois-Leppävaara,2022,True
02650,Pohjois-Leppävaara,Espoo,2022Q4,Studio,22.53,156.0,02650 Pohjois-Leppävaara,2022,True
02650,Pohjois-Leppävaara,Espoo,2023Q1,One-bedroom,18.71,188.0,02650 Pohjois-Leppävaara,2023,True
02650,Pohjois-Leppävaara,Espoo,2023Q1,Studio,22.58,144.0,02650 Pohjois-Leppävaara,2023,True
02650,Pohjois-Leppävaara,Espoo,2023Q2,One-bedroom,18.7,181.0,02650 Pohjois-Leppävaara,2023,True
02650,Pohjois-Leppävaara,Espoo,2023Q2,Studio,22.54,144.0,02650 Pohjois-Leppävaara,2023,True
02650,Pohjois-Leppävaara,Espoo,2023Q3,One-bedroom,18.88,181.0,02650 Pohjois-Leppävaara,2023,True
02650,Pohjois-Leppävaara,Espoo,2023Q3,Studio,22.39,149.0,02650 Pohjois-Leppävaara,2023,True
02650,Pohjois-Leppävaara,Espoo,2023Q4,One-bedroom,18.87,185.0,02650 Pohjois-Leppävaara,2023,True
02650,Pohjois-Leppävaara,Espoo,2023Q4,Studio,22.59,149.0,02650 Pohjois-Leppävaara,2023,True
02650,Pohjois-Leppävaara,Espoo,2024Q1,One-bedroom,18.72,198.0,02650 Pohjois-Leppävaara,2024,True
02650,Pohjois-Leppävaara,Espoo,2024Q1,Studio,22.53,151.0,02650 Pohjois-Leppävaara,2024,True
02650,Pohjois-Leppävaara,Espoo,2024Q2,One-bedroom,18.71,197.0,02650 Pohjois-Leppävaara,2024,True
02650,Pohjois-Leppävaara,Espoo,2024Q2,Studio,22.68,149.0,02650 Pohjois-Leppävaara,2024,True
02650,Pohjois-Leppävaara,Espoo,2024Q3,One-bedroom,18.87,186.0,02650 Pohjois-Leppävaara,2024,True
02650,Pohjois-Leppävaara,Espoo,2024Q3,Studio,22.58,146.0,02650 Pohjois-Leppävaara,2024,True
02650,Pohjois-Leppävaara,Espoo,2024Q4,One-bedroom,18.71,180.0,02650 Pohjois-Leppävaara,2024,True
02650,Pohjois-Leppävaara,Espoo,2024Q4,Studio,22.53,147.0,02650 Pohjois-Leppävaara,2024,True
02650,Pohjois-Leppävaara,Espoo,2025Q1,One-bedroom,18.43,199.0,02650 Pohjois-Leppävaara,2025,True
02650,Pohjois-Leppävaara,Espoo,2025Q1,Studio,22.29,158.0,02650 Pohjois-Leppävaara,2025,True
02650,Pohjois-Leppävaara,Espoo,2025Q2,One-bedroom,18.62,175.0,02650 Pohjois-Leppävaara,2025,True
02650,Pohjois-Leppävaara,Espoo,2025Q2,Studio,22.39,135.0,02650 Pohjois-Leppävaara,2025,True
02650,Pohjois-Leppävaara,Espoo,2025Q3,One-bedroom,18.55,178.0,02650 Pohjois-Leppävaara,2025,True
02650,Pohjois-Leppävaara,Espoo,2025Q3,Studio,22.51,143.0,02650 Pohjois-Leppävaara,2025,True
02650,Pohjois-Leppävaara,Espoo,2025Q4,One-bedroom,18.14,185.0,02650 Pohjois-Leppävaara,2025,True
02650,Pohjois-Leppävaara,Espoo,2025Q4,Studio,22.3,144.0,02650 Pohjois-Leppävaara,2025,True
