postcode,area_name,municipality,quarter,size,rent_eur_m2,n_obs
00100,Helsinki Keskusta - Etu-Töölö,Helsinki,2015Q1,One-bedroom,18.36,243.0
00100,Helsinki Keskusta - Etu-Töölö,Helsinki,2015Q1,Studio,24.26,452.0
00100,Helsinki Keskusta - Etu-Töölö,Helsinki,2015Q1,Two-bedroom+,13.09,34.0
00100,Helsinki Keskusta - Etu-Töölö,Helsinki,2015Q2,One-bedroom,18.19,243.0
00100,Helsinki Keskusta - Etu-Töölö,Helsinki,2015Q2,Studio,24.62,450.0
00100,Helsinki Keskusta - Etu-Töölö,Helsinki,2015Q2,Two-bedroom+,14.28,35.0
00100,Helsinki Keskusta - Etu-Töölö,Helsinki,2015Q3,One-bedroom,18.39,235.0
00100,Helsinki Keskusta - Etu-Töölö,Helsinki,2015Q3,Studio,25.03,431.0
00100,Helsinki Keskusta - Etu-Töölö,Helsinki,2015Q3,Two-bedroom+,13.42,38.0
00100,Helsinki Keskusta - Etu-Töölö,Helsinki,2015Q4,One-bedroom,18.65,272.0
00100,Helsinki Keskusta - Etu-Töölö,Helsinki,2015Q4,Studio,25.02,487.0
00100,Helsinki Keskusta - Etu-Töölö,Helsinki,2015Q4,Two-bedroom+,15.78,49.0
00100,Helsinki Keskusta - Etu-Töölö,Helsinki,2016Q1,One-bedroom,18.74,275.0
00100,Helsinki Keskusta - Etu-Töölö,Helsinki,2016Q1,Studio,24.76,511.0
00100,Helsinki Keskusta - Etu-Töölö,Helsinki,2016Q1,Two-bedroom+,17.05,51.0
00100,Helsinki Keskusta - Etu-Töölö,Helsinki,2016Q2,One-bedroom,19.17,272.0
00100,Helsinki Keskusta - Etu-Töölö,Helsinki,2016Q2,Studio,25.18,536.0
00100,Helsinki Keskusta - Etu-Töölö,Helsinki,2016Q2,Two-bedroom+,17.26,52.0
00100,Helsinki Keskusta - Etu-Töölö,Helsinki,2016Q3,One-bedroom,19.3,268.0
00100,Helsinki Keskusta - Etu-Töölö,Helsinki,2016Q3,Studio,25.37,525.0
00100,Helsinki Keskusta - Etu-Töölö,Helsinki,2016Q3,Two-bedroom+,17.64,50.0
00100,Helsinki Keskusta - Etu-Töölö,Helsinki,2016Q4,One-bedroom,19.43,283.0
00100,Helsinki Keskusta - Etu-Töölö,Helsinki,2016Q4,Studio,25.75,544.0
00100,Helsinki Keskusta - Etu-Töölö,Helsinki,2016Q4,Two-bedroom+,17.0,54.0
00100,Helsinki Keskusta - Etu-Töölö,Helsinki,2017Q1,One-bedroom,20.4,277.0
00100,Helsinki Keskusta - Etu-Töölö,Helsinki,2017Q1,Studio,26.56,538.0
00100,Helsinki Keskusta - Etu-Töölö,Helsinki,2017Q1,Two-bedroom+,19.77,60.0
00100,Helsinki Keskusta - Etu-Töölö,Helsinki,2017Q2,One-bedroom,20.43,281.0
00100,Helsinki Keskusta - Etu-Töölö,Helsinki,2017Q2,Studio,26.66,544.0
00100,Helsinki Keskusta - Etu-Töölö,Helsinki,2017Q2,Two-bedroom+,20.15,59.0
00100,Helsinki Keskusta - Etu-Töölö,Helsinki,2017Q3,One-bedroom,22.54,250.0
00100,Helsinki Keskusta - Etu-Töölö,Helsinki,2017Q3,Studio,27.24,530.0
00100,Helsinki Keskusta - Etu-Töölö,Helsinki,2017Q3,Two-bedroom+,21.44,55.0
00100,Helsinki Keskusta - Etu-Töölö,Helsinki,2017Q4,One-bedroom,22.64,259.0
00100,Helsinki Keskusta - Etu-Töölö,Helsinki,2017Q4,Studio,27.26,571.0
00100,Helsinki Keskusta - Etu-Töölö,Helsinki,2017Q4,Two-bedroom+,21.27,55.0
00100,Helsinki Keskusta - Etu-Töölö,Helsinki,2018Q1,One-bedroom,22.28,282.0
00100,Helsinki Keskusta - Etu-Töölö,Helsinki,2018Q1,Studio,28.08,714.0
00100,Helsinki Keskusta - Etu-Töölö,Helsinki,2018Q1,Two-bedroom+,20.08,60.0
00100,Helsinki Keskusta - Etu-Töölö,Helsinki,2018Q2,One-bedroom,22.22,279.0
00100,Helsinki Keskusta - Etu-Töölö,Helsinki,2018Q2,Studio,28.12,688.0
00100,Helsinki Keskusta - Etu-Töölö,Helsinki,2018Q2,Two-bedroom+,20.22,61.0
00100,Helsinki Keskusta - Etu-Töölö,Helsinki,2018Q3,One-bedroom,22.64,254.0
00100,Helsinki Keskusta - Etu-Töölö,Helsinki,2018Q3,Studio,28.56,638.0
00100,Helsinki Keskusta - Etu-Töölö,Helsinki,2018Q3,Two-bedroom+,20.41,58.0
00100,Helsinki Keskusta - Etu-Töölö,Helsinki,2018Q4,One-bedroom,22.93,264.0
00100,Helsinki Keskusta - Etu-Töölö,Helsinki,2018Q4,Studio,28.58,635.0
00100,Helsinki Keskusta - Etu-Töölö,Helsinki,2018Q4,Two-bedroom+,22.44,56.0
00100,Helsinki Keskusta - Etu-Töölö,Helsinki,2019Q1,One-bedroom,22.36,283.0
00100,Helsinki Keskusta - Etu-Töölö,Helsinki,2019Q1,Studio,28.42,680.0
00100,Helsinki Keskusta - Etu-Töölö,Helsinki,2019Q1,Two-bedroom+,21.06,59.0
00100,Helsinki Keskusta - Etu-Töölö,Helsinki,2019Q2,One-bedroom,22.64,281.0
00100,Helsinki Keskusta - Etu-Töölö,Helsinki,2019Q2,Studio,28.7,662.0
00100,Helsinki Keskusta - Etu-Töölö,Helsinki,2019Q2,Two-bedroom+,21.43,59.0
00100,Helsinki Keskusta - Etu-Töölö,Helsinki,2019Q3,One-bedroom,22.82,284.0
00100,Helsinki Keskusta - Etu-Töölö,Helsinki,2019Q3,Studio,29.19,650.0
00100,Helsinki Keskusta - Etu-Töölö,Helsinki,2019Q3,Two-bedroom+,21.32,58.0
00100,Helsinki Keskusta - Etu-Töölö,Helsinki,2019Q4,One-bedroom,23.55,267.0
00100,Helsinki Keskusta - Etu-Töölö,Helsinki,2019Q4,Studio,29.38,652.0
00100,Helsinki Keskusta - Etu-Töölö,Helsinki,2019Q4,Two-bedroom+,22.33,53.0
00100,Helsinki Keskusta - Etu-Töölö,Helsinki,2020Q1,One-bedroom,23.85,250.0
00100,Helsinki Keskusta - Etu-Töölö,Helsinki,2020Q1,Studio,29.61,643.0
00100,Helsinki Keskusta - Etu-Töölö,Helsinki,2020Q1,Two-bedroom+,22.19,54.0
00100,Helsinki Keskusta - Etu-Töölö,Helsinki,2020Q2,One-bedroom,23.03,295.0
00100,Helsinki Keskusta - Etu-Töölö,Helsinki,2020Q2,Studio,28.82,787.0
00100,Helsinki Keskusta - Etu-Töölö,Helsinki,2020Q2,Two-bedroom+,21.62,58.0
00100,Helsinki Keskusta - Etu-Töölö,Helsinki,2020Q3,One-bedroom,23.14,297.0
00100,Helsinki Keskusta - Etu-Töölö,Helsinki,2020Q3,Studio,28.69,803.0
00100,Helsinki Keskusta - Etu-Töölö,Helsinki,2020Q3,Two-bedroom+,21.4,67.0
00100,Helsinki Keskusta - Etu-Töölö,Helsinki,2020Q4,One-bedroom,23.17,307.0
00100,Helsinki Keskusta - Etu-Töölö,Helsinki,2020Q4,Studio,28.64,830.0
00100,Helsinki Keskusta - Etu-Töölö,Helsinki,2020Q4,Two-bedroom+,21.41,64.0
00100,Helsinki Keskusta - Etu-Töölö,Helsinki,2021Q1,One-bedroom,23.49,294.0
00100,Helsinki Keskusta - Etu-Töölö,Helsinki,2021Q1,Studio,29.4,826.0
00100,Helsinki Keskusta - Etu-Töölö,Helsinki,2021Q1,Two-bedroom+,21.03,70.0
00100,Helsinki Keskusta - Etu-Töölö,Helsinki,2021Q2,One-bedroom,23.39,297.0
00100,Helsinki Keskusta - Etu-Töölö,Helsinki,2021Q2,Studio,29.24,790.0
00100,Helsinki Keskusta - Etu-Töölö,Helsinki,2021Q2,Two-bedroom+,21.09,69.0
00100,Helsinki Keskusta - Etu-Töölö,Helsinki,2021Q3,One-bedroom,23.67,265.0
00100,Helsinki Keskusta - Etu-Töölö,Helsinki,2021Q3,Studio,29.25,720.0
00100,Helsinki Keskusta - Etu-Töölö,Helsinki,2021Q3,Two-bedroom+,22.4,72.0
00100,Helsinki Keskusta - Etu-Töölö,Helsinki,2021Q4,One-bedroom,23.52,260.0
00100,Helsinki Keskusta - Etu-Töölö,Helsinki,2021Q4,Studio,29.1,752.0
00100,Helsinki Keskusta - Etu-Töölö,Helsinki,2021Q4,Two-bedroom+,21.77,64.0
00100,Helsinki Keskusta - Etu-Töölö,Helsinki,2022Q1,One-bedroom,23.48,276.0
00100,Helsinki Keskusta - Etu-Töölö,Helsinki,2022Q1,Studio,29.25,752.0
00100,Helsinki Keskusta - Etu-Töölö,Helsinki,2022Q1,Two-bedroom+,22.29,59.0
00100,Helsinki Keskusta - Etu-Töölö,Helsinki,2022Q2,One-bedroom,23.4,266.0
00100,Helsinki Keskusta - Etu-Töölö,Helsinki,2022Q2,Studio,29.4,686.0
00100,Helsinki Keskusta - Etu-Töölö,Helsinki,2022Q2,Two-bedroom+,22.25,57.0
00100,Helsinki Keskusta - Etu-Töölö,Helsinki,2022Q3,One-bedroom,23.82,263.0
00100,Helsinki Keskusta - Etu-Töölö,Helsinki,2022Q3,Studio,29.53,715.0
00100,Helsinki Keskusta - Etu-Töölö,Helsinki,2022Q3,Two-bedroom+,23.28,57.0
00100,Helsinki Keskusta - Etu-Töölö,Helsinki,2022Q4,One-bedroom,23.38,289.0
00100,Helsinki Keskusta - Etu-Töölö,Helsinki,2022Q4,Studio,29.48,741.0
00100,Helsinki Keskusta - Etu-Töölö,Helsinki,2023Q1,One-bedroom,23.13,280.0
00100,Helsinki Keskusta - Etu-Töölö,Helsinki,2023Q1,Studio,29.36,760.0
00100,Helsinki Keskusta - Etu-Töölö,Helsinki,2023Q1,Two-bedroom+,23.24,57.0
00100,Helsinki Keskusta - Etu-Töölö,Helsinki,2023Q2,One-bedroom,23.18,288.0
00100,Helsinki Keskusta - Etu-Töölö,Helsinki,2023Q2,Studio,29.47,739.0
00100,Helsinki Keskusta - Etu-Töölö,Helsinki,2023Q2,Two-bedroom+,22.9,58.0
00100,Helsinki Keskusta - Etu-Töölö,Helsinki,2023Q3,One-bedroom,24.41,372.0
00100,Helsinki Keskusta - Etu-Töölö,Helsinki,2023Q3,Studio,29.93,776.0
00100,Helsinki Keskusta - Etu-Töölö,Helsinki,2023Q4,One-bedroom,24.46,374.0
00100,Helsinki Keskusta - Etu-Töölö,Helsinki,2023Q4,Studio,29.67,831.0
00100,Helsinki Keskusta - Etu-Töölö,Helsinki,2024Q1,One-bedroom,24.56,375.0
00100,Helsinki Keskusta - Etu-Töölö,Helsinki,2024Q1,Studio,29.66,819.0
00100,Helsinki Keskusta - Etu-Töölö,Helsinki,2024Q2,One-bedroom,24.75,366.0
00100,Helsinki Keskusta - Etu-Töölö,Helsinki,2024Q2,Studio,29.63,804.0
00100,Helsinki Keskusta - Etu-Töölö,Helsinki,2024Q3,One-bedroom,25.01,354.0
00100,Helsinki Keskusta - Etu-Töölö,Helsinki,2024Q3,Studio,29.72,774.0
00100,Helsinki Keskusta - Etu-Töölö,Helsinki,2024Q4,One-bedroom,25.09,353.0
00100,Helsinki Keskusta - Etu-Töölö,Helsinki,2024Q4,Studio,29.62,783.0
00100,Helsinki Keskusta - Etu-Töölö,Helsinki,2025Q1,One-bedroom,24.91,369.0
00100,Helsinki Keskusta - Etu-Töölö,Helsinki,2025Q1,Studio,29.51,833.0
00100,Helsinki Keskusta - Etu-Töölö,Helsinki,2025Q2,One-bedroom,25.51,329.0
00100,Helsinki Keskusta - Etu-Töölö,Helsinki,2025Q2,Studio,29.8,714.0
00100,Helsinki Keskusta - Etu-Töölö,Helsinki,2025Q3,One-bedroom,26.47,352.0
00100,Helsinki Keskusta - Etu-Töölö,Helsinki,2025Q3,Studio,30.18,870.0
00100,Helsinki Keskusta - Etu-Töölö,Helsinki,2025Q4,One-bedroom,23.34,353.0
00100,Helsinki Keskusta - Etu-Töölö,Helsinki,2025Q4,Studio,29.43,746.0
00100,Helsinki Keskusta - Etu-Töölö,Helsinki,2025Q4,Two-bedroom+,20.31,76.0
00120,Punavuori,Helsinki,2015Q1,One-bedroom,14.77,52.0
00120,Punavuori,Helsinki,2015Q1,Studio,21.52,95.0
00120,Punavuori,Helsinki,2015Q2,One-bedroom,15.16,60.0
00120,Punavuori,Helsinki,2015Q2,Studio,22.45,94.0
00120,Punavuori,Helsinki,2015Q3,One-bedroom,14.85,56.0
00120,Punavuori,Helsinki,2015Q3,Studio,23.29,98.0
00120,Punavuori,Helsinki,2015Q4,One-bedroom,14.55,74.0
00120,Punavuori,Helsinki,2015Q4,Studio,23.35,123.0
00120,Punavuori,Helsinki,2016Q1,One-bedroom,14.98,66.0
00120,Punavuori,Helsinki,2016Q1,Studio,23.32,114.0
00120,Punavuori,Helsinki,2016Q2,One-bedroom,15.24,71.0
00120,Punavuori,Helsinki,2016Q2,Studio,23.77,109.0
00120,Punavuori,Helsinki,2016Q3,One-bedroom,15.2,68.0
00120,Punavuori,Helsinki,2016Q3,Studio,23.15,116.0
00120,Punavuori,Helsinki,2016Q4,One-bedroom,14.85,74.0
00120,Punavuori,Helsinki,2016Q4,Studio,23.42,124.0
00120,Punavuori,Helsinki,2017Q1,One-bedroom,15.53,68.0
00120,Punavuori,Helsinki,2017Q1,Studio,23.34,103.0
00120,Punavuori,Helsinki,2017Q2,One-bedroom,15.56,68.0
00120,Punavuori,Helsinki,2017Q2,Studio,23.57,101.0
00120,Punavuori,Helsinki,2017Q3,One-bedroom,17.0,49.0
00120,Punavuori,Helsinki,2017Q3,Studio,24.63,110.0
00120,Punavuori,Helsinki,2017Q4,One-bedroom,18.15,56.0
00120,Punavuori,Helsinki,2017Q4,Studio,25.4,125.0
00120,Punavuori,Helsinki,2018Q1,One-bedroom,17.71,64.0
00120,Punavuori,Helsinki,2018Q1,Studio,24.65,135.0
00120,Punavuori,Helsinki,2018Q2,One-bedroom,17.48,58.0
00120,Punavuori,Helsinki,2018Q2,Studio,25.04,132.0
00120,Punavuori,Helsinki,2018Q3,One-bedroom,17.79,53.0
00120,Punavuori,Helsinki,2018Q3,Studio,25.05,116.0
00120,Punavuori,Helsinki,2018Q4,One-bedroom,18.52,55.0
00120,Punavuori,Helsinki,2018Q4,Studio,26.54,116.0
00120,Punavuori,Helsinki,2019Q1,One-bedroom,20.66,68.0
00120,Punavuori,Helsinki,2019Q1,Studio,26.65,146.0
00120,Punavuori,Helsinki,2019Q2,One-bedroom,20.76,72.0
00120,Punavuori,Helsinki,2019Q2,Studio,26.88,146.0
00120,Punavuori,Helsinki,2019Q3,One-bedroom,20.17,79.0
00120,Punavuori,Helsinki,2019Q3,Studio,27.45,136.0
00120,Punavuori,Helsinki,2019Q4,One-bedroom,20.48,78.0
00120,Punavuori,Helsinki,2019Q4,Studio,28.64,137.0
00120,Punavuori,Helsinki,2020Q1,One-bedroom,21.32,88.0
00120,Punavuori,Helsinki,2020Q1,Studio,28.76,150.0
00120,Punavuori,Helsinki,2020Q2,One-bedroom,21.71,107.0
00120,Punavuori,Helsinki,2020Q2,Studio,28.28,211.0
00120,Punavuori,Helsinki,2020Q2,Two-bedroom+,18.18,23.0
00120,Punavuori,Helsinki,2020Q3,One-bedroom,22.0,111.0
00120,Punavuori,Helsinki,2020Q3,Studio,28.63,205.0
00120,Punavuori,Helsinki,2020Q3,Two-bedroom+,18.34,24.0
00120,Punavuori,Helsinki,2020Q4,One-bedroom,22.15,98.0
00120,Punavuori,Helsinki,2020Q4,Studio,28.34,215.0
00120,Punavuori,Helsinki,2020Q4,Two-bedroom+,16.97,28.0
00120,Punavuori,Helsinki,2021Q1,One-bedroom,22.39,102.0
00120,Punavuori,Helsinki,2021Q1,Studio,28.11,239.0
00120,Punavuori,Helsinki,2021Q1,Two-bedroom+,19.29,26.0
00120,Punavuori,Helsinki,2021Q2,One-bedroom,22.26,98.0
00120,Punavuori,Helsinki,2021Q2,Studio,28.36,235.0
00120,Punavuori,Helsinki,2021Q2,Two-bedroom+,18.94,22.0
00120,Punavuori,Helsinki,2021Q3,One-bedroom,22.75,89.0
00120,Punavuori,Helsinki,2021Q3,Studio,28.76,220.0
00120,Punavuori,Helsinki,2021Q3,Two-bedroom+,19.11,26.0
00120,Punavuori,Helsinki,2021Q4,One-bedroom,23.0,87.0
00120,Punavuori,Helsinki,2021Q4,Studio,28.53,233.0
00120,Punavuori,Helsinki,2021Q4,Two-bedroom+,19.42,25.0
00120,Punavuori,Helsinki,2022Q1,One-bedroom,22.92,97.0
00120,Punavuori,Helsinki,2022Q1,Studio,28.77,237.0
00120,Punavuori,Helsinki,2022Q1,Two-bedroom+,19.67,29.0
00120,Punavuori,Helsinki,2022Q2,One-bedroom,23.05,86.0
00120,Punavuori,Helsinki,2022Q2,Studio,28.88,214.0
00120,Punavuori,Helsinki,2022Q2,Two-bedroom+,20.48,26.0
00120,Punavuori,Helsinki,2022Q3,One-bedroom,22.54,84.0
00120,Punavuori,Helsinki,2022Q3,Studio,29.07,192.0
00120,Punavuori,Helsinki,2022Q3,Two-bedroom+,20.47,26.0
00120,Punavuori,Helsinki,2022Q4,One-bedroom,22.84,84.0
00120,Punavuori,Helsinki,2022Q4,Studio,29.26,193.0
00120,Punavuori,Helsinki,2022Q4,Two-bedroom+,21.05,23.0
00120,Punavuori,Helsinki,2023Q1,One-bedroom,23.12,83.0
00120,Punavuori,Helsinki,2023Q1,Studio,29.58,197.0
00120,Punavuori,Helsinki,2023Q1,Two-bedroom+,21.2,24.0
00120,Punavuori,Helsinki,2023Q2,One-bedroom,23.09,88.0
00120,Punavuori,Helsinki,2023Q2,Studio,29.13,189.0
00120,Punavuori,Helsinki,2023Q2,Two-bedroom+,21.9,22.0
00120,Punavuori,Helsinki,2023Q3,One-bedroom,22.83,85.0
00120,Punavuori,Helsinki,2023Q3,Studio,29.08,189.0
00120,Punavuori,Helsinki,2023Q4,One-bedroom,23.12,90.0
00120,Punavuori,Helsinki,2023Q4,Studio,29.39,181.0
00120,Punavuori,Helsinki,2024Q1,One-bedroom,23.73,90.0
00120,Punavuori,Helsinki,2024Q1,Studio,29.54,185.0
00120,Punavuori,Helsinki,2024Q1,Two-bedroom+,21.82,20.0
00120,Punavuori,Helsinki,2024Q2,One-bedroom,23.55,90.0
00120,Punavuori,Helsinki,2024Q2,Studio,29.73,180.0
00120,Punavuori,Helsinki,2024Q2,Two-bedroom+,21.72,21.0
00120,Punavuori,Helsinki,2024Q3,One-bedroom,23.33,89.0
00120,Punavuori,Helsinki,2024Q3,Studio,29.4,172.0
00120,Punavuori,Helsinki,2024Q3,Two-bedroom+,20.99,21.0
00120,Punavuori,Helsinki,2024Q4,One-bedroom,23.15,90.0
00120,Punavuori,Helsinki,2024Q4,Studio,29.28,173.0
00120,Punavuori,Helsinki,2025Q1,One-bedroom,22.89,99.0
00120,Punavuori,Helsinki,2025Q1,Studio,29.12,199.0
00120,Punavuori,Helsinki,2025Q1,Two-bedroom+,18.5,20.0
00120,Punavuori,Helsinki,2025Q2,One-bedroom,23.37,82.0
00120,Punavuori,Helsinki,2025Q2,Studio,29.79,165.0
00120,Punavuori,Helsinki,2025Q3,One-bedroom,25.78,93.0
00120,Punavuori,Helsinki,2025Q3,Studio,31.02,170.0
00120,Punavuori,Helsinki,2025Q4,One-bedroom,20.66,89.0
00120,Punavuori,Helsinki,2025Q4,Studio,28.65,177.0
00120,Punavuori,Helsinki,2025Q4,Two-bedroom+,17.34,25.0
00130,Kaartinkaupunki,Helsinki,2015Q1,Studio,27.01,24.0
00130,Kaartinkaupunki,Helsinki,2015Q2,Studio,26.54,25.0
00130,Kaartinkaupunki,Helsinki,2015Q3,Studio,26.32,20.0
00130,Kaartinkaupunki,Helsinki,2015Q4,One-bedroom,21.41,21.0
00130,Kaartinkaupunki,Helsinki,2015Q4,Studio,25.87,23.0
00130,Kaartinkaupunki,Helsinki,2016Q1,One-bedroom,21.85,24.0
00130,Kaartinkaupunki,Helsinki,2016Q1,Studio,24.12,21.0
00130,Kaartinkaupunki,Helsinki,2016Q2,One-bedroom,22.3,22.0
00130,Kaartinkaupunki,Helsinki,2016Q2,Studio,23.69,22.0
00130,Kaartinkaupunki,Helsinki,2016Q3,One-bedroom,22.35,20.0
00130,Kaartinkaupunki,Helsinki,2016Q3,Studio,26.08,23.0
00130,Kaartinkaupunki,Helsinki,2016Q4,Studio,26.56,23.0
00130,Kaartinkaupunki,Helsinki,2017Q1,Studio,27.66,22.0
00130,Kaartinkaupunki,Helsinki,2017Q2,Studio,27.58,25.0
00130,Kaartinkaupunki,Helsinki,2017Q3,Studio,27.41,22.0
00130,Kaartinkaupunki,Helsinki,2017Q4,Studio,26.75,26.0
00130,Kaartinkaupunki,Helsinki,2018Q1,Studio,25.98,23.0
00130,Kaartinkaupunki,Helsinki,2018Q2,Studio,25.61,21.0
00130,Kaartinkaupunki,Helsinki,2018Q3,Studio,27.67,21.0
00130,Kaartinkaupunki,Helsinki,2019Q1,Studio,27.42,25.0
00130,Kaartinkaupunki,Helsinki,2019Q2,Studio,28.16,27.0
00130,Kaartinkaupunki,Helsinki,2019Q3,Studio,28.96,22.0
00130,Kaartinkaupunki,Helsinki,2019Q4,Studio,28.35,23.0
00130,Kaartinkaupunki,Helsinki,2020Q1,Studio,28.32,23.0
00130,Kaartinkaupunki,Helsinki,2020Q2,Studio,27.09,44.0
00130,Kaartinkaupunki,Helsinki,2020Q3,One-bedroom,26.09,21.0
00130,Kaartinkaupunki,Helsinki,2020Q3,Studio,27.99,43.0
00130,Kaartinkaupunki,Helsinki,2020Q4,One-bedroom,25.38,24.0
00130,Kaartinkaupunki,Helsinki,2020Q4,Studio,27.99,43.0
00130,Kaartinkaupunki,Helsinki,2021Q1,One-bedroom,24.78,26.0
00130,Kaartinkaupunki,Helsinki,2021Q1,Studio,28.21,43.0
00130,Kaartinkaupunki,Helsinki,2021Q2,One-bedroom,24.36,23.0
00130,Kaartinkaupunki,Helsinki,2021Q2,Studio,27.82,42.0
00130,Kaartinkaupunki,Helsinki,2021Q3,One-bedroom,23.89,23.0
00130,Kaartinkaupunki,Helsinki,2021Q3,Studio,27.89,45.0
00130,Kaartinkaupunki,Helsinki,2021Q4,One-bedroom,23.78,22.0
00130,Kaartinkaupunki,Helsinki,2021Q4,Studio,27.49,50.0
00130,Kaartinkaupunki,Helsinki,2022Q1,Studio,27.79,48.0
00130,Kaartinkaupunki,Helsinki,2022Q2,One-bedroom,25.19,21.0
00130,Kaartinkaupunki,Helsinki,2022Q2,Studio,28.63,45.0
00130,Kaartinkaupunki,Helsinki,2022Q3,One-bedroom,24.89,23.0
00130,Kaartinkaupunki,Helsinki,2022Q3,Studio,29.63,37.0
00130,Kaartinkaupunki,Helsinki,2022Q4,Studio,28.24,41.0
00130,Kaartinkaupunki,Helsinki,2023Q1,Studio,28.38,36.0
00130,Kaartinkaupunki,Helsinki,2023Q2,Studio,27.63,38.0
00130,Kaartinkaupunki,Helsinki,2023Q3,Studio,27.89,36.0
00130,Kaartinkaupunki,Helsinki,2023Q4,Studio,27.55,41.0
00130,Kaartinkaupunki,Helsinki,2024Q1,One-bedroom,26.05,20.0
00130,Kaartinkaupunki,Helsinki,2024Q1,Studio,27.93,41.0
00130,Kaartinkaupunki,Helsinki,2024Q2,Studio,28.47,35.0
00130,Kaartinkaupunki,Helsinki,2024Q3,One-bedroom,26.0,23.0
00130,Kaartinkaupunki,Helsinki,2024Q3,Studio,27.77,31.0
00130,Kaartinkaupunki,Helsinki,2024Q4,One-bedroom,26.57,20.0
00130,Kaartinkaupunki,Helsinki,2024Q4,Studio,27.64,33.0
00130,Kaartinkaupunki,Helsinki,2025Q1,One-bedroom,26.5,22.0
00130,Kaartinkaupunki,Helsinki,2025Q1,Studio,27.29,37.0
00130,Kaartinkaupunki,Helsinki,2025Q2,Studio,27.64,28.0
00130,Kaartinkaupunki,Helsinki,2025Q3,Studio,27.86,25.0
00130,Kaartinkaupunki,Helsinki,2025Q4,Studio,29.48,28.0
00140,Kaivopuisto - Ullanlinna,Helsinki,2015Q1,One-bedroom,15.16,56.0
00140,Kaivopuisto - Ullanlinna,Helsinki,2015Q1,Studio,23.26,141.0
00140,Kaivopuisto - Ullanlinna,Helsinki,2015Q2,One-bedroom,15.62,56.0
00140,Kaivopuisto - Ullanlinna,Helsinki,2015Q2,Studio,24.2,152.0
00140,Kaivopuisto - Ullanlinna,Helsinki,2015Q3,One-bedroom,14.95,54.0
00140,Kaivopuisto - Ullanlinna,Helsinki,2015Q3,Studio,24.25,166.0
00140,Kaivopuisto - Ullanlinna,Helsinki,2015Q4,One-bedroom,15.83,60.0
00140,Kaivopuisto - Ullanlinna,Helsinki,2015Q4,Studio,24.19,188.0
00140,Kaivopuisto - Ullanlinna,Helsinki,2016Q1,One-bedroom,16.32,58.0
00140,Kaivopuisto - Ullanlinna,Helsinki,2016Q1,Studio,23.7,181.0
00140,Kaivopuisto - Ullanlinna,Helsinki,2016Q2,One-bedroom,17.21,62.0
00140,Kaivopuisto - Ullanlinna,Helsinki,2016Q2,Studio,23.97,179.0
00140,Kaivopuisto - Ullanlinna,Helsinki,2016Q3,One-bedroom,17.29,72.0
00140,Kaivopuisto - Ullanlinna,Helsinki,2016Q3,Studio,24.32,191.0
00140,Kaivopuisto - Ullanlinna,Helsinki,2016Q4,One-bedroom,17.19,83.0
00140,Kaivopuisto - Ullanlinna,Helsinki,2016Q4,Studio,24.11,187.0
00140,Kaivopuisto - Ullanlinna,Helsinki,2017Q1,One-bedroom,17.08,90.0
00140,Kaivopuisto - Ullanlinna,Helsinki,2017Q1,Studio,24.52,187.0
00140,Kaivopuisto - Ullanlinna,Helsinki,2017Q2,One-bedroom,17.52,75.0
00140,Kaivopuisto - Ullanlinna,Helsinki,2017Q2,Studio,24.79,167.0
00140,Kaivopuisto - Ullanlinna,Helsinki,2017Q3,One-bedroom,19.25,58.0
00140,Kaivopuisto - Ullanlinna,Helsinki,2017Q3,Studio,26.94,163.0
00140,Kaivopuisto - Ullanlinna,Helsinki,2017Q4,One-bedroom,19.93,60.0
00140,Kaivopuisto - Ullanlinna,Helsinki,2017Q4,Studio,26.81,195.0
00140,Kaivopuisto - Ullanlinna,Helsinki,2018Q1,One-bedroom,20.62,69.0
00140,Kaivopuisto - Ullanlinna,Helsinki,2018Q1,Studio,26.34,200.0
00140,Kaivopuisto - Ullanlinna,Helsinki,2018Q2,One-bedroom,20.46,68.0
00140,Kaivopuisto - Ullanlinna,Helsinki,2018Q2,Studio,26.84,188.0
00140,Kaivopuisto - Ullanlinna,Helsinki,2018Q3,One-bedroom,19.73,60.0
00140,Kaivopuisto - Ullanlinna,Helsinki,2018Q3,Studio,27.1,170.0
00140,Kaivopuisto - Ullanlinna,Helsinki,2018Q4,One-bedroom,20.44,61.0
00140,Kaivopuisto - Ullanlinna,Helsinki,2018Q4,Studio,27.85,189.0
00140,Kaivopuisto - Ullanlinna,Helsinki,2019Q1,One-bedroom,20.98,64.0
00140,Kaivopuisto - Ullanlinna,Helsinki,2019Q1,Studio,27.17,196.0
00140,Kaivopuisto - Ullanlinna,Helsinki,2019Q2,One-bedroom,21.11,67.0
00140,Kaivopuisto - Ullanlinna,Helsinki,2019Q2,Studio,26.83,185.0
00140,Kaivopuisto - Ullanlinna,Helsinki,2019Q3,One-bedroom,21.31,66.0
00140,Kaivopuisto - Ullanlinna,Helsinki,2019Q3,Studio,27.21,178.0
00140,Kaivopuisto - Ullanlinna,Helsinki,2019Q4,One-bedroom,21.48,58.0
00140,Kaivopuisto - Ullanlinna,Helsinki,2019Q4,Studio,27.21,193.0
00140,Kaivopuisto - Ullanlinna,Helsinki,2020Q1,One-bedroom,21.99,65.0
00140,Kaivopuisto - Ullanlinna,Helsinki,2020Q1,Studio,27.04,203.0
00140,Kaivopuisto - Ullanlinna,Helsinki,2020Q2,One-bedroom,20.8,109.0
00140,Kaivopuisto - Ullanlinna,Helsinki,2020Q2,Studio,27.06,291.0
00140,Kaivopuisto - Ullanlinna,Helsinki,2020Q2,Two-bedroom+,17.08,21.0
00140,Kaivopuisto - Ullanlinna,Helsinki,2020Q3,One-bedroom,20.99,109.0
00140,Kaivopuisto - Ullanlinna,Helsinki,2020Q3,Studio,27.28,300.0
00140,Kaivopuisto - Ullanlinna,Helsinki,2020Q4,One-bedroom,20.91,111.0
00140,Kaivopuisto - Ullanlinna,Helsinki,2020Q4,Studio,27.42,313.0
00140,Kaivopuisto - Ullanlinna,Helsinki,2021Q1,One-bedroom,20.88,105.0
00140,Kaivopuisto - Ullanlinna,Helsinki,2021Q1,Studio,27.49,317.0
00140,Kaivopuisto - Ullanlinna,Helsinki,2021Q2,One-bedroom,21.34,104.0
00140,Kaivopuisto - Ullanlinna,Helsinki,2021Q2,Studio,27.76,301.0
00140,Kaivopuisto - Ullanlinna,Helsinki,2021Q3,One-bedroom,20.74,98.0
00140,Kaivopuisto - Ullanlinna,Helsinki,2021Q3,Studio,27.92,272.0
00140,Kaivopuisto - Ullanlinna,Helsinki,2021Q4,One-bedroom,20.83,100.0
00140,Kaivopuisto - Ullanlinna,Helsinki,2021Q4,Studio,27.89,305.0
00140,Kaivopuisto - Ullanlinna,Helsinki,2022Q1,One-bedroom,21.23,89.0
00140,Kaivopuisto - Ullanlinna,Helsinki,2022Q1,Studio,27.86,316.0
00140,Kaivopuisto - Ullanlinna,Helsinki,2022Q2,One-bedroom,20.83,83.0
00140,Kaivopuisto - Ullanlinna,Helsinki,2022Q2,Studio,27.83,269.0
00140,Kaivopuisto - Ullanlinna,Helsinki,2022Q3,One-bedroom,21.02,77.0
00140,Kaivopuisto - Ullanlinna,Helsinki,2022Q3,Studio,27.87,253.0
00140,Kaivopuisto - Ullanlinna,Helsinki,2022Q4,One-bedroom,21.16,78.0
00140,Kaivopuisto - Ullanlinna,Helsinki,2022Q4,Studio,27.55,250.0
00140,Kaivopuisto - Ullanlinna,Helsinki,2023Q1,One-bedroom,21.8,77.0
00140,Kaivopuisto - Ullanlinna,Helsinki,2023Q1,Studio,27.64,244.0
00140,Kaivopuisto - Ullanlinna,Helsinki,2023Q2,One-bedroom,21.53,79.0
00140,Kaivopuisto - Ullanlinna,Helsinki,2023Q2,Studio,27.59,243.0
00140,Kaivopuisto - Ullanlinna,Helsinki,2023Q3,One-bedroom,21.33,81.0
00140,Kaivopuisto - Ullanlinna,Helsinki,2023Q3,Studio,27.88,259.0
00140,Kaivopuisto - Ullanlinna,Helsinki,2023Q4,One-bedroom,21.67,86.0
00140,Kaivopuisto - Ullanlinna,Helsinki,2023Q4,Studio,28.0,260.0
00140,Kaivopuisto - Ullanlinna,Helsinki,2024Q1,One-bedroom,22.1,76.0
00140,Kaivopuisto - Ullanlinna,Helsinki,2024Q1,Studio,28.15,259.0
00140,Kaivopuisto - Ullanlinna,Helsinki,2024Q2,One-bedroom,21.9,74.0
00140,Kaivopuisto - Ullanlinna,Helsinki,2024Q2,Studio,28.21,253.0
00140,Kaivopuisto - Ullanlinna,Helsinki,2024Q3,One-bedroom,22.1,74.0
00140,Kaivopuisto - Ullanlinna,Helsinki,2024Q3,Studio,28.56,240.0
00140,Kaivopuisto - Ullanlinna,Helsinki,2024Q4,One-bedroom,22.31,74.0
00140,Kaivopuisto - Ullanlinna,Helsinki,2024Q4,Studio,28.22,234.0
00140,Kaivopuisto - Ullanlinna,Helsinki,2025Q1,One-bedroom,22.23,81.0
00140,Kaivopuisto - Ullanlinna,Helsinki,2025Q1,Studio,28.81,250.0
00140,Kaivopuisto - Ullanlinna,Helsinki,2025Q2,One-bedroom,22.27,57.0
00140,Kaivopuisto - Ullanlinna,Helsinki,2025Q2,Studio,28.34,206.0
00140,Kaivopuisto - Ullanlinna,Helsinki,2025Q3,One-bedroom,22.79,46.0
00140,Kaivopuisto - Ullanlinna,Helsinki,2025Q3,Studio,28.46,160.0
00140,Kaivopuisto - Ullanlinna,Helsinki,2025Q4,One-bedroom,17.43,66.0
00140,Kaivopuisto - Ullanlinna,Helsinki,2025Q4,Studio,28.11,211.0
00150,Eira - Hernesaari,Helsinki,2015Q1,One-bedroom,17.84,135.0
00150,Eira - Hernesaari,Helsinki,2015Q1,Studio,22.98,299.0
00150,Eira - Hernesaari,Helsinki,2015Q1,Two-bedroom+,22.4,45.0
00150,Eira - Hernesaari,Helsinki,2015Q2,One-bedroom,17.92,144.0
00150,Eira - Hernesaari,Helsinki,2015Q2,Studio,23.21,320.0
00150,Eira - Hernesaari,Helsinki,2015Q2,Two-bedroom+,22.59,47.0
00150,Eira - Hernesaari,Helsinki,2015Q3,One-bedroom,17.91,148.0
00150,Eira - Hernesaari,Helsinki,2015Q3,Studio,23.56,309.0
00150,Eira - Hernesaari,Helsinki,2015Q3,Two-bedroom+,21.75,53.0
00150,Eira - Hernesaari,Helsinki,2015Q4,One-bedroom,17.65,157.0
00150,Eira - Hernesaari,Helsinki,2015Q4,Studio,23.79,324.0
00150,Eira - Hernesaari,Helsinki,2015Q4,Two-bedroom+,22.04,53.0
00150,Eira - Hernesaari,Helsinki,2016Q1,One-bedroom,19.36,155.0
00150,Eira - Hernesaari,Helsinki,2016Q1,Studio,24.65,311.0
00150,Eira - Hernesaari,Helsinki,2016Q1,Two-bedroom+,24.49,47.0
00150,Eira - Hernesaari,Helsinki,2016Q2,One-bedroom,20.01,158.0
00150,Eira - Hernesaari,Helsinki,2016Q2,Studio,24.81,345.0
00150,Eira - Hernesaari,Helsinki,2016Q2,Two-bedroom+,24.94,50.0
00150,Eira - Hernesaari,Helsinki,2016Q3,One-bedroom,19.8,171.0
00150,Eira - Hernesaari,Helsinki,2016Q3,Studio,24.68,341.0
00150,Eira - Hernesaari,Helsinki,2016Q3,Two-bedroom+,24.38,54.0
00150,Eira - Hernesaari,Helsinki,2016Q4,One-bedroom,19.96,163.0
00150,Eira - Hernesaari,Helsinki,2016Q4,Studio,24.98,362.0
00150,Eira - Hernesaari,Helsinki,2016Q4,Two-bedroom+,24.9,51.0
00150,Eira - Hernesaari,Helsinki,2017Q1,One-bedroom,20.16,170.0
00150,Eira - Hernesaari,Helsinki,2017Q1,Studio,25.42,357.0
00150,Eira - Hernesaari,Helsinki,2017Q1,Two-bedroom+,23.7,52.0
00150,Eira - Hernesaari,Helsinki,2017Q2,One-bedroom,20.21,172.0
00150,Eira - Hernesaari,Helsinki,2017Q2,Studio,25.45,359.0
00150,Eira - Hernesaari,Helsinki,2017Q2,Two-bedroom+,23.2,58.0
00150,Eira - Hernesaari,Helsinki,2017Q3,One-bedroom,22.27,142.0
00150,Eira - Hernesaari,Helsinki,2017Q3,Studio,26.47,338.0
00150,Eira - Hernesaari,Helsinki,2017Q3,Two-bedroom+,25.43,49.0
00150,Eira - Hernesaari,Helsinki,2017Q4,One-bedroom,22.0,155.0
00150,Eira - Hernesaari,Helsinki,2017Q4,Studio,27.01,380.0
00150,Eira - Hernesaari,Helsinki,2017Q4,Two-bedroom+,25.2,51.0
00150,Eira - Hernesaari,Helsinki,2018Q1,One-bedroom,22.24,165.0
00150,Eira - Hernesaari,Helsinki,2018Q1,Studio,26.2,415.0
00150,Eira - Hernesaari,Helsinki,2018Q1,Two-bedroom+,25.53,49.0
00150,Eira - Hernesaari,Helsinki,2018Q2,One-bedroom,22.3,159.0
00150,Eira - Hernesaari,Helsinki,2018Q2,Studio,26.25,404.0
00150,Eira - Hernesaari,Helsinki,2018Q2,Two-bedroom+,25.53,49.0
00150,Eira - Hernesaari,Helsinki,2018Q3,One-bedroom,22.18,161.0
00150,Eira - Hernesaari,Helsinki,2018Q3,Studio,26.71,357.0
00150,Eira - Hernesaari,Helsinki,2018Q3,Two-bedroom+,25.83,49.0
00150,Eira - Hernesaari,Helsinki,2018Q4,One-bedroom,22.36,152.0
00150,Eira - Hernesaari,Helsinki,2018Q4,Studio,27.38,363.0
00150,Eira - Hernesaari,Helsinki,2018Q4,Two-bedroom+,26.08,50.0
00150,Eira - Hernesaari,Helsinki,2019Q1,One-bedroom,22.17,156.0
00150,Eira - Hernesaari,Helsinki,2019Q1,Studio,26.66,389.0
00150,Eira - Hernesaari,Helsinki,2019Q1,Two-bedroom+,25.96,51.0
00150,Eira - Hernesaari,Helsinki,2019Q2,One-bedroom,22.54,146.0
00150,Eira - Hernesaari,Helsinki,2019Q2,Studio,26.79,403.0
00150,Eira - Hernesaari,Helsinki,2019Q2,Two-bedroom+,25.32,55.0
00150,Eira - Hernesaari,Helsinki,2019Q3,One-bedroom,22.74,139.0
00150,Eira - Hernesaari,Helsinki,2019Q3,Studio,27.19,376.0
00150,Eira - Hernesaari,Helsinki,2019Q3,Two-bedroom+,26.18,49.0
00150,Eira - Hernesaari,Helsinki,2019Q4,One-bedroom,22.9,146.0
00150,Eira - Hernesaari,Helsinki,2019Q4,Studio,27.66,395.0
00150,Eira - Hernesaari,Helsinki,2019Q4,Two-bedroom+,26.03,50.0
00150,Eira - Hernesaari,Helsinki,2020Q1,One-bedroom,22.84,157.0
00150,Eira - Hernesaari,Helsinki,2020Q1,Studio,27.58,402.0
00150,Eira - Hernesaari,Helsinki,2020Q2,One-bedroom,22.84,189.0
00150,Eira - Hernesaari,Helsinki,2020Q2,Studio,27.64,522.0
00150,Eira - Hernesaari,Helsinki,2020Q3,One-bedroom,22.69,191.0
00150,Eira - Hernesaari,Helsinki,2020Q3,Studio,28.05,530.0
00150,Eira - Hernesaari,Helsinki,2020Q3,Two-bedroom+,25.99,51.0
00150,Eira - Hernesaari,Helsinki,2020Q4,One-bedroom,22.92,194.0
00150,Eira - Hernesaari,Helsinki,2020Q4,Studio,28.24,546.0
00150,Eira - Hernesaari,Helsinki,2020Q4,Two-bedroom+,25.83,52.0
00150,Eira - Hernesaari,Helsinki,2021Q1,One-bedroom,23.2,188.0
00150,Eira - Hernesaari,Helsinki,2021Q1,Studio,28.09,572.0
00150,Eira - Hernesaari,Helsinki,2021Q1,Two-bedroom+,25.9,53.0
00150,Eira - Hernesaari,Helsinki,2021Q2,One-bedroom,23.14,182.0
00150,Eira - Hernesaari,Helsinki,2021Q2,Studio,28.33,545.0
00150,Eira - Hernesaari,Helsinki,2021Q2,Two-bedroom+,25.91,51.0
00150,Eira - Hernesaari,Helsinki,2021Q3,One-bedroom,23.14,163.0
00150,Eira - Hernesaari,Helsinki,2021Q3,Studio,28.33,499.0
00150,Eira - Hernesaari,Helsinki,2021Q3,Two-bedroom+,26.06,49.0
00150,Eira - Hernesaari,Helsinki,2021Q4,One-bedroom,23.0,169.0
00150,Eira - Hernesaari,Helsinki,2021Q4,Studio,28.58,528.0
00150,Eira - Hernesaari,Helsinki,2021Q4,Two-bedroom+,25.23,53.0
00150,Eira - Hernesaari,Helsinki,2022Q1,One-bedroom,23.09,176.0
00150,Eira - Hernesaari,Helsinki,2022Q1,Studio,28.27,550.0
00150,Eira - Hernesaari,Helsinki,2022Q1,Two-bedroom+,25.24,56.0
00150,Eira - Hernesaari,Helsinki,2022Q2,One-bedroom,23.41,155.0
00150,Eira - Hernesaari,Helsinki,2022Q2,Studio,28.32,510.0
00150,Eira - Hernesaari,Helsinki,2022Q2,Two-bedroom+,24.9,55.0
00150,Eira - Hernesaari,Helsinki,2022Q3,One-bedroom,23.13,161.0
00150,Eira - Hernesaari,Helsinki,2022Q3,Studio,28.45,476.0
00150,Eira - Hernesaari,Helsinki,2022Q3,Two-bedroom+,25.51,52.0
00150,Eira - Hernesaari,Helsinki,2022Q4,One-bedroom,23.29,159.0
00150,Eira - Hernesaari,Helsinki,2022Q4,Studio,28.56,495.0
00150,Eira - Hernesaari,Helsinki,2022Q4,Two-bedroom+,25.22,53.0
00150,Eira - Hernesaari,Helsinki,2023Q1,One-bedroom,23.29,165.0
00150,Eira - Hernesaari,Helsinki,2023Q1,Studio,28.47,500.0
00150,Eira - Hernesaari,Helsinki,2023Q1,Two-bedroom+,25.78,53.0
00150,Eira - Hernesaari,Helsinki,2023Q2,One-bedroom,23.44,156.0
00150,Eira - Hernesaari,Helsinki,2023Q2,Studio,28.44,499.0
00150,Eira - Hernesaari,Helsinki,2023Q2,Two-bedroom+,25.91,53.0
00150,Eira - Hernesaari,Helsinki,2023Q3,One-bedroom,23.56,155.0
00150,Eira - Hernesaari,Helsinki,2023Q3,Studio,28.21,480.0
00150,Eira - Hernesaari,Helsinki,2023Q3,Two-bedroom+,25.25,57.0
00150,Eira - Hernesaari,Helsinki,2023Q4,One-bedroom,23.34,155.0
00150,Eira - Hernesaari,Helsinki,2023Q4,Studio,28.23,503.0
00150,Eira - Hernesaari,Helsinki,2023Q4,Two-bedroom+,24.92,59.0
00150,Eira - Hernesaari,Helsinki,2024Q1,One-bedroom,23.34,158.0
00150,Eira - Hernesaari,Helsinki,2024Q1,Studio,28.32,514.0
00150,Eira - Hernesaari,Helsinki,2024Q1,Two-bedroom+,25.19,58.0
00150,Eira - Hernesaari,Helsinki,2024Q2,One-bedroom,23.46,163.0
00150,Eira - Hernesaari,Helsinki,2024Q2,Studio,28.55,485.0
00150,Eira - Hernesaari,Helsinki,2024Q2,Two-bedroom+,25.34,56.0
00150,Eira - Hernesaari,Helsinki,2024Q3,One-bedroom,23.74,153.0
00150,Eira - Hernesaari,Helsinki,2024Q3,Studio,28.71,447.0
00150,Eira - Hernesaari,Helsinki,2024Q3,Two-bedroom+,26.01,52.0
00150,Eira - Hernesaari,Helsinki,2024Q4,One-bedroom,23.92,153.0
00150,Eira - Hernesaari,Helsinki,2024Q4,Studio,28.72,442.0
00150,Eira - Hernesaari,Helsinki,2024Q4,Two-bedroom+,25.91,53.0
00150,Eira - Hernesaari,Helsinki,2025Q1,One-bedroom,24.03,159.0
00150,Eira - Hernesaari,Helsinki,2025Q1,Studio,28.92,492.0
00150,Eira - Hernesaari,Helsinki,2025Q1,Two-bedroom+,26.45,47.0
00150,Eira - Hernesaari,Helsinki,2025Q2,One-bedroom,24.37,137.0
00150,Eira - Hernesaari,Helsinki,2025Q2,Studio,28.94,381.0
00150,Eira - Hernesaari,Helsinki,2025Q3,One-bedroom,25.09,171.0
00150,Eira - Hernesaari,Helsinki,2025Q3,Studio,29.02,338.0
00150,Eira - Hernesaari,Helsinki,2025Q4,One-bedroom,21.5,160.0
00150,Eira - Hernesaari,Helsinki,2025Q4,Studio,28.45,408.0
00150,Eira - Hernesaari,Helsinki,2025Q4,Two-bedroom+,26.02,51.0
00160,Katajanokka,Helsinki,2015Q1,Studio,24.88,45.0
00160,Katajanokka,Helsinki,2015Q2,Studio,24.84,48.0
00160,Katajanokka,Helsinki,2015Q3,Studio,24.23,53.0
00160,Katajanokka,Helsinki,2015Q4,One-bedroom,21.74,55.0
00160,Katajanokka,Helsinki,2015Q4,Studio,24.08,56.0
00160,Katajanokka,Helsinki,2016Q1,One-bedroom,22.0,47.0
00160,Katajanokka,Helsinki,2016Q1,Studio,25.17,52.0
00160,Katajanokka,Helsinki,2016Q2,One-bedroom,21.77,53.0
00160,Katajanokka,Helsinki,2016Q2,Studio,25.17,60.0
00160,Katajanokka,Helsinki,2016Q3,One-bedroom,22.76,49.0
00160,Katajanokka,Helsinki,2016Q3,Studio,26.25,52.0
00160,Katajanokka,Helsinki,2016Q4,One-bedroom,22.47,50.0
00160,Katajanokka,Helsinki,2016Q4,Studio,26.83,55.0
00160,Katajanokka,Helsinki,2017Q1,One-bedroom,21.86,51.0
00160,Katajanokka,Helsinki,2017Q1,Studio,26.94,56.0
00160,Katajanokka,Helsinki,2017Q2,One-bedroom,22.42,48.0
00160,Katajanokka,Helsinki,2017Q2,Studio,26.83,57.0
00160,Katajanokka,Helsinki,2017Q3,Studio,27.35,53.0
00160,Katajanokka,Helsinki,2017Q4,One-bedroom,23.49,50.0
00160,Katajanokka,Helsinki,2017Q4,Studio,28.14,52.0
00160,Katajanokka,Helsinki,2018Q1,One-bedroom,22.8,54.0
00160,Katajanokka,Helsinki,2018Q1,Studio,27.57,54.0
00160,Katajanokka,Helsinki,2018Q2,One-bedroom,22.55,57.0
00160,Katajanokka,Helsinki,2018Q2,Studio,27.63,53.0
00160,Katajanokka,Helsinki,2018Q3,One-bedroom,22.95,56.0
00160,Katajanokka,Helsinki,2018Q3,Studio,28.27,47.0
00160,Katajanokka,Helsinki,2018Q4,One-bedroom,23.28,47.0
00160,Katajanokka,Helsinki,2018Q4,Studio,28.33,53.0
00160,Katajanokka,Helsinki,2019Q1,One-bedroom,22.65,49.0
00160,Katajanokka,Helsinki,2019Q1,Studio,27.57,57.0
00160,Katajanokka,Helsinki,2019Q2,One-bedroom,22.52,49.0
00160,Katajanokka,Helsinki,2019Q2,Studio,27.77,55.0
00160,Katajanokka,Helsinki,2019Q3,One-bedroom,22.37,50.0
00160,Katajanokka,Helsinki,2019Q3,Studio,28.75,51.0
00160,Katajanokka,Helsinki,2019Q4,One-bedroom,23.3,49.0
00160,Katajanokka,Helsinki,2019Q4,Studio,28.34,54.0
00160,Katajanokka,Helsinki,2020Q1,One-bedroom,23.42,48.0
00160,Katajanokka,Helsinki,2020Q1,Studio,27.97,55.0
00160,Katajanokka,Helsinki,2020Q2,Studio,28.64,98.0
00160,Katajanokka,Helsinki,2020Q3,One-bedroom,24.46,72.0
00160,Katajanokka,Helsinki,2020Q3,Studio,29.11,95.0
00160,Katajanokka,Helsinki,2020Q4,One-bedroom,24.38,70.0
00160,Katajanokka,Helsinki,2020Q4,Studio,29.22,96.0
00160,Katajanokka,Helsinki,2021Q1,One-bedroom,23.63,76.0
00160,Katajanokka,Helsinki,2021Q1,Studio,28.81,104.0
00160,Katajanokka,Helsinki,2021Q2,One-bedroom,24.16,73.0
00160,Katajanokka,Helsinki,2021Q2,Studio,28.78,99.0
00160,Katajanokka,Helsinki,2021Q3,One-bedroom,24.34,70.0
00160,Katajanokka,Helsinki,2021Q3,Studio,28.8,98.0
00160,Katajanokka,Helsinki,2021Q4,One-bedroom,24.4,71.0
00160,Katajanokka,Helsinki,2021Q4,Studio,28.79,98.0
00160,Katajanokka,Helsinki,2022Q1,One-bedroom,24.41,72.0
00160,Katajanokka,Helsinki,2022Q1,Studio,28.88,103.0
00160,Katajanokka,Helsinki,2022Q2,Studio,30.29,126.0
00160,Katajanokka,Helsinki,2022Q3,Studio,29.97,126.0
00160,Katajanokka,Helsinki,2022Q4,Studio,29.97,119.0
00160,Katajanokka,Helsinki,2023Q1,Studio,30.21,121.0
00160,Katajanokka,Helsinki,2023Q2,Studio,29.94,117.0
00160,Katajanokka,Helsinki,2023Q3,Studio,30.19,114.0
00160,Katajanokka,Helsinki,2023Q4,Studio,30.18,112.0
00160,Katajanokka,Helsinki,2024Q1,Studio,29.93,115.0
00160,Katajanokka,Helsinki,2024Q2,Studio,30.05,113.0
00160,Katajanokka,Helsinki,2024Q3,Studio,30.24,113.0
00160,Katajanokka,Helsinki,2024Q4,Studio,30.04,114.0
00160,Katajanokka,Helsinki,2025Q1,Studio,30.28,118.0
00160,Katajanokka,Helsinki,2025Q2,Studio,30.2,109.0
00160,Katajanokka,Helsinki,2025Q4,Studio,29.95,118.0
00170,Kruununhaka,Helsinki,2015Q1,One-bedroom,17.24,64.0
00170,Kruununhaka,Helsinki,2015Q1,Studio,24.32,104.0
00170,Kruununhaka,Helsinki,2015Q2,One-bedroom,17.12,64.0
00170,Kruununhaka,Helsinki,2015Q2,Studio,24.24,109.0
00170,Kruununhaka,Helsinki,2015Q3,One-bedroom,19.4,74.0
00170,Kruununhaka,Helsinki,2015Q3,Studio,26.97,162.0
00170,Kruununhaka,Helsinki,2015Q4,One-bedroom,19.65,79.0
00170,Kruununhaka,Helsinki,2015Q4,Studio,26.59,170.0
00170,Kruununhaka,Helsinki,2016Q1,One-bedroom,20.37,79.0
00170,Kruununhaka,Helsinki,2016Q1,Studio,27.38,167.0
00170,Kruununhaka,Helsinki,2016Q1,Two-bedroom+,15.15,20.0
00170,Kruununhaka,Helsinki,2016Q2,One-bedroom,20.48,83.0
00170,Kruununhaka,Helsinki,2016Q2,Studio,27.9,159.0
00170,Kruununhaka,Helsinki,2016Q2,Two-bedroom+,15.52,22.0
00170,Kruununhaka,Helsinki,2016Q3,One-bedroom,21.18,76.0
00170,Kruununhaka,Helsinki,2016Q3,Studio,27.04,175.0
00170,Kruununhaka,Helsinki,2016Q3,Two-bedroom+,15.23,24.0
00170,Kruununhaka,Helsinki,2016Q4,One-bedroom,20.15,81.0
00170,Kruununhaka,Helsinki,2016Q4,Studio,27.26,178.0
00170,Kruununhaka,Helsinki,2016Q4,Two-bedroom+,16.08,20.0
00170,Kruununhaka,Helsinki,2017Q1,One-bedroom,19.02,89.0
00170,Kruununhaka,Helsinki,2017Q1,Studio,28.37,160.0
00170,Kruununhaka,Helsinki,2017Q1,Two-bedroom+,16.12,21.0
00170,Kruununhaka,Helsinki,2017Q2,One-bedroom,19.73,91.0
00170,Kruununhaka,Helsinki,2017Q2,Studio,28.66,157.0
00170,Kruununhaka,Helsinki,2017Q2,Two-bedroom+,16.59,20.0
00170,Kruununhaka,Helsinki,2017Q3,One-bedroom,21.9,82.0
00170,Kruununhaka,Helsinki,2017Q3,Studio,29.49,159.0
00170,Kruununhaka,Helsinki,2017Q4,One-bedroom,23.15,77.0
00170,Kruununhaka,Helsinki,2017Q4,Studio,28.97,183.0
00170,Kruununhaka,Helsinki,2018Q1,One-bedroom,22.61,78.0
00170,Kruununhaka,Helsinki,2018Q1,Studio,27.86,195.0
00170,Kruununhaka,Helsinki,2018Q2,One-bedroom,21.32,64.0
00170,Kruununhaka,Helsinki,2018Q2,Studio,25.56,152.0
00170,Kruununhaka,Helsinki,2018Q3,One-bedroom,21.28,57.0
00170,Kruununhaka,Helsinki,2018Q3,Studio,25.75,130.0
00170,Kruununhaka,Helsinki,2018Q4,One-bedroom,21.58,55.0
00170,Kruununhaka,Helsinki,2018Q4,Studio,26.77,138.0
00170,Kruununhaka,Helsinki,2019Q1,One-bedroom,20.69,59.0
00170,Kruununhaka,Helsinki,2019Q1,Studio,25.56,137.0
00170,Kruununhaka,Helsinki,2019Q1,Two-bedroom+,17.87,21.0
00170,Kruununhaka,Helsinki,2019Q2,One-bedroom,20.85,57.0
00170,Kruununhaka,Helsinki,2019Q2,Studio,26.2,143.0
00170,Kruununhaka,Helsinki,2019Q3,One-bedroom,21.31,59.0
00170,Kruununhaka,Helsinki,2019Q3,Studio,26.33,135.0
00170,Kruununhaka,Helsinki,2019Q4,One-bedroom,22.59,56.0
00170,Kruununhaka,Helsinki,2019Q4,Studio,27.61,143.0
00170,Kruununhaka,Helsinki,2020Q1,One-bedroom,22.31,60.0
00170,Kruununhaka,Helsinki,2020Q1,Studio,27.62,143.0
00170,Kruununhaka,Helsinki,2020Q2,One-bedroom,20.74,94.0
00170,Kruununhaka,Helsinki,2020Q2,Studio,27.28,203.0
00170,Kruununhaka,Helsinki,2020Q3,One-bedroom,20.87,86.0
00170,Kruununhaka,Helsinki,2020Q3,Studio,27.36,190.0
00170,Kruununhaka,Helsinki,2020Q4,One-bedroom,20.52,88.0
00170,Kruununhaka,Helsinki,2020Q4,Studio,27.2,194.0
00170,Kruununhaka,Helsinki,2021Q1,One-bedroom,20.8,90.0
00170,Kruununhaka,Helsinki,2021Q1,Studio,27.72,204.0
00170,Kruununhaka,Helsinki,2021Q2,One-bedroom,20.84,86.0
00170,Kruununhaka,Helsinki,2021Q2,Studio,27.86,208.0
00170,Kruununhaka,Helsinki,2021Q3,One-bedroom,21.36,83.0
00170,Kruununhaka,Helsinki,2021Q3,Studio,27.92,211.0
00170,Kruununhaka,Helsinki,2021Q4,One-bedroom,21.42,82.0
00170,Kruununhaka,Helsinki,2021Q4,Studio,27.5,207.0
00170,Kruununhaka,Helsinki,2022Q1,One-bedroom,21.3,92.0
00170,Kruununhaka,Helsinki,2022Q1,Studio,27.93,228.0
00170,Kruununhaka,Helsinki,2022Q1,Two-bedroom+,19.43,20.0
00170,Kruununhaka,Helsinki,2022Q2,One-bedroom,20.93,82.0
00170,Kruununhaka,Helsinki,2022Q2,Studio,27.96,190.0
00170,Kruununhaka,Helsinki,2022Q3,One-bedroom,20.72,74.0
00170,Kruununhaka,Helsinki,2022Q3,Studio,27.85,186.0
00170,Kruununhaka,Helsinki,2022Q4,One-bedroom,20.3,66.0
00170,Kruununhaka,Helsinki,2022Q4,Studio,27.93,207.0
00170,Kruununhaka,Helsinki,2023Q1,One-bedroom,20.83,68.0
00170,Kruununhaka,Helsinki,2023Q1,Studio,28.01,205.0
00170,Kruununhaka,Helsinki,2023Q2,One-bedroom,20.5,68.0
00170,Kruununhaka,Helsinki,2023Q2,Studio,28.13,201.0
00170,Kruununhaka,Helsinki,2023Q3,One-bedroom,20.55,66.0
00170,Kruununhaka,Helsinki,2023Q3,Studio,28.07,186.0
00170,Kruununhaka,Helsinki,2023Q4,One-bedroom,20.7,72.0
00170,Kruununhaka,Helsinki,2023Q4,Studio,28.06,201.0
00170,Kruununhaka,Helsinki,2024Q1,One-bedroom,20.56,74.0
00170,Kruununhaka,Helsinki,2024Q1,Studio,28.15,200.0
00170,Kruununhaka,Helsinki,2024Q2,One-bedroom,20.89,69.0
00170,Kruununhaka,Helsinki,2024Q2,Studio,28.29,193.0
00170,Kruununhaka,Helsinki,2024Q3,One-bedroom,20.91,67.0
00170,Kruununhaka,Helsinki,2024Q3,Studio,27.96,178.0
00170,Kruununhaka,Helsinki,2024Q4,One-bedroom,20.73,63.0
00170,Kruununhaka,Helsinki,2024Q4,Studio,28.12,188.0
00170,Kruununhaka,Helsinki,2025Q1,One-bedroom,20.77,82.0
00170,Kruununhaka,Helsinki,2025Q1,Studio,28.0,221.0
00170,Kruununhaka,Helsinki,2025Q2,One-bedroom,20.95,65.0
00170,Kruununhaka,Helsinki,2025Q2,Studio,27.8,178.0
00170,Kruununhaka,Helsinki,2025Q3,One-bedroom,21.08,59.0
00170,Kruununhaka,Helsinki,2025Q3,Studio,27.77,129.0
00170,Kruununhaka,Helsinki,2025Q4,One-bedroom,18.04,76.0
00170,Kruununhaka,Helsinki,2025Q4,Studio,27.64,167.0
00180,Kamppi - Ruoholahti,Helsinki,2015Q1,One-bedroom,17.84,154.0
00180,Kamppi - Ruoholahti,Helsinki,2015Q1,Studio,22.25,199.0
00180,Kamppi - Ruoholahti,Helsinki,2015Q1,Two-bedroom+,14.39,82.0
00180,Kamppi - Ruoholahti,Helsinki,2015Q2,One-bedroom,17.61,167.0
00180,Kamppi - Ruoholahti,Helsinki,2015Q2,Studio,22.32,209.0
00180,Kamppi - Ruoholahti,Helsinki,2015Q2,Two-bedroom+,14.87,84.0
00180,Kamppi - Ruoholahti,Helsinki,2015Q3,One-bedroom,19.55,203.0
00180,Kamppi - Ruoholahti,Helsinki,2015Q3,Studio,24.49,258.0
00180,Kamppi - Ruoholahti,Helsinki,2015Q3,Two-bedroom+,15.27,93.0
00180,Kamppi - Ruoholahti,Helsinki,2015Q4,One-bedroom,19.2,225.0
00180,Kamppi - Ruoholahti,Helsinki,2015Q4,Studio,24.57,284.0
00180,Kamppi - Ruoholahti,Helsinki,2015Q4,Two-bedroom+,15.05,91.0
00180,Kamppi - Ruoholahti,Helsinki,2016Q1,One-bedroom,19.56,211.0
00180,Kamppi - Ruoholahti,Helsinki,2016Q1,Studio,24.45,290.0
00180,Kamppi - Ruoholahti,Helsinki,2016Q1,Two-bedroom+,15.24,85.0
00180,Kamppi - Ruoholahti,Helsinki,2016Q2,One-bedroom,20.0,216.0
00180,Kamppi - Ruoholahti,Helsinki,2016Q2,Studio,24.92,295.0
00180,Kamppi - Ruoholahti,Helsinki,2016Q2,Two-bedroom+,15.66,89.0
00180,Kamppi - Ruoholahti,Helsinki,2016Q3,One-bedroom,20.24,205.0
00180,Kamppi - Ruoholahti,Helsinki,2016Q3,Studio,24.93,274.0
00180,Kamppi - Ruoholahti,Helsinki,2016Q3,Two-bedroom+,15.14,97.0
00180,Kamppi - Ruoholahti,Helsinki,2016Q4,One-bedroom,19.83,220.0
00180,Kamppi - Ruoholahti,Helsinki,2016Q4,Studio,24.68,292.0
00180,Kamppi - Ruoholahti,Helsinki,2016Q4,Two-bedroom+,14.87,99.0
00180,Kamppi - Ruoholahti,Helsinki,2017Q1,One-bedroom,21.01,191.0
00180,Kamppi - Ruoholahti,Helsinki,2017Q1,Studio,25.16,280.0
00180,Kamppi - Ruoholahti,Helsinki,2017Q1,Two-bedroom+,14.94,91.0
00180,Kamppi - Ruoholahti,Helsinki,2017Q2,One-bedroom,20.84,198.0
00180,Kamppi - Ruoholahti,Helsinki,2017Q2,Studio,25.64,265.0
00180,Kamppi - Ruoholahti,Helsinki,2017Q2,Two-bedroom+,15.32,91.0
00180,Kamppi - Ruoholahti,Helsinki,2017Q3,One-bedroom,21.72,189.0
00180,Kamppi - Ruoholahti,Helsinki,2017Q3,Studio,26.48,263.0
00180,Kamppi - Ruoholahti,Helsinki,2017Q3,Two-bedroom+,16.1,85.0
00180,Kamppi - Ruoholahti,Helsinki,2017Q4,One-bedroom,22.12,192.0
00180,Kamppi - Ruoholahti,Helsinki,2017Q4,Studio,26.57,292.0
00180,Kamppi - Ruoholahti,Helsinki,2017Q4,Two-bedroom+,15.77,87.0
00180,Kamppi - Ruoholahti,Helsinki,2018Q1,One-bedroom,22.06,193.0
00180,Kamppi - Ruoholahti,Helsinki,2018Q1,Studio,26.35,308.0
00180,Kamppi - Ruoholahti,Helsinki,2018Q1,Two-bedroom+,15.82,88.0
00180,Kamppi - Ruoholahti,Helsinki,2018Q2,One-bedroom,21.86,218.0
00180,Kamppi - Ruoholahti,Helsinki,2018Q2,Studio,26.28,303.0
00180,Kamppi - Ruoholahti,Helsinki,2018Q2,Two-bedroom+,15.83,88.0
00180,Kamppi - Ruoholahti,Helsinki,2018Q3,One-bedroom,20.69,183.0
00180,Kamppi - Ruoholahti,Helsinki,2018Q3,Studio,25.04,252.0
00180,Kamppi - Ruoholahti,Helsinki,2018Q3,Two-bedroom+,15.83,82.0
00180,Kamppi - Ruoholahti,Helsinki,2018Q4,One-bedroom,20.47,185.0
00180,Kamppi - Ruoholahti,Helsinki,2018Q4,Studio,25.64,263.0
00180,Kamppi - Ruoholahti,Helsinki,2018Q4,Two-bedroom+,15.85,85.0
00180,Kamppi - Ruoholahti,Helsinki,2019Q1,One-bedroom,20.63,173.0
00180,Kamppi - Ruoholahti,Helsinki,2019Q1,Studio,25.63,278.0
00180,Kamppi - Ruoholahti,Helsinki,2019Q1,Two-bedroom+,15.99,80.0
00180,Kamppi - Ruoholahti,Helsinki,2019Q2,One-bedroom,20.23,190.0
00180,Kamppi - Ruoholahti,Helsinki,2019Q2,Studio,25.86,278.0
00180,Kamppi - Ruoholahti,Helsinki,2019Q2,Two-bedroom+,15.85,78.0
00180,Kamppi - Ruoholahti,Helsinki,2019Q3,One-bedroom,20.12,197.0
00180,Kamppi - Ruoholahti,Helsinki,2019Q3,Studio,26.18,264.0
00180,Kamppi - Ruoholahti,Helsinki,2019Q3,Two-bedroom+,15.9,73.0
00180,Kamppi - Ruoholahti,Helsinki,2019Q4,One-bedroom,20.58,193.0
00180,Kamppi - Ruoholahti,Helsinki,2019Q4,Studio,26.5,273.0
00180,Kamppi - Ruoholahti,Helsinki,2019Q4,Two-bedroom+,16.07,76.0
00180,Kamppi - Ruoholahti,Helsinki,2020Q1,One-bedroom,21.31,180.0
00180,Kamppi - Ruoholahti,Helsinki,2020Q1,Studio,26.54,267.0
00180,Kamppi - Ruoholahti,Helsinki,2020Q1,Two-bedroom+,15.97,78.0
00180,Kamppi - Ruoholahti,Helsinki,2020Q2,One-bedroom,20.95,228.0
00180,Kamppi - Ruoholahti,Helsinki,2020Q2,Studio,26.72,359.0
00180,Kamppi - Ruoholahti,Helsinki,2020Q2,Two-bedroom+,15.94,98.0
00180,Kamppi - Ruoholahti,Helsinki,2020Q3,One-bedroom,20.96,229.0
00180,Kamppi - Ruoholahti,Helsinki,2020Q3,Studio,26.92,375.0
00180,Kamppi - Ruoholahti,Helsinki,2020Q3,Two-bedroom+,15.93,96.0
00180,Kamppi - Ruoholahti,Helsinki,2020Q4,One-bedroom,20.84,234.0
00180,Kamppi - Ruoholahti,Helsinki,2020Q4,Studio,26.95,399.0
00180,Kamppi - Ruoholahti,Helsinki,2020Q4,Two-bedroom+,16.05,91.0
00180,Kamppi - Ruoholahti,Helsinki,2021Q1,One-bedroom,21.14,236.0
00180,Kamppi - Ruoholahti,Helsinki,2021Q1,Studio,27.13,387.0
00180,Kamppi - Ruoholahti,Helsinki,2021Q1,Two-bedroom+,16.15,84.0
00180,Kamppi - Ruoholahti,Helsinki,2021Q2,One-bedroom,20.92,233.0
00180,Kamppi - Ruoholahti,Helsinki,2021Q2,Studio,26.81,391.0
00180,Kamppi - Ruoholahti,Helsinki,2021Q2,Two-bedroom+,16.11,86.0
00180,Kamppi - Ruoholahti,Helsinki,2021Q3,One-bedroom,21.08,214.0
00180,Kamppi - Ruoholahti,Helsinki,2021Q3,Studio,26.53,380.0
00180,Kamppi - Ruoholahti,Helsinki,2021Q3,Two-bedroom+,16.25,89.0
00180,Kamppi - Ruoholahti,Helsinki,2021Q4,One-bedroom,21.15,228.0
00180,Kamppi - Ruoholahti,Helsinki,2021Q4,Studio,26.56,393.0
00180,Kamppi - Ruoholahti,Helsinki,2021Q4,Two-bedroom+,16.24,89.0
00180,Kamppi - Ruoholahti,Helsinki,2022Q1,One-bedroom,21.74,211.0
00180,Kamppi - Ruoholahti,Helsinki,2022Q1,Studio,26.94,421.0
00180,Kamppi - Ruoholahti,Helsinki,2022Q1,Two-bedroom+,16.32,68.0
00180,Kamppi - Ruoholahti,Helsinki,2022Q2,One-bedroom,22.88,176.0
00180,Kamppi - Ruoholahti,Helsinki,2022Q2,Studio,27.26,368.0
00180,Kamppi - Ruoholahti,Helsinki,2022Q2,Two-bedroom+,17.33,40.0
00180,Kamppi - Ruoholahti,Helsinki,2022Q3,One-bedroom,22.85,168.0
00180,Kamppi - Ruoholahti,Helsinki,2022Q3,Studio,26.97,349.0
00180,Kamppi - Ruoholahti,Helsinki,2022Q3,Two-bedroom+,17.56,34.0
00180,Kamppi - Ruoholahti,Helsinki,2022Q4,One-bedroom,22.66,177.0
00180,Kamppi - Ruoholahti,Helsinki,2022Q4,Studio,27.39,364.0
00180,Kamppi - Ruoholahti,Helsinki,2022Q4,Two-bedroom+,17.5,33.0
00180,Kamppi - Ruoholahti,Helsinki,2023Q1,One-bedroom,23.12,173.0
00180,Kamppi - Ruoholahti,Helsinki,2023Q1,Studio,27.53,364.0
00180,Kamppi - Ruoholahti,Helsinki,2023Q1,Two-bedroom+,17.44,40.0
00180,Kamppi - Ruoholahti,Helsinki,2023Q2,One-bedroom,22.81,185.0
00180,Kamppi - Ruoholahti,Helsinki,2023Q2,Studio,27.26,355.0
00180,Kamppi - Ruoholahti,Helsinki,2023Q2,Two-bedroom+,17.54,38.0
00180,Kamppi - Ruoholahti,Helsinki,2023Q3,One-bedroom,22.88,179.0
00180,Kamppi - Ruoholahti,Helsinki,2023Q3,Studio,27.42,350.0
00180,Kamppi - Ruoholahti,Helsinki,2023Q3,Two-bedroom+,17.15,41.0
00180,Kamppi - Ruoholahti,Helsinki,2023Q4,One-bedroom,24.41,217.0
00180,Kamppi - Ruoholahti,Helsinki,2023Q4,Studio,28.19,379.0
00180,Kamppi - Ruoholahti,Helsinki,2023Q4,Two-bedroom+,20.48,58.0
00180,Kamppi - Ruoholahti,Helsinki,2024Q1,One-bedroom,24.31,213.0
00180,Kamppi - Ruoholahti,Helsinki,2024Q1,Studio,28.32,378.0
00180,Kamppi - Ruoholahti,Helsinki,2024Q1,Two-bedroom+,20.99,53.0
00180,Kamppi - Ruoholahti,Helsinki,2024Q2,One-bedroom,24.46,210.0
00180,Kamppi - Ruoholahti,Helsinki,2024Q2,Studio,28.37,342.0
00180,Kamppi - Ruoholahti,Helsinki,2024Q2,Two-bedroom+,21.51,52.0
00180,Kamppi - Ruoholahti,Helsinki,2024Q3,One-bedroom,24.89,201.0
00180,Kamppi - Ruoholahti,Helsinki,2024Q3,Studio,28.38,342.0
00180,Kamppi - Ruoholahti,Helsinki,2024Q3,Two-bedroom+,21.32,47.0
00180,Kamppi - Ruoholahti,Helsinki,2024Q4,One-bedroom,24.69,206.0
00180,Kamppi - Ruoholahti,Helsinki,2024Q4,Studio,28.38,354.0
00180,Kamppi - Ruoholahti,Helsinki,2024Q4,Two-bedroom+,21.89,44.0
00180,Kamppi - Ruoholahti,Helsinki,2025Q1,One-bedroom,24.77,211.0
00180,Kamppi - Ruoholahti,Helsinki,2025Q1,Studio,28.47,388.0
00180,Kamppi - Ruoholahti,Helsinki,2025Q1,Two-bedroom+,21.51,45.0
00180,Kamppi - Ruoholahti,Helsinki,2025Q2,One-bedroom,25.1,190.0
00180,Kamppi - Ruoholahti,Helsinki,2025Q2,Studio,28.36,321.0
00180,Kamppi - Ruoholahti,Helsinki,2025Q2,Two-bedroom+,22.36,43.0
00180,Kamppi - Ruoholahti,Helsinki,2025Q3,Studio,29.06,326.0
00180,Kamppi - Ruoholahti,Helsinki,2025Q3,Two-bedroom+,24.91,51.0
00180,Kamppi - Ruoholahti,Helsinki,2025Q4,One-bedroom,23.13,202.0
00180,Kamppi - Ruoholahti,Helsinki,2025Q4,Studio,28.03,315.0
00180,Kamppi - Ruoholahti,Helsinki,2025Q4,Two-bedroom+,20.8,41.0
00200,Lauttasaari,Helsinki,2015Q1,One-bedroom,13.89,225.0
00200,Lauttasaari,Helsinki,2015Q1,Studio,22.63,387.0
00200,Lauttasaari,Helsinki,2015Q1,Two-bedroom+,14.24,45.0
00200,Lauttasaari,Helsinki,2015Q2,One-bedroom,14.21,223.0
00200,Lauttasaari,Helsinki,2015Q2,Studio,22.91,393.0
00200,Lauttasaari,Helsinki,2015Q2,Two-bedroom+,14.3,47.0
00200,Lauttasaari,Helsinki,2015Q3,One-bedroom,14.16,223.0
00200,Lauttasaari,Helsinki,2015Q3,Studio,22.98,367.0
00200,Lauttasaari,Helsinki,2015Q3,Two-bedroom+,13.27,50.0
00200,Lauttasaari,Helsinki,2015Q4,One-bedroom,14.3,242.0
00200,Lauttasaari,Helsinki,2015Q4,Studio,23.59,416.0
00200,Lauttasaari,Helsinki,2015Q4,Two-bedroom+,13.61,58.0
00200,Lauttasaari,Helsinki,2016Q1,One-bedroom,15.03,227.0
00200,Lauttasaari,Helsinki,2016Q1,Studio,23.67,422.0
00200,Lauttasaari,Helsinki,2016Q1,Two-bedroom+,14.95,49.0
00200,Lauttasaari,Helsinki,2016Q2,One-bedroom,15.01,250.0
00200,Lauttasaari,Helsinki,2016Q2,Studio,23.84,425.0
00200,Lauttasaari,Helsinki,2016Q2,Two-bedroom+,15.76,50.0
00200,Lauttasaari,Helsinki,2016Q3,One-bedroom,15.25,267.0
00200,Lauttasaari,Helsinki,2016Q3,Studio,23.74,419.0
00200,Lauttasaari,Helsinki,2016Q3,Two-bedroom+,16.25,45.0
00200,Lauttasaari,Helsinki,2016Q4,One-bedroom,15.23,271.0
00200,Lauttasaari,Helsinki,2016Q4,Studio,24.18,437.0
00200,Lauttasaari,Helsinki,2016Q4,Two-bedroom+,15.5,50.0
00200,Lauttasaari,Helsinki,2017Q1,One-bedroom,15.15,268.0
00200,Lauttasaari,Helsinki,2017Q1,Studio,24.02,444.0
00200,Lauttasaari,Helsinki,2017Q1,Two-bedroom+,15.67,53.0
00200,Lauttasaari,Helsinki,2017Q2,One-bedroom,15.82,289.0
00200,Lauttasaari,Helsinki,2017Q2,Studio,24.11,439.0
00200,Lauttasaari,Helsinki,2017Q2,Two-bedroom+,15.94,76.0
00200,Lauttasaari,Helsinki,2017Q3,One-bedroom,18.29,224.0
00200,Lauttasaari,Helsinki,2017Q3,Studio,24.5,425.0
00200,Lauttasaari,Helsinki,2017Q3,Two-bedroom+,17.56,67.0
00200,Lauttasaari,Helsinki,2017Q4,One-bedroom,19.14,236.0
00200,Lauttasaari,Helsinki,2017Q4,Studio,24.79,491.0
00200,Lauttasaari,Helsinki,2017Q4,Two-bedroom+,17.76,69.0
00200,Lauttasaari,Helsinki,2018Q1,One-bedroom,18.3,257.0
00200,Lauttasaari,Helsinki,2018Q1,Studio,24.36,500.0
00200,Lauttasaari,Helsinki,2018Q1,Two-bedroom+,17.33,74.0
00200,Lauttasaari,Helsinki,2018Q2,One-bedroom,18.35,261.0
00200,Lauttasaari,Helsinki,2018Q2,Studio,24.48,488.0
00200,Lauttasaari,Helsinki,2018Q2,Two-bedroom+,17.83,67.0
00200,Lauttasaari,Helsinki,2018Q3,One-bedroom,18.62,224.0
00200,Lauttasaari,Helsinki,2018Q3,Studio,24.62,440.0
00200,Lauttasaari,Helsinki,2018Q3,Two-bedroom+,18.15,60.0
00200,Lauttasaari,Helsinki,2018Q4,One-bedroom,19.37,217.0
00200,Lauttasaari,Helsinki,2018Q4,Studio,25.03,490.0
00200,Lauttasaari,Helsinki,2018Q4,Two-bedroom+,18.1,65.0
00200,Lauttasaari,Helsinki,2019Q1,One-bedroom,18.57,237.0
00200,Lauttasaari,Helsinki,2019Q1,Studio,24.76,501.0
00200,Lauttasaari,Helsinki,2019Q1,Two-bedroom+,17.95,63.0
00200,Lauttasaari,Helsinki,2019Q2,One-bedroom,18.77,230.0
00200,Lauttasaari,Helsinki,2019Q2,Studio,24.86,496.0
00200,Lauttasaari,Helsinki,2019Q2,Two-bedroom+,17.85,58.0
00200,Lauttasaari,Helsinki,2019Q3,One-bedroom,18.79,223.0
00200,Lauttasaari,Helsinki,2019Q3,Studio,25.26,444.0
00200,Lauttasaari,Helsinki,2019Q3,Two-bedroom+,18.15,54.0
00200,Lauttasaari,Helsinki,2019Q4,One-bedroom,19.94,209.0
00200,Lauttasaari,Helsinki,2019Q4,Studio,25.42,491.0
00200,Lauttasaari,Helsinki,2019Q4,Two-bedroom+,18.64,48.0
00200,Lauttasaari,Helsinki,2020Q1,One-bedroom,20.07,211.0
00200,Lauttasaari,Helsinki,2020Q1,Studio,25.64,481.0
00200,Lauttasaari,Helsinki,2020Q1,Two-bedroom+,18.49,64.0
00200,Lauttasaari,Helsinki,2020Q2,One-bedroom,20.39,232.0
00200,Lauttasaari,Helsinki,2020Q2,Studio,25.89,508.0
00200,Lauttasaari,Helsinki,2020Q2,Two-bedroom+,18.59,62.0
00200,Lauttasaari,Helsinki,2020Q3,One-bedroom,20.57,235.0
00200,Lauttasaari,Helsinki,2020Q3,Studio,26.11,509.0
00200,Lauttasaari,Helsinki,2020Q3,Two-bedroom+,18.49,69.0
00200,Lauttasaari,Helsinki,2020Q4,One-bedroom,20.5,237.0
00200,Lauttasaari,Helsinki,2020Q4,Studio,26.28,542.0
00200,Lauttasaari,Helsinki,2020Q4,Two-bedroom+,18.92,62.0
00200,Lauttasaari,Helsinki,2021Q1,One-bedroom,20.55,251.0
00200,Lauttasaari,Helsinki,2021Q1,Studio,26.37,559.0
00200,Lauttasaari,Helsinki,2021Q1,Two-bedroom+,19.06,65.0
00200,Lauttasaari,Helsinki,2021Q2,One-bedroom,20.72,247.0
00200,Lauttasaari,Helsinki,2021Q2,Studio,26.31,539.0
00200,Lauttasaari,Helsinki,2021Q2,Two-bedroom+,19.12,67.0
00200,Lauttasaari,Helsinki,2021Q3,One-bedroom,20.73,247.0
00200,Lauttasaari,Helsinki,2021Q3,Studio,26.43,475.0
00200,Lauttasaari,Helsinki,2021Q3,Two-bedroom+,19.39,63.0
00200,Lauttasaari,Helsinki,2021Q4,One-bedroom,20.81,241.0
00200,Lauttasaari,Helsinki,2021Q4,Studio,26.61,517.0
00200,Lauttasaari,Helsinki,2021Q4,Two-bedroom+,19.8,58.0
00200,Lauttasaari,Helsinki,2022Q1,One-bedroom,20.85,245.0
00200,Lauttasaari,Helsinki,2022Q1,Studio,26.59,510.0
00200,Lauttasaari,Helsinki,2022Q1,Two-bedroom+,19.17,62.0
00200,Lauttasaari,Helsinki,2022Q2,One-bedroom,20.65,236.0
00200,Lauttasaari,Helsinki,2022Q2,Studio,26.65,486.0
00200,Lauttasaari,Helsinki,2022Q2,Two-bedroom+,19.25,62.0
00200,Lauttasaari,Helsinki,2022Q3,One-bedroom,20.84,219.0
00200,Lauttasaari,Helsinki,2022Q3,Studio,26.42,469.0
00200,Lauttasaari,Helsinki,2022Q3,Two-bedroom+,19.27,62.0
00200,Lauttasaari,Helsinki,2022Q4,One-bedroom,20.93,234.0
00200,Lauttasaari,Helsinki,2022Q4,Studio,26.43,497.0
00200,Lauttasaari,Helsinki,2022Q4,Two-bedroom+,19.24,63.0
00200,Lauttasaari,Helsinki,2023Q1,One-bedroom,21.02,231.0
00200,Lauttasaari,Helsinki,2023Q1,Studio,26.51,492.0
00200,Lauttasaari,Helsinki,2023Q1,Two-bedroom+,19.52,64.0
00200,Lauttasaari,Helsinki,2023Q2,One-bedroom,20.88,233.0
00200,Lauttasaari,Helsinki,2023Q2,Studio,26.7,494.0
00200,Lauttasaari,Helsinki,2023Q2,Two-bedroom+,19.77,61.0
00200,Lauttasaari,Helsinki,2023Q3,One-bedroom,21.01,221.0
00200,Lauttasaari,Helsinki,2023Q3,Studio,26.75,499.0
00200,Lauttasaari,Helsinki,2023Q3,Two-bedroom+,19.84,58.0
00200,Lauttasaari,Helsinki,2023Q4,One-bedroom,21.07,236.0
00200,Lauttasaari,Helsinki,2023Q4,Studio,26.85,527.0
00200,Lauttasaari,Helsinki,2023Q4,Two-bedroom+,20.0,59.0
00200,Lauttasaari,Helsinki,2024Q1,One-bedroom,21.07,230.0
00200,Lauttasaari,Helsinki,2024Q1,Studio,26.95,533.0
00200,Lauttasaari,Helsinki,2024Q1,Two-bedroom+,20.21,58.0
00200,Lauttasaari,Helsinki,2024Q2,One-bedroom,20.99,214.0
00200,Lauttasaari,Helsinki,2024Q2,Studio,27.02,504.0
00200,Lauttasaari,Helsinki,2024Q2,Two-bedroom+,20.31,56.0
00200,Lauttasaari,Helsinki,2024Q3,One-bedroom,21.2,213.0
00200,Lauttasaari,Helsinki,2024Q3,Studio,27.06,469.0
00200,Lauttasaari,Helsinki,2024Q3,Two-bedroom+,21.18,55.0
00200,Lauttasaari,Helsinki,2024Q4,One-bedroom,21.42,201.0
00200,Lauttasaari,Helsinki,2024Q4,Studio,26.99,456.0
00200,Lauttasaari,Helsinki,2024Q4,Two-bedroom+,20.99,52.0
00200,Lauttasaari,Helsinki,2025Q1,One-bedroom,21.64,197.0
00200,Lauttasaari,Helsinki,2025Q1,Studio,27.07,500.0
00200,Lauttasaari,Helsinki,2025Q1,Two-bedroom+,20.16,61.0
00200,Lauttasaari,Helsinki,2025Q2,One-bedroom,21.93,156.0
00200,Lauttasaari,Helsinki,2025Q2,Studio,27.09,418.0
00200,Lauttasaari,Helsinki,2025Q2,Two-bedroom+,20.67,50.0
00200,Lauttasaari,Helsinki,2025Q3,One-bedroom,22.63,194.0
00200,Lauttasaari,Helsinki,2025Q3,Studio,26.85,345.0
00200,Lauttasaari,Helsinki,2025Q3,Two-bedroom+,21.52,66.0
00200,Lauttasaari,Helsinki,2025Q4,One-bedroom,18.92,194.0
00200,Lauttasaari,Helsinki,2025Q4,Studio,26.78,434.0
00200,Lauttasaari,Helsinki,2025Q4,Two-bedroom+,20.61,46.0
00210,Vattuniemi,Helsinki,2015Q1,One-bedroom,16.11,41.0
00210,Vattuniemi,Helsinki,2015Q1,Studio,21.15,50.0
00210,Vattuniemi,Helsinki,2015Q2,One-bedroom,15.63,50.0
00210,Vattuniemi,Helsinki,2015Q2,Studio,20.91,58.0
00210,Vattuniemi,Helsinki,2015Q3,One-bedroom,14.77,60.0
00210,Vattuniemi,Helsinki,2015Q3,Studio,20.31,62.0
00210,Vattuniemi,Helsinki,2015Q4,One-bedroom,14.98,64.0
00210,Vattuniemi,Helsinki,2015Q4,Studio,20.85,66.0
00210,Vattuniemi,Helsinki,2016Q1,One-bedroom,16.02,59.0
00210,Vattuniemi,Helsinki,2016Q1,Studio,21.1,57.0
00210,Vattuniemi,Helsinki,2016Q2,One-bedroom,16.07,60.0
00210,Vattuniemi,Helsinki,2016Q2,Studio,21.64,59.0
00210,Vattuniemi,Helsinki,2016Q3,One-bedroom,16.34,57.0
00210,Vattuniemi,Helsinki,2016Q3,Studio,22.17,58.0
00210,Vattuniemi,Helsinki,2016Q4,One-bedroom,18.85,94.0
00210,Vattuniemi,Helsinki,2016Q4,Studio,22.3,60.0
00210,Vattuniemi,Helsinki,2016Q4,Two-bedroom+,18.69,29.0
00210,Vattuniemi,Helsinki,2017Q1,One-bedroom,18.52,96.0
00210,Vattuniemi,Helsinki,2017Q1,Studio,21.95,71.0
00210,Vattuniemi,Helsinki,2017Q1,Two-bedroom+,19.77,27.0
00210,Vattuniemi,Helsinki,2017Q2,One-bedroom,18.75,94.0
00210,Vattuniemi,Helsinki,2017Q2,Studio,22.03,69.0
00210,Vattuniemi,Helsinki,2017Q2,Two-bedroom+,20.16,25.0
00210,Vattuniemi,Helsinki,2017Q3,One-bedroom,21.11,89.0
00210,Vattuniemi,Helsinki,2017Q3,Studio,22.45,65.0
00210,Vattuniemi,Helsinki,2017Q3,Two-bedroom+,20.86,25.0
00210,Vattuniemi,Helsinki,2017Q4,One-bedroom,21.09,91.0
00210,Vattuniemi,Helsinki,2017Q4,Studio,22.58,78.0
00210,Vattuniemi,Helsinki,2017Q4,Two-bedroom+,21.3,22.0
00210,Vattuniemi,Helsinki,2018Q1,One-bedroom,20.24,100.0
00210,Vattuniemi,Helsinki,2018Q1,Studio,22.15,76.0
00210,Vattuniemi,Helsinki,2018Q1,Two-bedroom+,19.92,25.0
00210,Vattuniemi,Helsinki,2018Q2,One-bedroom,20.19,98.0
00210,Vattuniemi,Helsinki,2018Q2,Studio,21.76,72.0
00210,Vattuniemi,Helsinki,2018Q2,Two-bedroom+,19.11,25.0
00210,Vattuniemi,Helsinki,2018Q3,One-bedroom,20.56,94.0
00210,Vattuniemi,Helsinki,2018Q3,Studio,21.81,70.0
00210,Vattuniemi,Helsinki,2018Q3,Two-bedroom+,19.64,23.0
00210,Vattuniemi,Helsinki,2018Q4,One-bedroom,21.14,85.0
00210,Vattuniemi,Helsinki,2018Q4,Studio,22.64,68.0
00210,Vattuniemi,Helsinki,2019Q1,One-bedroom,20.49,95.0
00210,Vattuniemi,Helsinki,2019Q1,Studio,21.83,72.0
00210,Vattuniemi,Helsinki,2019Q1,Two-bedroom+,20.36,23.0
00210,Vattuniemi,Helsinki,2019Q2,One-bedroom,20.75,91.0
00210,Vattuniemi,Helsinki,2019Q2,Studio,21.48,73.0
00210,Vattuniemi,Helsinki,2019Q2,Two-bedroom+,20.21,25.0
00210,Vattuniemi,Helsinki,2019Q3,One-bedroom,20.87,90.0
00210,Vattuniemi,Helsinki,2019Q3,Studio,21.95,67.0
00210,Vattuniemi,Helsinki,2019Q3,Two-bedroom+,21.1,23.0
00210,Vattuniemi,Helsinki,2019Q4,One-bedroom,22.05,79.0
00210,Vattuniemi,Helsinki,2019Q4,Studio,23.09,67.0
00210,Vattuniemi,Helsinki,2019Q4,Two-bedroom+,21.59,23.0
00210,Vattuniemi,Helsinki,2020Q1,One-bedroom,21.88,83.0
00210,Vattuniemi,Helsinki,2020Q1,Studio,23.48,71.0
00210,Vattuniemi,Helsinki,2020Q1,Two-bedroom+,20.9,24.0
00210,Vattuniemi,Helsinki,2020Q2,One-bedroom,21.72,85.0
00210,Vattuniemi,Helsinki,2020Q2,Studio,24.05,78.0
00210,Vattuniemi,Helsinki,2020Q2,Two-bedroom+,20.7,25.0
00210,Vattuniemi,Helsinki,2020Q3,One-bedroom,22.07,80.0
00210,Vattuniemi,Helsinki,2020Q3,Studio,24.2,75.0
00210,Vattuniemi,Helsinki,2020Q3,Two-bedroom+,20.46,26.0
00210,Vattuniemi,Helsinki,2020Q4,One-bedroom,21.88,88.0
00210,Vattuniemi,Helsinki,2020Q4,Studio,24.48,78.0
00210,Vattuniemi,Helsinki,2020Q4,Two-bedroom+,21.07,24.0
00210,Vattuniemi,Helsinki,2021Q1,One-bedroom,21.71,88.0
00210,Vattuniemi,Helsinki,2021Q1,Studio,24.95,78.0
00210,Vattuniemi,Helsinki,2021Q1,Two-bedroom+,21.04,25.0
00210,Vattuniemi,Helsinki,2021Q2,One-bedroom,22.2,85.0
00210,Vattuniemi,Helsinki,2021Q2,Studio,24.34,73.0
00210,Vattuniemi,Helsinki,2021Q2,Two-bedroom+,21.27,25.0
00210,Vattuniemi,Helsinki,2021Q3,One-bedroom,22.25,84.0
00210,Vattuniemi,Helsinki,2021Q3,Studio,24.39,71.0
00210,Vattuniemi,Helsinki,2021Q3,Two-bedroom+,22.07,22.0
00210,Vattuniemi,Helsinki,2021Q4,One-bedroom,22.43,84.0
00210,Vattuniemi,Helsinki,2021Q4,Studio,24.37,77.0
00210,Vattuniemi,Helsinki,2022Q1,One-bedroom,22.32,84.0
00210,Vattuniemi,Helsinki,2022Q1,Studio,24.83,73.0
00210,Vattuniemi,Helsinki,2022Q1,Two-bedroom+,22.29,24.0
00210,Vattuniemi,Helsinki,2022Q2,One-bedroom,22.79,81.0
00210,Vattuniemi,Helsinki,2022Q2,Studio,24.46,62.0
00210,Vattuniemi,Helsinki,2022Q2,Two-bedroom+,21.46,24.0
00210,Vattuniemi,Helsinki,2022Q3,One-bedroom,22.62,81.0
00210,Vattuniemi,Helsinki,2022Q3,Studio,23.85,58.0
00210,Vattuniemi,Helsinki,2022Q3,Two-bedroom+,21.16,26.0
00210,Vattuniemi,Helsinki,2022Q4,One-bedroom,22.68,80.0
00210,Vattuniemi,Helsinki,2022Q4,Studio,24.07,66.0
00210,Vattuniemi,Helsinki,2022Q4,Two-bedroom+,21.64,25.0
00210,Vattuniemi,Helsinki,2023Q1,One-bedroom,23.31,73.0
00210,Vattuniemi,Helsinki,2023Q1,Studio,23.9,68.0
00210,Vattuniemi,Helsinki,2023Q1,Two-bedroom+,21.72,25.0
00210,Vattuniemi,Helsinki,2023Q2,One-bedroom,23.37,74.0
00210,Vattuniemi,Helsinki,2023Q2,Studio,23.98,71.0
00210,Vattuniemi,Helsinki,2023Q2,Two-bedroom+,21.82,25.0
00210,Vattuniemi,Helsinki,2023Q3,One-bedroom,23.43,77.0
00210,Vattuniemi,Helsinki,2023Q3,Studio,24.1,75.0
00210,Vattuniemi,Helsinki,2023Q3,Two-bedroom+,22.22,27.0
00210,Vattuniemi,Helsinki,2023Q4,One-bedroom,23.16,77.0
00210,Vattuniemi,Helsinki,2023Q4,Studio,24.34,74.0
00210,Vattuniemi,Helsinki,2023Q4,Two-bedroom+,22.62,27.0
00210,Vattuniemi,Helsinki,2024Q1,One-bedroom,23.4,73.0
00210,Vattuniemi,Helsinki,2024Q1,Studio,24.36,79.0
00210,Vattuniemi,Helsinki,2024Q1,Two-bedroom+,22.14,28.0
00210,Vattuniemi,Helsinki,2024Q2,One-bedroom,23.38,74.0
00210,Vattuniemi,Helsinki,2024Q2,Studio,23.97,68.0
00210,Vattuniemi,Helsinki,2024Q2,Two-bedroom+,22.2,26.0
00210,Vattuniemi,Helsinki,2024Q3,One-bedroom,23.94,72.0
00210,Vattuniemi,Helsinki,2024Q3,Studio,24.62,74.0
00210,Vattuniemi,Helsinki,2024Q3,Two-bedroom+,22.06,28.0
00210,Vattuniemi,Helsinki,2024Q4,One-bedroom,24.4,70.0
00210,Vattuniemi,Helsinki,2024Q4,Studio,24.34,80.0
00210,Vattuniemi,Helsinki,2024Q4,Two-bedroom+,22.97,26.0
00210,Vattuniemi,Helsinki,2025Q1,One-bedroom,23.85,73.0
00210,Vattuniemi,Helsinki,2025Q1,Studio,24.25,79.0
00210,Vattuniemi,Helsinki,2025Q1,Two-bedroom+,22.73,24.0
00210,Vattuniemi,Helsinki,2025Q2,One-bedroom,23.79,69.0
00210,Vattuniemi,Helsinki,2025Q2,Studio,24.3,64.0
00210,Vattuniemi,Helsinki,2025Q2,Two-bedroom+,23.43,23.0
00210,Vattuniemi,Helsinki,2025Q3,One-bedroom,25.03,120.0
00210,Vattuniemi,Helsinki,2025Q3,Studio,24.3,60.0
00210,Vattuniemi,Helsinki,2025Q4,One-bedroom,22.92,96.0
00210,Vattuniemi,Helsinki,2025Q4,Studio,23.92,70.0
00210,Vattuniemi,Helsinki,2025Q4,Two-bedroom+,24.46,27.0
00220,Jätkäsaari,Helsinki,2022Q1,Studio,31.98,207.0
00220,Jätkäsaari,Helsinki,2024Q4,Studio,31.8,210.0
00220,Jätkäsaari,Helsinki,2025Q1,Studio,31.46,208.0
00240,Länsi-Pasila,Helsinki,2015Q1,One-bedroom,10.99,23.0
00240,Länsi-Pasila,Helsinki,2015Q2,One-bedroom,12.3,20.0
00240,Länsi-Pasila,Helsinki,2020Q1,Studio,23.24,61.0
00240,Länsi-Pasila,Helsinki,2020Q2,Studio,23.53,66.0
00240,Länsi-Pasila,Helsinki,2020Q3,Studio,23.45,65.0
00240,Länsi-Pasila,Helsinki,2020Q4,Studio,23.81,63.0
00240,Länsi-Pasila,Helsinki,2021Q1,Studio,24.13,62.0
00240,Länsi-Pasila,Helsinki,2021Q2,Studio,24.52,61.0
00240,Länsi-Pasila,Helsinki,2021Q3,Studio,24.47,58.0
00240,Länsi-Pasila,Helsinki,2021Q4,Studio,24.56,63.0
00240,Länsi-Pasila,Helsinki,2022Q1,Studio,25.15,78.0
00240,Länsi-Pasila,Helsinki,2022Q2,Studio,25.49,79.0
00240,Länsi-Pasila,Helsinki,2022Q3,Studio,25.61,76.0
00240,Länsi-Pasila,Helsinki,2022Q4,Studio,25.37,73.0
00240,Länsi-Pasila,Helsinki,2023Q1,Studio,25.82,73.0
00240,Länsi-Pasila,Helsinki,2023Q2,Studio,25.88,74.0
00240,Länsi-Pasila,Helsinki,2023Q3,Studio,26.03,68.0
00240,Länsi-Pasila,Helsinki,2023Q4,Studio,26.05,67.0
00240,Länsi-Pasila,Helsinki,2024Q1,Studio,26.15,69.0
00240,Länsi-Pasila,Helsinki,2024Q2,Studio,26.31,65.0
00240,Länsi-Pasila,Helsinki,2024Q3,Studio,26.24,66.0
00240,Länsi-Pasila,Helsinki,2024Q4,Studio,26.21,69.0
00240,Länsi-Pasila,Helsinki,2025Q1,Studio,26.31,64.0
00240,Länsi-Pasila,Helsinki,2025Q2,Studio,26.57,63.0
00240,Länsi-Pasila,Helsinki,2025Q3,Studio,26.61,73.0
00240,Länsi-Pasila,Helsinki,2025Q4,Studio,26.02,43.0
00250,Taka-Töölö,Helsinki,2015Q1,One-bedroom,16.45,206.0
00250,Taka-Töölö,Helsinki,2015Q1,Studio,25.27,365.0
00250,Taka-Töölö,Helsinki,2015Q1,Two-bedroom+,13.4,26.0
00250,Taka-Töölö,Helsinki,2015Q2,One-bedroom,16.7,210.0
00250,Taka-Töölö,Helsinki,2015Q2,Studio,25.2,372.0
00250,Taka-Töölö,Helsinki,2015Q2,Two-bedroom+,12.89,29.0
00250,Taka-Töölö,Helsinki,2015Q3,One-bedroom,16.95,224.0
00250,Taka-Töölö,Helsinki,2015Q3,Studio,25.16,369.0
00250,Taka-Töölö,Helsinki,2015Q3,Two-bedroom+,14.46,26.0
00250,Taka-Töölö,Helsinki,2015Q4,One-bedroom,16.47,242.0
00250,Taka-Töölö,Helsinki,2015Q4,Studio,25.25,394.0
00250,Taka-Töölö,Helsinki,2015Q4,Two-bedroom+,14.9,28.0
00250,Taka-Töölö,Helsinki,2016Q1,One-bedroom,16.69,253.0
00250,Taka-Töölö,Helsinki,2016Q1,Studio,25.72,416.0
00250,Taka-Töölö,Helsinki,2016Q1,Two-bedroom+,16.09,31.0
00250,Taka-Töölö,Helsinki,2016Q2,One-bedroom,17.44,252.0
00250,Taka-Töölö,Helsinki,2016Q2,Studio,25.67,443.0
00250,Taka-Töölö,Helsinki,2016Q2,Two-bedroom+,16.13,48.0
00250,Taka-Töölö,Helsinki,2016Q3,One-bedroom,17.65,264.0
00250,Taka-Töölö,Helsinki,2016Q3,Studio,26.19,425.0
00250,Taka-Töölö,Helsinki,2016Q3,Two-bedroom+,16.15,46.0
00250,Taka-Töölö,Helsinki,2016Q4,One-bedroom,17.08,280.0
00250,Taka-Töölö,Helsinki,2016Q4,Studio,26.06,459.0
00250,Taka-Töölö,Helsinki,2016Q4,Two-bedroom+,15.47,49.0
00250,Taka-Töölö,Helsinki,2017Q1,One-bedroom,17.55,264.0
00250,Taka-Töölö,Helsinki,2017Q1,Studio,26.31,420.0
00250,Taka-Töölö,Helsinki,2017Q1,Two-bedroom+,16.03,47.0
00250,Taka-Töölö,Helsinki,2017Q2,One-bedroom,18.03,251.0
00250,Taka-Töölö,Helsinki,2017Q2,Studio,26.38,421.0
00250,Taka-Töölö,Helsinki,2017Q2,Two-bedroom+,16.56,41.0
00250,Taka-Töölö,Helsinki,2017Q3,One-bedroom,20.16,217.0
00250,Taka-Töölö,Helsinki,2017Q3,Studio,26.75,431.0
00250,Taka-Töölö,Helsinki,2017Q3,Two-bedroom+,17.69,38.0
00250,Taka-Töölö,Helsinki,2017Q4,One-bedroom,21.0,223.0
00250,Taka-Töölö,Helsinki,2017Q4,Studio,26.73,466.0
00250,Taka-Töölö,Helsinki,2017Q4,Two-bedroom+,18.22,41.0
00250,Taka-Töölö,Helsinki,2018Q1,One-bedroom,20.94,245.0
00250,Taka-Töölö,Helsinki,2018Q1,Studio,26.7,491.0
00250,Taka-Töölö,Helsinki,2018Q1,Two-bedroom+,17.39,45.0
00250,Taka-Töölö,Helsinki,2018Q2,One-bedroom,21.04,239.0
00250,Taka-Töölö,Helsinki,2018Q2,Studio,26.67,485.0
00250,Taka-Töölö,Helsinki,2018Q2,Two-bedroom+,17.5,47.0
00250,Taka-Töölö,Helsinki,2018Q3,One-bedroom,21.15,224.0
00250,Taka-Töölö,Helsinki,2018Q3,Studio,27.23,435.0
00250,Taka-Töölö,Helsinki,2018Q3,Two-bedroom+,17.74,40.0
00250,Taka-Töölö,Helsinki,2018Q4,One-bedroom,21.32,212.0
00250,Taka-Töölö,Helsinki,2018Q4,Studio,27.09,463.0
00250,Taka-Töölö,Helsinki,2018Q4,Two-bedroom+,19.04,35.0
00250,Taka-Töölö,Helsinki,2019Q1,One-bedroom,21.34,223.0
00250,Taka-Töölö,Helsinki,2019Q1,Studio,27.36,501.0
00250,Taka-Töölö,Helsinki,2019Q1,Two-bedroom+,17.61,42.0
00250,Taka-Töölö,Helsinki,2019Q2,One-bedroom,21.37,213.0
00250,Taka-Töölö,Helsinki,2019Q2,Studio,27.49,501.0
00250,Taka-Töölö,Helsinki,2019Q2,Two-bedroom+,17.69,45.0
00250,Taka-Töölö,Helsinki,2019Q3,One-bedroom,21.42,216.0
00250,Taka-Töölö,Helsinki,2019Q3,Studio,27.64,472.0
00250,Taka-Töölö,Helsinki,2019Q3,Two-bedroom+,17.81,42.0
00250,Taka-Töölö,Helsinki,2019Q4,One-bedroom,21.9,207.0
00250,Taka-Töölö,Helsinki,2019Q4,Studio,27.74,481.0
00250,Taka-Töölö,Helsinki,2019Q4,Two-bedroom+,18.91,41.0
00250,Taka-Töölö,Helsinki,2020Q1,One-bedroom,21.82,223.0
00250,Taka-Töölö,Helsinki,2020Q1,Studio,27.81,501.0
00250,Taka-Töölö,Helsinki,2020Q1,Two-bedroom+,19.05,43.0
00250,Taka-Töölö,Helsinki,2020Q2,One-bedroom,21.47,264.0
00250,Taka-Töölö,Helsinki,2020Q2,Studio,27.86,633.0
00250,Taka-Töölö,Helsinki,2020Q2,Two-bedroom+,19.56,40.0
00250,Taka-Töölö,Helsinki,2020Q3,One-bedroom,21.5,264.0
00250,Taka-Töölö,Helsinki,2020Q3,Studio,28.15,650.0
00250,Taka-Töölö,Helsinki,2020Q3,Two-bedroom+,19.84,39.0
00250,Taka-Töölö,Helsinki,2020Q4,One-bedroom,21.63,275.0
00250,Taka-Töölö,Helsinki,2020Q4,Studio,28.17,661.0
00250,Taka-Töölö,Helsinki,2020Q4,Two-bedroom+,19.61,42.0
00250,Taka-Töölö,Helsinki,2021Q1,One-bedroom,21.37,272.0
00250,Taka-Töölö,Helsinki,2021Q1,Studio,28.34,644.0
00250,Taka-Töölö,Helsinki,2021Q1,Two-bedroom+,19.68,39.0
00250,Taka-Töölö,Helsinki,2021Q2,One-bedroom,21.51,272.0
00250,Taka-Töölö,Helsinki,2021Q2,Studio,28.29,614.0
00250,Taka-Töölö,Helsinki,2021Q2,Two-bedroom+,19.72,39.0
00250,Taka-Töölö,Helsinki,2021Q3,One-bedroom,21.58,267.0
00250,Taka-Töölö,Helsinki,2021Q3,Studio,28.38,582.0
00250,Taka-Töölö,Helsinki,2021Q3,Two-bedroom+,19.36,44.0
00250,Taka-Töölö,Helsinki,2021Q4,One-bedroom,21.58,264.0
00250,Taka-Töölö,Helsinki,2021Q4,Studio,28.13,641.0
00250,Taka-Töölö,Helsinki,2021Q4,Two-bedroom+,19.55,39.0
00250,Taka-Töölö,Helsinki,2022Q1,One-bedroom,21.7,265.0
00250,Taka-Töölö,Helsinki,2022Q1,Studio,28.17,645.0
00250,Taka-Töölö,Helsinki,2022Q1,Two-bedroom+,19.68,39.0
00250,Taka-Töölö,Helsinki,2022Q2,One-bedroom,21.46,238.0
00250,Taka-Töölö,Helsinki,2022Q2,Studio,28.07,574.0
00250,Taka-Töölö,Helsinki,2022Q2,Two-bedroom+,20.41,31.0
00250,Taka-Töölö,Helsinki,2022Q3,One-bedroom,21.49,233.0
00250,Taka-Töölö,Helsinki,2022Q3,Studio,28.14,556.0
00250,Taka-Töölö,Helsinki,2022Q3,Two-bedroom+,20.6,32.0
00250,Taka-Töölö,Helsinki,2022Q4,One-bedroom,21.19,250.0
00250,Taka-Töölö,Helsinki,2022Q4,Studio,28.15,579.0
00250,Taka-Töölö,Helsinki,2022Q4,Two-bedroom+,20.05,35.0
00250,Taka-Töölö,Helsinki,2023Q1,One-bedroom,21.08,254.0
00250,Taka-Töölö,Helsinki,2023Q1,Studio,28.26,577.0
00250,Taka-Töölö,Helsinki,2023Q1,Two-bedroom+,19.86,38.0
00250,Taka-Töölö,Helsinki,2023Q2,One-bedroom,21.14,255.0
00250,Taka-Töölö,Helsinki,2023Q2,Studio,28.4,593.0
00250,Taka-Töölö,Helsinki,2023Q2,Two-bedroom+,19.9,39.0
00250,Taka-Töölö,Helsinki,2023Q3,One-bedroom,21.31,237.0
00250,Taka-Töölö,Helsinki,2023Q3,Studio,28.48,601.0
00250,Taka-Töölö,Helsinki,2023Q3,Two-bedroom+,19.7,42.0
00250,Taka-Töölö,Helsinki,2023Q4,One-bedroom,21.5,235.0
00250,Taka-Töölö,Helsinki,2023Q4,Studio,28.48,609.0
00250,Taka-Töölö,Helsinki,2023Q4,Two-bedroom+,19.94,40.0
00250,Taka-Töölö,Helsinki,2024Q1,One-bedroom,21.41,239.0
00250,Taka-Töölö,Helsinki,2024Q1,Studio,28.48,608.0
00250,Taka-Töölö,Helsinki,2024Q1,Two-bedroom+,20.11,39.0
00250,Taka-Töölö,Helsinki,2024Q2,One-bedroom,21.52,235.0
00250,Taka-Töölö,Helsinki,2024Q2,Studio,28.61,595.0
00250,Taka-Töölö,Helsinki,2024Q2,Two-bedroom+,20.35,38.0
00250,Taka-Töölö,Helsinki,2024Q3,One-bedroom,21.95,222.0
00250,Taka-Töölö,Helsinki,2024Q3,Studio,28.58,566.0
00250,Taka-Töölö,Helsinki,2024Q3,Two-bedroom+,20.29,35.0
00250,Taka-Töölö,Helsinki,2024Q4,One-bedroom,21.52,225.0
00250,Taka-Töölö,Helsinki,2024Q4,Studio,28.56,584.0
00250,Taka-Töölö,Helsinki,2024Q4,Two-bedroom+,20.52,35.0
00250,Taka-Töölö,Helsinki,2025Q1,One-bedroom,21.68,230.0
00250,Taka-Töölö,Helsinki,2025Q1,Studio,28.56,648.0
00250,Taka-Töölö,Helsinki,2025Q1,Two-bedroom+,20.69,35.0
00250,Taka-Töölö,Helsinki,2025Q2,One-bedroom,22.0,197.0
00250,Taka-Töölö,Helsinki,2025Q2,Studio,28.65,548.0
00250,Taka-Töölö,Helsinki,2025Q2,Two-bedroom+,21.48,32.0
00250,Taka-Töölö,Helsinki,2025Q3,One-bedroom,22.84,197.0
00250,Taka-Töölö,Helsinki,2025Q3,Studio,28.45,455.0
00250,Taka-Töölö,Helsinki,2025Q4,One-bedroom,18.85,227.0
00250,Taka-Töölö,Helsinki,2025Q4,Studio,28.65,559.0
00250,Taka-Töölö,Helsinki,2025Q4,Two-bedroom+,18.49,41.0
00260,Keski-Töölö,Helsinki,2015Q1,One-bedroom,19.06,77.0
00260,Keski-Töölö,Helsinki,2015Q1,Studio,24.54,123.0
00260,Keski-Töölö,Helsinki,2015Q2,One-bedroom,18.91,75.0
00260,Keski-Töölö,Helsinki,2015Q2,Studio,25.02,123.0
00260,Keski-Töölö,Helsinki,2015Q3,One-bedroom,18.89,72.0
00260,Keski-Töölö,Helsinki,2015Q3,Studio,25.13,126.0
00260,Keski-Töölö,Helsinki,2015Q4,One-bedroom,18.69,77.0
00260,Keski-Töölö,Helsinki,2015Q4,Studio,25.14,140.0
00260,Keski-Töölö,Helsinki,2016Q1,One-bedroom,19.16,75.0
00260,Keski-Töölö,Helsinki,2016Q1,Studio,25.15,134.0
00260,Keski-Töölö,Helsinki,2016Q2,One-bedroom,19.49,79.0
00260,Keski-Töölö,Helsinki,2016Q2,Studio,25.22,127.0
00260,Keski-Töölö,Helsinki,2016Q3,One-bedroom,19.1,95.0
00260,Keski-Töölö,Helsinki,2016Q3,Studio,25.56,124.0
00260,Keski-Töölö,Helsinki,2016Q4,One-bedroom,19.35,92.0
00260,Keski-Töölö,Helsinki,2016Q4,Studio,25.32,140.0
00260,Keski-Töölö,Helsinki,2017Q1,One-bedroom,19.81,90.0
00260,Keski-Töölö,Helsinki,2017Q1,Studio,25.52,145.0
00260,Keski-Töölö,Helsinki,2017Q2,One-bedroom,20.9,83.0
00260,Keski-Töölö,Helsinki,2017Q2,Studio,25.64,146.0
00260,Keski-Töölö,Helsinki,2017Q3,One-bedroom,22.36,77.0
00260,Keski-Töölö,Helsinki,2017Q3,Studio,26.33,144.0
00260,Keski-Töölö,Helsinki,2017Q4,One-bedroom,22.62,78.0
00260,Keski-Töölö,Helsinki,2017Q4,Studio,26.37,157.0
00260,Keski-Töölö,Helsinki,2018Q1,One-bedroom,22.23,80.0
00260,Keski-Töölö,Helsinki,2018Q1,Studio,26.08,162.0
00260,Keski-Töölö,Helsinki,2018Q2,One-bedroom,22.63,74.0
00260,Keski-Töölö,Helsinki,2018Q2,Studio,26.01,147.0
00260,Keski-Töölö,Helsinki,2018Q3,One-bedroom,22.56,72.0
00260,Keski-Töölö,Helsinki,2018Q3,Studio,25.99,131.0
00260,Keski-Töölö,Helsinki,2018Q4,One-bedroom,22.78,74.0
00260,Keski-Töölö,Helsinki,2018Q4,Studio,26.9,149.0
00260,Keski-Töölö,Helsinki,2019Q1,One-bedroom,22.26,77.0
00260,Keski-Töölö,Helsinki,2019Q1,Studio,26.51,151.0
00260,Keski-Töölö,Helsinki,2019Q2,One-bedroom,22.49,75.0
00260,Keski-Töölö,Helsinki,2019Q2,Studio,26.83,139.0
00260,Keski-Töölö,Helsinki,2019Q3,One-bedroom,22.92,70.0
00260,Keski-Töölö,Helsinki,2019Q3,Studio,26.85,141.0
00260,Keski-Töölö,Helsinki,2019Q4,One-bedroom,23.61,71.0
00260,Keski-Töölö,Helsinki,2019Q4,Studio,27.41,142.0
00260,Keski-Töölö,Helsinki,2020Q1,One-bedroom,23.96,74.0
00260,Keski-Töölö,Helsinki,2020Q1,Studio,27.27,147.0
00260,Keski-Töölö,Helsinki,2020Q2,One-bedroom,23.42,98.0
00260,Keski-Töölö,Helsinki,2020Q2,Studio,27.26,197.0
00260,Keski-Töölö,Helsinki,2020Q3,One-bedroom,23.08,101.0
00260,Keski-Töölö,Helsinki,2020Q3,Studio,27.32,197.0
00260,Keski-Töölö,Helsinki,2020Q4,One-bedroom,22.91,96.0
00260,Keski-Töölö,Helsinki,2020Q4,Studio,27.5,208.0
00260,Keski-Töölö,Helsinki,2021Q1,One-bedroom,22.93,96.0
00260,Keski-Töölö,Helsinki,2021Q1,Studio,27.4,217.0
00260,Keski-Töölö,Helsinki,2021Q2,One-bedroom,23.23,97.0
00260,Keski-Töölö,Helsinki,2021Q2,Studio,27.26,217.0
00260,Keski-Töölö,Helsinki,2021Q3,One-bedroom,23.04,95.0
00260,Keski-Töölö,Helsinki,2021Q3,Studio,27.13,195.0
00260,Keski-Töölö,Helsinki,2021Q4,One-bedroom,22.7,96.0
00260,Keski-Töölö,Helsinki,2021Q4,Studio,27.03,199.0
00260,Keski-Töölö,Helsinki,2022Q1,One-bedroom,23.03,98.0
00260,Keski-Töölö,Helsinki,2022Q1,Studio,27.24,212.0
00260,Keski-Töölö,Helsinki,2022Q2,One-bedroom,23.13,98.0
00260,Keski-Töölö,Helsinki,2022Q2,Studio,27.38,187.0
00260,Keski-Töölö,Helsinki,2022Q3,One-bedroom,23.29,86.0
00260,Keski-Töölö,Helsinki,2022Q3,Studio,27.03,190.0
00260,Keski-Töölö,Helsinki,2022Q4,One-bedroom,23.01,88.0
00260,Keski-Töölö,Helsinki,2022Q4,Studio,27.23,202.0
00260,Keski-Töölö,Helsinki,2023Q1,One-bedroom,22.86,88.0
00260,Keski-Töölö,Helsinki,2023Q1,Studio,27.24,202.0
00260,Keski-Töölö,Helsinki,2023Q2,One-bedroom,22.78,90.0
00260,Keski-Töölö,Helsinki,2023Q2,Studio,27.08,201.0
00260,Keski-Töölö,Helsinki,2023Q3,One-bedroom,22.69,92.0
00260,Keski-Töölö,Helsinki,2023Q3,Studio,27.06,198.0
00260,Keski-Töölö,Helsinki,2023Q4,One-bedroom,22.8,100.0
00260,Keski-Töölö,Helsinki,2023Q4,Studio,26.92,211.0
00260,Keski-Töölö,Helsinki,2024Q1,One-bedroom,22.86,101.0
00260,Keski-Töölö,Helsinki,2024Q1,Studio,27.07,209.0
00260,Keski-Töölö,Helsinki,2024Q2,One-bedroom,22.74,90.0
00260,Keski-Töölö,Helsinki,2024Q2,Studio,27.07,205.0
00260,Keski-Töölö,Helsinki,2024Q3,One-bedroom,22.69,85.0
00260,Keski-Töölö,Helsinki,2024Q3,Studio,26.89,187.0
00260,Keski-Töölö,Helsinki,2024Q4,One-bedroom,22.71,89.0
00260,Keski-Töölö,Helsinki,2024Q4,Studio,27.17,185.0
00260,Keski-Töölö,Helsinki,2025Q1,One-bedroom,22.77,88.0
00260,Keski-Töölö,Helsinki,2025Q1,Studio,27.2,197.0
00260,Keski-Töölö,Helsinki,2025Q2,One-bedroom,23.13,75.0
00260,Keski-Töölö,Helsinki,2025Q2,Studio,27.14,174.0
00260,Keski-Töölö,Helsinki,2025Q3,One-bedroom,23.69,68.0
00260,Keski-Töölö,Helsinki,2025Q3,Studio,27.03,145.0
00260,Keski-Töölö,Helsinki,2025Q4,One-bedroom,20.43,85.0
00260,Keski-Töölö,Helsinki,2025Q4,Studio,27.39,184.0
00270,Pohjois-Meilahti,Helsinki,2015Q1,One-bedroom,14.67,136.0
00270,Pohjois-Meilahti,Helsinki,2015Q1,Studio,25.44,193.0
00270,Pohjois-Meilahti,Helsinki,2015Q2,One-bedroom,14.52,142.0
00270,Pohjois-Meilahti,Helsinki,2015Q2,Studio,25.55,210.0
00270,Pohjois-Meilahti,Helsinki,2015Q3,One-bedroom,14.89,138.0
00270,Pohjois-Meilahti,Helsinki,2015Q3,Studio,25.57,197.0
00270,Pohjois-Meilahti,Helsinki,2015Q3,Two-bedroom+,10.93,21.0
00270,Pohjois-Meilahti,Helsinki,2015Q4,One-bedroom,15.38,146.0
00270,Pohjois-Meilahti,Helsinki,2015Q4,Studio,25.7,209.0
00270,Pohjois-Meilahti,Helsinki,2015Q4,Two-bedroom+,10.77,21.0
00270,Pohjois-Meilahti,Helsinki,2016Q1,One-bedroom,15.75,125.0
00270,Pohjois-Meilahti,Helsinki,2016Q1,Studio,26.09,204.0
00270,Pohjois-Meilahti,Helsinki,2016Q2,One-bedroom,15.91,133.0
00270,Pohjois-Meilahti,Helsinki,2016Q2,Studio,26.22,211.0
00270,Pohjois-Meilahti,Helsinki,2016Q2,Two-bedroom+,11.3,20.0
00270,Pohjois-Meilahti,Helsinki,2016Q3,One-bedroom,16.37,125.0
00270,Pohjois-Meilahti,Helsinki,2016Q3,Studio,26.11,221.0
00270,Pohjois-Meilahti,Helsinki,2016Q3,Two-bedroom+,11.4,24.0
00270,Pohjois-Meilahti,Helsinki,2016Q4,One-bedroom,15.71,133.0
00270,Pohjois-Meilahti,Helsinki,2016Q4,Studio,26.61,235.0
00270,Pohjois-Meilahti,Helsinki,2016Q4,Two-bedroom+,12.12,27.0
00270,Pohjois-Meilahti,Helsinki,2017Q1,One-bedroom,15.83,145.0
00270,Pohjois-Meilahti,Helsinki,2017Q1,Studio,26.65,247.0
00270,Pohjois-Meilahti,Helsinki,2017Q1,Two-bedroom+,12.37,23.0
00270,Pohjois-Meilahti,Helsinki,2017Q2,One-bedroom,16.1,146.0
00270,Pohjois-Meilahti,Helsinki,2017Q2,Studio,26.97,249.0
00270,Pohjois-Meilahti,Helsinki,2017Q2,Two-bedroom+,13.52,27.0
00270,Pohjois-Meilahti,Helsinki,2017Q3,One-bedroom,18.72,133.0
00270,Pohjois-Meilahti,Helsinki,2017Q3,Studio,27.47,248.0
00270,Pohjois-Meilahti,Helsinki,2017Q4,One-bedroom,19.52,135.0
00270,Pohjois-Meilahti,Helsinki,2017Q4,Studio,27.51,288.0
00270,Pohjois-Meilahti,Helsinki,2018Q1,One-bedroom,19.14,152.0
00270,Pohjois-Meilahti,Helsinki,2018Q1,Studio,27.44,307.0
00270,Pohjois-Meilahti,Helsinki,2018Q1,Two-bedroom+,16.11,20.0
00270,Pohjois-Meilahti,Helsinki,2018Q2,One-bedroom,18.89,147.0
00270,Pohjois-Meilahti,Helsinki,2018Q2,Studio,27.34,287.0
00270,Pohjois-Meilahti,Helsinki,2018Q3,One-bedroom,19.05,131.0
00270,Pohjois-Meilahti,Helsinki,2018Q3,Studio,26.99,254.0
00270,Pohjois-Meilahti,Helsinki,2018Q4,One-bedroom,18.92,136.0
00270,Pohjois-Meilahti,Helsinki,2018Q4,Studio,27.53,272.0
00270,Pohjois-Meilahti,Helsinki,2019Q1,One-bedroom,19.02,140.0
00270,Pohjois-Meilahti,Helsinki,2019Q1,Studio,27.52,301.0
00270,Pohjois-Meilahti,Helsinki,2019Q1,Two-bedroom+,15.65,20.0
00270,Pohjois-Meilahti,Helsinki,2019Q2,One-bedroom,19.12,136.0
00270,Pohjois-Meilahti,Helsinki,2019Q2,Studio,27.85,301.0
00270,Pohjois-Meilahti,Helsinki,2019Q2,Two-bedroom+,14.52,23.0
00270,Pohjois-Meilahti,Helsinki,2019Q3,One-bedroom,19.44,127.0
00270,Pohjois-Meilahti,Helsinki,2019Q3,Studio,28.19,280.0
00270,Pohjois-Meilahti,Helsinki,2019Q3,Two-bedroom+,14.72,22.0
00270,Pohjois-Meilahti,Helsinki,2019Q4,One-bedroom,19.74,133.0
00270,Pohjois-Meilahti,Helsinki,2019Q4,Studio,28.59,287.0
00270,Pohjois-Meilahti,Helsinki,2020Q1,One-bedroom,19.74,138.0
00270,Pohjois-Meilahti,Helsinki,2020Q1,Studio,28.55,285.0
00270,Pohjois-Meilahti,Helsinki,2020Q2,One-bedroom,19.92,135.0
00270,Pohjois-Meilahti,Helsinki,2020Q2,Studio,28.64,297.0
00270,Pohjois-Meilahti,Helsinki,2020Q3,One-bedroom,20.1,137.0
00270,Pohjois-Meilahti,Helsinki,2020Q3,Studio,28.74,283.0
00270,Pohjois-Meilahti,Helsinki,2020Q3,Two-bedroom+,17.94,20.0
00270,Pohjois-Meilahti,Helsinki,2020Q4,One-bedroom,20.22,141.0
00270,Pohjois-Meilahti,Helsinki,2020Q4,Studio,28.82,306.0
00270,Pohjois-Meilahti,Helsinki,2021Q1,One-bedroom,20.15,156.0
00270,Pohjois-Meilahti,Helsinki,2021Q1,Studio,29.03,329.0
00270,Pohjois-Meilahti,Helsinki,2021Q2,One-bedroom,19.9,156.0
00270,Pohjois-Meilahti,Helsinki,2021Q2,Studio,28.84,309.0
00270,Pohjois-Meilahti,Helsinki,2021Q2,Two-bedroom+,18.13,20.0
00270,Pohjois-Meilahti,Helsinki,2021Q3,One-bedroom,20.08,144.0
00270,Pohjois-Meilahti,Helsinki,2021Q3,Studio,28.64,280.0
00270,Pohjois-Meilahti,Helsinki,2021Q3,Two-bedroom+,17.99,20.0
00270,Pohjois-Meilahti,Helsinki,2021Q4,One-bedroom,19.79,146.0
00270,Pohjois-Meilahti,Helsinki,2021Q4,Studio,28.86,308.0
00270,Pohjois-Meilahti,Helsinki,2022Q1,One-bedroom,20.19,153.0
00270,Pohjois-Meilahti,Helsinki,2022Q1,Studio,28.9,329.0
00270,Pohjois-Meilahti,Helsinki,2022Q1,Two-bedroom+,17.06,27.0
00270,Pohjois-Meilahti,Helsinki,2022Q2,One-bedroom,20.29,138.0
00270,Pohjois-Meilahti,Helsinki,2022Q2,Studio,28.89,289.0
00270,Pohjois-Meilahti,Helsinki,2022Q2,Two-bedroom+,17.68,24.0
00270,Pohjois-Meilahti,Helsinki,2022Q3,One-bedroom,19.91,137.0
00270,Pohjois-Meilahti,Helsinki,2022Q3,Studio,29.01,264.0
00270,Pohjois-Meilahti,Helsinki,2022Q3,Two-bedroom+,17.25,21.0
00270,Pohjois-Meilahti,Helsinki,2022Q4,One-bedroom,19.68,147.0
00270,Pohjois-Meilahti,Helsinki,2022Q4,Studio,28.91,288.0
00270,Pohjois-Meilahti,Helsinki,2022Q4,Two-bedroom+,16.35,23.0
00270,Pohjois-Meilahti,Helsinki,2023Q1,One-bedroom,19.61,137.0
00270,Pohjois-Meilahti,Helsinki,2023Q1,Studio,28.9,280.0
00270,Pohjois-Meilahti,Helsinki,2023Q1,Two-bedroom+,17.0,21.0
00270,Pohjois-Meilahti,Helsinki,2023Q2,One-bedroom,19.78,127.0
00270,Pohjois-Meilahti,Helsinki,2023Q2,Studio,29.04,283.0
00270,Pohjois-Meilahti,Helsinki,2023Q3,One-bedroom,19.9,125.0
00270,Pohjois-Meilahti,Helsinki,2023Q3,Studio,28.92,277.0
00270,Pohjois-Meilahti,Helsinki,2023Q4,One-bedroom,20.16,125.0
00270,Pohjois-Meilahti,Helsinki,2023Q4,Studio,28.97,298.0
00270,Pohjois-Meilahti,Helsinki,2024Q1,One-bedroom,19.84,124.0
00270,Pohjois-Meilahti,Helsinki,2024Q1,Studio,28.91,292.0
00270,Pohjois-Meilahti,Helsinki,2024Q2,One-bedroom,20.13,117.0
00270,Pohjois-Meilahti,Helsinki,2024Q2,Studio,28.67,271.0
00270,Pohjois-Meilahti,Helsinki,2024Q2,Two-bedroom+,16.82,20.0
00270,Pohjois-Meilahti,Helsinki,2024Q3,One-bedroom,19.97,109.0
00270,Pohjois-Meilahti,Helsinki,2024Q3,Studio,28.58,258.0
00270,Pohjois-Meilahti,Helsinki,2024Q4,One-bedroom,20.18,109.0
00270,Pohjois-Meilahti,Helsinki,2024Q4,Studio,28.5,280.0
00270,Pohjois-Meilahti,Helsinki,2025Q1,One-bedroom,20.27,114.0
00270,Pohjois-Meilahti,Helsinki,2025Q1,Studio,28.53,305.0
00270,Pohjois-Meilahti,Helsinki,2025Q2,One-bedroom,20.36,98.0
00270,Pohjois-Meilahti,Helsinki,2025Q2,Studio,28.4,242.0
00270,Pohjois-Meilahti,Helsinki,2025Q3,One-bedroom,20.65,82.0
00270,Pohjois-Meilahti,Helsinki,2025Q3,Studio,28.22,180.0
00270,Pohjois-Meilahti,Helsinki,2025Q4,One-bedroom,18.95,111.0
00270,Pohjois-Meilahti,Helsinki,2025Q4,Studio,28.36,246.0
00280,Ruskeasuo,Helsinki,2015Q1,One-bedroom,13.77,37.0
00280,Ruskeasuo,Helsinki,2015Q1,Studio,23.41,36.0
00280,Ruskeasuo,Helsinki,2015Q2,One-bedroom,14.83,32.0
00280,Ruskeasuo,Helsinki,2015Q2,Studio,23.81,37.0
00280,Ruskeasuo,Helsinki,2015Q3,One-bedroom,14.35,40.0
00280,Ruskeasuo,Helsinki,2015Q3,Studio,23.68,40.0
00280,Ruskeasuo,Helsinki,2015Q4,One-bedroom,14.69,44.0
00280,Ruskeasuo,Helsinki,2015Q4,Studio,23.46,39.0
00280,Ruskeasuo,Helsinki,2016Q1,One-bedroom,15.44,42.0
00280,Ruskeasuo,Helsinki,2016Q1,Studio,23.23,37.0
00280,Ruskeasuo,Helsinki,2016Q2,One-bedroom,16.09,42.0
00280,Ruskeasuo,Helsinki,2016Q2,Studio,23.93,40.0
00280,Ruskeasuo,Helsinki,2016Q3,One-bedroom,14.5,37.0
00280,Ruskeasuo,Helsinki,2016Q3,Studio,24.38,44.0
00280,Ruskeasuo,Helsinki,2016Q4,One-bedroom,14.91,40.0
00280,Ruskeasuo,Helsinki,2016Q4,Studio,23.31,51.0
00280,Ruskeasuo,Helsinki,2017Q1,One-bedroom,14.58,36.0
00280,Ruskeasuo,Helsinki,2017Q1,Studio,23.46,46.0
00280,Ruskeasuo,Helsinki,2017Q2,One-bedroom,15.58,45.0
00280,Ruskeasuo,Helsinki,2017Q2,Studio,23.04,56.0
00280,Ruskeasuo,Helsinki,2017Q3,One-bedroom,16.84,36.0
00280,Ruskeasuo,Helsinki,2017Q3,Studio,24.04,53.0
00280,Ruskeasuo,Helsinki,2017Q4,One-bedroom,17.58,37.0
00280,Ruskeasuo,Helsinki,2017Q4,Studio,24.1,59.0
00280,Ruskeasuo,Helsinki,2018Q1,One-bedroom,17.04,41.0
00280,Ruskeasuo,Helsinki,2018Q1,Studio,23.35,60.0
00280,Ruskeasuo,Helsinki,2018Q2,One-bedroom,17.09,38.0
00280,Ruskeasuo,Helsinki,2018Q2,Studio,23.65,58.0
00280,Ruskeasuo,Helsinki,2018Q3,One-bedroom,17.1,33.0
00280,Ruskeasuo,Helsinki,2018Q3,Studio,23.76,49.0
00280,Ruskeasuo,Helsinki,2018Q4,One-bedroom,17.92,34.0
00280,Ruskeasuo,Helsinki,2018Q4,Studio,24.67,56.0
00280,Ruskeasuo,Helsinki,2019Q1,One-bedroom,17.61,34.0
00280,Ruskeasuo,Helsinki,2019Q1,Studio,24.01,59.0
00280,Ruskeasuo,Helsinki,2019Q2,One-bedroom,17.74,35.0
00280,Ruskeasuo,Helsinki,2019Q2,Studio,24.16,61.0
00280,Ruskeasuo,Helsinki,2019Q3,One-bedroom,17.21,30.0
00280,Ruskeasuo,Helsinki,2019Q3,Studio,24.23,59.0
00280,Ruskeasuo,Helsinki,2019Q4,One-bedroom,18.54,29.0
00280,Ruskeasuo,Helsinki,2019Q4,Studio,24.86,64.0
00280,Ruskeasuo,Helsinki,2020Q1,One-bedroom,18.31,31.0
00280,Ruskeasuo,Helsinki,2020Q1,Studio,24.29,57.0
00280,Ruskeasuo,Helsinki,2020Q2,One-bedroom,18.47,35.0
00280,Ruskeasuo,Helsinki,2020Q2,Studio,24.96,59.0
00280,Ruskeasuo,Helsinki,2020Q3,One-bedroom,19.14,35.0
00280,Ruskeasuo,Helsinki,2020Q3,Studio,25.97,59.0
00280,Ruskeasuo,Helsinki,2020Q4,One-bedroom,19.1,34.0
00280,Ruskeasuo,Helsinki,2020Q4,Studio,25.79,62.0
00280,Ruskeasuo,Helsinki,2021Q1,One-bedroom,18.59,34.0
00280,Ruskeasuo,Helsinki,2021Q1,Studio,25.98,58.0
00280,Ruskeasuo,Helsinki,2021Q2,One-bedroom,18.28,25.0
00280,Ruskeasuo,Helsinki,2021Q2,Studio,26.11,59.0
00280,Ruskeasuo,Helsinki,2021Q3,One-bedroom,18.47,27.0
00280,Ruskeasuo,Helsinki,2021Q3,Studio,25.84,54.0
00280,Ruskeasuo,Helsinki,2021Q4,One-bedroom,19.0,27.0
00280,Ruskeasuo,Helsinki,2021Q4,Studio,25.53,59.0
00280,Ruskeasuo,Helsinki,2022Q1,One-bedroom,19.08,28.0
00280,Ruskeasuo,Helsinki,2022Q1,Studio,25.64,67.0
00280,Ruskeasuo,Helsinki,2022Q2,One-bedroom,19.02,25.0
00280,Ruskeasuo,Helsinki,2022Q2,Studio,25.68,60.0
00280,Ruskeasuo,Helsinki,2022Q3,One-bedroom,18.22,24.0
00280,Ruskeasuo,Helsinki,2022Q3,Studio,25.89,54.0
00280,Ruskeasuo,Helsinki,2022Q4,One-bedroom,18.41,28.0
00280,Ruskeasuo,Helsinki,2022Q4,Studio,25.99,52.0
00280,Ruskeasuo,Helsinki,2023Q1,One-bedroom,18.94,28.0
00280,Ruskeasuo,Helsinki,2023Q1,Studio,26.38,49.0
00280,Ruskeasuo,Helsinki,2023Q2,One-bedroom,19.08,30.0
00280,Ruskeasuo,Helsinki,2023Q2,Studio,25.99,56.0
00280,Ruskeasuo,Helsinki,2023Q3,One-bedroom,19.01,30.0
00280,Ruskeasuo,Helsinki,2023Q3,Studio,25.87,57.0
00280,Ruskeasuo,Helsinki,2023Q4,One-bedroom,19.38,28.0
00280,Ruskeasuo,Helsinki,2023Q4,Studio,26.44,58.0
00280,Ruskeasuo,Helsinki,2024Q1,One-bedroom,19.22,30.0
00280,Ruskeasuo,Helsinki,2024Q1,Studio,26.46,60.0
00280,Ruskeasuo,Helsinki,2024Q2,One-bedroom,18.73,31.0
00280,Ruskeasuo,Helsinki,2024Q2,Studio,26.16,51.0
00280,Ruskeasuo,Helsinki,2024Q3,One-bedroom,19.26,24.0
00280,Ruskeasuo,Helsinki,2024Q3,Studio,25.63,49.0
00280,Ruskeasuo,Helsinki,2024Q3,Two-bedroom+,16.97,20.0
00280,Ruskeasuo,Helsinki,2024Q4,One-bedroom,19.03,23.0
00280,Ruskeasuo,Helsinki,2024Q4,Studio,25.89,55.0
00280,Ruskeasuo,Helsinki,2024Q4,Two-bedroom+,16.84,22.0
00280,Ruskeasuo,Helsinki,2025Q1,One-bedroom,18.49,27.0
00280,Ruskeasuo,Helsinki,2025Q1,Studio,26.07,55.0
00280,Ruskeasuo,Helsinki,2025Q1,Two-bedroom+,16.07,32.0
00280,Ruskeasuo,Helsinki,2025Q2,One-bedroom,18.4,20.0
00280,Ruskeasuo,Helsinki,2025Q2,Studio,26.24,45.0
00280,Ruskeasuo,Helsinki,2025Q2,Two-bedroom+,17.22,21.0
00280,Ruskeasuo,Helsinki,2025Q3,Studio,25.19,35.0
00280,Ruskeasuo,Helsinki,2025Q3,Two-bedroom+,17.53,21.0
00280,Ruskeasuo,Helsinki,2025Q4,One-bedroom,16.73,29.0
00280,Ruskeasuo,Helsinki,2025Q4,Studio,25.48,51.0
00280,Ruskeasuo,Helsinki,2025Q4,Two-bedroom+,15.86,20.0
00300,Pikku Huopalahti,Helsinki,2015Q2,Studio,24.3,79.0
00300,Pikku Huopalahti,Helsinki,2015Q3,Studio,24.16,80.0
00300,Pikku Huopalahti,Helsinki,2015Q4,Studio,23.9,83.0
00300,Pikku Huopalahti,Helsinki,2016Q1,Studio,24.03,74.0
00300,Pikku Huopalahti,Helsinki,2016Q2,Studio,24.03,82.0
00300,Pikku Huopalahti,Helsinki,2016Q4,Studio,24.04,81.0
00300,Pikku Huopalahti,Helsinki,2018Q1,Studio,23.99,75.0
00300,Pikku Huopalahti,Helsinki,2018Q2,Studio,24.48,78.0
00300,Pikku Huopalahti,Helsinki,2019Q1,Studio,24.92,79.0
00300,Pikku Huopalahti,Helsinki,2019Q4,Studio,25.87,79.0
00300,Pikku Huopalahti,Helsinki,2020Q1,Studio,25.88,79.0
00300,Pikku Huopalahti,Helsinki,2020Q2,Studio,25.98,83.0
00300,Pikku Huopalahti,Helsinki,2020Q3,Studio,26.15,78.0
00300,Pikku Huopalahti,Helsinki,2020Q4,Studio,26.26,78.0
00300,Pikku Huopalahti,Helsinki,2021Q1,Studio,26.26,80.0
00300,Pikku Huopalahti,Helsinki,2021Q2,Studio,26.14,88.0
00300,Pikku Huopalahti,Helsinki,2021Q3,Studio,26.02,88.0
00300,Pikku Huopalahti,Helsinki,2021Q4,Studio,25.93,86.0
00300,Pikku Huopalahti,Helsinki,2022Q1,Studio,25.63,81.0
00300,Pikku Huopalahti,Helsinki,2022Q2,Studio,25.5,83.0
00300,Pikku Huopalahti,Helsinki,2022Q3,Studio,25.44,80.0
00300,Pikku Huopalahti,Helsinki,2022Q4,Studio,25.58,80.0
00300,Pikku Huopalahti,Helsinki,2023Q1,Studio,25.86,59.0
00300,Pikku Huopalahti,Helsinki,2023Q2,Studio,25.85,61.0
00300,Pikku Huopalahti,Helsinki,2023Q3,Studio,25.84,60.0
00300,Pikku Huopalahti,Helsinki,2023Q4,Studio,25.86,56.0
00300,Pikku Huopalahti,Helsinki,2024Q1,Studio,25.86,55.0
00300,Pikku Huopalahti,Helsinki,2024Q2,Studio,25.9,55.0
00300,Pikku Huopalahti,Helsinki,2024Q3,Studio,25.94,54.0
00300,Pikku Huopalahti,Helsinki,2024Q4,Studio,25.61,58.0
00300,Pikku Huopalahti,Helsinki,2025Q1,Studio,25.55,64.0
00300,Pikku Huopalahti,Helsinki,2025Q2,Studio,25.33,56.0
00300,Pikku Huopalahti,Helsinki,2025Q4,Studio,24.55,54.0
00310,Kivihaka,Helsinki,2015Q2,Studio,21.53,20.0
00310,Kivihaka,Helsinki,2015Q3,Studio,21.64,21.0
00310,Kivihaka,Helsinki,2015Q4,Studio,21.36,26.0
00310,Kivihaka,Helsinki,2016Q1,One-bedroom,13.69,20.0
00310,Kivihaka,Helsinki,2017Q2,Studio,20.54,20.0
00310,Kivihaka,Helsinki,2017Q3,Studio,20.68,22.0
00310,Kivihaka,Helsinki,2017Q4,Studio,21.33,29.0
00310,Kivihaka,Helsinki,2018Q1,Studio,21.13,30.0
00310,Kivihaka,Helsinki,2018Q2,Studio,21.37,28.0
00310,Kivihaka,Helsinki,2018Q3,Studio,21.81,23.0
00310,Kivihaka,Helsinki,2018Q4,Studio,22.45,27.0
00310,Kivihaka,Helsinki,2019Q1,Studio,21.9,28.0
00310,Kivihaka,Helsinki,2019Q2,Studio,21.89,24.0
00310,Kivihaka,Helsinki,2019Q3,Studio,22.25,23.0
00310,Kivihaka,Helsinki,2019Q4,Studio,23.03,25.0
00310,Kivihaka,Helsinki,2020Q1,Studio,23.82,28.0
00310,Kivihaka,Helsinki,2020Q2,Studio,23.86,36.0
00310,Kivihaka,Helsinki,2020Q3,Studio,23.53,36.0
00310,Kivihaka,Helsinki,2020Q4,Studio,23.35,30.0
00310,Kivihaka,Helsinki,2021Q1,Studio,23.74,32.0
00310,Kivihaka,Helsinki,2021Q2,Studio,23.83,32.0
00310,Kivihaka,Helsinki,2021Q3,Studio,23.8,27.0
00310,Kivihaka,Helsinki,2021Q4,Studio,22.98,29.0
00310,Kivihaka,Helsinki,2022Q1,Studio,23.38,26.0
00310,Kivihaka,Helsinki,2022Q2,Studio,23.66,26.0
00310,Kivihaka,Helsinki,2022Q3,Studio,23.51,21.0
00310,Kivihaka,Helsinki,2022Q4,Studio,22.94,26.0
00310,Kivihaka,Helsinki,2023Q1,Studio,23.17,29.0
00310,Kivihaka,Helsinki,2023Q2,Studio,23.72,30.0
00310,Kivihaka,Helsinki,2023Q3,Studio,23.44,28.0
00310,Kivihaka,Helsinki,2023Q4,Studio,23.75,21.0
00310,Kivihaka,Helsinki,2024Q1,Studio,23.64,26.0
00310,Kivihaka,Helsinki,2024Q2,Studio,23.68,27.0
00310,Kivihaka,Helsinki,2024Q3,Studio,23.77,28.0
00310,Kivihaka,Helsinki,2024Q4,Studio,23.61,21.0
00310,Kivihaka,Helsinki,2025Q1,Studio,23.17,20.0
00310,Kivihaka,Helsinki,2025Q2,Studio,23.25,21.0
00310,Kivihaka,Helsinki,2025Q4,Studio,22.49,21.0
00320,Etelä-Haaga,Helsinki,2015Q1,One-bedroom,14.39,133.0
00320,Etelä-Haaga,Helsinki,2015Q1,Studio,23.34,317.0
00320,Etelä-Haaga,Helsinki,2015Q1,Two-bedroom+,11.34,25.0
00320,Etelä-Haaga,Helsinki,2015Q2,One-bedroom,14.72,135.0
00320,Etelä-Haaga,Helsinki,2015Q2,Studio,23.88,316.0
00320,Etelä-Haaga,Helsinki,2015Q2,Two-bedroom+,12.12,25.0
00320,Etelä-Haaga,Helsinki,2015Q3,One-bedroom,15.56,135.0
00320,Etelä-Haaga,Helsinki,2015Q3,Studio,23.93,324.0
00320,Etelä-Haaga,Helsinki,2015Q3,Two-bedroom+,12.07,27.0
00320,Etelä-Haaga,Helsinki,2015Q4,One-bedroom,15.23,150.0
00320,Etelä-Haaga,Helsinki,2015Q4,Studio,23.77,370.0
00320,Etelä-Haaga,Helsinki,2015Q4,Two-bedroom+,12.16,29.0
00320,Etelä-Haaga,Helsinki,2016Q1,One-bedroom,15.77,164.0
00320,Etelä-Haaga,Helsinki,2016Q1,Studio,23.67,394.0
00320,Etelä-Haaga,Helsinki,2016Q1,Two-bedroom+,12.51,24.0
00320,Etelä-Haaga,Helsinki,2016Q2,One-bedroom,15.58,174.0
00320,Etelä-Haaga,Helsinki,2016Q2,Studio,23.9,388.0
00320,Etelä-Haaga,Helsinki,2016Q2,Two-bedroom+,13.25,24.0
00320,Etelä-Haaga,Helsinki,2016Q3,One-bedroom,15.48,157.0
00320,Etelä-Haaga,Helsinki,2016Q3,Studio,24.14,384.0
00320,Etelä-Haaga,Helsinki,2016Q3,Two-bedroom+,14.01,22.0
00320,Etelä-Haaga,Helsinki,2016Q4,One-bedroom,15.06,156.0
00320,Etelä-Haaga,Helsinki,2016Q4,Studio,24.15,416.0
00320,Etelä-Haaga,Helsinki,2016Q4,Two-bedroom+,13.84,25.0
00320,Etelä-Haaga,Helsinki,2017Q1,One-bedroom,15.09,155.0
00320,Etelä-Haaga,Helsinki,2017Q1,Studio,24.24,425.0
00320,Etelä-Haaga,Helsinki,2017Q1,Two-bedroom+,13.38,22.0
00320,Etelä-Haaga,Helsinki,2017Q2,One-bedroom,15.66,175.0
00320,Etelä-Haaga,Helsinki,2017Q2,Studio,24.47,428.0
00320,Etelä-Haaga,Helsinki,2017Q2,Two-bedroom+,13.75,27.0
00320,Etelä-Haaga,Helsinki,2017Q3,One-bedroom,17.81,147.0
00320,Etelä-Haaga,Helsinki,2017Q3,Studio,24.64,435.0
00320,Etelä-Haaga,Helsinki,2017Q3,Two-bedroom+,16.43,23.0
00320,Etelä-Haaga,Helsinki,2017Q4,One-bedroom,18.61,169.0
00320,Etelä-Haaga,Helsinki,2017Q4,Studio,24.55,496.0
00320,Etelä-Haaga,Helsinki,2017Q4,Two-bedroom+,16.28,21.0
00320,Etelä-Haaga,Helsinki,2018Q1,One-bedroom,18.1,180.0
00320,Etelä-Haaga,Helsinki,2018Q1,Studio,24.38,516.0
00320,Etelä-Haaga,Helsinki,2018Q1,Two-bedroom+,15.04,25.0
00320,Etelä-Haaga,Helsinki,2018Q2,One-bedroom,17.95,158.0
00320,Etelä-Haaga,Helsinki,2018Q2,Studio,24.72,485.0
00320,Etelä-Haaga,Helsinki,2018Q2,Two-bedroom+,15.14,27.0
00320,Etelä-Haaga,Helsinki,2018Q3,One-bedroom,18.0,143.0
00320,Etelä-Haaga,Helsinki,2018Q3,Studio,24.86,434.0
00320,Etelä-Haaga,Helsinki,2018Q3,Two-bedroom+,15.36,25.0
00320,Etelä-Haaga,Helsinki,2018Q4,One-bedroom,18.9,141.0
00320,Etelä-Haaga,Helsinki,2018Q4,Studio,25.01,473.0
00320,Etelä-Haaga,Helsinki,2018Q4,Two-bedroom+,16.73,22.0
00320,Etelä-Haaga,Helsinki,2019Q1,One-bedroom,18.2,149.0
00320,Etelä-Haaga,Helsinki,2019Q1,Studio,25.03,494.0
00320,Etelä-Haaga,Helsinki,2019Q1,Two-bedroom+,16.37,22.0
00320,Etelä-Haaga,Helsinki,2019Q2,One-bedroom,18.03,164.0
00320,Etelä-Haaga,Helsinki,2019Q2,Studio,24.98,490.0
00320,Etelä-Haaga,Helsinki,2019Q2,Two-bedroom+,17.12,22.0
00320,Etelä-Haaga,Helsinki,2019Q3,One-bedroom,18.38,160.0
00320,Etelä-Haaga,Helsinki,2019Q3,Studio,25.25,465.0
00320,Etelä-Haaga,Helsinki,2019Q3,Two-bedroom+,17.39,20.0
00320,Etelä-Haaga,Helsinki,2019Q4,One-bedroom,18.56,162.0
00320,Etelä-Haaga,Helsinki,2019Q4,Studio,25.8,456.0
00320,Etelä-Haaga,Helsinki,2019Q4,Two-bedroom+,17.94,20.0
00320,Etelä-Haaga,Helsinki,2020Q1,One-bedroom,18.78,153.0
00320,Etelä-Haaga,Helsinki,2020Q1,Studio,25.76,498.0
00320,Etelä-Haaga,Helsinki,2020Q1,Two-bedroom+,17.62,22.0
00320,Etelä-Haaga,Helsinki,2020Q2,One-bedroom,18.92,177.0
00320,Etelä-Haaga,Helsinki,2020Q2,Studio,25.77,560.0
00320,Etelä-Haaga,Helsinki,2020Q3,One-bedroom,18.95,183.0
00320,Etelä-Haaga,Helsinki,2020Q3,Studio,25.79,550.0
00320,Etelä-Haaga,Helsinki,2020Q4,One-bedroom,19.03,177.0
00320,Etelä-Haaga,Helsinki,2020Q4,Studio,25.86,571.0
00320,Etelä-Haaga,Helsinki,2021Q1,One-bedroom,19.04,170.0
00320,Etelä-Haaga,Helsinki,2021Q1,Studio,26.05,585.0
00320,Etelä-Haaga,Helsinki,2021Q1,Two-bedroom+,16.76,20.0
00320,Etelä-Haaga,Helsinki,2021Q2,One-bedroom,18.91,170.0
00320,Etelä-Haaga,Helsinki,2021Q2,Studio,26.19,556.0
00320,Etelä-Haaga,Helsinki,2021Q3,One-bedroom,18.91,146.0
00320,Etelä-Haaga,Helsinki,2021Q3,Studio,26.15,510.0
00320,Etelä-Haaga,Helsinki,2021Q4,One-bedroom,19.06,161.0
00320,Etelä-Haaga,Helsinki,2021Q4,Studio,26.17,541.0
00320,Etelä-Haaga,Helsinki,2022Q1,One-bedroom,19.13,162.0
00320,Etelä-Haaga,Helsinki,2022Q1,Studio,26.28,564.0
00320,Etelä-Haaga,Helsinki,2022Q2,One-bedroom,19.22,146.0
00320,Etelä-Haaga,Helsinki,2022Q2,Studio,26.32,502.0
00320,Etelä-Haaga,Helsinki,2022Q3,One-bedroom,19.4,138.0
00320,Etelä-Haaga,Helsinki,2022Q3,Studio,26.13,478.0
00320,Etelä-Haaga,Helsinki,2022Q4,One-bedroom,19.32,148.0
00320,Etelä-Haaga,Helsinki,2022Q4,Studio,26.1,517.0
00320,Etelä-Haaga,Helsinki,2023Q1,One-bedroom,19.13,153.0
00320,Etelä-Haaga,Helsinki,2023Q1,Studio,26.25,519.0
00320,Etelä-Haaga,Helsinki,2023Q2,One-bedroom,19.26,157.0
00320,Etelä-Haaga,Helsinki,2023Q2,Studio,26.2,509.0
00320,Etelä-Haaga,Helsinki,2023Q2,Two-bedroom+,17.34,23.0
00320,Etelä-Haaga,Helsinki,2023Q3,One-bedroom,19.51,155.0
00320,Etelä-Haaga,Helsinki,2023Q3,Studio,26.27,518.0
00320,Etelä-Haaga,Helsinki,2023Q3,Two-bedroom+,17.56,21.0
00320,Etelä-Haaga,Helsinki,2023Q4,One-bedroom,19.66,154.0
00320,Etelä-Haaga,Helsinki,2023Q4,Studio,26.15,535.0
00320,Etelä-Haaga,Helsinki,2023Q4,Two-bedroom+,17.61,23.0
00320,Etelä-Haaga,Helsinki,2024Q1,One-bedroom,19.29,151.0
00320,Etelä-Haaga,Helsinki,2024Q1,Studio,26.08,545.0
00320,Etelä-Haaga,Helsinki,2024Q1,Two-bedroom+,18.06,24.0
00320,Etelä-Haaga,Helsinki,2024Q2,One-bedroom,19.27,142.0
00320,Etelä-Haaga,Helsinki,2024Q2,Studio,25.98,499.0
00320,Etelä-Haaga,Helsinki,2024Q2,Two-bedroom+,17.97,23.0
00320,Etelä-Haaga,Helsinki,2024Q3,One-bedroom,19.19,130.0
00320,Etelä-Haaga,Helsinki,2024Q3,Studio,25.95,510.0
00320,Etelä-Haaga,Helsinki,2024Q3,Two-bedroom+,17.78,21.0
00320,Etelä-Haaga,Helsinki,2024Q4,One-bedroom,19.35,138.0
00320,Etelä-Haaga,Helsinki,2024Q4,Studio,25.91,525.0
00320,Etelä-Haaga,Helsinki,2025Q1,One-bedroom,19.35,140.0
00320,Etelä-Haaga,Helsinki,2025Q1,Studio,25.97,601.0
00320,Etelä-Haaga,Helsinki,2025Q1,Two-bedroom+,15.92,24.0
00320,Etelä-Haaga,Helsinki,2025Q2,One-bedroom,19.71,106.0
00320,Etelä-Haaga,Helsinki,2025Q2,Studio,26.04,495.0
00320,Etelä-Haaga,Helsinki,2025Q3,One-bedroom,19.56,100.0
00320,Etelä-Haaga,Helsinki,2025Q3,Studio,26.01,406.0
00320,Etelä-Haaga,Helsinki,2025Q4,One-bedroom,17.82,106.0
00320,Etelä-Haaga,Helsinki,2025Q4,Studio,25.7,506.0
00330,Munkkiniemi,Helsinki,2015Q1,One-bedroom,15.14,85.0
00330,Munkkiniemi,Helsinki,2015Q1,Studio,23.42,130.0
00330,Munkkiniemi,Helsinki,2015Q1,Two-bedroom+,15.45,42.0
00330,Munkkiniemi,Helsinki,2015Q2,One-bedroom,15.7,89.0
00330,Munkkiniemi,Helsinki,2015Q2,Studio,23.41,128.0
00330,Munkkiniemi,Helsinki,2015Q2,Two-bedroom+,15.43,44.0
00330,Munkkiniemi,Helsinki,2015Q3,One-bedroom,15.79,93.0
00330,Munkkiniemi,Helsinki,2015Q3,Studio,23.11,134.0
00330,Munkkiniemi,Helsinki,2015Q3,Two-bedroom+,14.9,42.0
00330,Munkkiniemi,Helsinki,2015Q4,One-bedroom,15.21,101.0
00330,Munkkiniemi,Helsinki,2015Q4,Studio,23.54,136.0
00330,Munkkiniemi,Helsinki,2015Q4,Two-bedroom+,14.21,50.0
00330,Munkkiniemi,Helsinki,2016Q1,One-bedroom,15.32,99.0
00330,Munkkiniemi,Helsinki,2016Q1,Studio,24.35,130.0
00330,Munkkiniemi,Helsinki,2016Q1,Two-bedroom+,16.27,41.0
00330,Munkkiniemi,Helsinki,2016Q2,One-bedroom,15.24,105.0
00330,Munkkiniemi,Helsinki,2016Q2,Studio,24.45,130.0
00330,Munkkiniemi,Helsinki,2016Q2,Two-bedroom+,16.1,40.0
00330,Munkkiniemi,Helsinki,2016Q3,One-bedroom,16.41,104.0
00330,Munkkiniemi,Helsinki,2016Q3,Studio,24.73,135.0
00330,Munkkiniemi,Helsinki,2016Q3,Two-bedroom+,18.19,40.0
00330,Munkkiniemi,Helsinki,2016Q4,One-bedroom,16.36,111.0
00330,Munkkiniemi,Helsinki,2016Q4,Studio,24.76,146.0
00330,Munkkiniemi,Helsinki,2016Q4,Two-bedroom+,17.55,48.0
00330,Munkkiniemi,Helsinki,2017Q1,One-bedroom,16.67,108.0
00330,Munkkiniemi,Helsinki,2017Q1,Studio,24.52,160.0
00330,Munkkiniemi,Helsinki,2017Q1,Two-bedroom+,17.24,47.0
00330,Munkkiniemi,Helsinki,2017Q2,One-bedroom,17.02,108.0
00330,Munkkiniemi,Helsinki,2017Q2,Studio,24.89,156.0
00330,Munkkiniemi,Helsinki,2017Q2,Two-bedroom+,18.03,40.0
00330,Munkkiniemi,Helsinki,2017Q3,One-bedroom,19.14,105.0
00330,Munkkiniemi,Helsinki,2017Q3,Studio,24.91,162.0
00330,Munkkiniemi,Helsinki,2017Q3,Two-bedroom+,18.73,36.0
00330,Munkkiniemi,Helsinki,2017Q4,One-bedroom,19.62,104.0
00330,Munkkiniemi,Helsinki,2017Q4,Studio,24.91,186.0
00330,Munkkiniemi,Helsinki,2017Q4,Two-bedroom+,19.04,38.0
00330,Munkkiniemi,Helsinki,2018Q1,One-bedroom,18.83,106.0
00330,Munkkiniemi,Helsinki,2018Q1,Studio,24.63,195.0
00330,Munkkiniemi,Helsinki,2018Q1,Two-bedroom+,18.2,41.0
00330,Munkkiniemi,Helsinki,2018Q2,One-bedroom,19.15,95.0
00330,Munkkiniemi,Helsinki,2018Q2,Studio,24.61,184.0
00330,Munkkiniemi,Helsinki,2018Q2,Two-bedroom+,18.3,37.0
00330,Munkkiniemi,Helsinki,2018Q3,One-bedroom,19.85,87.0
00330,Munkkiniemi,Helsinki,2018Q3,Studio,24.85,164.0
00330,Munkkiniemi,Helsinki,2018Q3,Two-bedroom+,17.9,39.0
00330,Munkkiniemi,Helsinki,2018Q4,One-bedroom,19.85,96.0
00330,Munkkiniemi,Helsinki,2018Q4,Studio,25.26,182.0
00330,Munkkiniemi,Helsinki,2018Q4,Two-bedroom+,19.07,39.0
00330,Munkkiniemi,Helsinki,2019Q1,One-bedroom,19.79,109.0
00330,Munkkiniemi,Helsinki,2019Q1,Studio,25.34,187.0
00330,Munkkiniemi,Helsinki,2019Q1,Two-bedroom+,18.8,38.0
00330,Munkkiniemi,Helsinki,2019Q2,One-bedroom,19.13,93.0
00330,Munkkiniemi,Helsinki,2019Q2,Studio,25.35,171.0
00330,Munkkiniemi,Helsinki,2019Q2,Two-bedroom+,18.87,38.0
00330,Munkkiniemi,Helsinki,2019Q3,One-bedroom,20.05,83.0
00330,Munkkiniemi,Helsinki,2019Q3,Studio,25.52,166.0
00330,Munkkiniemi,Helsinki,2019Q3,Two-bedroom+,18.76,35.0
00330,Munkkiniemi,Helsinki,2019Q4,One-bedroom,20.17,83.0
00330,Munkkiniemi,Helsinki,2019Q4,Studio,25.87,170.0
00330,Munkkiniemi,Helsinki,2019Q4,Two-bedroom+,18.97,36.0
00330,Munkkiniemi,Helsinki,2020Q1,One-bedroom,19.78,89.0
00330,Munkkiniemi,Helsinki,2020Q1,Studio,25.99,184.0
00330,Munkkiniemi,Helsinki,2020Q1,Two-bedroom+,19.24,34.0
00330,Munkkiniemi,Helsinki,2020Q2,One-bedroom,19.96,102.0
00330,Munkkiniemi,Helsinki,2020Q2,Studio,25.79,196.0
00330,Munkkiniemi,Helsinki,2020Q2,Two-bedroom+,19.37,40.0
00330,Munkkiniemi,Helsinki,2020Q3,One-bedroom,20.09,102.0
00330,Munkkiniemi,Helsinki,2020Q3,Studio,25.89,196.0
00330,Munkkiniemi,Helsinki,2020Q3,Two-bedroom+,19.34,42.0
00330,Munkkiniemi,Helsinki,2020Q4,One-bedroom,19.8,106.0
00330,Munkkiniemi,Helsinki,2020Q4,Studio,25.98,201.0
00330,Munkkiniemi,Helsinki,2020Q4,Two-bedroom+,19.12,45.0
00330,Munkkiniemi,Helsinki,2021Q1,One-bedroom,20.1,116.0
00330,Munkkiniemi,Helsinki,2021Q1,Studio,25.95,210.0
00330,Munkkiniemi,Helsinki,2021Q1,Two-bedroom+,18.86,48.0
00330,Munkkiniemi,Helsinki,2021Q2,One-bedroom,20.45,113.0
00330,Munkkiniemi,Helsinki,2021Q2,Studio,26.08,190.0
00330,Munkkiniemi,Helsinki,2021Q2,Two-bedroom+,18.9,42.0
00330,Munkkiniemi,Helsinki,2021Q3,One-bedroom,20.26,108.0
00330,Munkkiniemi,Helsinki,2021Q3,Studio,26.21,177.0
00330,Munkkiniemi,Helsinki,2021Q3,Two-bedroom+,18.96,43.0
00330,Munkkiniemi,Helsinki,2021Q4,One-bedroom,20.46,107.0
00330,Munkkiniemi,Helsinki,2021Q4,Studio,26.06,178.0
00330,Munkkiniemi,Helsinki,2021Q4,Two-bedroom+,19.18,44.0
00330,Munkkiniemi,Helsinki,2022Q1,One-bedroom,20.38,117.0
00330,Munkkiniemi,Helsinki,2022Q1,Studio,25.89,204.0
00330,Munkkiniemi,Helsinki,2022Q1,Two-bedroom+,19.02,45.0
00330,Munkkiniemi,Helsinki,2022Q2,One-bedroom,20.92,105.0
00330,Munkkiniemi,Helsinki,2022Q2,Studio,26.18,190.0
00330,Munkkiniemi,Helsinki,2022Q2,Two-bedroom+,19.32,40.0
00330,Munkkiniemi,Helsinki,2022Q3,One-bedroom,21.12,99.0
00330,Munkkiniemi,Helsinki,2022Q3,Studio,26.17,185.0
00330,Munkkiniemi,Helsinki,2022Q3,Two-bedroom+,19.82,35.0
00330,Munkkiniemi,Helsinki,2022Q4,One-bedroom,20.9,95.0
00330,Munkkiniemi,Helsinki,2022Q4,Studio,26.37,188.0
00330,Munkkiniemi,Helsinki,2022Q4,Two-bedroom+,19.76,36.0
00330,Munkkiniemi,Helsinki,2023Q1,One-bedroom,20.73,86.0
00330,Munkkiniemi,Helsinki,2023Q1,Studio,26.33,190.0
00330,Munkkiniemi,Helsinki,2023Q1,Two-bedroom+,19.66,38.0
00330,Munkkiniemi,Helsinki,2023Q2,One-bedroom,20.99,91.0
00330,Munkkiniemi,Helsinki,2023Q2,Studio,26.42,179.0
00330,Munkkiniemi,Helsinki,2023Q2,Two-bedroom+,19.82,38.0
00330,Munkkiniemi,Helsinki,2023Q3,One-bedroom,20.85,101.0
00330,Munkkiniemi,Helsinki,2023Q3,Studio,26.6,175.0
00330,Munkkiniemi,Helsinki,2023Q3,Two-bedroom+,19.97,33.0
00330,Munkkiniemi,Helsinki,2023Q4,One-bedroom,20.92,104.0
00330,Munkkiniemi,Helsinki,2023Q4,Studio,26.42,193.0
00330,Munkkiniemi,Helsinki,2023Q4,Two-bedroom+,19.71,32.0
00330,Munkkiniemi,Helsinki,2024Q1,One-bedroom,20.93,102.0
00330,Munkkiniemi,Helsinki,2024Q1,Studio,26.38,191.0
00330,Munkkiniemi,Helsinki,2024Q1,Two-bedroom+,19.62,30.0
00330,Munkkiniemi,Helsinki,2024Q2,One-bedroom,21.25,95.0
00330,Munkkiniemi,Helsinki,2024Q2,Studio,26.35,177.0
00330,Munkkiniemi,Helsinki,2024Q2,Two-bedroom+,20.16,31.0
00330,Munkkiniemi,Helsinki,2024Q3,One-bedroom,21.64,80.0
00330,Munkkiniemi,Helsinki,2024Q3,Studio,26.45,164.0
00330,Munkkiniemi,Helsinki,2024Q3,Two-bedroom+,20.4,32.0
00330,Munkkiniemi,Helsinki,2024Q4,One-bedroom,21.28,74.0
00330,Munkkiniemi,Helsinki,2024Q4,Studio,26.62,177.0
00330,Munkkiniemi,Helsinki,2024Q4,Two-bedroom+,20.37,30.0
00330,Munkkiniemi,Helsinki,2025Q1,One-bedroom,21.62,82.0
00330,Munkkiniemi,Helsinki,2025Q1,Studio,26.13,193.0
00330,Munkkiniemi,Helsinki,2025Q1,Two-bedroom+,19.92,31.0
00330,Munkkiniemi,Helsinki,2025Q2,One-bedroom,22.14,61.0
00330,Munkkiniemi,Helsinki,2025Q2,Studio,26.48,163.0
00330,Munkkiniemi,Helsinki,2025Q2,Two-bedroom+,21.7,25.0
00330,Munkkiniemi,Helsinki,2025Q3,One-bedroom,23.75,65.0
00330,Munkkiniemi,Helsinki,2025Q3,Studio,26.9,127.0
00330,Munkkiniemi,Helsinki,2025Q3,Two-bedroom+,22.35,29.0
00330,Munkkiniemi,Helsinki,2025Q4,One-bedroom,20.36,128.0
00330,Munkkiniemi,Helsinki,2025Q4,Studio,26.49,173.0
00330,Munkkiniemi,Helsinki,2025Q4,Two-bedroom+,18.43,55.0
00340,Kuusisaari-Lehtisaari,Helsinki,2023Q3,One-bedroom,24.16,26.0
00340,Kuusisaari-Lehtisaari,Helsinki,2023Q4,One-bedroom,24.07,27.0
00340,Kuusisaari-Lehtisaari,Helsinki,2024Q1,One-bedroom,24.14,27.0
00340,Kuusisaari-Lehtisaari,Helsinki,2024Q3,One-bedroom,24.04,28.0
00340,Kuusisaari-Lehtisaari,Helsinki,2024Q4,One-bedroom,23.89,26.0
00350,Munkkivuori-Niemenmäki,Helsinki,2015Q1,One-bedroom,17.46,155.0
00350,Munkkivuori-Niemenmäki,Helsinki,2015Q1,Studio,25.26,277.0
00350,Munkkivuori-Niemenmäki,Helsinki,2015Q2,One-bedroom,17.88,153.0
00350,Munkkivuori-Niemenmäki,Helsinki,2015Q2,Studio,25.3,288.0
00350,Munkkivuori-Niemenmäki,Helsinki,2015Q3,One-bedroom,17.95,158.0
00350,Munkkivuori-Niemenmäki,Helsinki,2015Q3,Studio,25.61,277.0
00350,Munkkivuori-Niemenmäki,Helsinki,2015Q4,One-bedroom,17.49,160.0
00350,Munkkivuori-Niemenmäki,Helsinki,2015Q4,Studio,25.49,300.0
00350,Munkkivuori-Niemenmäki,Helsinki,2016Q1,One-bedroom,17.63,169.0
00350,Munkkivuori-Niemenmäki,Helsinki,2016Q1,Studio,25.42,296.0
00350,Munkkivuori-Niemenmäki,Helsinki,2016Q2,One-bedroom,17.82,163.0
00350,Munkkivuori-Niemenmäki,Helsinki,2016Q2,Studio,25.69,282.0
00350,Munkkivuori-Niemenmäki,Helsinki,2016Q3,One-bedroom,18.13,158.0
00350,Munkkivuori-Niemenmäki,Helsinki,2016Q3,Studio,25.9,274.0
00350,Munkkivuori-Niemenmäki,Helsinki,2016Q4,One-bedroom,17.33,168.0
00350,Munkkivuori-Niemenmäki,Helsinki,2016Q4,Studio,25.64,290.0
00350,Munkkivuori-Niemenmäki,Helsinki,2017Q1,One-bedroom,17.48,177.0
00350,Munkkivuori-Niemenmäki,Helsinki,2017Q1,Studio,25.76,297.0
00350,Munkkivuori-Niemenmäki,Helsinki,2017Q2,One-bedroom,17.48,173.0
00350,Munkkivuori-Niemenmäki,Helsinki,2017Q2,Studio,25.9,297.0
00350,Munkkivuori-Niemenmäki,Helsinki,2017Q3,One-bedroom,19.09,169.0
00350,Munkkivuori-Niemenmäki,Helsinki,2017Q3,Studio,25.68,314.0
00350,Munkkivuori-Niemenmäki,Helsinki,2017Q4,One-bedroom,19.47,165.0
00350,Munkkivuori-Niemenmäki,Helsinki,2017Q4,Studio,25.43,341.0
00350,Munkkivuori-Niemenmäki,Helsinki,2018Q1,One-bedroom,18.94,164.0
00350,Munkkivuori-Niemenmäki,Helsinki,2018Q1,Studio,25.38,354.0
00350,Munkkivuori-Niemenmäki,Helsinki,2018Q2,One-bedroom,19.09,169.0
00350,Munkkivuori-Niemenmäki,Helsinki,2018Q2,Studio,25.8,336.0
00350,Munkkivuori-Niemenmäki,Helsinki,2018Q3,One-bedroom,19.51,157.0
00350,Munkkivuori-Niemenmäki,Helsinki,2018Q3,Studio,26.49,297.0
00350,Munkkivuori-Niemenmäki,Helsinki,2018Q4,One-bedroom,19.91,155.0
00350,Munkkivuori-Niemenmäki,Helsinki,2018Q4,Studio,26.46,315.0
00350,Munkkivuori-Niemenmäki,Helsinki,2019Q1,One-bedroom,19.84,163.0
00350,Munkkivuori-Niemenmäki,Helsinki,2019Q1,Studio,26.41,340.0
00350,Munkkivuori-Niemenmäki,Helsinki,2019Q2,One-bedroom,20.05,163.0
00350,Munkkivuori-Niemenmäki,Helsinki,2019Q2,Studio,26.4,336.0
00350,Munkkivuori-Niemenmäki,Helsinki,2019Q3,One-bedroom,20.32,156.0
00350,Munkkivuori-Niemenmäki,Helsinki,2019Q3,Studio,26.52,317.0
00350,Munkkivuori-Niemenmäki,Helsinki,2019Q4,One-bedroom,20.36,159.0
00350,Munkkivuori-Niemenmäki,Helsinki,2019Q4,Studio,26.81,324.0
00350,Munkkivuori-Niemenmäki,Helsinki,2020Q1,One-bedroom,20.23,161.0
00350,Munkkivuori-Niemenmäki,Helsinki,2020Q1,Studio,26.88,319.0
00350,Munkkivuori-Niemenmäki,Helsinki,2020Q2,One-bedroom,19.97,162.0
00350,Munkkivuori-Niemenmäki,Helsinki,2020Q2,Studio,26.71,332.0
00350,Munkkivuori-Niemenmäki,Helsinki,2020Q3,One-bedroom,19.81,160.0
00350,Munkkivuori-Niemenmäki,Helsinki,2020Q3,Studio,26.79,331.0
00350,Munkkivuori-Niemenmäki,Helsinki,2020Q4,One-bedroom,19.69,164.0
00350,Munkkivuori-Niemenmäki,Helsinki,2020Q4,Studio,26.73,336.0
00350,Munkkivuori-Niemenmäki,Helsinki,2021Q1,One-bedroom,19.71,165.0
00350,Munkkivuori-Niemenmäki,Helsinki,2021Q1,Studio,26.49,330.0
00350,Munkkivuori-Niemenmäki,Helsinki,2021Q2,One-bedroom,19.64,160.0
00350,Munkkivuori-Niemenmäki,Helsinki,2021Q2,Studio,26.63,315.0
00350,Munkkivuori-Niemenmäki,Helsinki,2021Q3,One-bedroom,20.01,152.0
00350,Munkkivuori-Niemenmäki,Helsinki,2021Q3,Studio,26.93,309.0
00350,Munkkivuori-Niemenmäki,Helsinki,2021Q4,One-bedroom,20.21,156.0
00350,Munkkivuori-Niemenmäki,Helsinki,2021Q4,Studio,26.68,322.0
00350,Munkkivuori-Niemenmäki,Helsinki,2022Q1,One-bedroom,20.14,153.0
00350,Munkkivuori-Niemenmäki,Helsinki,2022Q1,Studio,26.61,316.0
00350,Munkkivuori-Niemenmäki,Helsinki,2022Q2,One-bedroom,20.6,139.0
00350,Munkkivuori-Niemenmäki,Helsinki,2022Q2,Studio,26.58,298.0
00350,Munkkivuori-Niemenmäki,Helsinki,2022Q3,One-bedroom,20.46,141.0
00350,Munkkivuori-Niemenmäki,Helsinki,2022Q3,Studio,26.55,289.0
00350,Munkkivuori-Niemenmäki,Helsinki,2022Q4,One-bedroom,20.41,140.0
00350,Munkkivuori-Niemenmäki,Helsinki,2022Q4,Studio,26.38,286.0
00350,Munkkivuori-Niemenmäki,Helsinki,2023Q1,One-bedroom,20.34,135.0
00350,Munkkivuori-Niemenmäki,Helsinki,2023Q1,Studio,26.22,296.0
00350,Munkkivuori-Niemenmäki,Helsinki,2023Q2,One-bedroom,20.46,136.0
00350,Munkkivuori-Niemenmäki,Helsinki,2023Q2,Studio,26.29,310.0
00350,Munkkivuori-Niemenmäki,Helsinki,2023Q3,One-bedroom,20.39,139.0
00350,Munkkivuori-Niemenmäki,Helsinki,2023Q3,Studio,26.13,316.0
00350,Munkkivuori-Niemenmäki,Helsinki,2023Q4,One-bedroom,20.94,158.0
00350,Munkkivuori-Niemenmäki,Helsinki,2023Q4,Studio,26.75,384.0
00350,Munkkivuori-Niemenmäki,Helsinki,2024Q1,One-bedroom,20.96,163.0
00350,Munkkivuori-Niemenmäki,Helsinki,2024Q1,Studio,26.68,393.0
00350,Munkkivuori-Niemenmäki,Helsinki,2024Q2,One-bedroom,21.09,153.0
00350,Munkkivuori-Niemenmäki,Helsinki,2024Q2,Studio,26.76,393.0
00350,Munkkivuori-Niemenmäki,Helsinki,2024Q3,One-bedroom,21.14,145.0
00350,Munkkivuori-Niemenmäki,Helsinki,2024Q3,Studio,26.9,385.0
00350,Munkkivuori-Niemenmäki,Helsinki,2024Q4,One-bedroom,21.5,132.0
00350,Munkkivuori-Niemenmäki,Helsinki,2024Q4,Studio,26.84,393.0
00350,Munkkivuori-Niemenmäki,Helsinki,2025Q1,One-bedroom,21.31,136.0
00350,Munkkivuori-Niemenmäki,Helsinki,2025Q1,Studio,26.67,411.0
00350,Munkkivuori-Niemenmäki,Helsinki,2025Q2,One-bedroom,22.01,117.0
00350,Munkkivuori-Niemenmäki,Helsinki,2025Q2,Studio,26.91,364.0
00350,Munkkivuori-Niemenmäki,Helsinki,2025Q3,One-bedroom,22.75,142.0
00350,Munkkivuori-Niemenmäki,Helsinki,2025Q3,Studio,27.12,401.0
00350,Munkkivuori-Niemenmäki,Helsinki,2025Q4,One-bedroom,20.57,127.0
00350,Munkkivuori-Niemenmäki,Helsinki,2025Q4,Studio,26.36,417.0
00360,Pajamäki,Helsinki,2015Q1,One-bedroom,16.93,27.0
00360,Pajamäki,Helsinki,2015Q1,Studio,23.59,53.0
00360,Pajamäki,Helsinki,2015Q2,One-bedroom,16.76,31.0
00360,Pajamäki,Helsinki,2015Q2,Studio,23.53,53.0
00360,Pajamäki,Helsinki,2015Q3,One-bedroom,16.51,34.0
00360,Pajamäki,Helsinki,2015Q3,Studio,23.43,51.0
00360,Pajamäki,Helsinki,2015Q4,One-bedroom,15.28,32.0
00360,Pajamäki,Helsinki,2015Q4,Studio,23.41,53.0
00360,Pajamäki,Helsinki,2016Q1,One-bedroom,15.29,27.0
00360,Pajamäki,Helsinki,2016Q1,Studio,24.31,47.0
00360,Pajamäki,Helsinki,2016Q1,Two-bedroom+,16.82,32.0
00360,Pajamäki,Helsinki,2016Q2,One-bedroom,16.09,31.0
00360,Pajamäki,Helsinki,2016Q2,Studio,24.16,47.0
00360,Pajamäki,Helsinki,2016Q3,One-bedroom,16.84,35.0
00360,Pajamäki,Helsinki,2016Q3,Studio,24.55,48.0
00360,Pajamäki,Helsinki,2016Q4,One-bedroom,15.96,39.0
00360,Pajamäki,Helsinki,2016Q4,Studio,24.52,57.0
00360,Pajamäki,Helsinki,2017Q1,One-bedroom,18.04,58.0
00360,Pajamäki,Helsinki,2017Q1,Studio,24.63,61.0
00360,Pajamäki,Helsinki,2017Q2,One-bedroom,17.98,84.0
00360,Pajamäki,Helsinki,2017Q2,Studio,25.15,73.0
00360,Pajamäki,Helsinki,2017Q3,One-bedroom,18.41,81.0
00360,Pajamäki,Helsinki,2017Q3,Studio,25.46,70.0
00360,Pajamäki,Helsinki,2017Q4,One-bedroom,18.87,79.0
00360,Pajamäki,Helsinki,2017Q4,Studio,25.27,74.0
00360,Pajamäki,Helsinki,2018Q1,One-bedroom,19.1,80.0
00360,Pajamäki,Helsinki,2018Q1,Studio,25.39,76.0
00360,Pajamäki,Helsinki,2018Q2,One-bedroom,18.99,82.0
00360,Pajamäki,Helsinki,2018Q2,Studio,25.37,74.0
00360,Pajamäki,Helsinki,2018Q3,One-bedroom,19.01,83.0
00360,Pajamäki,Helsinki,2018Q3,Studio,25.52,74.0
00360,Pajamäki,Helsinki,2018Q4,One-bedroom,19.17,81.0
00360,Pajamäki,Helsinki,2018Q4,Studio,25.51,83.0
00360,Pajamäki,Helsinki,2019Q1,One-bedroom,19.36,77.0
00360,Pajamäki,Helsinki,2019Q1,Studio,27.04,99.0
00360,Pajamäki,Helsinki,2019Q2,One-bedroom,19.31,76.0
00360,Pajamäki,Helsinki,2019Q2,Studio,26.84,102.0
00360,Pajamäki,Helsinki,2019Q3,One-bedroom,19.5,76.0
00360,Pajamäki,Helsinki,2019Q3,Studio,26.96,100.0
00360,Pajamäki,Helsinki,2019Q4,One-bedroom,19.8,74.0
00360,Pajamäki,Helsinki,2019Q4,Studio,27.15,104.0
00360,Pajamäki,Helsinki,2020Q1,One-bedroom,19.47,82.0
00360,Pajamäki,Helsinki,2020Q1,Studio,27.59,110.0
00360,Pajamäki,Helsinki,2020Q2,One-bedroom,19.4,84.0
00360,Pajamäki,Helsinki,2020Q2,Studio,27.48,107.0
00360,Pajamäki,Helsinki,2020Q3,One-bedroom,19.42,89.0
00360,Pajamäki,Helsinki,2020Q3,Studio,27.15,109.0
00360,Pajamäki,Helsinki,2020Q4,One-bedroom,19.26,88.0
00360,Pajamäki,Helsinki,2020Q4,Studio,27.4,109.0
00360,Pajamäki,Helsinki,2021Q1,One-bedroom,19.36,85.0
00360,Pajamäki,Helsinki,2021Q1,Studio,27.42,110.0
00360,Pajamäki,Helsinki,2021Q2,One-bedroom,19.17,85.0
00360,Pajamäki,Helsinki,2021Q2,Studio,27.77,101.0
00360,Pajamäki,Helsinki,2021Q3,One-bedroom,19.19,84.0
00360,Pajamäki,Helsinki,2021Q3,Studio,27.2,106.0
00360,Pajamäki,Helsinki,2021Q4,One-bedroom,19.26,84.0
00360,Pajamäki,Helsinki,2021Q4,Studio,27.56,102.0
00360,Pajamäki,Helsinki,2022Q1,One-bedroom,19.19,84.0
00360,Pajamäki,Helsinki,2022Q1,Studio,27.56,99.0
00360,Pajamäki,Helsinki,2022Q2,One-bedroom,19.21,82.0
00360,Pajamäki,Helsinki,2022Q2,Studio,27.75,94.0
00360,Pajamäki,Helsinki,2022Q3,One-bedroom,19.3,82.0
00360,Pajamäki,Helsinki,2022Q3,Studio,27.93,90.0
00360,Pajamäki,Helsinki,2022Q4,One-bedroom,19.06,86.0
00360,Pajamäki,Helsinki,2022Q4,Studio,27.96,94.0
00360,Pajamäki,Helsinki,2023Q1,One-bedroom,19.2,85.0
00360,Pajamäki,Helsinki,2023Q1,Studio,27.88,92.0
00360,Pajamäki,Helsinki,2023Q2,One-bedroom,19.31,79.0
00360,Pajamäki,Helsinki,2023Q2,Studio,27.76,94.0
00360,Pajamäki,Helsinki,2023Q3,One-bedroom,19.1,77.0
00360,Pajamäki,Helsinki,2023Q3,Studio,27.67,94.0
00360,Pajamäki,Helsinki,2023Q4,One-bedroom,18.96,82.0
00360,Pajamäki,Helsinki,2023Q4,Studio,27.8,96.0
00360,Pajamäki,Helsinki,2024Q1,One-bedroom,18.97,85.0
00360,Pajamäki,Helsinki,2024Q1,Studio,27.72,98.0
00360,Pajamäki,Helsinki,2024Q2,One-bedroom,19.03,81.0
00360,Pajamäki,Helsinki,2024Q2,Studio,27.86,90.0
00360,Pajamäki,Helsinki,2024Q3,One-bedroom,18.8,83.0
00360,Pajamäki,Helsinki,2024Q3,Studio,27.54,93.0
00360,Pajamäki,Helsinki,2024Q4,One-bedroom,18.82,84.0
00360,Pajamäki,Helsinki,2024Q4,Studio,27.5,94.0
00360,Pajamäki,Helsinki,2025Q1,One-bedroom,18.94,83.0
00360,Pajamäki,Helsinki,2025Q1,Studio,27.32,101.0
00360,Pajamäki,Helsinki,2025Q2,One-bedroom,19.0,76.0
00360,Pajamäki,Helsinki,2025Q2,Studio,27.4,96.0
00360,Pajamäki,Helsinki,2025Q3,Studio,27.64,95.0
00360,Pajamäki,Helsinki,2025Q4,One-bedroom,18.62,74.0
00360,Pajamäki,Helsinki,2025Q4,Studio,27.42,93.0
00370,Reimarla,Helsinki,2015Q1,Studio,21.79,42.0
00370,Reimarla,Helsinki,2015Q2,Studio,21.79,44.0
00370,Reimarla,Helsinki,2015Q3,Studio,21.35,45.0
00370,Reimarla,Helsinki,2015Q4,Studio,21.48,45.0
00370,Reimarla,Helsinki,2016Q1,Studio,21.64,49.0
00370,Reimarla,Helsinki,2016Q2,Studio,22.13,50.0
00370,Reimarla,Helsinki,2016Q3,Studio,22.19,48.0
00370,Reimarla,Helsinki,2016Q4,Studio,22.21,46.0
00370,Reimarla,Helsinki,2017Q1,Studio,21.97,55.0
00370,Reimarla,Helsinki,2017Q2,Studio,22.29,52.0
00370,Reimarla,Helsinki,2017Q3,Studio,22.06,50.0
00370,Reimarla,Helsinki,2017Q4,Studio,21.88,55.0
00370,Reimarla,Helsinki,2018Q1,Studio,22.1,54.0
00370,Reimarla,Helsinki,2018Q2,Studio,21.93,54.0
00370,Reimarla,Helsinki,2018Q3,Studio,21.78,52.0
00370,Reimarla,Helsinki,2018Q4,Studio,22.8,58.0
00370,Reimarla,Helsinki,2019Q1,Studio,22.98,56.0
00370,Reimarla,Helsinki,2019Q2,Studio,22.63,56.0
00370,Reimarla,Helsinki,2019Q3,Studio,22.97,54.0
00370,Reimarla,Helsinki,2019Q4,Studio,22.68,56.0
00370,Reimarla,Helsinki,2020Q1,Studio,22.71,55.0
00370,Reimarla,Helsinki,2020Q2,Studio,22.57,60.0
00370,Reimarla,Helsinki,2020Q3,Studio,23.34,63.0
00370,Reimarla,Helsinki,2020Q4,Studio,23.04,64.0
00370,Reimarla,Helsinki,2021Q1,Studio,23.47,63.0
00370,Reimarla,Helsinki,2021Q1,Two-bedroom+,16.72,53.0
00370,Reimarla,Helsinki,2021Q2,Studio,23.58,66.0
00370,Reimarla,Helsinki,2021Q2,Two-bedroom+,16.84,58.0
00370,Reimarla,Helsinki,2021Q3,Studio,23.55,66.0
00370,Reimarla,Helsinki,2021Q4,Studio,23.91,60.0
00370,Reimarla,Helsinki,2022Q1,Studio,23.84,64.0
00370,Reimarla,Helsinki,2022Q2,Studio,23.51,62.0
00370,Reimarla,Helsinki,2022Q3,Studio,23.43,63.0
00370,Reimarla,Helsinki,2022Q4,Studio,22.93,62.0
00370,Reimarla,Helsinki,2022Q4,Two-bedroom+,16.73,51.0
00370,Reimarla,Helsinki,2023Q1,Studio,23.11,59.0
00370,Reimarla,Helsinki,2023Q2,Studio,23.13,59.0
00370,Reimarla,Helsinki,2023Q3,Studio,23.09,59.0
00370,Reimarla,Helsinki,2023Q4,Studio,23.18,60.0
00370,Reimarla,Helsinki,2023Q4,Two-bedroom+,16.88,64.0
00370,Reimarla,Helsinki,2024Q1,Studio,23.07,62.0
00370,Reimarla,Helsinki,2024Q1,Two-bedroom+,16.78,64.0
00370,Reimarla,Helsinki,2024Q2,Studio,23.27,64.0
00370,Reimarla,Helsinki,2024Q3,Studio,22.55,66.0
00370,Reimarla,Helsinki,2024Q4,Studio,22.55,66.0
00370,Reimarla,Helsinki,2025Q1,Studio,22.39,74.0
00370,Reimarla,Helsinki,2025Q1,Two-bedroom+,16.63,68.0
00370,Reimarla,Helsinki,2025Q2,Studio,22.81,60.0
00370,Reimarla,Helsinki,2025Q3,Studio,22.62,73.0
00370,Reimarla,Helsinki,2025Q4,Studio,22.52,64.0
00380,Pitäjänmäen teollisuusalue,Helsinki,2015Q4,One-bedroom,17.82,20.0
00380,Pitäjänmäen teollisuusalue,Helsinki,2016Q1,One-bedroom,16.66,25.0
00380,Pitäjänmäen teollisuusalue,Helsinki,2016Q2,One-bedroom,16.95,25.0
00380,Pitäjänmäen teollisuusalue,Helsinki,2016Q3,One-bedroom,18.33,24.0
00380,Pitäjänmäen teollisuusalue,Helsinki,2017Q1,Studio,23.59,21.0
00390,Konala,Helsinki,2015Q1,One-bedroom,16.9,110.0
00390,Konala,Helsinki,2015Q1,Studio,20.8,83.0
00390,Konala,Helsinki,2015Q2,One-bedroom,16.98,117.0
00390,Konala,Helsinki,2015Q2,Studio,20.88,78.0
00390,Konala,Helsinki,2015Q3,One-bedroom,16.92,123.0
00390,Konala,Helsinki,2015Q3,Studio,21.2,77.0
00390,Konala,Helsinki,2015Q4,One-bedroom,17.03,125.0
00390,Konala,Helsinki,2015Q4,Studio,21.27,80.0
00390,Konala,Helsinki,2016Q1,One-bedroom,17.24,112.0
00390,Konala,Helsinki,2016Q1,Studio,20.97,80.0
00390,Konala,Helsinki,2016Q2,One-bedroom,17.48,123.0
00390,Konala,Helsinki,2016Q2,Studio,21.08,87.0
00390,Konala,Helsinki,2016Q3,One-bedroom,17.36,125.0
00390,Konala,Helsinki,2016Q3,Studio,21.73,98.0
00390,Konala,Helsinki,2016Q4,One-bedroom,17.42,171.0
00390,Konala,Helsinki,2016Q4,Studio,21.47,129.0
00390,Konala,Helsinki,2017Q1,One-bedroom,17.59,179.0
00390,Konala,Helsinki,2017Q1,Studio,22.0,116.0
00390,Konala,Helsinki,2017Q2,One-bedroom,17.78,173.0
00390,Konala,Helsinki,2017Q2,Studio,21.97,123.0
00390,Konala,Helsinki,2017Q3,One-bedroom,18.53,229.0
00390,Konala,Helsinki,2017Q3,Studio,22.07,123.0
00390,Konala,Helsinki,2017Q4,One-bedroom,18.51,232.0
00390,Konala,Helsinki,2017Q4,Studio,22.12,134.0
00390,Konala,Helsinki,2018Q1,One-bedroom,18.75,231.0
00390,Konala,Helsinki,2018Q1,Studio,22.89,153.0
00390,Konala,Helsinki,2018Q2,One-bedroom,18.78,231.0
00390,Konala,Helsinki,2018Q2,Studio,23.07,156.0
00390,Konala,Helsinki,2018Q3,One-bedroom,18.74,230.0
00390,Konala,Helsinki,2018Q3,Studio,23.02,151.0
00390,Konala,Helsinki,2018Q4,One-bedroom,18.91,227.0
00390,Konala,Helsinki,2018Q4,Studio,22.72,149.0
00390,Konala,Helsinki,2019Q1,One-bedroom,18.8,231.0
00390,Konala,Helsinki,2019Q1,Studio,23.36,153.0
00390,Konala,Helsinki,2019Q2,One-bedroom,18.96,228.0
00390,Konala,Helsinki,2019Q2,Studio,23.62,151.0
00390,Konala,Helsinki,2019Q3,One-bedroom,19.02,223.0
00390,Konala,Helsinki,2019Q3,Studio,23.63,152.0
00390,Konala,Helsinki,2019Q4,One-bedroom,19.39,219.0
00390,Konala,Helsinki,2019Q4,Studio,23.57,146.0
00390,Konala,Helsinki,2020Q1,One-bedroom,19.45,233.0
00390,Konala,Helsinki,2020Q1,Studio,23.69,162.0
00390,Konala,Helsinki,2020Q2,One-bedroom,19.21,240.0
00390,Konala,Helsinki,2020Q2,Studio,23.85,159.0
00390,Konala,Helsinki,2020Q3,One-bedroom,19.23,243.0
00390,Konala,Helsinki,2020Q3,Studio,23.91,157.0
00390,Konala,Helsinki,2020Q4,One-bedroom,19.5,245.0
00390,Konala,Helsinki,2020Q4,Studio,23.91,155.0
00390,Konala,Helsinki,2021Q1,One-bedroom,19.44,246.0
00390,Konala,Helsinki,2021Q1,Studio,24.1,154.0
00390,Konala,Helsinki,2021Q2,One-bedroom,19.53,241.0
00390,Konala,Helsinki,2021Q2,Studio,24.38,153.0
00390,Konala,Helsinki,2021Q3,One-bedroom,19.64,241.0
00390,Konala,Helsinki,2021Q3,Studio,24.52,150.0
00390,Konala,Helsinki,2021Q4,One-bedroom,19.67,230.0
00390,Konala,Helsinki,2021Q4,Studio,24.65,162.0
00390,Konala,Helsinki,2022Q1,One-bedroom,19.64,229.0
00390,Konala,Helsinki,2022Q1,Studio,24.74,177.0
00390,Konala,Helsinki,2022Q2,Studio,24.93,165.0
00390,Konala,Helsinki,2022Q3,Studio,25.05,160.0
00390,Konala,Helsinki,2022Q4,Studio,25.02,162.0
00390,Konala,Helsinki,2023Q1,Studio,25.31,160.0
00390,Konala,Helsinki,2023Q2,One-bedroom,19.7,217.0
00390,Konala,Helsinki,2023Q2,Studio,24.88,165.0
00390,Konala,Helsinki,2023Q3,One-bedroom,19.57,221.0
00390,Konala,Helsinki,2023Q3,Studio,24.81,165.0
00390,Konala,Helsinki,2023Q4,One-bedroom,19.46,221.0
00390,Konala,Helsinki,2023Q4,Studio,24.86,163.0
00390,Konala,Helsinki,2024Q1,One-bedroom,19.59,217.0
00390,Konala,Helsinki,2024Q1,Studio,24.91,160.0
00390,Konala,Helsinki,2024Q2,One-bedroom,19.71,217.0
00390,Konala,Helsinki,2024Q2,Studio,24.64,159.0
00390,Konala,Helsinki,2024Q3,Studio,24.55,151.0
00390,Konala,Helsinki,2024Q4,One-bedroom,19.71,216.0
00390,Konala,Helsinki,2024Q4,Studio,24.59,152.0
00390,Konala,Helsinki,2025Q1,One-bedroom,19.7,222.0
00390,Konala,Helsinki,2025Q1,Studio,24.65,151.0
00390,Konala,Helsinki,2025Q2,Studio,24.47,152.0
00390,Konala,Helsinki,2025Q3,Studio,24.55,220.0
00390,Konala,Helsinki,2025Q4,Studio,24.35,150.0
00400,Pohjois-Haaga,Helsinki,2015Q1,One-bedroom,13.41,78.0
00400,Pohjois-Haaga,Helsinki,2015Q1,Studio,24.37,149.0
00400,Pohjois-Haaga,Helsinki,2015Q2,One-bedroom,13.76,91.0
00400,Pohjois-Haaga,Helsinki,2015Q2,Studio,24.35,152.0
00400,Pohjois-Haaga,Helsinki,2015Q3,One-bedroom,14.22,83.0
00400,Pohjois-Haaga,Helsinki,2015Q3,Studio,24.84,153.0
00400,Pohjois-Haaga,Helsinki,2015Q4,One-bedroom,14.02,96.0
00400,Pohjois-Haaga,Helsinki,2015Q4,Studio,24.76,173.0
00400,Pohjois-Haaga,Helsinki,2016Q1,One-bedroom,16.38,166.0
00400,Pohjois-Haaga,Helsinki,2016Q1,Studio,26.27,209.0
00400,Pohjois-Haaga,Helsinki,2016Q2,One-bedroom,16.73,170.0
00400,Pohjois-Haaga,Helsinki,2016Q2,Studio,26.52,214.0
00400,Pohjois-Haaga,Helsinki,2016Q3,One-bedroom,17.12,177.0
00400,Pohjois-Haaga,Helsinki,2016Q3,Studio,26.63,220.0
00400,Pohjois-Haaga,Helsinki,2016Q4,One-bedroom,16.97,176.0
00400,Pohjois-Haaga,Helsinki,2016Q4,Studio,26.7,229.0
00400,Pohjois-Haaga,Helsinki,2017Q1,One-bedroom,17.06,178.0
00400,Pohjois-Haaga,Helsinki,2017Q1,Studio,26.58,243.0
00400,Pohjois-Haaga,Helsinki,2017Q2,One-bedroom,16.98,182.0
00400,Pohjois-Haaga,Helsinki,2017Q2,Studio,26.35,248.0
00400,Pohjois-Haaga,Helsinki,2017Q3,One-bedroom,18.27,167.0
00400,Pohjois-Haaga,Helsinki,2017Q3,Studio,26.6,231.0
00400,Pohjois-Haaga,Helsinki,2017Q4,One-bedroom,18.55,174.0
00400,Pohjois-Haaga,Helsinki,2017Q4,Studio,26.38,254.0
00400,Pohjois-Haaga,Helsinki,2018Q1,One-bedroom,17.79,186.0
00400,Pohjois-Haaga,Helsinki,2018Q1,Studio,26.35,261.0
00400,Pohjois-Haaga,Helsinki,2018Q2,One-bedroom,17.99,186.0
00400,Pohjois-Haaga,Helsinki,2018Q2,Studio,26.67,243.0
00400,Pohjois-Haaga,Helsinki,2018Q3,One-bedroom,18.1,175.0
00400,Pohjois-Haaga,Helsinki,2018Q3,Studio,26.69,234.0
00400,Pohjois-Haaga,Helsinki,2018Q4,One-bedroom,18.53,162.0
00400,Pohjois-Haaga,Helsinki,2018Q4,Studio,26.86,242.0
00400,Pohjois-Haaga,Helsinki,2019Q1,One-bedroom,18.11,175.0
00400,Pohjois-Haaga,Helsinki,2019Q1,Studio,27.22,304.0
00400,Pohjois-Haaga,Helsinki,2019Q2,One-bedroom,18.28,178.0
00400,Pohjois-Haaga,Helsinki,2019Q2,Studio,27.19,312.0
00400,Pohjois-Haaga,Helsinki,2019Q3,One-bedroom,18.55,168.0
00400,Pohjois-Haaga,Helsinki,2019Q3,Studio,27.59,296.0
00400,Pohjois-Haaga,Helsinki,2019Q4,One-bedroom,18.87,165.0
00400,Pohjois-Haaga,Helsinki,2019Q4,Studio,27.65,308.0
00400,Pohjois-Haaga,Helsinki,2020Q1,One-bedroom,18.81,172.0
00400,Pohjois-Haaga,Helsinki,2020Q1,Studio,27.73,319.0
00400,Pohjois-Haaga,Helsinki,2020Q2,One-bedroom,18.67,173.0
00400,Pohjois-Haaga,Helsinki,2020Q2,Studio,27.64,322.0
00400,Pohjois-Haaga,Helsinki,2020Q3,One-bedroom,18.69,166.0
00400,Pohjois-Haaga,Helsinki,2020Q3,Studio,27.83,318.0
00400,Pohjois-Haaga,Helsinki,2020Q4,One-bedroom,19.39,203.0
00400,Pohjois-Haaga,Helsinki,2020Q4,Studio,28.08,373.0
00400,Pohjois-Haaga,Helsinki,2021Q1,One-bedroom,19.27,214.0
00400,Pohjois-Haaga,Helsinki,2021Q1,Studio,27.98,366.0
00400,Pohjois-Haaga,Helsinki,2021Q2,One-bedroom,19.01,219.0
00400,Pohjois-Haaga,Helsinki,2021Q2,Studio,27.88,352.0
00400,Pohjois-Haaga,Helsinki,2021Q3,One-bedroom,19.26,208.0
00400,Pohjois-Haaga,Helsinki,2021Q3,Studio,27.77,345.0
00400,Pohjois-Haaga,Helsinki,2021Q4,One-bedroom,19.24,212.0
00400,Pohjois-Haaga,Helsinki,2021Q4,Studio,28.06,351.0
00400,Pohjois-Haaga,Helsinki,2022Q1,One-bedroom,18.82,224.0
00400,Pohjois-Haaga,Helsinki,2022Q1,Studio,27.72,353.0
00400,Pohjois-Haaga,Helsinki,2022Q2,One-bedroom,18.69,220.0
00400,Pohjois-Haaga,Helsinki,2022Q2,Studio,27.74,325.0
00400,Pohjois-Haaga,Helsinki,2022Q3,One-bedroom,19.09,197.0
00400,Pohjois-Haaga,Helsinki,2022Q3,Studio,27.58,276.0
00400,Pohjois-Haaga,Helsinki,2022Q4,One-bedroom,21.92,195.0
00400,Pohjois-Haaga,Helsinki,2022Q4,Studio,27.33,297.0
00400,Pohjois-Haaga,Helsinki,2023Q1,One-bedroom,18.99,196.0
00400,Pohjois-Haaga,Helsinki,2023Q1,Studio,27.43,292.0
00400,Pohjois-Haaga,Helsinki,2023Q2,One-bedroom,19.07,189.0
00400,Pohjois-Haaga,Helsinki,2023Q2,Studio,27.36,285.0
00400,Pohjois-Haaga,Helsinki,2023Q3,One-bedroom,19.05,186.0
00400,Pohjois-Haaga,Helsinki,2023Q3,Studio,27.07,293.0
00400,Pohjois-Haaga,Helsinki,2023Q4,One-bedroom,19.15,206.0
00400,Pohjois-Haaga,Helsinki,2023Q4,Studio,27.11,335.0
00400,Pohjois-Haaga,Helsinki,2024Q1,One-bedroom,19.3,212.0
00400,Pohjois-Haaga,Helsinki,2024Q1,Studio,27.13,350.0
00400,Pohjois-Haaga,Helsinki,2024Q2,One-bedroom,19.19,213.0
00400,Pohjois-Haaga,Helsinki,2024Q2,Studio,27.25,340.0
00400,Pohjois-Haaga,Helsinki,2024Q3,One-bedroom,19.26,206.0
00400,Pohjois-Haaga,Helsinki,2024Q3,Studio,27.25,351.0
00400,Pohjois-Haaga,Helsinki,2024Q4,One-bedroom,19.25,202.0
00400,Pohjois-Haaga,Helsinki,2024Q4,Studio,27.4,353.0
00400,Pohjois-Haaga,Helsinki,2025Q1,One-bedroom,19.19,202.0
00400,Pohjois-Haaga,Helsinki,2025Q1,Studio,27.45,369.0
00400,Pohjois-Haaga,Helsinki,2025Q2,One-bedroom,19.27,183.0
00400,Pohjois-Haaga,Helsinki,2025Q2,Studio,27.52,338.0
00400,Pohjois-Haaga,Helsinki,2025Q3,Studio,27.49,309.0
00400,Pohjois-Haaga,Helsinki,2025Q4,One-bedroom,17.93,233.0
00410,Malminkartano,Helsinki,2015Q1,One-bedroom,12.67,24.0
00410,Malminkartano,Helsinki,2015Q2,One-bedroom,12.53,29.0
00410,Malminkartano,Helsinki,2015Q4,One-bedroom,14.14,28.0
00410,Malminkartano,Helsinki,2016Q1,One-bedroom,13.79,26.0
00410,Malminkartano,Helsinki,2016Q1,Studio,18.31,21.0
00410,Malminkartano,Helsinki,2016Q2,One-bedroom,14.46,25.0
00410,Malminkartano,Helsinki,2016Q2,Studio,18.41,22.0
00410,Malminkartano,Helsinki,2016Q3,One-bedroom,14.75,25.0
00410,Malminkartano,Helsinki,2016Q4,One-bedroom,14.54,28.0
00410,Malminkartano,Helsinki,2017Q1,One-bedroom,14.42,31.0
00410,Malminkartano,Helsinki,2017Q2,One-bedroom,15.46,113.0
00410,Malminkartano,Helsinki,2017Q2,Studio,18.37,60.0
00410,Malminkartano,Helsinki,2017Q3,One-bedroom,15.69,112.0
00410,Malminkartano,Helsinki,2017Q3,Studio,18.44,60.0
00410,Malminkartano,Helsinki,2017Q4,One-bedroom,15.73,124.0
00410,Malminkartano,Helsinki,2017Q4,Studio,18.44,59.0
00410,Malminkartano,Helsinki,2018Q1,One-bedroom,15.66,125.0
00410,Malminkartano,Helsinki,2018Q1,Studio,18.79,63.0
00410,Malminkartano,Helsinki,2018Q2,One-bedroom,15.71,127.0
00410,Malminkartano,Helsinki,2018Q2,Studio,18.94,62.0
00410,Malminkartano,Helsinki,2018Q3,One-bedroom,15.82,122.0
00410,Malminkartano,Helsinki,2018Q3,Studio,19.08,61.0
00410,Malminkartano,Helsinki,2018Q4,One-bedroom,15.95,117.0
00410,Malminkartano,Helsinki,2018Q4,Studio,19.52,60.0
00410,Malminkartano,Helsinki,2019Q1,One-bedroom,15.92,116.0
00410,Malminkartano,Helsinki,2019Q1,Studio,19.33,59.0
00410,Malminkartano,Helsinki,2019Q2,One-bedroom,16.01,121.0
00410,Malminkartano,Helsinki,2019Q2,Studio,19.32,60.0
00410,Malminkartano,Helsinki,2019Q3,One-bedroom,16.14,116.0
00410,Malminkartano,Helsinki,2019Q3,Studio,19.42,63.0
00410,Malminkartano,Helsinki,2019Q4,One-bedroom,16.38,113.0
00410,Malminkartano,Helsinki,2019Q4,Studio,19.87,62.0
00410,Malminkartano,Helsinki,2020Q1,One-bedroom,16.42,112.0
00410,Malminkartano,Helsinki,2020Q1,Studio,20.05,68.0
00410,Malminkartano,Helsinki,2020Q2,One-bedroom,16.45,122.0
00410,Malminkartano,Helsinki,2020Q2,Studio,20.3,71.0
00410,Malminkartano,Helsinki,2020Q3,One-bedroom,16.4,119.0
00410,Malminkartano,Helsinki,2020Q3,Studio,20.09,70.0
00410,Malminkartano,Helsinki,2020Q4,One-bedroom,16.47,118.0
00410,Malminkartano,Helsinki,2020Q4,Studio,20.22,72.0
00410,Malminkartano,Helsinki,2021Q1,One-bedroom,16.43,116.0
00410,Malminkartano,Helsinki,2021Q1,Studio,20.56,78.0
00410,Malminkartano,Helsinki,2021Q2,One-bedroom,16.56,116.0
00410,Malminkartano,Helsinki,2021Q2,Studio,20.68,77.0
00410,Malminkartano,Helsinki,2021Q3,One-bedroom,16.53,114.0
00410,Malminkartano,Helsinki,2021Q3,Studio,21.02,69.0
00410,Malminkartano,Helsinki,2021Q4,One-bedroom,16.43,122.0
00410,Malminkartano,Helsinki,2021Q4,Studio,21.29,65.0
00410,Malminkartano,Helsinki,2022Q1,One-bedroom,16.6,132.0
00410,Malminkartano,Helsinki,2022Q1,Studio,22.34,84.0
00410,Malminkartano,Helsinki,2022Q2,One-bedroom,16.68,128.0
00410,Malminkartano,Helsinki,2022Q2,Studio,22.27,84.0
00410,Malminkartano,Helsinki,2022Q3,One-bedroom,16.61,124.0
00410,Malminkartano,Helsinki,2022Q3,Studio,22.27,83.0
00410,Malminkartano,Helsinki,2022Q4,One-bedroom,16.7,126.0
00410,Malminkartano,Helsinki,2022Q4,Studio,22.54,85.0
00410,Malminkartano,Helsinki,2023Q1,One-bedroom,16.65,123.0
00410,Malminkartano,Helsinki,2023Q1,Studio,22.64,84.0
00410,Malminkartano,Helsinki,2023Q2,One-bedroom,16.83,127.0
00410,Malminkartano,Helsinki,2023Q2,Studio,22.76,82.0
00410,Malminkartano,Helsinki,2023Q3,One-bedroom,16.68,118.0
00410,Malminkartano,Helsinki,2023Q3,Studio,22.78,84.0
00410,Malminkartano,Helsinki,2023Q4,One-bedroom,16.8,119.0
00410,Malminkartano,Helsinki,2023Q4,Studio,22.73,84.0
00410,Malminkartano,Helsinki,2024Q1,One-bedroom,16.82,128.0
00410,Malminkartano,Helsinki,2024Q1,Studio,22.36,86.0
00410,Malminkartano,Helsinki,2024Q2,One-bedroom,16.8,124.0
00410,Malminkartano,Helsinki,2024Q2,Studio,22.26,86.0
00410,Malminkartano,Helsinki,2024Q3,One-bedroom,16.59,122.0
00410,Malminkartano,Helsinki,2024Q3,Studio,22.33,84.0
00410,Malminkartano,Helsinki,2024Q4,One-bedroom,16.6,120.0
00410,Malminkartano,Helsinki,2024Q4,Studio,22.15,87.0
00410,Malminkartano,Helsinki,2025Q1,One-bedroom,16.5,117.0
00410,Malminkartano,Helsinki,2025Q1,Studio,22.32,84.0
00410,Malminkartano,Helsinki,2025Q2,One-bedroom,16.5,118.0
00410,Malminkartano,Helsinki,2025Q2,Studio,22.06,77.0
00410,Malminkartano,Helsinki,2025Q4,One-bedroom,16.29,125.0
00410,Malminkartano,Helsinki,2025Q4,Studio,22.02,73.0
00420,Kannelmäki,Helsinki,2015Q1,One-bedroom,15.14,207.0
00420,Kannelmäki,Helsinki,2015Q1,Studio,20.49,214.0
00420,Kannelmäki,Helsinki,2015Q2,One-bedroom,15.3,212.0
00420,Kannelmäki,Helsinki,2015Q2,Studio,20.51,230.0
00420,Kannelmäki,Helsinki,2015Q3,One-bedroom,15.37,215.0
00420,Kannelmäki,Helsinki,2015Q3,Studio,20.69,234.0
00420,Kannelmäki,Helsinki,2015Q4,One-bedroom,15.56,218.0
00420,Kannelmäki,Helsinki,2015Q4,Studio,21.08,242.0
00420,Kannelmäki,Helsinki,2015Q4,Two-bedroom+,14.58,193.0
00420,Kannelmäki,Helsinki,2016Q1,One-bedroom,15.83,241.0
00420,Kannelmäki,Helsinki,2016Q1,Studio,21.12,250.0
00420,Kannelmäki,Helsinki,2016Q2,One-bedroom,15.52,259.0
00420,Kannelmäki,Helsinki,2016Q2,Studio,21.22,253.0
00420,Kannelmäki,Helsinki,2016Q3,One-bedroom,15.53,268.0
00420,Kannelmäki,Helsinki,2016Q3,Studio,21.51,256.0
00420,Kannelmäki,Helsinki,2016Q4,One-bedroom,15.45,274.0
00420,Kannelmäki,Helsinki,2016Q4,Studio,21.7,260.0
00420,Kannelmäki,Helsinki,2017Q1,One-bedroom,15.58,268.0
00420,Kannelmäki,Helsinki,2017Q1,Studio,21.7,279.0
00420,Kannelmäki,Helsinki,2017Q2,One-bedroom,15.25,264.0
00420,Kannelmäki,Helsinki,2017Q2,Studio,21.47,286.0
00420,Kannelmäki,Helsinki,2017Q3,One-bedroom,15.91,247.0
00420,Kannelmäki,Helsinki,2017Q3,Studio,21.39,284.0
00420,Kannelmäki,Helsinki,2017Q4,One-bedroom,16.07,256.0
00420,Kannelmäki,Helsinki,2017Q4,Studio,21.64,295.0
00420,Kannelmäki,Helsinki,2018Q1,One-bedroom,16.54,266.0
00420,Kannelmäki,Helsinki,2018Q1,Studio,22.0,330.0
00420,Kannelmäki,Helsinki,2018Q2,One-bedroom,16.36,263.0
00420,Kannelmäki,Helsinki,2018Q2,Studio,22.16,301.0
00420,Kannelmäki,Helsinki,2018Q3,One-bedroom,16.47,255.0
00420,Kannelmäki,Helsinki,2018Q3,Studio,22.47,291.0
00420,Kannelmäki,Helsinki,2018Q4,One-bedroom,16.7,260.0
00420,Kannelmäki,Helsinki,2018Q4,Studio,22.4,305.0
00420,Kannelmäki,Helsinki,2019Q1,One-bedroom,16.61,268.0
00420,Kannelmäki,Helsinki,2019Q1,Studio,22.58,312.0
00420,Kannelmäki,Helsinki,2019Q2,One-bedroom,16.94,285.0
00420,Kannelmäki,Helsinki,2019Q2,Studio,22.76,320.0
00420,Kannelmäki,Helsinki,2019Q3,One-bedroom,17.12,272.0
00420,Kannelmäki,Helsinki,2019Q3,Studio,23.02,309.0
00420,Kannelmäki,Helsinki,2019Q4,One-bedroom,17.26,274.0
00420,Kannelmäki,Helsinki,2019Q4,Studio,23.07,312.0
00420,Kannelmäki,Helsinki,2020Q1,One-bedroom,17.35,271.0
00420,Kannelmäki,Helsinki,2020Q1,Studio,23.32,310.0
00420,Kannelmäki,Helsinki,2020Q2,One-bedroom,17.41,283.0
00420,Kannelmäki,Helsinki,2020Q2,Studio,23.37,327.0
00420,Kannelmäki,Helsinki,2020Q3,One-bedroom,17.49,290.0
00420,Kannelmäki,Helsinki,2020Q3,Studio,23.52,330.0
00420,Kannelmäki,Helsinki,2020Q4,One-bedroom,17.54,297.0
00420,Kannelmäki,Helsinki,2020Q4,Studio,23.54,356.0
00420,Kannelmäki,Helsinki,2021Q1,One-bedroom,17.51,293.0
00420,Kannelmäki,Helsinki,2021Q1,Studio,23.64,338.0
00420,Kannelmäki,Helsinki,2021Q2,One-bedroom,17.59,280.0
00420,Kannelmäki,Helsinki,2021Q2,Studio,23.73,336.0
00420,Kannelmäki,Helsinki,2021Q3,One-bedroom,17.57,278.0
00420,Kannelmäki,Helsinki,2021Q3,Studio,23.61,327.0
00420,Kannelmäki,Helsinki,2021Q4,One-bedroom,17.43,274.0
00420,Kannelmäki,Helsinki,2021Q4,Studio,23.65,349.0
00420,Kannelmäki,Helsinki,2022Q1,One-bedroom,17.7,307.0
00420,Kannelmäki,Helsinki,2022Q1,Studio,23.75,381.0
00420,Kannelmäki,Helsinki,2022Q2,One-bedroom,17.78,310.0
00420,Kannelmäki,Helsinki,2022Q2,Studio,23.88,340.0
00420,Kannelmäki,Helsinki,2022Q3,One-bedroom,17.71,305.0
00420,Kannelmäki,Helsinki,2022Q3,Studio,23.89,330.0
00420,Kannelmäki,Helsinki,2022Q4,One-bedroom,17.68,301.0
00420,Kannelmäki,Helsinki,2022Q4,Studio,23.93,346.0
00420,Kannelmäki,Helsinki,2023Q1,One-bedroom,17.75,301.0
00420,Kannelmäki,Helsinki,2023Q1,Studio,24.03,333.0
00420,Kannelmäki,Helsinki,2023Q2,One-bedroom,17.84,298.0
00420,Kannelmäki,Helsinki,2023Q2,Studio,24.14,332.0
00420,Kannelmäki,Helsinki,2023Q3,One-bedroom,17.83,302.0
00420,Kannelmäki,Helsinki,2023Q3,Studio,24.01,338.0
00420,Kannelmäki,Helsinki,2023Q4,One-bedroom,17.77,299.0
00420,Kannelmäki,Helsinki,2023Q4,Studio,23.93,338.0
00420,Kannelmäki,Helsinki,2024Q1,One-bedroom,17.81,295.0
00420,Kannelmäki,Helsinki,2024Q1,Studio,23.96,327.0
00420,Kannelmäki,Helsinki,2024Q2,One-bedroom,17.91,298.0
00420,Kannelmäki,Helsinki,2024Q2,Studio,23.96,335.0
00420,Kannelmäki,Helsinki,2024Q3,One-bedroom,17.92,296.0
00420,Kannelmäki,Helsinki,2024Q3,Studio,24.06,335.0
00420,Kannelmäki,Helsinki,2024Q4,One-bedroom,17.85,288.0
00420,Kannelmäki,Helsinki,2024Q4,Studio,24.2,331.0
00420,Kannelmäki,Helsinki,2025Q1,One-bedroom,17.8,298.0
00420,Kannelmäki,Helsinki,2025Q1,Studio,24.29,329.0
00420,Kannelmäki,Helsinki,2025Q2,One-bedroom,17.78,283.0
00420,Kannelmäki,Helsinki,2025Q2,Studio,24.26,310.0
00420,Kannelmäki,Helsinki,2025Q3,Studio,24.58,383.0
00420,Kannelmäki,Helsinki,2025Q4,One-bedroom,17.48,278.0
00420,Kannelmäki,Helsinki,2025Q4,Studio,24.21,321.0
00430,Maununneva,Helsinki,2022Q1,Studio,23.22,27.0
00430,Maununneva,Helsinki,2022Q2,Studio,23.43,20.0
00430,Maununneva,Helsinki,2022Q3,Studio,24.03,22.0
00430,Maununneva,Helsinki,2023Q1,One-bedroom,18.14,21.0
00430,Maununneva,Helsinki,2023Q3,Studio,23.02,20.0
00430,Maununneva,Helsinki,2023Q4,Studio,23.52,25.0
00430,Maununneva,Helsinki,2024Q1,Studio,23.7,23.0
00430,Maununneva,Helsinki,2024Q2,Studio,24.05,20.0
00430,Maununneva,Helsinki,2024Q4,Studio,24.69,20.0
00440,Lassila,Helsinki,2015Q1,One-bedroom,16.12,69.0
00440,Lassila,Helsinki,2015Q1,Studio,19.78,58.0
00440,Lassila,Helsinki,2015Q2,One-bedroom,16.15,69.0
00440,Lassila,Helsinki,2015Q2,Studio,20.69,69.0
00440,Lassila,Helsinki,2015Q3,One-bedroom,15.73,73.0
00440,Lassila,Helsinki,2015Q3,Studio,20.99,64.0
00440,Lassila,Helsinki,2015Q4,One-bedroom,15.7,77.0
00440,Lassila,Helsinki,2015Q4,Studio,20.9,75.0
00440,Lassila,Helsinki,2016Q1,One-bedroom,16.42,65.0
00440,Lassila,Helsinki,2016Q1,Studio,21.27,71.0
00440,Lassila,Helsinki,2016Q2,One-bedroom,16.73,71.0
00440,Lassila,Helsinki,2016Q2,Studio,21.7,69.0
00440,Lassila,Helsinki,2016Q3,One-bedroom,16.92,73.0
00440,Lassila,Helsinki,2016Q3,Studio,21.82,74.0
00440,Lassila,Helsinki,2016Q4,One-bedroom,17.43,70.0
00440,Lassila,Helsinki,2016Q4,Studio,21.49,76.0
00440,Lassila,Helsinki,2017Q1,One-bedroom,17.56,73.0
00440,Lassila,Helsinki,2017Q1,Studio,21.74,71.0
00440,Lassila,Helsinki,2017Q2,One-bedroom,17.85,75.0
00440,Lassila,Helsinki,2017Q2,Studio,22.45,70.0
00440,Lassila,Helsinki,2017Q3,One-bedroom,17.74,78.0
00440,Lassila,Helsinki,2017Q3,Studio,22.41,76.0
00440,Lassila,Helsinki,2017Q4,One-bedroom,17.97,80.0
00440,Lassila,Helsinki,2017Q4,Studio,22.59,88.0
00440,Lassila,Helsinki,2018Q1,One-bedroom,18.34,78.0
00440,Lassila,Helsinki,2018Q1,Studio,21.64,89.0
00440,Lassila,Helsinki,2018Q2,One-bedroom,18.27,74.0
00440,Lassila,Helsinki,2018Q2,Studio,21.63,90.0
00440,Lassila,Helsinki,2018Q3,One-bedroom,18.27,72.0
00440,Lassila,Helsinki,2018Q3,Studio,22.03,85.0
00440,Lassila,Helsinki,2018Q4,One-bedroom,18.17,70.0
00440,Lassila,Helsinki,2018Q4,Studio,22.6,91.0
00440,Lassila,Helsinki,2019Q1,One-bedroom,18.35,74.0
00440,Lassila,Helsinki,2019Q1,Studio,22.35,99.0
00440,Lassila,Helsinki,2019Q2,One-bedroom,18.69,80.0
00440,Lassila,Helsinki,2019Q2,Studio,22.47,96.0
00440,Lassila,Helsinki,2019Q3,One-bedroom,18.87,77.0
00440,Lassila,Helsinki,2019Q3,Studio,22.61,92.0
00440,Lassila,Helsinki,2019Q4,One-bedroom,18.77,76.0
00440,Lassila,Helsinki,2019Q4,Studio,23.05,91.0
00440,Lassila,Helsinki,2020Q1,One-bedroom,18.8,79.0
00440,Lassila,Helsinki,2020Q1,Studio,23.45,96.0
00440,Lassila,Helsinki,2020Q2,One-bedroom,19.13,77.0
00440,Lassila,Helsinki,2020Q2,Studio,23.34,100.0
00440,Lassila,Helsinki,2020Q3,One-bedroom,19.08,79.0
00440,Lassila,Helsinki,2020Q3,Studio,23.23,102.0
00440,Lassila,Helsinki,2020Q4,One-bedroom,19.02,83.0
00440,Lassila,Helsinki,2020Q4,Studio,23.42,97.0
00440,Lassila,Helsinki,2021Q1,One-bedroom,18.77,87.0
00440,Lassila,Helsinki,2021Q1,Studio,23.24,101.0
00440,Lassila,Helsinki,2021Q2,One-bedroom,18.94,86.0
00440,Lassila,Helsinki,2021Q2,Studio,23.14,96.0
00440,Lassila,Helsinki,2021Q3,One-bedroom,18.91,79.0
00440,Lassila,Helsinki,2021Q3,Studio,23.09,88.0
00440,Lassila,Helsinki,2021Q4,One-bedroom,18.72,85.0
00440,Lassila,Helsinki,2021Q4,Studio,23.19,92.0
00440,Lassila,Helsinki,2022Q1,One-bedroom,18.69,90.0
00440,Lassila,Helsinki,2022Q1,Studio,22.99,98.0
00440,Lassila,Helsinki,2022Q2,One-bedroom,18.88,84.0
00440,Lassila,Helsinki,2022Q2,Studio,23.1,96.0
00440,Lassila,Helsinki,2022Q3,One-bedroom,18.89,80.0
00440,Lassila,Helsinki,2022Q3,Studio,23.05,83.0
00440,Lassila,Helsinki,2022Q4,One-bedroom,18.67,87.0
00440,Lassila,Helsinki,2022Q4,Studio,22.97,96.0
00440,Lassila,Helsinki,2023Q1,One-bedroom,18.59,85.0
00440,Lassila,Helsinki,2023Q1,Studio,22.8,100.0
00440,Lassila,Helsinki,2023Q2,One-bedroom,18.78,77.0
00440,Lassila,Helsinki,2023Q2,Studio,23.06,97.0
00440,Lassila,Helsinki,2023Q3,One-bedroom,18.57,79.0
00440,Lassila,Helsinki,2023Q3,Studio,22.92,99.0
00440,Lassila,Helsinki,2023Q4,One-bedroom,18.51,77.0
00440,Lassila,Helsinki,2023Q4,Studio,22.85,102.0
00440,Lassila,Helsinki,2024Q1,One-bedroom,18.82,76.0
00440,Lassila,Helsinki,2024Q1,Studio,22.6,104.0
00440,Lassila,Helsinki,2024Q2,One-bedroom,18.98,75.0
00440,Lassila,Helsinki,2024Q2,Studio,23.3,95.0
00440,Lassila,Helsinki,2024Q3,One-bedroom,18.89,75.0
00440,Lassila,Helsinki,2024Q3,Studio,23.28,89.0
00440,Lassila,Helsinki,2024Q4,One-bedroom,18.75,76.0
00440,Lassila,Helsinki,2024Q4,Studio,22.91,96.0
00440,Lassila,Helsinki,2025Q1,One-bedroom,18.84,78.0
00440,Lassila,Helsinki,2025Q1,Studio,22.54,104.0
00440,Lassila,Helsinki,2025Q2,One-bedroom,18.95,72.0
00440,Lassila,Helsinki,2025Q2,Studio,22.8,95.0
00440,Lassila,Helsinki,2025Q3,Studio,22.72,97.0
00440,Lassila,Helsinki,2025Q4,One-bedroom,18.74,69.0
00440,Lassila,Helsinki,2025Q4,Studio,22.59,92.0
00500,Sörnäinen,Helsinki,2015Q1,One-bedroom,17.95,322.0
00500,Sörnäinen,Helsinki,2015Q1,Studio,23.84,851.0
00500,Sörnäinen,Helsinki,2015Q2,One-bedroom,18.12,324.0
00500,Sörnäinen,Helsinki,2015Q2,Studio,23.86,874.0
00500,Sörnäinen,Helsinki,2015Q3,One-bedroom,18.35,314.0
00500,Sörnäinen,Helsinki,2015Q3,Studio,24.02,887.0
00500,Sörnäinen,Helsinki,2015Q4,One-bedroom,18.36,332.0
00500,Sörnäinen,Helsinki,2015Q4,Studio,24.27,924.0
00500,Sörnäinen,Helsinki,2015Q4,Two-bedroom+,16.47,61.0
00500,Sörnäinen,Helsinki,2016Q1,One-bedroom,18.35,334.0
00500,Sörnäinen,Helsinki,2016Q1,Studio,24.44,917.0
00500,Sörnäinen,Helsinki,2016Q1,Two-bedroom+,17.16,58.0
00500,Sörnäinen,Helsinki,2016Q2,One-bedroom,18.41,341.0
00500,Sörnäinen,Helsinki,2016Q2,Studio,24.66,938.0
00500,Sörnäinen,Helsinki,2016Q2,Two-bedroom+,17.28,62.0
00500,Sörnäinen,Helsinki,2016Q3,One-bedroom,18.44,335.0
00500,Sörnäinen,Helsinki,2016Q3,Studio,24.73,933.0
00500,Sörnäinen,Helsinki,2016Q3,Two-bedroom+,16.99,63.0
00500,Sörnäinen,Helsinki,2016Q4,One-bedroom,18.55,333.0
00500,Sörnäinen,Helsinki,2016Q4,Studio,24.9,979.0
00500,Sörnäinen,Helsinki,2016Q4,Two-bedroom+,17.43,59.0
00500,Sörnäinen,Helsinki,2017Q1,One-bedroom,18.86,334.0
00500,Sörnäinen,Helsinki,2017Q1,Studio,25.12,976.0
00500,Sörnäinen,Helsinki,2017Q1,Two-bedroom+,17.6,59.0
00500,Sörnäinen,Helsinki,2017Q2,One-bedroom,19.11,348.0
00500,Sörnäinen,Helsinki,2017Q2,Studio,25.16,992.0
00500,Sörnäinen,Helsinki,2017Q3,One-bedroom,20.53,311.0
00500,Sörnäinen,Helsinki,2017Q3,Studio,25.5,986.0
00500,Sörnäinen,Helsinki,2017Q4,One-bedroom,20.76,328.0
00500,Sörnäinen,Helsinki,2017Q4,Studio,25.75,1085.0
00500,Sörnäinen,Helsinki,2018Q1,One-bedroom,20.63,343.0
00500,Sörnäinen,Helsinki,2018Q1,Studio,25.69,1152.0
00500,Sörnäinen,Helsinki,2018Q2,One-bedroom,20.78,337.0
00500,Sörnäinen,Helsinki,2018Q2,Studio,25.89,1141.0
00500,Sörnäinen,Helsinki,2018Q3,One-bedroom,20.93,322.0
00500,Sörnäinen,Helsinki,2018Q3,Studio,25.93,1032.0
00500,Sörnäinen,Helsinki,2018Q4,One-bedroom,20.79,357.0
00500,Sörnäinen,Helsinki,2018Q4,Studio,26.02,1039.0
00500,Sörnäinen,Helsinki,2019Q1,One-bedroom,20.78,368.0
00500,Sörnäinen,Helsinki,2019Q1,Studio,25.96,1166.0
00500,Sörnäinen,Helsinki,2019Q2,One-bedroom,21.24,361.0
00500,Sörnäinen,Helsinki,2019Q2,Studio,26.26,1145.0
00500,Sörnäinen,Helsinki,2019Q3,One-bedroom,21.47,359.0
00500,Sörnäinen,Helsinki,2019Q3,Studio,26.52,1080.0
00500,Sörnäinen,Helsinki,2019Q4,One-bedroom,21.98,422.0
00500,Sörnäinen,Helsinki,2019Q4,Studio,26.86,1108.0
00500,Sörnäinen,Helsinki,2020Q1,One-bedroom,21.87,426.0
00500,Sörnäinen,Helsinki,2020Q1,Studio,26.93,1136.0
00500,Sörnäinen,Helsinki,2020Q2,One-bedroom,22.09,482.0
00500,Sörnäinen,Helsinki,2020Q2,Studio,26.85,1371.0
00500,Sörnäinen,Helsinki,2020Q3,One-bedroom,21.92,500.0
00500,Sörnäinen,Helsinki,2020Q3,Studio,26.62,1372.0
00500,Sörnäinen,Helsinki,2020Q4,One-bedroom,22.04,498.0
00500,Sörnäinen,Helsinki,2020Q4,Studio,27.08,1350.0
00500,Sörnäinen,Helsinki,2021Q1,One-bedroom,22.01,500.0
00500,Sörnäinen,Helsinki,2021Q1,Studio,27.02,1394.0
00500,Sörnäinen,Helsinki,2021Q2,One-bedroom,21.91,504.0
00500,Sörnäinen,Helsinki,2021Q2,Studio,27.1,1347.0
00500,Sörnäinen,Helsinki,2021Q3,One-bedroom,21.91,483.0
00500,Sörnäinen,Helsinki,2021Q3,Studio,27.02,1273.0
00500,Sörnäinen,Helsinki,2021Q4,One-bedroom,21.96,490.0
00500,Sörnäinen,Helsinki,2021Q4,Studio,27.08,1309.0
00500,Sörnäinen,Helsinki,2022Q1,One-bedroom,21.98,479.0
00500,Sörnäinen,Helsinki,2022Q1,Studio,27.12,1411.0
00500,Sörnäinen,Helsinki,2022Q2,One-bedroom,22.23,469.0
00500,Sörnäinen,Helsinki,2022Q2,Studio,27.35,1286.0
00500,Sörnäinen,Helsinki,2022Q3,One-bedroom,22.0,464.0
00500,Sörnäinen,Helsinki,2022Q3,Studio,27.4,1258.0
00500,Sörnäinen,Helsinki,2022Q4,One-bedroom,21.53,471.0
00500,Sörnäinen,Helsinki,2022Q4,Studio,27.33,1284.0
00500,Sörnäinen,Helsinki,2023Q1,One-bedroom,21.98,431.0
00500,Sörnäinen,Helsinki,2023Q1,Studio,27.37,1280.0
00500,Sörnäinen,Helsinki,2023Q2,One-bedroom,21.99,434.0
00500,Sörnäinen,Helsinki,2023Q2,Studio,27.34,1298.0
00500,Sörnäinen,Helsinki,2023Q3,One-bedroom,21.99,460.0
00500,Sörnäinen,Helsinki,2023Q3,Studio,27.41,1292.0
00500,Sörnäinen,Helsinki,2023Q4,One-bedroom,22.09,468.0
00500,Sörnäinen,Helsinki,2023Q4,Studio,27.51,1318.0
00500,Sörnäinen,Helsinki,2024Q1,One-bedroom,22.11,490.0
00500,Sörnäinen,Helsinki,2024Q1,Studio,27.53,1317.0
00500,Sörnäinen,Helsinki,2024Q2,One-bedroom,22.19,489.0
00500,Sörnäinen,Helsinki,2024Q2,Studio,27.6,1252.0
00500,Sörnäinen,Helsinki,2024Q3,One-bedroom,22.21,488.0
00500,Sörnäinen,Helsinki,2024Q3,Studio,27.61,1208.0
00500,Sörnäinen,Helsinki,2024Q4,One-bedroom,22.42,468.0
00500,Sörnäinen,Helsinki,2024Q4,Studio,27.69,1238.0
00500,Sörnäinen,Helsinki,2025Q1,One-bedroom,22.36,484.0
00500,Sörnäinen,Helsinki,2025Q1,Studio,27.69,1404.0
00500,Sörnäinen,Helsinki,2025Q2,One-bedroom,22.49,459.0
00500,Sörnäinen,Helsinki,2025Q2,Studio,27.74,1163.0
00500,Sörnäinen,Helsinki,2025Q3,Studio,27.9,1084.0
00500,Sörnäinen,Helsinki,2025Q4,One-bedroom,21.48,488.0
00500,Sörnäinen,Helsinki,2025Q4,Studio,27.73,1184.0
00510,Etu-Vallila - Alppila,Helsinki,2015Q1,One-bedroom,13.22,118.0
00510,Etu-Vallila - Alppila,Helsinki,2015Q1,Studio,22.33,443.0
00510,Etu-Vallila - Alppila,Helsinki,2015Q2,One-bedroom,13.58,116.0
00510,Etu-Vallila - Alppila,Helsinki,2015Q2,Studio,22.59,454.0
00510,Etu-Vallila - Alppila,Helsinki,2015Q3,One-bedroom,13.91,125.0
00510,Etu-Vallila - Alppila,Helsinki,2015Q3,Studio,22.69,473.0
00510,Etu-Vallila - Alppila,Helsinki,2015Q4,One-bedroom,13.84,155.0
00510,Etu-Vallila - Alppila,Helsinki,2015Q4,Studio,23.1,516.0
00510,Etu-Vallila - Alppila,Helsinki,2016Q1,One-bedroom,15.49,161.0
00510,Etu-Vallila - Alppila,Helsinki,2016Q1,Studio,23.65,522.0
00510,Etu-Vallila - Alppila,Helsinki,2016Q1,Two-bedroom+,14.17,21.0
00510,Etu-Vallila - Alppila,Helsinki,2016Q2,One-bedroom,17.37,238.0
00510,Etu-Vallila - Alppila,Helsinki,2016Q2,Studio,23.84,571.0
00510,Etu-Vallila - Alppila,Helsinki,2016Q2,Two-bedroom+,14.7,26.0
00510,Etu-Vallila - Alppila,Helsinki,2016Q3,One-bedroom,17.32,236.0
00510,Etu-Vallila - Alppila,Helsinki,2016Q3,Studio,23.83,575.0
00510,Etu-Vallila - Alppila,Helsinki,2016Q3,Two-bedroom+,14.96,23.0
00510,Etu-Vallila - Alppila,Helsinki,2016Q4,One-bedroom,17.24,223.0
00510,Etu-Vallila - Alppila,Helsinki,2016Q4,Studio,23.85,616.0
00510,Etu-Vallila - Alppila,Helsinki,2016Q4,Two-bedroom+,15.36,22.0
00510,Etu-Vallila - Alppila,Helsinki,2017Q1,One-bedroom,17.3,231.0
00510,Etu-Vallila - Alppila,Helsinki,2017Q1,Studio,24.03,607.0
00510,Etu-Vallila - Alppila,Helsinki,2017Q1,Two-bedroom+,15.33,20.0
00510,Etu-Vallila - Alppila,Helsinki,2017Q2,One-bedroom,17.31,243.0
00510,Etu-Vallila - Alppila,Helsinki,2017Q2,Studio,24.24,599.0
00510,Etu-Vallila - Alppila,Helsinki,2017Q2,Two-bedroom+,15.61,22.0
00510,Etu-Vallila - Alppila,Helsinki,2017Q3,One-bedroom,19.28,216.0
00510,Etu-Vallila - Alppila,Helsinki,2017Q3,Studio,24.98,586.0
00510,Etu-Vallila - Alppila,Helsinki,2017Q4,One-bedroom,19.56,220.0
00510,Etu-Vallila - Alppila,Helsinki,2017Q4,Studio,24.95,646.0
00510,Etu-Vallila - Alppila,Helsinki,2018Q1,One-bedroom,19.37,218.0
00510,Etu-Vallila - Alppila,Helsinki,2018Q1,Studio,24.91,693.0
00510,Etu-Vallila - Alppila,Helsinki,2018Q2,One-bedroom,19.49,208.0
00510,Etu-Vallila - Alppila,Helsinki,2018Q2,Studio,24.93,664.0
00510,Etu-Vallila - Alppila,Helsinki,2018Q3,One-bedroom,19.77,193.0
00510,Etu-Vallila - Alppila,Helsinki,2018Q3,Studio,24.99,605.0
00510,Etu-Vallila - Alppila,Helsinki,2018Q4,One-bedroom,19.99,189.0
00510,Etu-Vallila - Alppila,Helsinki,2018Q4,Studio,25.68,636.0
00510,Etu-Vallila - Alppila,Helsinki,2019Q1,One-bedroom,19.71,200.0
00510,Etu-Vallila - Alppila,Helsinki,2019Q1,Studio,25.53,668.0
00510,Etu-Vallila - Alppila,Helsinki,2019Q2,One-bedroom,19.76,194.0
00510,Etu-Vallila - Alppila,Helsinki,2019Q2,Studio,25.47,678.0
00510,Etu-Vallila - Alppila,Helsinki,2019Q3,One-bedroom,19.8,191.0
00510,Etu-Vallila - Alppila,Helsinki,2019Q3,Studio,25.63,630.0
00510,Etu-Vallila - Alppila,Helsinki,2019Q4,One-bedroom,20.44,191.0
00510,Etu-Vallila - Alppila,Helsinki,2019Q4,Studio,26.54,622.0
00510,Etu-Vallila - Alppila,Helsinki,2020Q1,One-bedroom,20.51,197.0
00510,Etu-Vallila - Alppila,Helsinki,2020Q1,Studio,26.8,607.0
00510,Etu-Vallila - Alppila,Helsinki,2020Q2,One-bedroom,20.64,221.0
00510,Etu-Vallila - Alppila,Helsinki,2020Q2,Studio,27.02,757.0
00510,Etu-Vallila - Alppila,Helsinki,2020Q3,One-bedroom,20.82,224.0
00510,Etu-Vallila - Alppila,Helsinki,2020Q3,Studio,27.25,776.0
00510,Etu-Vallila - Alppila,Helsinki,2020Q3,Two-bedroom+,18.95,21.0
00510,Etu-Vallila - Alppila,Helsinki,2020Q4,One-bedroom,21.06,219.0
00510,Etu-Vallila - Alppila,Helsinki,2020Q4,Studio,27.21,809.0
00510,Etu-Vallila - Alppila,Helsinki,2020Q4,Two-bedroom+,18.65,22.0
00510,Etu-Vallila - Alppila,Helsinki,2021Q1,One-bedroom,21.03,236.0
00510,Etu-Vallila - Alppila,Helsinki,2021Q1,Studio,27.39,811.0
00510,Etu-Vallila - Alppila,Helsinki,2021Q1,Two-bedroom+,18.88,20.0
00510,Etu-Vallila - Alppila,Helsinki,2021Q2,One-bedroom,21.05,232.0
00510,Etu-Vallila - Alppila,Helsinki,2021Q2,Studio,27.55,787.0
00510,Etu-Vallila - Alppila,Helsinki,2021Q2,Two-bedroom+,18.85,21.0
00510,Etu-Vallila - Alppila,Helsinki,2021Q3,One-bedroom,21.06,213.0
00510,Etu-Vallila - Alppila,Helsinki,2021Q3,Studio,27.48,722.0
00510,Etu-Vallila - Alppila,Helsinki,2021Q4,One-bedroom,21.1,227.0
00510,Etu-Vallila - Alppila,Helsinki,2021Q4,Studio,27.49,759.0
00510,Etu-Vallila - Alppila,Helsinki,2022Q1,One-bedroom,21.31,218.0
00510,Etu-Vallila - Alppila,Helsinki,2022Q1,Studio,27.45,839.0
00510,Etu-Vallila - Alppila,Helsinki,2022Q1,Two-bedroom+,18.58,22.0
00510,Etu-Vallila - Alppila,Helsinki,2022Q2,One-bedroom,21.33,223.0
00510,Etu-Vallila - Alppila,Helsinki,2022Q2,Studio,27.53,755.0
00510,Etu-Vallila - Alppila,Helsinki,2022Q2,Two-bedroom+,18.65,22.0
00510,Etu-Vallila - Alppila,Helsinki,2022Q3,One-bedroom,21.4,199.0
00510,Etu-Vallila - Alppila,Helsinki,2022Q3,Studio,27.57,695.0
00510,Etu-Vallila - Alppila,Helsinki,2022Q3,Two-bedroom+,18.79,20.0
00510,Etu-Vallila - Alppila,Helsinki,2022Q4,One-bedroom,21.74,193.0
00510,Etu-Vallila - Alppila,Helsinki,2022Q4,Studio,27.35,758.0
00510,Etu-Vallila - Alppila,Helsinki,2022Q4,Two-bedroom+,18.66,21.0
00510,Etu-Vallila - Alppila,Helsinki,2023Q1,One-bedroom,21.81,197.0
00510,Etu-Vallila - Alppila,Helsinki,2023Q1,Studio,27.49,728.0
00510,Etu-Vallila - Alppila,Helsinki,2023Q1,Two-bedroom+,19.01,20.0
00510,Etu-Vallila - Alppila,Helsinki,2023Q2,One-bedroom,21.7,193.0
00510,Etu-Vallila - Alppila,Helsinki,2023Q2,Studio,27.49,754.0
00510,Etu-Vallila - Alppila,Helsinki,2023Q2,Two-bedroom+,18.7,21.0
00510,Etu-Vallila - Alppila,Helsinki,2023Q3,One-bedroom,21.7,199.0
00510,Etu-Vallila - Alppila,Helsinki,2023Q3,Studio,27.39,737.0
00510,Etu-Vallila - Alppila,Helsinki,2023Q3,Two-bedroom+,18.57,22.0
00510,Etu-Vallila - Alppila,Helsinki,2023Q4,One-bedroom,21.74,204.0
00510,Etu-Vallila - Alppila,Helsinki,2023Q4,Studio,27.44,754.0
00510,Etu-Vallila - Alppila,Helsinki,2023Q4,Two-bedroom+,18.93,20.0
00510,Etu-Vallila - Alppila,Helsinki,2024Q1,One-bedroom,21.56,206.0
00510,Etu-Vallila - Alppila,Helsinki,2024Q1,Studio,27.33,751.0
00510,Etu-Vallila - Alppila,Helsinki,2024Q1,Two-bedroom+,19.1,21.0
00510,Etu-Vallila - Alppila,Helsinki,2024Q2,One-bedroom,21.49,210.0
00510,Etu-Vallila - Alppila,Helsinki,2024Q2,Studio,27.45,745.0
00510,Etu-Vallila - Alppila,Helsinki,2024Q2,Two-bedroom+,19.17,22.0
00510,Etu-Vallila - Alppila,Helsinki,2024Q3,One-bedroom,21.66,200.0
00510,Etu-Vallila - Alppila,Helsinki,2024Q3,Studio,27.37,714.0
00510,Etu-Vallila - Alppila,Helsinki,2024Q4,One-bedroom,21.61,205.0
00510,Etu-Vallila - Alppila,Helsinki,2024Q4,Studio,27.43,705.0
00510,Etu-Vallila - Alppila,Helsinki,2025Q1,One-bedroom,21.47,218.0
00510,Etu-Vallila - Alppila,Helsinki,2025Q1,Studio,27.52,757.0
00510,Etu-Vallila - Alppila,Helsinki,2025Q2,One-bedroom,21.69,190.0
00510,Etu-Vallila - Alppila,Helsinki,2025Q2,Studio,27.62,638.0
00510,Etu-Vallila - Alppila,Helsinki,2025Q3,One-bedroom,22.36,231.0
00510,Etu-Vallila - Alppila,Helsinki,2025Q3,Studio,27.85,602.0
00510,Etu-Vallila - Alppila,Helsinki,2025Q4,One-bedroom,20.55,182.0
00510,Etu-Vallila - Alppila,Helsinki,2025Q4,Studio,27.08,682.0
00520,Itä-Pasila,Helsinki,2015Q1,Studio,22.3,122.0
00520,Itä-Pasila,Helsinki,2015Q2,Studio,22.64,122.0
00520,Itä-Pasila,Helsinki,2015Q3,Studio,22.83,124.0
00520,Itä-Pasila,Helsinki,2015Q4,Studio,23.08,139.0
00520,Itä-Pasila,Helsinki,2016Q1,Studio,23.1,137.0
00520,Itä-Pasila,Helsinki,2016Q2,Studio,23.23,136.0
00520,Itä-Pasila,Helsinki,2016Q3,Studio,23.49,140.0
00520,Itä-Pasila,Helsinki,2016Q4,Studio,23.25,148.0
00520,Itä-Pasila,Helsinki,2017Q1,Studio,23.84,141.0
00520,Itä-Pasila,Helsinki,2017Q2,Studio,24.07,136.0
00520,Itä-Pasila,Helsinki,2017Q3,Studio,24.26,140.0
00520,Itä-Pasila,Helsinki,2017Q4,Studio,24.59,161.0
00520,Itä-Pasila,Helsinki,2018Q1,Studio,24.64,176.0
00520,Itä-Pasila,Helsinki,2018Q2,Studio,24.59,178.0
00520,Itä-Pasila,Helsinki,2018Q3,Studio,24.82,158.0
00520,Itä-Pasila,Helsinki,2018Q4,Studio,25.03,152.0
00520,Itä-Pasila,Helsinki,2019Q1,Studio,25.01,173.0
00520,Itä-Pasila,Helsinki,2019Q2,Studio,25.71,171.0
00520,Itä-Pasila,Helsinki,2019Q3,Studio,25.62,169.0
00520,Itä-Pasila,Helsinki,2019Q4,Studio,25.69,180.0
00520,Itä-Pasila,Helsinki,2020Q1,Studio,25.69,186.0
00520,Itä-Pasila,Helsinki,2020Q2,Studio,26.38,211.0
00520,Itä-Pasila,Helsinki,2020Q3,Studio,26.5,208.0
00520,Itä-Pasila,Helsinki,2020Q4,Studio,26.64,200.0
00520,Itä-Pasila,Helsinki,2021Q1,Studio,26.57,216.0
00520,Itä-Pasila,Helsinki,2021Q2,Studio,26.62,210.0
00520,Itä-Pasila,Helsinki,2021Q3,Studio,27.04,218.0
00520,Itä-Pasila,Helsinki,2021Q4,One-bedroom,20.58,301.0
00520,Itä-Pasila,Helsinki,2021Q4,Studio,27.64,250.0
00520,Itä-Pasila,Helsinki,2022Q1,One-bedroom,20.5,307.0
00520,Itä-Pasila,Helsinki,2022Q1,Studio,27.77,279.0
00520,Itä-Pasila,Helsinki,2022Q2,One-bedroom,20.52,299.0
00520,Itä-Pasila,Helsinki,2022Q2,Studio,27.63,272.0
00520,Itä-Pasila,Helsinki,2022Q3,One-bedroom,20.39,268.0
00520,Itä-Pasila,Helsinki,2022Q3,Studio,27.57,255.0
00520,Itä-Pasila,Helsinki,2022Q4,Studio,27.98,285.0
00520,Itä-Pasila,Helsinki,2023Q1,Studio,27.82,296.0
00520,Itä-Pasila,Helsinki,2023Q2,Studio,28.04,329.0
00520,Itä-Pasila,Helsinki,2023Q3,Studio,28.29,314.0
00520,Itä-Pasila,Helsinki,2023Q4,Studio,28.76,368.0
00520,Itä-Pasila,Helsinki,2024Q1,Studio,28.53,366.0
00520,Itä-Pasila,Helsinki,2024Q2,Studio,28.81,361.0
00520,Itä-Pasila,Helsinki,2024Q3,Studio,28.88,348.0
00520,Itä-Pasila,Helsinki,2024Q4,Studio,28.8,350.0
00520,Itä-Pasila,Helsinki,2025Q1,Studio,28.66,377.0
00520,Itä-Pasila,Helsinki,2025Q2,Studio,28.8,357.0
00520,Itä-Pasila,Helsinki,2025Q3,Studio,29.43,472.0
00520,Itä-Pasila,Helsinki,2025Q4,Studio,28.8,357.0
00530,Kallio,Helsinki,2015Q1,One-bedroom,15.59,310.0
00530,Kallio,Helsinki,2015Q1,Studio,22.86,759.0
00530,Kallio,Helsinki,2015Q1,Two-bedroom+,14.89,98.0
00530,Kallio,Helsinki,2015Q2,One-bedroom,15.76,318.0
00530,Kallio,Helsinki,2015Q2,Studio,22.97,794.0
00530,Kallio,Helsinki,2015Q2,Two-bedroom+,15.04,96.0
00530,Kallio,Helsinki,2015Q3,One-bedroom,15.59,346.0
00530,Kallio,Helsinki,2015Q3,Studio,23.13,797.0
00530,Kallio,Helsinki,2015Q4,One-bedroom,15.62,349.0
00530,Kallio,Helsinki,2015Q4,Studio,23.17,863.0
00530,Kallio,Helsinki,2015Q4,Two-bedroom+,15.13,99.0
00530,Kallio,Helsinki,2016Q1,One-bedroom,15.77,368.0
00530,Kallio,Helsinki,2016Q1,Studio,23.61,840.0
00530,Kallio,Helsinki,2016Q1,Two-bedroom+,15.61,89.0
00530,Kallio,Helsinki,2016Q2,One-bedroom,16.66,410.0
00530,Kallio,Helsinki,2016Q2,Studio,23.66,865.0
00530,Kallio,Helsinki,2016Q2,Two-bedroom+,16.09,105.0
00530,Kallio,Helsinki,2016Q3,One-bedroom,16.79,402.0
00530,Kallio,Helsinki,2016Q3,Studio,23.74,854.0
00530,Kallio,Helsinki,2016Q3,Two-bedroom+,16.2,106.0
00530,Kallio,Helsinki,2016Q4,One-bedroom,16.47,418.0
00530,Kallio,Helsinki,2016Q4,Studio,23.8,920.0
00530,Kallio,Helsinki,2016Q4,Two-bedroom+,15.92,111.0
00530,Kallio,Helsinki,2017Q1,One-bedroom,16.78,412.0
00530,Kallio,Helsinki,2017Q1,Studio,23.93,913.0
00530,Kallio,Helsinki,2017Q1,Two-bedroom+,16.12,113.0
00530,Kallio,Helsinki,2017Q2,One-bedroom,17.03,408.0
00530,Kallio,Helsinki,2017Q2,Studio,23.89,906.0
00530,Kallio,Helsinki,2017Q2,Two-bedroom+,16.03,114.0
00530,Kallio,Helsinki,2017Q3,One-bedroom,18.49,356.0
00530,Kallio,Helsinki,2017Q3,Studio,24.21,936.0
00530,Kallio,Helsinki,2017Q4,One-bedroom,20.3,406.0
00530,Kallio,Helsinki,2017Q4,Studio,24.31,1020.0
00530,Kallio,Helsinki,2018Q1,One-bedroom,20.07,421.0
00530,Kallio,Helsinki,2018Q1,Studio,24.13,1033.0
00530,Kallio,Helsinki,2018Q2,One-bedroom,20.33,416.0
00530,Kallio,Helsinki,2018Q2,Studio,24.17,980.0
00530,Kallio,Helsinki,2018Q3,One-bedroom,20.39,395.0
00530,Kallio,Helsinki,2018Q3,Studio,24.28,899.0
00530,Kallio,Helsinki,2018Q3,Two-bedroom+,17.92,101.0
00530,Kallio,Helsinki,2018Q4,One-bedroom,20.7,411.0
00530,Kallio,Helsinki,2018Q4,Studio,24.95,935.0
00530,Kallio,Helsinki,2019Q1,One-bedroom,20.46,426.0
00530,Kallio,Helsinki,2019Q1,Studio,24.76,988.0
00530,Kallio,Helsinki,2019Q2,One-bedroom,20.47,409.0
00530,Kallio,Helsinki,2019Q2,Studio,24.83,964.0
00530,Kallio,Helsinki,2019Q3,One-bedroom,20.85,392.0
00530,Kallio,Helsinki,2019Q3,Studio,24.98,940.0
00530,Kallio,Helsinki,2019Q4,One-bedroom,21.36,384.0
00530,Kallio,Helsinki,2019Q4,Studio,25.41,980.0
00530,Kallio,Helsinki,2020Q1,One-bedroom,21.22,407.0
00530,Kallio,Helsinki,2020Q1,Studio,25.75,945.0
00530,Kallio,Helsinki,2020Q2,One-bedroom,21.19,428.0
00530,Kallio,Helsinki,2020Q2,Studio,25.72,1125.0
00530,Kallio,Helsinki,2020Q3,One-bedroom,21.24,422.0
00530,Kallio,Helsinki,2020Q3,Studio,25.85,1158.0
00530,Kallio,Helsinki,2020Q4,One-bedroom,21.41,420.0
00530,Kallio,Helsinki,2020Q4,Studio,25.99,1142.0
00530,Kallio,Helsinki,2021Q1,One-bedroom,21.47,422.0
00530,Kallio,Helsinki,2021Q1,Studio,25.92,1156.0
00530,Kallio,Helsinki,2021Q2,One-bedroom,21.69,420.0
00530,Kallio,Helsinki,2021Q2,Studio,26.1,1083.0
00530,Kallio,Helsinki,2021Q3,One-bedroom,21.8,406.0
00530,Kallio,Helsinki,2021Q3,Studio,26.21,1063.0
00530,Kallio,Helsinki,2021Q4,One-bedroom,21.81,405.0
00530,Kallio,Helsinki,2021Q4,Studio,26.32,1128.0
00530,Kallio,Helsinki,2022Q1,One-bedroom,21.62,420.0
00530,Kallio,Helsinki,2022Q1,Studio,26.37,1227.0
00530,Kallio,Helsinki,2022Q2,One-bedroom,21.82,404.0
00530,Kallio,Helsinki,2022Q2,Studio,26.2,1123.0
00530,Kallio,Helsinki,2022Q3,One-bedroom,21.92,377.0
00530,Kallio,Helsinki,2022Q3,Studio,26.26,1027.0
00530,Kallio,Helsinki,2022Q4,One-bedroom,21.92,400.0
00530,Kallio,Helsinki,2022Q4,Studio,26.33,1095.0
00530,Kallio,Helsinki,2023Q1,One-bedroom,21.91,403.0
00530,Kallio,Helsinki,2023Q1,Studio,26.36,1074.0
00530,Kallio,Helsinki,2023Q2,One-bedroom,22.33,453.0
00530,Kallio,Helsinki,2023Q2,Studio,26.51,1130.0
00530,Kallio,Helsinki,2023Q3,One-bedroom,22.37,459.0
00530,Kallio,Helsinki,2023Q3,Studio,26.6,1134.0
00530,Kallio,Helsinki,2023Q4,One-bedroom,22.43,462.0
00530,Kallio,Helsinki,2023Q4,Studio,26.64,1152.0
00530,Kallio,Helsinki,2024Q1,One-bedroom,22.48,456.0
00530,Kallio,Helsinki,2024Q1,Studio,26.74,1169.0
00530,Kallio,Helsinki,2024Q2,One-bedroom,22.85,420.0
00530,Kallio,Helsinki,2024Q2,Studio,26.77,1092.0
00530,Kallio,Helsinki,2024Q3,One-bedroom,22.87,401.0
00530,Kallio,Helsinki,2024Q3,Studio,26.94,1037.0
00530,Kallio,Helsinki,2024Q4,One-bedroom,23.01,395.0
00530,Kallio,Helsinki,2024Q4,Studio,26.93,1059.0
00530,Kallio,Helsinki,2025Q1,One-bedroom,22.78,445.0
00530,Kallio,Helsinki,2025Q1,Studio,27.03,1225.0
00530,Kallio,Helsinki,2025Q2,One-bedroom,23.15,388.0
00530,Kallio,Helsinki,2025Q2,Studio,27.13,993.0
00530,Kallio,Helsinki,2025Q3,One-bedroom,23.7,477.0
00530,Kallio,Helsinki,2025Q3,Studio,27.09,870.0
00530,Kallio,Helsinki,2025Q4,One-bedroom,21.31,431.0
00530,Kallio,Helsinki,2025Q4,Studio,26.82,1031.0
00530,Kallio,Helsinki,2025Q4,Two-bedroom+,18.95,123.0
00550,Vallila,Helsinki,2015Q1,One-bedroom,14.94,126.0
00550,Vallila,Helsinki,2015Q1,Studio,21.14,187.0
00550,Vallila,Helsinki,2015Q2,One-bedroom,15.05,134.0
00550,Vallila,Helsinki,2015Q2,Studio,21.36,202.0
00550,Vallila,Helsinki,2015Q3,One-bedroom,15.89,139.0
00550,Vallila,Helsinki,2015Q3,Studio,21.51,205.0
00550,Vallila,Helsinki,2015Q4,One-bedroom,15.61,151.0
00550,Vallila,Helsinki,2015Q4,Studio,21.65,225.0
00550,Vallila,Helsinki,2016Q1,One-bedroom,15.55,147.0
00550,Vallila,Helsinki,2016Q1,Studio,21.58,232.0
00550,Vallila,Helsinki,2016Q2,One-bedroom,15.53,155.0
00550,Vallila,Helsinki,2016Q2,Studio,21.83,242.0
00550,Vallila,Helsinki,2016Q3,One-bedroom,15.78,145.0
00550,Vallila,Helsinki,2016Q3,Studio,21.79,264.0
00550,Vallila,Helsinki,2016Q4,One-bedroom,15.84,148.0
00550,Vallila,Helsinki,2016Q4,Studio,22.13,253.0
00550,Vallila,Helsinki,2017Q1,One-bedroom,16.28,131.0
00550,Vallila,Helsinki,2017Q1,Studio,22.45,232.0
00550,Vallila,Helsinki,2017Q2,One-bedroom,16.31,132.0
00550,Vallila,Helsinki,2017Q2,Studio,22.52,224.0
00550,Vallila,Helsinki,2017Q3,One-bedroom,18.06,115.0
00550,Vallila,Helsinki,2017Q3,Studio,22.69,240.0
00550,Vallila,Helsinki,2017Q4,One-bedroom,18.98,118.0
00550,Vallila,Helsinki,2017Q4,Studio,22.88,264.0
00550,Vallila,Helsinki,2018Q1,One-bedroom,18.36,115.0
00550,Vallila,Helsinki,2018Q1,Studio,21.39,267.0
00550,Vallila,Helsinki,2018Q2,One-bedroom,18.34,109.0
00550,Vallila,Helsinki,2018Q2,Studio,21.6,245.0
00550,Vallila,Helsinki,2018Q3,One-bedroom,18.74,93.0
00550,Vallila,Helsinki,2018Q3,Studio,21.63,222.0
00550,Vallila,Helsinki,2018Q4,One-bedroom,19.33,91.0
00550,Vallila,Helsinki,2018Q4,Studio,23.12,215.0
00550,Vallila,Helsinki,2019Q1,One-bedroom,18.96,142.0
00550,Vallila,Helsinki,2019Q1,Studio,22.5,238.0
00550,Vallila,Helsinki,2019Q2,One-bedroom,19.15,123.0
00550,Vallila,Helsinki,2019Q2,Studio,22.2,292.0
00550,Vallila,Helsinki,2019Q3,One-bedroom,19.56,118.0
00550,Vallila,Helsinki,2019Q3,Studio,22.62,291.0
00550,Vallila,Helsinki,2019Q4,One-bedroom,20.35,115.0
00550,Vallila,Helsinki,2019Q4,Studio,23.16,268.0
00550,Vallila,Helsinki,2020Q1,One-bedroom,20.37,123.0
00550,Vallila,Helsinki,2020Q1,Studio,23.78,292.0
00550,Vallila,Helsinki,2020Q2,One-bedroom,20.45,131.0
00550,Vallila,Helsinki,2020Q2,Studio,23.88,335.0
00550,Vallila,Helsinki,2020Q3,One-bedroom,20.92,123.0
00550,Vallila,Helsinki,2020Q3,Studio,23.98,327.0
00550,Vallila,Helsinki,2020Q4,One-bedroom,21.05,130.0
00550,Vallila,Helsinki,2020Q4,Studio,24.09,332.0
00550,Vallila,Helsinki,2021Q1,One-bedroom,20.86,134.0
00550,Vallila,Helsinki,2021Q1,Studio,24.56,358.0
00550,Vallila,Helsinki,2021Q2,One-bedroom,20.71,138.0
00550,Vallila,Helsinki,2021Q2,Studio,24.8,333.0
00550,Vallila,Helsinki,2021Q3,One-bedroom,20.85,126.0
00550,Vallila,Helsinki,2021Q3,Studio,24.71,323.0
00550,Vallila,Helsinki,2021Q4,One-bedroom,20.97,129.0
00550,Vallila,Helsinki,2021Q4,Studio,24.76,340.0
00550,Vallila,Helsinki,2022Q1,One-bedroom,21.19,120.0
00550,Vallila,Helsinki,2022Q1,Studio,24.89,356.0
00550,Vallila,Helsinki,2022Q2,One-bedroom,21.37,120.0
00550,Vallila,Helsinki,2022Q2,Studio,24.89,327.0
00550,Vallila,Helsinki,2022Q3,One-bedroom,21.39,121.0
00550,Vallila,Helsinki,2022Q3,Studio,25.12,316.0
00550,Vallila,Helsinki,2022Q4,One-bedroom,21.43,117.0
00550,Vallila,Helsinki,2022Q4,Studio,24.68,360.0
00550,Vallila,Helsinki,2023Q1,One-bedroom,21.14,104.0
00550,Vallila,Helsinki,2023Q1,Studio,24.75,354.0
00550,Vallila,Helsinki,2023Q2,One-bedroom,21.02,110.0
00550,Vallila,Helsinki,2023Q2,Studio,24.9,365.0
00550,Vallila,Helsinki,2023Q3,One-bedroom,20.98,107.0
00550,Vallila,Helsinki,2023Q3,Studio,25.08,354.0
00550,Vallila,Helsinki,2023Q4,One-bedroom,21.03,110.0
00550,Vallila,Helsinki,2023Q4,Studio,25.08,353.0
00550,Vallila,Helsinki,2024Q1,One-bedroom,21.26,107.0
00550,Vallila,Helsinki,2024Q1,Studio,24.96,342.0
00550,Vallila,Helsinki,2024Q2,One-bedroom,21.22,108.0
00550,Vallila,Helsinki,2024Q2,Studio,25.09,334.0
00550,Vallila,Helsinki,2024Q3,One-bedroom,21.08,103.0
00550,Vallila,Helsinki,2024Q3,Studio,25.15,318.0
00550,Vallila,Helsinki,2024Q4,One-bedroom,21.56,97.0
00550,Vallila,Helsinki,2024Q4,Studio,25.02,326.0
00550,Vallila,Helsinki,2025Q1,One-bedroom,21.26,104.0
00550,Vallila,Helsinki,2025Q1,Studio,25.22,375.0
00550,Vallila,Helsinki,2025Q2,One-bedroom,21.43,92.0
00550,Vallila,Helsinki,2025Q2,Studio,25.19,328.0
00550,Vallila,Helsinki,2025Q3,One-bedroom,22.39,110.0
00550,Vallila,Helsinki,2025Q3,Studio,25.28,334.0
00550,Vallila,Helsinki,2025Q4,One-bedroom,17.97,115.0
00550,Vallila,Helsinki,2025Q4,Studio,25.05,320.0
00560,Toukola-Vanhakaupunki,Helsinki,2015Q1,One-bedroom,19.51,128.0
00560,Toukola-Vanhakaupunki,Helsinki,2015Q1,Studio,21.55,61.0
00560,Toukola-Vanhakaupunki,Helsinki,2015Q2,One-bedroom,19.61,125.0
00560,Toukola-Vanhakaupunki,Helsinki,2015Q2,Studio,22.37,63.0
00560,Toukola-Vanhakaupunki,Helsinki,2015Q2,Two-bedroom+,18.44,39.0
00560,Toukola-Vanhakaupunki,Helsinki,2015Q3,One-bedroom,19.32,133.0
00560,Toukola-Vanhakaupunki,Helsinki,2015Q3,Studio,21.86,64.0
00560,Toukola-Vanhakaupunki,Helsinki,2015Q4,One-bedroom,19.43,134.0
00560,Toukola-Vanhakaupunki,Helsinki,2015Q4,Studio,21.43,73.0
00560,Toukola-Vanhakaupunki,Helsinki,2016Q1,One-bedroom,19.42,141.0
00560,Toukola-Vanhakaupunki,Helsinki,2016Q1,Studio,21.94,69.0
00560,Toukola-Vanhakaupunki,Helsinki,2016Q2,One-bedroom,19.89,143.0
00560,Toukola-Vanhakaupunki,Helsinki,2016Q2,Studio,23.14,70.0
00560,Toukola-Vanhakaupunki,Helsinki,2016Q2,Two-bedroom+,19.35,42.0
00560,Toukola-Vanhakaupunki,Helsinki,2016Q3,One-bedroom,19.74,149.0
00560,Toukola-Vanhakaupunki,Helsinki,2016Q3,Studio,22.12,72.0
00560,Toukola-Vanhakaupunki,Helsinki,2016Q3,Two-bedroom+,19.64,41.0
00560,Toukola-Vanhakaupunki,Helsinki,2016Q4,One-bedroom,19.44,144.0
00560,Toukola-Vanhakaupunki,Helsinki,2016Q4,Studio,21.68,70.0
00560,Toukola-Vanhakaupunki,Helsinki,2016Q4,Two-bedroom+,19.83,40.0
00560,Toukola-Vanhakaupunki,Helsinki,2017Q1,One-bedroom,19.54,136.0
00560,Toukola-Vanhakaupunki,Helsinki,2017Q1,Studio,22.35,72.0
00560,Toukola-Vanhakaupunki,Helsinki,2017Q1,Two-bedroom+,20.18,41.0
00560,Toukola-Vanhakaupunki,Helsinki,2017Q2,One-bedroom,19.92,138.0
00560,Toukola-Vanhakaupunki,Helsinki,2017Q2,Studio,21.72,73.0
00560,Toukola-Vanhakaupunki,Helsinki,2017Q2,Two-bedroom+,19.54,43.0
00560,Toukola-Vanhakaupunki,Helsinki,2017Q3,One-bedroom,21.43,136.0
00560,Toukola-Vanhakaupunki,Helsinki,2017Q3,Studio,22.13,72.0
00560,Toukola-Vanhakaupunki,Helsinki,2017Q3,Two-bedroom+,19.76,43.0
00560,Toukola-Vanhakaupunki,Helsinki,2017Q4,One-bedroom,21.27,147.0
00560,Toukola-Vanhakaupunki,Helsinki,2017Q4,Studio,22.19,72.0
00560,Toukola-Vanhakaupunki,Helsinki,2017Q4,Two-bedroom+,20.26,41.0
00560,Toukola-Vanhakaupunki,Helsinki,2018Q1,One-bedroom,21.22,143.0
00560,Toukola-Vanhakaupunki,Helsinki,2018Q1,Studio,21.73,87.0
00560,Toukola-Vanhakaupunki,Helsinki,2018Q1,Two-bedroom+,20.33,44.0
00560,Toukola-Vanhakaupunki,Helsinki,2018Q2,One-bedroom,21.74,162.0
00560,Toukola-Vanhakaupunki,Helsinki,2018Q2,Studio,23.48,112.0
00560,Toukola-Vanhakaupunki,Helsinki,2018Q3,One-bedroom,22.05,149.0
00560,Toukola-Vanhakaupunki,Helsinki,2018Q3,Studio,23.34,103.0
00560,Toukola-Vanhakaupunki,Helsinki,2018Q4,One-bedroom,21.55,158.0
00560,Toukola-Vanhakaupunki,Helsinki,2018Q4,Studio,24.16,109.0
00560,Toukola-Vanhakaupunki,Helsinki,2019Q1,One-bedroom,21.51,161.0
00560,Toukola-Vanhakaupunki,Helsinki,2019Q1,Studio,23.75,118.0
00560,Toukola-Vanhakaupunki,Helsinki,2019Q2,One-bedroom,21.62,168.0
00560,Toukola-Vanhakaupunki,Helsinki,2019Q2,Studio,24.15,124.0
00560,Toukola-Vanhakaupunki,Helsinki,2019Q3,One-bedroom,21.67,163.0
00560,Toukola-Vanhakaupunki,Helsinki,2019Q3,Studio,24.32,112.0
00560,Toukola-Vanhakaupunki,Helsinki,2019Q4,One-bedroom,21.81,158.0
00560,Toukola-Vanhakaupunki,Helsinki,2019Q4,Studio,24.87,115.0
00560,Toukola-Vanhakaupunki,Helsinki,2020Q1,One-bedroom,21.7,159.0
00560,Toukola-Vanhakaupunki,Helsinki,2020Q1,Studio,25.26,117.0
00560,Toukola-Vanhakaupunki,Helsinki,2020Q2,One-bedroom,21.47,186.0
00560,Toukola-Vanhakaupunki,Helsinki,2020Q2,Studio,25.25,130.0
00560,Toukola-Vanhakaupunki,Helsinki,2020Q3,One-bedroom,21.61,178.0
00560,Toukola-Vanhakaupunki,Helsinki,2020Q3,Studio,25.38,125.0
00560,Toukola-Vanhakaupunki,Helsinki,2020Q4,One-bedroom,21.72,182.0
00560,Toukola-Vanhakaupunki,Helsinki,2020Q4,Studio,25.76,124.0
00560,Toukola-Vanhakaupunki,Helsinki,2021Q1,One-bedroom,21.59,178.0
00560,Toukola-Vanhakaupunki,Helsinki,2021Q1,Studio,25.92,116.0
00560,Toukola-Vanhakaupunki,Helsinki,2021Q2,One-bedroom,21.58,179.0
00560,Toukola-Vanhakaupunki,Helsinki,2021Q2,Studio,25.51,117.0
00560,Toukola-Vanhakaupunki,Helsinki,2021Q3,One-bedroom,21.8,170.0
00560,Toukola-Vanhakaupunki,Helsinki,2021Q3,Studio,25.43,110.0
00560,Toukola-Vanhakaupunki,Helsinki,2021Q4,One-bedroom,21.81,168.0
00560,Toukola-Vanhakaupunki,Helsinki,2021Q4,Studio,25.4,120.0
00560,Toukola-Vanhakaupunki,Helsinki,2022Q1,One-bedroom,22.4,197.0
00560,Toukola-Vanhakaupunki,Helsinki,2022Q1,Studio,25.55,139.0
00560,Toukola-Vanhakaupunki,Helsinki,2022Q2,One-bedroom,22.43,198.0
00560,Toukola-Vanhakaupunki,Helsinki,2022Q2,Studio,25.45,137.0
00560,Toukola-Vanhakaupunki,Helsinki,2022Q3,One-bedroom,22.74,194.0
00560,Toukola-Vanhakaupunki,Helsinki,2022Q3,Studio,25.69,130.0
00560,Toukola-Vanhakaupunki,Helsinki,2022Q4,One-bedroom,22.62,204.0
00560,Toukola-Vanhakaupunki,Helsinki,2022Q4,Studio,26.22,131.0
00560,Toukola-Vanhakaupunki,Helsinki,2023Q1,One-bedroom,22.61,205.0
00560,Toukola-Vanhakaupunki,Helsinki,2023Q1,Studio,27.81,119.0
00560,Toukola-Vanhakaupunki,Helsinki,2023Q2,One-bedroom,22.36,211.0
00560,Toukola-Vanhakaupunki,Helsinki,2023Q2,Studio,27.92,116.0
00560,Toukola-Vanhakaupunki,Helsinki,2023Q3,One-bedroom,22.41,216.0
00560,Toukola-Vanhakaupunki,Helsinki,2023Q3,Studio,28.22,108.0
00560,Toukola-Vanhakaupunki,Helsinki,2023Q4,One-bedroom,22.49,212.0
00560,Toukola-Vanhakaupunki,Helsinki,2023Q4,Studio,27.98,115.0
00560,Toukola-Vanhakaupunki,Helsinki,2024Q1,One-bedroom,22.59,216.0
00560,Toukola-Vanhakaupunki,Helsinki,2024Q1,Studio,28.06,116.0
00560,Toukola-Vanhakaupunki,Helsinki,2024Q2,One-bedroom,22.29,263.0
00560,Toukola-Vanhakaupunki,Helsinki,2024Q2,Studio,27.91,116.0
00560,Toukola-Vanhakaupunki,Helsinki,2024Q3,Studio,28.0,114.0
00560,Toukola-Vanhakaupunki,Helsinki,2024Q4,Studio,28.15,112.0
00560,Toukola-Vanhakaupunki,Helsinki,2025Q1,Studio,28.32,122.0
00560,Toukola-Vanhakaupunki,Helsinki,2025Q2,Studio,28.28,109.0
00560,Toukola-Vanhakaupunki,Helsinki,2025Q3,Studio,28.74,109.0
00560,Toukola-Vanhakaupunki,Helsinki,2025Q4,One-bedroom,21.96,271.0
00560,Toukola-Vanhakaupunki,Helsinki,2025Q4,Studio,28.42,105.0
00570,Kulosaari,Helsinki,2015Q1,One-bedroom,16.51,46.0
00570,Kulosaari,Helsinki,2015Q1,Studio,21.33,62.0
00570,Kulosaari,Helsinki,2015Q1,Two-bedroom+,14.93,20.0
00570,Kulosaari,Helsinki,2015Q2,One-bedroom,16.9,45.0
00570,Kulosaari,Helsinki,2015Q2,Studio,22.06,60.0
00570,Kulosaari,Helsinki,2015Q3,One-bedroom,16.93,48.0
00570,Kulosaari,Helsinki,2015Q3,Studio,22.89,58.0
00570,Kulosaari,Helsinki,2015Q3,Two-bedroom+,14.44,22.0
00570,Kulosaari,Helsinki,2015Q4,One-bedroom,16.85,53.0
00570,Kulosaari,Helsinki,2015Q4,Studio,22.61,64.0
00570,Kulosaari,Helsinki,2015Q4,Two-bedroom+,14.45,28.0
00570,Kulosaari,Helsinki,2016Q1,One-bedroom,16.86,50.0
00570,Kulosaari,Helsinki,2016Q1,Studio,22.6,72.0
00570,Kulosaari,Helsinki,2016Q1,Two-bedroom+,13.58,27.0
00570,Kulosaari,Helsinki,2016Q2,One-bedroom,17.57,48.0
00570,Kulosaari,Helsinki,2016Q2,Studio,22.73,79.0
00570,Kulosaari,Helsinki,2016Q2,Two-bedroom+,14.1,24.0
00570,Kulosaari,Helsinki,2016Q3,One-bedroom,18.29,48.0
00570,Kulosaari,Helsinki,2016Q3,Studio,22.55,75.0
00570,Kulosaari,Helsinki,2016Q3,Two-bedroom+,14.17,24.0
00570,Kulosaari,Helsinki,2016Q4,One-bedroom,18.52,40.0
00570,Kulosaari,Helsinki,2016Q4,Studio,22.28,72.0
00570,Kulosaari,Helsinki,2016Q4,Two-bedroom+,14.05,23.0
00570,Kulosaari,Helsinki,2017Q1,One-bedroom,18.5,46.0
00570,Kulosaari,Helsinki,2017Q1,Studio,22.87,72.0
00570,Kulosaari,Helsinki,2017Q1,Two-bedroom+,14.51,21.0
00570,Kulosaari,Helsinki,2017Q2,One-bedroom,18.46,47.0
00570,Kulosaari,Helsinki,2017Q2,Studio,22.85,73.0
00570,Kulosaari,Helsinki,2017Q2,Two-bedroom+,14.54,22.0
00570,Kulosaari,Helsinki,2017Q3,One-bedroom,20.17,44.0
00570,Kulosaari,Helsinki,2017Q3,Studio,23.49,66.0
00570,Kulosaari,Helsinki,2017Q3,Two-bedroom+,15.98,21.0
00570,Kulosaari,Helsinki,2017Q4,One-bedroom,20.29,49.0
00570,Kulosaari,Helsinki,2017Q4,Studio,23.4,78.0
00570,Kulosaari,Helsinki,2018Q1,One-bedroom,18.89,53.0
00570,Kulosaari,Helsinki,2018Q1,Studio,23.58,87.0
00570,Kulosaari,Helsinki,2018Q1,Two-bedroom+,15.59,20.0
00570,Kulosaari,Helsinki,2018Q2,One-bedroom,19.1,54.0
00570,Kulosaari,Helsinki,2018Q2,Studio,23.51,75.0
00570,Kulosaari,Helsinki,2018Q2,Two-bedroom+,15.69,20.0
00570,Kulosaari,Helsinki,2018Q3,One-bedroom,19.68,47.0
00570,Kulosaari,Helsinki,2018Q3,Studio,24.02,75.0
00570,Kulosaari,Helsinki,2018Q4,One-bedroom,20.72,44.0
00570,Kulosaari,Helsinki,2018Q4,Studio,23.79,84.0
00570,Kulosaari,Helsinki,2018Q4,Two-bedroom+,16.62,20.0
00570,Kulosaari,Helsinki,2019Q1,One-bedroom,20.28,45.0
00570,Kulosaari,Helsinki,2019Q1,Studio,23.95,78.0
00570,Kulosaari,Helsinki,2019Q1,Two-bedroom+,16.66,21.0
00570,Kulosaari,Helsinki,2019Q2,One-bedroom,19.89,48.0
00570,Kulosaari,Helsinki,2019Q2,Studio,23.67,74.0
00570,Kulosaari,Helsinki,2019Q2,Two-bedroom+,16.11,22.0
00570,Kulosaari,Helsinki,2019Q3,One-bedroom,20.28,44.0
00570,Kulosaari,Helsinki,2019Q3,Studio,24.09,76.0
00570,Kulosaari,Helsinki,2019Q3,Two-bedroom+,16.59,20.0
00570,Kulosaari,Helsinki,2019Q4,One-bedroom,21.11,42.0
00570,Kulosaari,Helsinki,2019Q4,Studio,24.12,78.0
00570,Kulosaari,Helsinki,2020Q1,One-bedroom,21.51,42.0
00570,Kulosaari,Helsinki,2020Q1,Studio,24.23,85.0
00570,Kulosaari,Helsinki,2020Q1,Two-bedroom+,16.78,20.0
00570,Kulosaari,Helsinki,2020Q2,One-bedroom,21.11,45.0
00570,Kulosaari,Helsinki,2020Q2,Studio,24.61,91.0
00570,Kulosaari,Helsinki,2020Q3,One-bedroom,20.93,48.0
00570,Kulosaari,Helsinki,2020Q3,Studio,24.54,92.0
00570,Kulosaari,Helsinki,2020Q3,Two-bedroom+,16.77,20.0
00570,Kulosaari,Helsinki,2020Q4,One-bedroom,20.98,53.0
00570,Kulosaari,Helsinki,2020Q4,Studio,24.35,94.0
00570,Kulosaari,Helsinki,2020Q4,Two-bedroom+,16.23,24.0
00570,Kulosaari,Helsinki,2021Q1,One-bedroom,20.83,49.0
00570,Kulosaari,Helsinki,2021Q1,Studio,24.23,89.0
00570,Kulosaari,Helsinki,2021Q1,Two-bedroom+,16.6,26.0
00570,Kulosaari,Helsinki,2021Q2,One-bedroom,20.39,49.0
00570,Kulosaari,Helsinki,2021Q2,Studio,24.26,95.0
00570,Kulosaari,Helsinki,2021Q2,Two-bedroom+,16.81,25.0
00570,Kulosaari,Helsinki,2021Q3,One-bedroom,20.53,47.0
00570,Kulosaari,Helsinki,2021Q3,Studio,24.09,91.0
00570,Kulosaari,Helsinki,2021Q3,Two-bedroom+,16.73,20.0
00570,Kulosaari,Helsinki,2021Q4,One-bedroom,20.85,45.0
00570,Kulosaari,Helsinki,2021Q4,Studio,24.01,83.0
00570,Kulosaari,Helsinki,2021Q4,Two-bedroom+,16.53,20.0
00570,Kulosaari,Helsinki,2022Q1,One-bedroom,21.0,45.0
00570,Kulosaari,Helsinki,2022Q1,Studio,23.99,81.0
00570,Kulosaari,Helsinki,2022Q2,One-bedroom,21.09,42.0
00570,Kulosaari,Helsinki,2022Q2,Studio,24.24,75.0
00570,Kulosaari,Helsinki,2022Q3,One-bedroom,21.24,38.0
00570,Kulosaari,Helsinki,2022Q3,Studio,24.69,73.0
00570,Kulosaari,Helsinki,2022Q4,One-bedroom,21.42,35.0
00570,Kulosaari,Helsinki,2022Q4,Studio,25.14,76.0
00570,Kulosaari,Helsinki,2023Q1,One-bedroom,20.66,31.0
00570,Kulosaari,Helsinki,2023Q1,Studio,25.12,79.0
00570,Kulosaari,Helsinki,2023Q2,One-bedroom,20.78,35.0
00570,Kulosaari,Helsinki,2023Q2,Studio,25.09,76.0
00570,Kulosaari,Helsinki,2023Q3,One-bedroom,20.59,34.0
00570,Kulosaari,Helsinki,2023Q3,Studio,25.03,78.0
00570,Kulosaari,Helsinki,2023Q4,One-bedroom,20.92,35.0
00570,Kulosaari,Helsinki,2023Q4,Studio,25.0,87.0
00570,Kulosaari,Helsinki,2023Q4,Two-bedroom+,16.51,20.0
00570,Kulosaari,Helsinki,2024Q1,One-bedroom,20.95,38.0
00570,Kulosaari,Helsinki,2024Q1,Studio,24.89,84.0
00570,Kulosaari,Helsinki,2024Q2,One-bedroom,21.34,36.0
00570,Kulosaari,Helsinki,2024Q2,Studio,25.1,81.0
00570,Kulosaari,Helsinki,2024Q3,One-bedroom,21.35,34.0
00570,Kulosaari,Helsinki,2024Q3,Studio,25.37,80.0
00570,Kulosaari,Helsinki,2024Q4,One-bedroom,21.0,36.0
00570,Kulosaari,Helsinki,2024Q4,Studio,25.53,76.0
00570,Kulosaari,Helsinki,2025Q1,One-bedroom,21.17,38.0
00570,Kulosaari,Helsinki,2025Q1,Studio,25.91,88.0
00570,Kulosaari,Helsinki,2025Q1,Two-bedroom+,16.0,21.0
00570,Kulosaari,Helsinki,2025Q2,One-bedroom,21.32,30.0
00570,Kulosaari,Helsinki,2025Q2,Studio,25.53,73.0
00570,Kulosaari,Helsinki,2025Q3,One-bedroom,21.46,27.0
00570,Kulosaari,Helsinki,2025Q3,Studio,24.96,64.0
00570,Kulosaari,Helsinki,2025Q4,One-bedroom,18.83,35.0
00570,Kulosaari,Helsinki,2025Q4,Studio,24.7,68.0
00580,Verkkosaari,Helsinki,2022Q1,Studio,30.58,93.0
00580,Verkkosaari,Helsinki,2022Q2,Studio,30.44,92.0
00600,Koskela-Helsinki,Helsinki,2017Q2,One-bedroom,11.71,38.0
00600,Koskela-Helsinki,Helsinki,2017Q2,Studio,16.19,22.0
00600,Koskela-Helsinki,Helsinki,2017Q3,Studio,18.24,26.0
00600,Koskela-Helsinki,Helsinki,2017Q4,One-bedroom,13.66,36.0
00600,Koskela-Helsinki,Helsinki,2017Q4,Studio,18.13,28.0
00600,Koskela-Helsinki,Helsinki,2018Q1,One-bedroom,14.34,38.0
00600,Koskela-Helsinki,Helsinki,2018Q1,Studio,19.25,31.0
00600,Koskela-Helsinki,Helsinki,2018Q2,One-bedroom,14.44,36.0
00600,Koskela-Helsinki,Helsinki,2018Q2,Studio,19.34,29.0
00600,Koskela-Helsinki,Helsinki,2018Q3,Studio,19.45,31.0
00600,Koskela-Helsinki,Helsinki,2018Q4,Studio,19.25,29.0
00600,Koskela-Helsinki,Helsinki,2019Q1,One-bedroom,14.79,35.0
00600,Koskela-Helsinki,Helsinki,2019Q1,Studio,18.9,28.0
00600,Koskela-Helsinki,Helsinki,2019Q2,Studio,19.44,25.0
00600,Koskela-Helsinki,Helsinki,2019Q3,Studio,19.44,28.0
00600,Koskela-Helsinki,Helsinki,2019Q4,Studio,19.31,27.0
00600,Koskela-Helsinki,Helsinki,2020Q1,One-bedroom,15.54,37.0
00600,Koskela-Helsinki,Helsinki,2020Q1,Studio,19.6,30.0
00600,Koskela-Helsinki,Helsinki,2020Q2,Studio,19.89,27.0
00600,Koskela-Helsinki,Helsinki,2020Q3,Studio,20.39,28.0
00600,Koskela-Helsinki,Helsinki,2020Q4,Studio,19.69,26.0
00600,Koskela-Helsinki,Helsinki,2021Q1,Studio,20.31,27.0
00600,Koskela-Helsinki,Helsinki,2021Q2,Studio,20.64,20.0
00600,Koskela-Helsinki,Helsinki,2021Q3,Studio,20.88,23.0
00600,Koskela-Helsinki,Helsinki,2021Q4,Studio,20.3,24.0
00600,Koskela-Helsinki,Helsinki,2022Q1,Studio,20.4,26.0
00600,Koskela-Helsinki,Helsinki,2022Q2,Studio,19.93,21.0
00600,Koskela-Helsinki,Helsinki,2022Q3,Studio,20.43,20.0
00600,Koskela-Helsinki,Helsinki,2022Q4,Studio,20.69,23.0
00600,Koskela-Helsinki,Helsinki,2023Q1,Studio,21.36,21.0
00600,Koskela-Helsinki,Helsinki,2023Q2,Studio,21.46,21.0
00600,Koskela-Helsinki,Helsinki,2023Q3,Studio,21.81,20.0
00600,Koskela-Helsinki,Helsinki,2023Q4,Studio,22.68,20.0
00600,Koskela-Helsinki,Helsinki,2024Q1,Studio,22.76,23.0
00600,Koskela-Helsinki,Helsinki,2024Q2,Studio,22.87,25.0
00600,Koskela-Helsinki,Helsinki,2024Q3,Studio,22.63,21.0
00600,Koskela-Helsinki,Helsinki,2024Q4,Studio,22.47,23.0
00600,Koskela-Helsinki,Helsinki,2025Q1,Studio,22.65,22.0
00600,Koskela-Helsinki,Helsinki,2025Q2,Studio,23.5,22.0
00600,Koskela-Helsinki,Helsinki,2025Q3,Studio,23.24,35.0
00600,Koskela-Helsinki,Helsinki,2025Q4,Studio,22.39,26.0
00610,Käpylä,Helsinki,2015Q1,One-bedroom,13.74,57.0
00610,Käpylä,Helsinki,2015Q1,Studio,19.47,53.0
00610,Käpylä,Helsinki,2015Q2,One-bedroom,15.37,63.0
00610,Käpylä,Helsinki,2015Q2,Studio,19.12,58.0
00610,Käpylä,Helsinki,2015Q3,One-bedroom,14.67,76.0
00610,Käpylä,Helsinki,2015Q3,Studio,19.92,58.0
00610,Käpylä,Helsinki,2015Q4,One-bedroom,14.47,77.0
00610,Käpylä,Helsinki,2015Q4,Studio,20.37,68.0
00610,Käpylä,Helsinki,2016Q1,One-bedroom,14.91,75.0
00610,Käpylä,Helsinki,2016Q1,Studio,20.91,57.0
00610,Käpylä,Helsinki,2016Q2,One-bedroom,15.28,74.0
00610,Käpylä,Helsinki,2016Q2,Studio,20.8,60.0
00610,Käpylä,Helsinki,2016Q3,One-bedroom,15.74,78.0
00610,Käpylä,Helsinki,2016Q3,Studio,20.53,59.0
00610,Käpylä,Helsinki,2016Q4,One-bedroom,15.32,77.0
00610,Käpylä,Helsinki,2016Q4,Studio,20.86,62.0
00610,Käpylä,Helsinki,2017Q1,One-bedroom,15.08,76.0
00610,Käpylä,Helsinki,2017Q1,Studio,20.99,60.0
00610,Käpylä,Helsinki,2017Q2,One-bedroom,15.13,80.0
00610,Käpylä,Helsinki,2017Q2,Studio,21.17,71.0
00610,Käpylä,Helsinki,2017Q3,One-bedroom,17.9,70.0
00610,Käpylä,Helsinki,2017Q3,Studio,21.53,66.0
00610,Käpylä,Helsinki,2017Q4,One-bedroom,18.13,79.0
00610,Käpylä,Helsinki,2017Q4,Studio,21.96,83.0
00610,Käpylä,Helsinki,2018Q1,One-bedroom,17.49,80.0
00610,Käpylä,Helsinki,2018Q1,Studio,21.35,82.0
00610,Käpylä,Helsinki,2018Q1,Two-bedroom+,17.31,23.0
00610,Käpylä,Helsinki,2018Q2,One-bedroom,17.38,82.0
00610,Käpylä,Helsinki,2018Q2,Studio,21.35,82.0
00610,Käpylä,Helsinki,2018Q2,Two-bedroom+,16.89,23.0
00610,Käpylä,Helsinki,2018Q3,One-bedroom,17.84,73.0
00610,Käpylä,Helsinki,2018Q3,Studio,21.49,74.0
00610,Käpylä,Helsinki,2018Q4,One-bedroom,18.26,70.0
00610,Käpylä,Helsinki,2018Q4,Studio,22.03,74.0
00610,Käpylä,Helsinki,2019Q1,One-bedroom,18.09,78.0
00610,Käpylä,Helsinki,2019Q1,Studio,21.45,74.0
00610,Käpylä,Helsinki,2019Q2,One-bedroom,17.44,75.0
00610,Käpylä,Helsinki,2019Q2,Studio,21.49,79.0
00610,Käpylä,Helsinki,2019Q3,One-bedroom,17.9,65.0
00610,Käpylä,Helsinki,2019Q3,Studio,21.2,78.0
00610,Käpylä,Helsinki,2019Q4,One-bedroom,18.48,71.0
00610,Käpylä,Helsinki,2019Q4,Studio,22.14,72.0
00610,Käpylä,Helsinki,2020Q1,One-bedroom,18.71,70.0
00610,Käpylä,Helsinki,2020Q1,Studio,21.94,64.0
00610,Käpylä,Helsinki,2020Q2,One-bedroom,18.9,73.0
00610,Käpylä,Helsinki,2020Q2,Studio,23.11,79.0
00610,Käpylä,Helsinki,2020Q3,One-bedroom,18.6,64.0
00610,Käpylä,Helsinki,2020Q3,Studio,23.1,83.0
00610,Käpylä,Helsinki,2020Q4,One-bedroom,18.46,65.0
00610,Käpylä,Helsinki,2020Q4,Studio,23.33,85.0
00610,Käpylä,Helsinki,2021Q1,One-bedroom,18.22,72.0
00610,Käpylä,Helsinki,2021Q1,Studio,23.42,95.0
00610,Käpylä,Helsinki,2021Q2,One-bedroom,18.45,67.0
00610,Käpylä,Helsinki,2021Q2,Studio,23.63,90.0
00610,Käpylä,Helsinki,2021Q3,One-bedroom,18.16,55.0
00610,Käpylä,Helsinki,2021Q3,Studio,23.56,76.0
00610,Käpylä,Helsinki,2021Q4,One-bedroom,17.94,56.0
00610,Käpylä,Helsinki,2021Q4,Studio,23.71,84.0
00610,Käpylä,Helsinki,2022Q1,One-bedroom,17.94,55.0
00610,Käpylä,Helsinki,2022Q1,Studio,23.4,92.0
00610,Käpylä,Helsinki,2022Q2,One-bedroom,18.14,54.0
00610,Käpylä,Helsinki,2022Q2,Studio,23.82,79.0
00610,Käpylä,Helsinki,2022Q3,One-bedroom,18.52,56.0
00610,Käpylä,Helsinki,2022Q3,Studio,23.9,76.0
00610,Käpylä,Helsinki,2022Q4,One-bedroom,18.36,61.0
00610,Käpylä,Helsinki,2022Q4,Studio,24.12,79.0
00610,Käpylä,Helsinki,2023Q1,One-bedroom,18.43,57.0
00610,Käpylä,Helsinki,2023Q1,Studio,24.45,78.0
00610,Käpylä,Helsinki,2023Q2,One-bedroom,18.61,60.0
00610,Käpylä,Helsinki,2023Q2,Studio,24.49,75.0
00610,Käpylä,Helsinki,2023Q3,One-bedroom,19.0,63.0
00610,Käpylä,Helsinki,2023Q3,Studio,24.4,68.0
00610,Käpylä,Helsinki,2023Q4,One-bedroom,19.3,68.0
00610,Käpylä,Helsinki,2023Q4,Studio,24.17,77.0
00610,Käpylä,Helsinki,2024Q1,One-bedroom,19.52,64.0
00610,Käpylä,Helsinki,2024Q1,Studio,23.92,76.0
00610,Käpylä,Helsinki,2024Q2,One-bedroom,19.36,54.0
00610,Käpylä,Helsinki,2024Q2,Studio,23.59,74.0
00610,Käpylä,Helsinki,2024Q3,One-bedroom,19.37,55.0
00610,Käpylä,Helsinki,2024Q3,Studio,23.95,66.0
00610,Käpylä,Helsinki,2024Q4,One-bedroom,19.37,49.0
00610,Käpylä,Helsinki,2024Q4,Studio,23.99,69.0
00610,Käpylä,Helsinki,2025Q1,One-bedroom,19.67,58.0
00610,Käpylä,Helsinki,2025Q1,Studio,24.8,77.0
00610,Käpylä,Helsinki,2025Q2,One-bedroom,19.46,51.0
00610,Käpylä,Helsinki,2025Q2,Studio,25.58,51.0
00610,Käpylä,Helsinki,2025Q3,One-bedroom,19.28,55.0
00610,Käpylä,Helsinki,2025Q3,Studio,23.77,47.0
00610,Käpylä,Helsinki,2025Q4,One-bedroom,17.68,57.0
00610,Käpylä,Helsinki,2025Q4,Studio,23.53,60.0
00620,Metsälä-Etelä-Oulunkylä,Helsinki,2015Q1,One-bedroom,12.57,31.0
00620,Metsälä-Etelä-Oulunkylä,Helsinki,2015Q2,One-bedroom,13.95,28.0
00620,Metsälä-Etelä-Oulunkylä,Helsinki,2015Q3,One-bedroom,13.75,27.0
00620,Metsälä-Etelä-Oulunkylä,Helsinki,2015Q4,One-bedroom,13.33,30.0
00620,Metsälä-Etelä-Oulunkylä,Helsinki,2016Q1,One-bedroom,12.86,30.0
00620,Metsälä-Etelä-Oulunkylä,Helsinki,2016Q2,One-bedroom,12.99,32.0
00620,Metsälä-Etelä-Oulunkylä,Helsinki,2016Q3,One-bedroom,13.66,37.0
00620,Metsälä-Etelä-Oulunkylä,Helsinki,2016Q3,Studio,20.23,20.0
00620,Metsälä-Etelä-Oulunkylä,Helsinki,2016Q4,One-bedroom,13.48,44.0
00620,Metsälä-Etelä-Oulunkylä,Helsinki,2017Q1,One-bedroom,14.5,36.0
00620,Metsälä-Etelä-Oulunkylä,Helsinki,2017Q2,One-bedroom,14.77,34.0
00620,Metsälä-Etelä-Oulunkylä,Helsinki,2017Q3,One-bedroom,16.78,26.0
00620,Metsälä-Etelä-Oulunkylä,Helsinki,2017Q4,One-bedroom,16.11,31.0
00620,Metsälä-Etelä-Oulunkylä,Helsinki,2018Q1,One-bedroom,16.33,26.0
00620,Metsälä-Etelä-Oulunkylä,Helsinki,2018Q1,Studio,20.01,20.0
00620,Metsälä-Etelä-Oulunkylä,Helsinki,2018Q2,One-bedroom,15.75,29.0
00620,Metsälä-Etelä-Oulunkylä,Helsinki,2018Q3,One-bedroom,16.8,22.0
00620,Metsälä-Etelä-Oulunkylä,Helsinki,2018Q4,One-bedroom,16.52,24.0
00620,Metsälä-Etelä-Oulunkylä,Helsinki,2019Q1,One-bedroom,16.69,30.0
00620,Metsälä-Etelä-Oulunkylä,Helsinki,2019Q2,One-bedroom,16.84,32.0
00620,Metsälä-Etelä-Oulunkylä,Helsinki,2019Q2,Studio,21.52,21.0
00620,Metsälä-Etelä-Oulunkylä,Helsinki,2019Q3,One-bedroom,17.41,31.0
00620,Metsälä-Etelä-Oulunkylä,Helsinki,2019Q4,One-bedroom,17.08,28.0
00620,Metsälä-Etelä-Oulunkylä,Helsinki,2020Q1,One-bedroom,17.92,24.0
00620,Metsälä-Etelä-Oulunkylä,Helsinki,2020Q1,Studio,21.02,22.0
00620,Metsälä-Etelä-Oulunkylä,Helsinki,2020Q2,One-bedroom,17.72,26.0
00620,Metsälä-Etelä-Oulunkylä,Helsinki,2020Q2,Studio,21.35,23.0
00620,Metsälä-Etelä-Oulunkylä,Helsinki,2020Q3,One-bedroom,17.12,26.0
00620,Metsälä-Etelä-Oulunkylä,Helsinki,2020Q3,Studio,21.9,26.0
00620,Metsälä-Etelä-Oulunkylä,Helsinki,2020Q4,One-bedroom,17.14,32.0
00620,Metsälä-Etelä-Oulunkylä,Helsinki,2020Q4,Studio,22.19,22.0
00620,Metsälä-Etelä-Oulunkylä,Helsinki,2021Q1,One-bedroom,17.05,34.0
00620,Metsälä-Etelä-Oulunkylä,Helsinki,2021Q1,Studio,21.69,24.0
00620,Metsälä-Etelä-Oulunkylä,Helsinki,2021Q2,One-bedroom,17.79,28.0
00620,Metsälä-Etelä-Oulunkylä,Helsinki,2021Q2,Studio,21.5,21.0
00620,Metsälä-Etelä-Oulunkylä,Helsinki,2021Q3,One-bedroom,17.77,30.0
00620,Metsälä-Etelä-Oulunkylä,Helsinki,2021Q4,One-bedroom,17.68,34.0
00620,Metsälä-Etelä-Oulunkylä,Helsinki,2021Q4,Studio,22.39,20.0
00620,Metsälä-Etelä-Oulunkylä,Helsinki,2022Q1,One-bedroom,17.99,37.0
00620,Metsälä-Etelä-Oulunkylä,Helsinki,2022Q1,Studio,22.01,23.0
00620,Metsälä-Etelä-Oulunkylä,Helsinki,2022Q2,One-bedroom,17.7,33.0
00620,Metsälä-Etelä-Oulunkylä,Helsinki,2022Q2,Studio,22.73,23.0
00620,Metsälä-Etelä-Oulunkylä,Helsinki,2022Q3,One-bedroom,17.9,36.0
00620,Metsälä-Etelä-Oulunkylä,Helsinki,2022Q3,Studio,22.98,20.0
00620,Metsälä-Etelä-Oulunkylä,Helsinki,2022Q4,One-bedroom,17.64,36.0
00620,Metsälä-Etelä-Oulunkylä,Helsinki,2022Q4,Studio,22.98,21.0
00620,Metsälä-Etelä-Oulunkylä,Helsinki,2023Q1,One-bedroom,17.66,34.0
00620,Metsälä-Etelä-Oulunkylä,Helsinki,2023Q1,Studio,22.76,22.0
00620,Metsälä-Etelä-Oulunkylä,Helsinki,2023Q2,One-bedroom,17.57,31.0
00620,Metsälä-Etelä-Oulunkylä,Helsinki,2023Q2,Studio,22.32,23.0
00620,Metsälä-Etelä-Oulunkylä,Helsinki,2023Q3,One-bedroom,17.45,28.0
00620,Metsälä-Etelä-Oulunkylä,Helsinki,2023Q3,Studio,22.22,22.0
00620,Metsälä-Etelä-Oulunkylä,Helsinki,2023Q4,One-bedroom,17.21,28.0
00620,Metsälä-Etelä-Oulunkylä,Helsinki,2023Q4,Studio,22.45,26.0
00620,Metsälä-Etelä-Oulunkylä,Helsinki,2024Q1,One-bedroom,17.82,27.0
00620,Metsälä-Etelä-Oulunkylä,Helsinki,2024Q1,Studio,22.31,23.0
00620,Metsälä-Etelä-Oulunkylä,Helsinki,2024Q2,One-bedroom,18.34,27.0
00620,Metsälä-Etelä-Oulunkylä,Helsinki,2024Q2,Studio,23.12,24.0
00620,Metsälä-Etelä-Oulunkylä,Helsinki,2024Q3,One-bedroom,18.13,24.0
00620,Metsälä-Etelä-Oulunkylä,Helsinki,2024Q3,Studio,22.77,25.0
00620,Metsälä-Etelä-Oulunkylä,Helsinki,2024Q4,One-bedroom,18.25,22.0
00620,Metsälä-Etelä-Oulunkylä,Helsinki,2024Q4,Studio,23.71,23.0
00620,Metsälä-Etelä-Oulunkylä,Helsinki,2025Q1,One-bedroom,18.16,27.0
00620,Metsälä-Etelä-Oulunkylä,Helsinki,2025Q1,Studio,23.5,21.0
00620,Metsälä-Etelä-Oulunkylä,Helsinki,2025Q2,One-bedroom,17.62,24.0
00620,Metsälä-Etelä-Oulunkylä,Helsinki,2025Q2,Studio,22.99,22.0
00620,Metsälä-Etelä-Oulunkylä,Helsinki,2025Q3,Studio,22.61,21.0
00620,Metsälä-Etelä-Oulunkylä,Helsinki,2025Q4,One-bedroom,17.07,22.0
00620,Metsälä-Etelä-Oulunkylä,Helsinki,2025Q4,Studio,23.82,23.0
00630,Maunula-Suursuo,Helsinki,2015Q1,One-bedroom,15.48,41.0
00630,Maunula-Suursuo,Helsinki,2015Q1,Studio,20.44,68.0
00630,Maunula-Suursuo,Helsinki,2015Q2,One-bedroom,15.15,42.0
00630,Maunula-Suursuo,Helsinki,2015Q2,Studio,20.43,64.0
00630,Maunula-Suursuo,Helsinki,2015Q3,One-bedroom,15.65,45.0
00630,Maunula-Suursuo,Helsinki,2015Q3,Studio,20.62,71.0
00630,Maunula-Suursuo,Helsinki,2015Q4,One-bedroom,17.01,68.0
00630,Maunula-Suursuo,Helsinki,2015Q4,Studio,22.01,80.0
00630,Maunula-Suursuo,Helsinki,2016Q1,One-bedroom,17.11,69.0
00630,Maunula-Suursuo,Helsinki,2016Q1,Studio,22.22,81.0
00630,Maunula-Suursuo,Helsinki,2016Q2,One-bedroom,17.23,71.0
00630,Maunula-Suursuo,Helsinki,2016Q2,Studio,22.19,84.0
00630,Maunula-Suursuo,Helsinki,2016Q3,One-bedroom,17.64,71.0
00630,Maunula-Suursuo,Helsinki,2016Q3,Studio,21.96,87.0
00630,Maunula-Suursuo,Helsinki,2016Q4,One-bedroom,17.62,75.0
00630,Maunula-Suursuo,Helsinki,2016Q4,Studio,22.2,89.0
00630,Maunula-Suursuo,Helsinki,2017Q1,One-bedroom,17.46,70.0
00630,Maunula-Suursuo,Helsinki,2017Q1,Studio,22.66,95.0
00630,Maunula-Suursuo,Helsinki,2017Q1,Two-bedroom+,15.96,20.0
00630,Maunula-Suursuo,Helsinki,2017Q2,One-bedroom,17.65,73.0
00630,Maunula-Suursuo,Helsinki,2017Q2,Studio,22.68,96.0
00630,Maunula-Suursuo,Helsinki,2017Q2,Two-bedroom+,15.88,21.0
00630,Maunula-Suursuo,Helsinki,2017Q3,One-bedroom,18.48,74.0
00630,Maunula-Suursuo,Helsinki,2017Q3,Studio,23.04,96.0
00630,Maunula-Suursuo,Helsinki,2017Q3,Two-bedroom+,16.24,21.0
00630,Maunula-Suursuo,Helsinki,2017Q4,One-bedroom,18.22,76.0
00630,Maunula-Suursuo,Helsinki,2017Q4,Studio,23.13,98.0
00630,Maunula-Suursuo,Helsinki,2017Q4,Two-bedroom+,16.52,22.0
00630,Maunula-Suursuo,Helsinki,2018Q1,One-bedroom,17.92,84.0
00630,Maunula-Suursuo,Helsinki,2018Q1,Studio,23.04,108.0
00630,Maunula-Suursuo,Helsinki,2018Q1,Two-bedroom+,16.03,24.0
00630,Maunula-Suursuo,Helsinki,2018Q2,One-bedroom,18.07,82.0
00630,Maunula-Suursuo,Helsinki,2018Q2,Studio,23.52,103.0
00630,Maunula-Suursuo,Helsinki,2018Q2,Two-bedroom+,15.98,24.0
00630,Maunula-Suursuo,Helsinki,2018Q3,One-bedroom,18.47,75.0
00630,Maunula-Suursuo,Helsinki,2018Q3,Studio,23.17,98.0
00630,Maunula-Suursuo,Helsinki,2018Q3,Two-bedroom+,16.53,21.0
00630,Maunula-Suursuo,Helsinki,2018Q4,One-bedroom,18.48,72.0
00630,Maunula-Suursuo,Helsinki,2018Q4,Studio,23.5,100.0
00630,Maunula-Suursuo,Helsinki,2018Q4,Two-bedroom+,16.54,21.0
00630,Maunula-Suursuo,Helsinki,2019Q1,One-bedroom,18.57,72.0
00630,Maunula-Suursuo,Helsinki,2019Q1,Studio,23.52,109.0
00630,Maunula-Suursuo,Helsinki,2019Q1,Two-bedroom+,17.09,21.0
00630,Maunula-Suursuo,Helsinki,2019Q2,One-bedroom,18.41,73.0
00630,Maunula-Suursuo,Helsinki,2019Q2,Studio,23.7,100.0
00630,Maunula-Suursuo,Helsinki,2019Q2,Two-bedroom+,17.03,22.0
00630,Maunula-Suursuo,Helsinki,2019Q3,One-bedroom,18.58,75.0
00630,Maunula-Suursuo,Helsinki,2019Q3,Studio,23.69,101.0
00630,Maunula-Suursuo,Helsinki,2019Q4,One-bedroom,18.65,72.0
00630,Maunula-Suursuo,Helsinki,2019Q4,Studio,23.54,105.0
00630,Maunula-Suursuo,Helsinki,2020Q1,One-bedroom,18.88,73.0
00630,Maunula-Suursuo,Helsinki,2020Q1,Studio,24.16,106.0
00630,Maunula-Suursuo,Helsinki,2020Q2,One-bedroom,18.94,78.0
00630,Maunula-Suursuo,Helsinki,2020Q2,Studio,24.17,109.0
00630,Maunula-Suursuo,Helsinki,2020Q3,One-bedroom,19.17,70.0
00630,Maunula-Suursuo,Helsinki,2020Q3,Studio,24.08,107.0
00630,Maunula-Suursuo,Helsinki,2020Q3,Two-bedroom+,16.67,20.0
00630,Maunula-Suursuo,Helsinki,2020Q4,One-bedroom,19.02,74.0
00630,Maunula-Suursuo,Helsinki,2020Q4,Studio,24.23,115.0
00630,Maunula-Suursuo,Helsinki,2021Q1,One-bedroom,18.64,76.0
00630,Maunula-Suursuo,Helsinki,2021Q1,Studio,24.79,107.0
00630,Maunula-Suursuo,Helsinki,2021Q2,One-bedroom,18.69,73.0
00630,Maunula-Suursuo,Helsinki,2021Q2,Studio,24.56,104.0
00630,Maunula-Suursuo,Helsinki,2021Q3,One-bedroom,18.56,73.0
00630,Maunula-Suursuo,Helsinki,2021Q3,Studio,24.96,91.0
00630,Maunula-Suursuo,Helsinki,2021Q4,One-bedroom,18.72,70.0
00630,Maunula-Suursuo,Helsinki,2021Q4,Studio,25.12,95.0
00630,Maunula-Suursuo,Helsinki,2022Q1,One-bedroom,18.75,71.0
00630,Maunula-Suursuo,Helsinki,2022Q1,Studio,24.95,101.0
00630,Maunula-Suursuo,Helsinki,2022Q2,One-bedroom,18.9,76.0
00630,Maunula-Suursuo,Helsinki,2022Q2,Studio,25.1,95.0
00630,Maunula-Suursuo,Helsinki,2022Q3,One-bedroom,18.84,75.0
00630,Maunula-Suursuo,Helsinki,2022Q3,Studio,24.81,94.0
00630,Maunula-Suursuo,Helsinki,2022Q4,One-bedroom,18.79,73.0
00630,Maunula-Suursuo,Helsinki,2022Q4,Studio,24.72,93.0
00630,Maunula-Suursuo,Helsinki,2023Q1,One-bedroom,18.88,63.0
00630,Maunula-Suursuo,Helsinki,2023Q1,Studio,24.52,94.0
00630,Maunula-Suursuo,Helsinki,2023Q2,One-bedroom,18.76,66.0
00630,Maunula-Suursuo,Helsinki,2023Q2,Studio,24.48,97.0
00630,Maunula-Suursuo,Helsinki,2023Q3,One-bedroom,18.86,71.0
00630,Maunula-Suursuo,Helsinki,2023Q3,Studio,24.78,95.0
00630,Maunula-Suursuo,Helsinki,2023Q4,One-bedroom,19.05,70.0
00630,Maunula-Suursuo,Helsinki,2023Q4,Studio,24.8,98.0
00630,Maunula-Suursuo,Helsinki,2024Q1,One-bedroom,19.23,70.0
00630,Maunula-Suursuo,Helsinki,2024Q1,Studio,24.66,101.0
00630,Maunula-Suursuo,Helsinki,2024Q2,One-bedroom,19.26,74.0
00630,Maunula-Suursuo,Helsinki,2024Q2,Studio,24.61,104.0
00630,Maunula-Suursuo,Helsinki,2024Q3,One-bedroom,19.48,69.0
00630,Maunula-Suursuo,Helsinki,2024Q3,Studio,24.9,99.0
00630,Maunula-Suursuo,Helsinki,2024Q4,One-bedroom,20.07,73.0
00630,Maunula-Suursuo,Helsinki,2024Q4,Studio,24.78,99.0
00630,Maunula-Suursuo,Helsinki,2024Q4,Two-bedroom+,17.63,21.0
00630,Maunula-Suursuo,Helsinki,2025Q1,One-bedroom,19.7,66.0
00630,Maunula-Suursuo,Helsinki,2025Q1,Studio,24.8,109.0
00630,Maunula-Suursuo,Helsinki,2025Q1,Two-bedroom+,16.66,20.0
00630,Maunula-Suursuo,Helsinki,2025Q2,One-bedroom,19.99,55.0
00630,Maunula-Suursuo,Helsinki,2025Q2,Studio,25.09,90.0
00630,Maunula-Suursuo,Helsinki,2025Q3,One-bedroom,20.04,51.0
00630,Maunula-Suursuo,Helsinki,2025Q3,Studio,25.62,72.0
00630,Maunula-Suursuo,Helsinki,2025Q4,One-bedroom,19.86,53.0
00630,Maunula-Suursuo,Helsinki,2025Q4,Studio,25.08,88.0
00640,Oulunkylä-Patola,Helsinki,2015Q1,One-bedroom,14.65,89.0
00640,Oulunkylä-Patola,Helsinki,2015Q1,Studio,19.74,81.0
00640,Oulunkylä-Patola,Helsinki,2015Q2,One-bedroom,15.15,89.0
00640,Oulunkylä-Patola,Helsinki,2015Q2,Studio,20.17,98.0
00640,Oulunkylä-Patola,Helsinki,2015Q3,One-bedroom,15.6,82.0
00640,Oulunkylä-Patola,Helsinki,2015Q3,Studio,20.26,102.0
00640,Oulunkylä-Patola,Helsinki,2015Q3,Two-bedroom+,14.86,81.0
00640,Oulunkylä-Patola,Helsinki,2015Q4,One-bedroom,14.74,93.0
00640,Oulunkylä-Patola,Helsinki,2015Q4,Studio,20.49,103.0
00640,Oulunkylä-Patola,Helsinki,2016Q1,One-bedroom,15.17,95.0
00640,Oulunkylä-Patola,Helsinki,2016Q1,Studio,20.79,104.0
00640,Oulunkylä-Patola,Helsinki,2016Q2,One-bedroom,15.15,112.0
00640,Oulunkylä-Patola,Helsinki,2016Q2,Studio,21.34,103.0
00640,Oulunkylä-Patola,Helsinki,2016Q3,One-bedroom,15.4,109.0
00640,Oulunkylä-Patola,Helsinki,2016Q3,Studio,21.24,107.0
00640,Oulunkylä-Patola,Helsinki,2016Q3,Two-bedroom+,15.27,81.0
00640,Oulunkylä-Patola,Helsinki,2016Q4,One-bedroom,14.86,114.0
00640,Oulunkylä-Patola,Helsinki,2016Q4,Studio,21.39,115.0
00640,Oulunkylä-Patola,Helsinki,2016Q4,Two-bedroom+,15.19,82.0
00640,Oulunkylä-Patola,Helsinki,2017Q1,One-bedroom,14.95,116.0
00640,Oulunkylä-Patola,Helsinki,2017Q1,Studio,21.34,121.0
00640,Oulunkylä-Patola,Helsinki,2017Q2,One-bedroom,15.3,114.0
00640,Oulunkylä-Patola,Helsinki,2017Q2,Studio,21.47,120.0
00640,Oulunkylä-Patola,Helsinki,2017Q3,One-bedroom,16.99,92.0
00640,Oulunkylä-Patola,Helsinki,2017Q3,Studio,21.39,124.0
00640,Oulunkylä-Patola,Helsinki,2017Q4,One-bedroom,17.04,100.0
00640,Oulunkylä-Patola,Helsinki,2017Q4,Studio,21.4,132.0
00640,Oulunkylä-Patola,Helsinki,2018Q1,One-bedroom,16.22,107.0
00640,Oulunkylä-Patola,Helsinki,2018Q1,Studio,21.88,138.0
00640,Oulunkylä-Patola,Helsinki,2018Q2,One-bedroom,16.4,106.0
00640,Oulunkylä-Patola,Helsinki,2018Q2,Studio,22.46,128.0
00640,Oulunkylä-Patola,Helsinki,2018Q3,One-bedroom,16.88,95.0
00640,Oulunkylä-Patola,Helsinki,2018Q3,Studio,22.64,120.0
00640,Oulunkylä-Patola,Helsinki,2018Q4,One-bedroom,17.22,91.0
00640,Oulunkylä-Patola,Helsinki,2018Q4,Studio,22.44,118.0
00640,Oulunkylä-Patola,Helsinki,2019Q1,One-bedroom,16.92,92.0
00640,Oulunkylä-Patola,Helsinki,2019Q1,Studio,22.56,133.0
00640,Oulunkylä-Patola,Helsinki,2019Q2,One-bedroom,16.94,100.0
00640,Oulunkylä-Patola,Helsinki,2019Q2,Studio,22.5,136.0
00640,Oulunkylä-Patola,Helsinki,2019Q3,One-bedroom,17.42,94.0
00640,Oulunkylä-Patola,Helsinki,2019Q3,Studio,23.0,133.0
00640,Oulunkylä-Patola,Helsinki,2019Q4,One-bedroom,17.43,100.0
00640,Oulunkylä-Patola,Helsinki,2019Q4,Studio,23.27,121.0
00640,Oulunkylä-Patola,Helsinki,2020Q1,One-bedroom,17.42,100.0
00640,Oulunkylä-Patola,Helsinki,2020Q1,Studio,23.1,119.0
00640,Oulunkylä-Patola,Helsinki,2020Q2,One-bedroom,17.24,106.0
00640,Oulunkylä-Patola,Helsinki,2020Q2,Studio,22.39,128.0
00640,Oulunkylä-Patola,Helsinki,2020Q3,One-bedroom,17.25,111.0
00640,Oulunkylä-Patola,Helsinki,2020Q3,Studio,22.44,138.0
00640,Oulunkylä-Patola,Helsinki,2020Q4,One-bedroom,17.25,110.0
00640,Oulunkylä-Patola,Helsinki,2020Q4,Studio,22.4,143.0
00640,Oulunkylä-Patola,Helsinki,2021Q1,One-bedroom,17.23,97.0
00640,Oulunkylä-Patola,Helsinki,2021Q1,Studio,22.65,150.0
00640,Oulunkylä-Patola,Helsinki,2021Q1,Two-bedroom+,16.48,81.0
00640,Oulunkylä-Patola,Helsinki,2021Q2,One-bedroom,16.96,94.0
00640,Oulunkylä-Patola,Helsinki,2021Q2,Studio,22.8,136.0
00640,Oulunkylä-Patola,Helsinki,2021Q3,One-bedroom,17.2,102.0
00640,Oulunkylä-Patola,Helsinki,2021Q3,Studio,22.84,136.0
00640,Oulunkylä-Patola,Helsinki,2021Q4,One-bedroom,17.16,102.0
00640,Oulunkylä-Patola,Helsinki,2021Q4,Studio,23.06,133.0
00640,Oulunkylä-Patola,Helsinki,2022Q1,One-bedroom,16.89,94.0
00640,Oulunkylä-Patola,Helsinki,2022Q1,Studio,23.01,143.0
00640,Oulunkylä-Patola,Helsinki,2022Q2,One-bedroom,16.96,90.0
00640,Oulunkylä-Patola,Helsinki,2022Q2,Studio,22.99,131.0
00640,Oulunkylä-Patola,Helsinki,2022Q3,One-bedroom,17.01,88.0
00640,Oulunkylä-Patola,Helsinki,2022Q3,Studio,23.21,128.0
00640,Oulunkylä-Patola,Helsinki,2022Q4,One-bedroom,16.96,87.0
00640,Oulunkylä-Patola,Helsinki,2022Q4,Studio,23.25,132.0
00640,Oulunkylä-Patola,Helsinki,2023Q1,One-bedroom,17.03,93.0
00640,Oulunkylä-Patola,Helsinki,2023Q1,Studio,23.43,135.0
00640,Oulunkylä-Patola,Helsinki,2023Q2,One-bedroom,17.16,91.0
00640,Oulunkylä-Patola,Helsinki,2023Q2,Studio,23.42,140.0
00640,Oulunkylä-Patola,Helsinki,2023Q3,One-bedroom,16.96,91.0
00640,Oulunkylä-Patola,Helsinki,2023Q3,Studio,23.18,144.0
00640,Oulunkylä-Patola,Helsinki,2023Q4,One-bedroom,16.93,92.0
00640,Oulunkylä-Patola,Helsinki,2023Q4,Studio,23.15,146.0
00640,Oulunkylä-Patola,Helsinki,2024Q1,One-bedroom,17.07,88.0
00640,Oulunkylä-Patola,Helsinki,2024Q1,Studio,23.65,142.0
00640,Oulunkylä-Patola,Helsinki,2024Q2,One-bedroom,17.11,87.0
00640,Oulunkylä-Patola,Helsinki,2024Q2,Studio,23.45,131.0
00640,Oulunkylä-Patola,Helsinki,2024Q2,Two-bedroom+,16.26,79.0
00640,Oulunkylä-Patola,Helsinki,2024Q3,One-bedroom,17.14,87.0
00640,Oulunkylä-Patola,Helsinki,2024Q3,Studio,23.43,126.0
00640,Oulunkylä-Patola,Helsinki,2024Q4,One-bedroom,17.11,83.0
00640,Oulunkylä-Patola,Helsinki,2024Q4,Studio,23.97,118.0
00640,Oulunkylä-Patola,Helsinki,2025Q1,One-bedroom,17.49,84.0
00640,Oulunkylä-Patola,Helsinki,2025Q1,Studio,24.03,116.0
00640,Oulunkylä-Patola,Helsinki,2025Q2,One-bedroom,17.27,82.0
00640,Oulunkylä-Patola,Helsinki,2025Q2,Studio,23.76,110.0
00640,Oulunkylä-Patola,Helsinki,2025Q3,One-bedroom,17.46,90.0
00640,Oulunkylä-Patola,Helsinki,2025Q3,Studio,24.23,100.0
00640,Oulunkylä-Patola,Helsinki,2025Q4,One-bedroom,16.68,81.0
00640,Oulunkylä-Patola,Helsinki,2025Q4,Studio,23.9,114.0
00650,Veräjämäki,Helsinki,2018Q4,One-bedroom,17.7,21.0
00700,Malmi,Helsinki,2015Q1,One-bedroom,16.03,107.0
00700,Malmi,Helsinki,2015Q1,Studio,19.84,69.0
00700,Malmi,Helsinki,2015Q1,Two-bedroom+,13.53,37.0
00700,Malmi,Helsinki,2015Q2,One-bedroom,16.21,109.0
00700,Malmi,Helsinki,2015Q2,Studio,19.79,67.0
00700,Malmi,Helsinki,2015Q2,Two-bedroom+,13.76,36.0
00700,Malmi,Helsinki,2015Q3,One-bedroom,16.17,109.0
00700,Malmi,Helsinki,2015Q3,Studio,19.95,70.0
00700,Malmi,Helsinki,2015Q3,Two-bedroom+,14.28,36.0
00700,Malmi,Helsinki,2015Q4,One-bedroom,15.83,123.0
00700,Malmi,Helsinki,2015Q4,Studio,20.29,88.0
00700,Malmi,Helsinki,2015Q4,Two-bedroom+,14.13,38.0
00700,Malmi,Helsinki,2016Q1,One-bedroom,16.58,114.0
00700,Malmi,Helsinki,2016Q1,Studio,20.81,88.0
00700,Malmi,Helsinki,2016Q1,Two-bedroom+,16.01,39.0
00700,Malmi,Helsinki,2016Q2,One-bedroom,16.85,118.0
00700,Malmi,Helsinki,2016Q2,Studio,20.91,87.0
00700,Malmi,Helsinki,2016Q2,Two-bedroom+,15.32,42.0
00700,Malmi,Helsinki,2016Q3,One-bedroom,16.41,121.0
00700,Malmi,Helsinki,2016Q3,Studio,20.85,96.0
00700,Malmi,Helsinki,2016Q3,Two-bedroom+,15.6,39.0
00700,Malmi,Helsinki,2016Q4,One-bedroom,17.35,211.0
00700,Malmi,Helsinki,2016Q4,Studio,21.5,101.0
00700,Malmi,Helsinki,2017Q1,One-bedroom,17.68,206.0
00700,Malmi,Helsinki,2017Q1,Studio,21.73,92.0
00700,Malmi,Helsinki,2017Q2,Studio,20.95,114.0
00700,Malmi,Helsinki,2017Q3,Studio,20.87,112.0
00700,Malmi,Helsinki,2017Q4,Studio,21.26,125.0
00700,Malmi,Helsinki,2018Q1,Studio,21.59,136.0
00700,Malmi,Helsinki,2018Q2,Studio,21.52,137.0
00700,Malmi,Helsinki,2018Q3,Studio,21.91,136.0
00700,Malmi,Helsinki,2018Q4,Studio,21.94,133.0
00700,Malmi,Helsinki,2019Q1,Studio,21.7,135.0
00700,Malmi,Helsinki,2019Q2,Studio,21.68,124.0
00700,Malmi,Helsinki,2019Q3,Studio,22.18,124.0
00700,Malmi,Helsinki,2019Q4,Studio,22.48,124.0
00700,Malmi,Helsinki,2020Q1,Studio,22.64,131.0
00700,Malmi,Helsinki,2020Q2,Studio,22.77,142.0
00700,Malmi,Helsinki,2020Q3,Studio,22.7,142.0
00700,Malmi,Helsinki,2020Q4,Studio,22.64,152.0
00700,Malmi,Helsinki,2021Q1,Studio,22.99,146.0
00700,Malmi,Helsinki,2021Q2,Studio,22.86,138.0
00700,Malmi,Helsinki,2021Q3,Studio,22.94,130.0
00700,Malmi,Helsinki,2021Q4,Studio,23.06,147.0
00700,Malmi,Helsinki,2022Q1,Studio,23.09,167.0
00700,Malmi,Helsinki,2022Q2,Studio,23.01,167.0
00700,Malmi,Helsinki,2022Q3,Studio,23.36,158.0
00700,Malmi,Helsinki,2022Q4,Studio,23.52,160.0
00700,Malmi,Helsinki,2023Q1,Studio,23.52,163.0
00700,Malmi,Helsinki,2023Q2,Studio,23.44,151.0
00700,Malmi,Helsinki,2023Q3,Studio,24.07,205.0
00700,Malmi,Helsinki,2023Q4,Studio,24.02,204.0
00700,Malmi,Helsinki,2024Q1,Studio,24.03,202.0
00700,Malmi,Helsinki,2024Q2,Studio,24.14,200.0
00700,Malmi,Helsinki,2024Q3,Studio,24.08,196.0
00700,Malmi,Helsinki,2024Q4,Studio,24.41,197.0
00700,Malmi,Helsinki,2025Q1,Studio,24.28,212.0
00700,Malmi,Helsinki,2025Q2,Studio,24.62,186.0
00700,Malmi,Helsinki,2025Q3,Studio,25.36,240.0
00700,Malmi,Helsinki,2025Q4,Studio,24.69,181.0
00710,Pihlajamäki,Helsinki,2015Q1,One-bedroom,14.04,107.0
00710,Pihlajamäki,Helsinki,2015Q1,Studio,17.66,120.0
00710,Pihlajamäki,Helsinki,2015Q2,One-bedroom,14.37,109.0
00710,Pihlajamäki,Helsinki,2015Q2,Studio,17.73,131.0
00710,Pihlajamäki,Helsinki,2015Q3,One-bedroom,14.35,117.0
00710,Pihlajamäki,Helsinki,2015Q3,Studio,18.15,141.0
00710,Pihlajamäki,Helsinki,2015Q4,One-bedroom,14.11,133.0
00710,Pihlajamäki,Helsinki,2015Q4,Studio,18.21,141.0
00710,Pihlajamäki,Helsinki,2015Q4,Two-bedroom+,14.4,96.0
00710,Pihlajamäki,Helsinki,2016Q1,One-bedroom,14.2,133.0
00710,Pihlajamäki,Helsinki,2016Q1,Studio,18.27,134.0
00710,Pihlajamäki,Helsinki,2016Q1,Two-bedroom+,14.94,86.0
00710,Pihlajamäki,Helsinki,2016Q2,One-bedroom,14.38,132.0
00710,Pihlajamäki,Helsinki,2016Q2,Studio,18.36,139.0
00710,Pihlajamäki,Helsinki,2016Q3,One-bedroom,14.59,131.0
00710,Pihlajamäki,Helsinki,2016Q3,Studio,18.55,127.0
00710,Pihlajamäki,Helsinki,2016Q4,One-bedroom,14.57,120.0
00710,Pihlajamäki,Helsinki,2016Q4,Studio,18.47,137.0
00710,Pihlajamäki,Helsinki,2016Q4,Two-bedroom+,14.99,98.0
00710,Pihlajamäki,Helsinki,2017Q1,One-bedroom,15.17,221.0
00710,Pihlajamäki,Helsinki,2017Q1,Studio,19.25,161.0
00710,Pihlajamäki,Helsinki,2017Q1,Two-bedroom+,15.53,108.0
00710,Pihlajamäki,Helsinki,2017Q2,One-bedroom,15.42,262.0
00710,Pihlajamäki,Helsinki,2017Q2,Studio,19.46,165.0
00710,Pihlajamäki,Helsinki,2017Q3,One-bedroom,15.6,269.0
00710,Pihlajamäki,Helsinki,2017Q3,Studio,19.73,176.0
00710,Pihlajamäki,Helsinki,2017Q3,Two-bedroom+,15.41,130.0
00710,Pihlajamäki,Helsinki,2017Q4,One-bedroom,15.61,287.0
00710,Pihlajamäki,Helsinki,2017Q4,Studio,19.64,188.0
00710,Pihlajamäki,Helsinki,2017Q4,Two-bedroom+,15.36,132.0
00710,Pihlajamäki,Helsinki,2018Q1,One-bedroom,15.43,298.0
00710,Pihlajamäki,Helsinki,2018Q1,Studio,19.33,195.0
00710,Pihlajamäki,Helsinki,2018Q1,Two-bedroom+,15.33,136.0
00710,Pihlajamäki,Helsinki,2018Q2,One-bedroom,15.52,300.0
00710,Pihlajamäki,Helsinki,2018Q2,Studio,19.35,178.0
00710,Pihlajamäki,Helsinki,2018Q2,Two-bedroom+,15.25,136.0
00710,Pihlajamäki,Helsinki,2018Q3,One-bedroom,15.61,301.0
00710,Pihlajamäki,Helsinki,2018Q3,Studio,19.68,179.0
00710,Pihlajamäki,Helsinki,2018Q3,Two-bedroom+,15.26,136.0
00710,Pihlajamäki,Helsinki,2018Q4,One-bedroom,16.21,315.0
00710,Pihlajamäki,Helsinki,2018Q4,Studio,20.29,182.0
00710,Pihlajamäki,Helsinki,2018Q4,Two-bedroom+,15.75,139.0
00710,Pihlajamäki,Helsinki,2019Q1,One-bedroom,16.03,319.0
00710,Pihlajamäki,Helsinki,2019Q1,Studio,20.36,200.0
00710,Pihlajamäki,Helsinki,2019Q1,Two-bedroom+,15.62,139.0
00710,Pihlajamäki,Helsinki,2019Q2,One-bedroom,16.26,305.0
00710,Pihlajamäki,Helsinki,2019Q2,Studio,20.38,188.0
00710,Pihlajamäki,Helsinki,2019Q2,Two-bedroom+,15.64,143.0
00710,Pihlajamäki,Helsinki,2019Q3,One-bedroom,16.41,306.0
00710,Pihlajamäki,Helsinki,2019Q3,Studio,20.53,190.0
00710,Pihlajamäki,Helsinki,2019Q3,Two-bedroom+,15.68,141.0
00710,Pihlajamäki,Helsinki,2019Q4,One-bedroom,16.56,306.0
00710,Pihlajamäki,Helsinki,2019Q4,Studio,20.69,190.0
00710,Pihlajamäki,Helsinki,2019Q4,Two-bedroom+,15.9,141.0
00710,Pihlajamäki,Helsinki,2020Q1,One-bedroom,16.54,312.0
00710,Pihlajamäki,Helsinki,2020Q1,Studio,20.78,194.0
00710,Pihlajamäki,Helsinki,2020Q1,Two-bedroom+,16.04,142.0
00710,Pihlajamäki,Helsinki,2020Q2,One-bedroom,16.55,317.0
00710,Pihlajamäki,Helsinki,2020Q2,Studio,20.92,208.0
00710,Pihlajamäki,Helsinki,2020Q2,Two-bedroom+,16.19,142.0
00710,Pihlajamäki,Helsinki,2020Q3,One-bedroom,16.47,318.0
00710,Pihlajamäki,Helsinki,2020Q3,Studio,21.14,202.0
00710,Pihlajamäki,Helsinki,2020Q3,Two-bedroom+,16.19,142.0
00710,Pihlajamäki,Helsinki,2020Q4,One-bedroom,16.35,319.0
00710,Pihlajamäki,Helsinki,2020Q4,Studio,20.73,203.0
00710,Pihlajamäki,Helsinki,2020Q4,Two-bedroom+,16.03,140.0
00710,Pihlajamäki,Helsinki,2021Q1,One-bedroom,16.56,312.0
00710,Pihlajamäki,Helsinki,2021Q1,Studio,21.36,166.0
00710,Pihlajamäki,Helsinki,2021Q1,Two-bedroom+,16.27,138.0
00710,Pihlajamäki,Helsinki,2021Q2,One-bedroom,16.68,295.0
00710,Pihlajamäki,Helsinki,2021Q2,Studio,21.21,169.0
00710,Pihlajamäki,Helsinki,2021Q3,One-bedroom,16.67,304.0
00710,Pihlajamäki,Helsinki,2021Q3,Studio,21.43,160.0
00710,Pihlajamäki,Helsinki,2021Q4,One-bedroom,16.66,303.0
00710,Pihlajamäki,Helsinki,2021Q4,Studio,21.43,159.0
00710,Pihlajamäki,Helsinki,2022Q1,One-bedroom,16.58,308.0
00710,Pihlajamäki,Helsinki,2022Q1,Studio,21.59,213.0
00710,Pihlajamäki,Helsinki,2022Q2,One-bedroom,16.6,309.0
00710,Pihlajamäki,Helsinki,2022Q2,Studio,22.05,196.0
00710,Pihlajamäki,Helsinki,2022Q3,One-bedroom,16.63,304.0
00710,Pihlajamäki,Helsinki,2022Q3,Studio,22.28,191.0
00710,Pihlajamäki,Helsinki,2022Q4,One-bedroom,16.64,313.0
00710,Pihlajamäki,Helsinki,2022Q4,Studio,22.22,198.0
00710,Pihlajamäki,Helsinki,2023Q1,One-bedroom,16.65,321.0
00710,Pihlajamäki,Helsinki,2023Q1,Studio,22.22,201.0
00710,Pihlajamäki,Helsinki,2023Q2,One-bedroom,17.01,363.0
00710,Pihlajamäki,Helsinki,2023Q2,Studio,22.27,205.0
00710,Pihlajamäki,Helsinki,2023Q3,One-bedroom,17.05,361.0
00710,Pihlajamäki,Helsinki,2023Q3,Studio,22.35,206.0
00710,Pihlajamäki,Helsinki,2023Q4,One-bedroom,17.04,371.0
00710,Pihlajamäki,Helsinki,2023Q4,Studio,22.5,204.0
00710,Pihlajamäki,Helsinki,2024Q1,One-bedroom,16.91,369.0
00710,Pihlajamäki,Helsinki,2024Q1,Studio,22.56,192.0
00710,Pihlajamäki,Helsinki,2024Q2,One-bedroom,16.93,366.0
00710,Pihlajamäki,Helsinki,2024Q2,Studio,22.57,188.0
00710,Pihlajamäki,Helsinki,2024Q3,One-bedroom,16.96,353.0
00710,Pihlajamäki,Helsinki,2024Q3,Studio,22.61,194.0
00710,Pihlajamäki,Helsinki,2024Q4,One-bedroom,16.97,346.0
00710,Pihlajamäki,Helsinki,2024Q4,Studio,22.52,200.0
00710,Pihlajamäki,Helsinki,2025Q1,One-bedroom,16.99,345.0
00710,Pihlajamäki,Helsinki,2025Q1,Studio,22.57,217.0
00710,Pihlajamäki,Helsinki,2025Q2,One-bedroom,17.03,337.0
00710,Pihlajamäki,Helsinki,2025Q2,Studio,22.63,188.0
00710,Pihlajamäki,Helsinki,2025Q3,Studio,22.79,203.0
00710,Pihlajamäki,Helsinki,2025Q4,One-bedroom,16.84,328.0
00710,Pihlajamäki,Helsinki,2025Q4,Studio,22.63,196.0
00720,Pukinmäki-Savela,Helsinki,2015Q1,One-bedroom,14.08,48.0
00720,Pukinmäki-Savela,Helsinki,2015Q1,Studio,19.22,54.0
00720,Pukinmäki-Savela,Helsinki,2015Q1,Two-bedroom+,15.55,36.0
00720,Pukinmäki-Savela,Helsinki,2015Q2,One-bedroom,14.42,53.0
00720,Pukinmäki-Savela,Helsinki,2015Q2,Studio,19.1,62.0
00720,Pukinmäki-Savela,Helsinki,2015Q2,Two-bedroom+,14.98,41.0
00720,Pukinmäki-Savela,Helsinki,2015Q3,One-bedroom,14.06,60.0
00720,Pukinmäki-Savela,Helsinki,2015Q3,Studio,19.01,65.0
00720,Pukinmäki-Savela,Helsinki,2015Q3,Two-bedroom+,15.82,37.0
00720,Pukinmäki-Savela,Helsinki,2015Q4,One-bedroom,14.1,64.0
00720,Pukinmäki-Savela,Helsinki,2015Q4,Studio,19.52,71.0
00720,Pukinmäki-Savela,Helsinki,2015Q4,Two-bedroom+,15.51,37.0
00720,Pukinmäki-Savela,Helsinki,2016Q1,One-bedroom,13.54,60.0
00720,Pukinmäki-Savela,Helsinki,2016Q1,Studio,19.52,68.0
00720,Pukinmäki-Savela,Helsinki,2016Q1,Two-bedroom+,15.73,31.0
00720,Pukinmäki-Savela,Helsinki,2016Q2,One-bedroom,14.15,54.0
00720,Pukinmäki-Savela,Helsinki,2016Q2,Studio,19.58,77.0
00720,Pukinmäki-Savela,Helsinki,2016Q2,Two-bedroom+,15.97,33.0
00720,Pukinmäki-Savela,Helsinki,2016Q3,One-bedroom,14.53,59.0
00720,Pukinmäki-Savela,Helsinki,2016Q3,Studio,19.71,79.0
00720,Pukinmäki-Savela,Helsinki,2016Q3,Two-bedroom+,16.29,32.0
00720,Pukinmäki-Savela,Helsinki,2016Q4,One-bedroom,13.87,61.0
00720,Pukinmäki-Savela,Helsinki,2016Q4,Studio,20.07,79.0
00720,Pukinmäki-Savela,Helsinki,2016Q4,Two-bedroom+,15.52,36.0
00720,Pukinmäki-Savela,Helsinki,2017Q1,One-bedroom,14.17,52.0
00720,Pukinmäki-Savela,Helsinki,2017Q1,Studio,20.19,66.0
00720,Pukinmäki-Savela,Helsinki,2017Q1,Two-bedroom+,15.89,31.0
00720,Pukinmäki-Savela,Helsinki,2017Q2,One-bedroom,14.74,57.0
00720,Pukinmäki-Savela,Helsinki,2017Q2,Studio,20.47,64.0
00720,Pukinmäki-Savela,Helsinki,2017Q2,Two-bedroom+,16.05,35.0
00720,Pukinmäki-Savela,Helsinki,2017Q3,One-bedroom,15.13,58.0
00720,Pukinmäki-Savela,Helsinki,2017Q3,Studio,20.77,68.0
00720,Pukinmäki-Savela,Helsinki,2017Q3,Two-bedroom+,16.62,32.0
00720,Pukinmäki-Savela,Helsinki,2017Q4,One-bedroom,15.26,68.0
00720,Pukinmäki-Savela,Helsinki,2017Q4,Studio,20.6,79.0
00720,Pukinmäki-Savela,Helsinki,2017Q4,Two-bedroom+,16.4,33.0
00720,Pukinmäki-Savela,Helsinki,2018Q1,One-bedroom,14.84,71.0
00720,Pukinmäki-Savela,Helsinki,2018Q1,Studio,20.44,80.0
00720,Pukinmäki-Savela,Helsinki,2018Q2,One-bedroom,14.58,63.0
00720,Pukinmäki-Savela,Helsinki,2018Q2,Studio,20.41,75.0
00720,Pukinmäki-Savela,Helsinki,2018Q2,Two-bedroom+,16.57,31.0
00720,Pukinmäki-Savela,Helsinki,2018Q3,One-bedroom,14.95,52.0
00720,Pukinmäki-Savela,Helsinki,2018Q3,Studio,20.52,74.0
00720,Pukinmäki-Savela,Helsinki,2018Q4,One-bedroom,15.27,51.0
00720,Pukinmäki-Savela,Helsinki,2018Q4,Studio,21.0,71.0
00720,Pukinmäki-Savela,Helsinki,2019Q1,One-bedroom,15.45,50.0
00720,Pukinmäki-Savela,Helsinki,2019Q1,Studio,21.34,72.0
00720,Pukinmäki-Savela,Helsinki,2019Q2,One-bedroom,15.39,52.0
00720,Pukinmäki-Savela,Helsinki,2019Q2,Studio,21.6,73.0
00720,Pukinmäki-Savela,Helsinki,2019Q2,Two-bedroom+,16.75,33.0
00720,Pukinmäki-Savela,Helsinki,2019Q3,One-bedroom,15.32,58.0
00720,Pukinmäki-Savela,Helsinki,2019Q3,Studio,21.33,76.0
00720,Pukinmäki-Savela,Helsinki,2019Q3,Two-bedroom+,15.93,37.0
00720,Pukinmäki-Savela,Helsinki,2019Q4,One-bedroom,15.22,55.0
00720,Pukinmäki-Savela,Helsinki,2019Q4,Studio,21.44,75.0
00720,Pukinmäki-Savela,Helsinki,2019Q4,Two-bedroom+,16.64,32.0
00720,Pukinmäki-Savela,Helsinki,2020Q1,One-bedroom,15.55,59.0
00720,Pukinmäki-Savela,Helsinki,2020Q1,Studio,21.66,72.0
00720,Pukinmäki-Savela,Helsinki,2020Q1,Two-bedroom+,16.39,34.0
00720,Pukinmäki-Savela,Helsinki,2020Q2,One-bedroom,15.68,61.0
00720,Pukinmäki-Savela,Helsinki,2020Q2,Studio,21.04,86.0
00720,Pukinmäki-Savela,Helsinki,2020Q2,Two-bedroom+,16.34,37.0
00720,Pukinmäki-Savela,Helsinki,2020Q3,One-bedroom,15.74,64.0
00720,Pukinmäki-Savela,Helsinki,2020Q3,Studio,21.2,91.0
00720,Pukinmäki-Savela,Helsinki,2020Q3,Two-bedroom+,16.26,35.0
00720,Pukinmäki-Savela,Helsinki,2020Q4,One-bedroom,15.72,71.0
00720,Pukinmäki-Savela,Helsinki,2020Q4,Studio,21.47,92.0
00720,Pukinmäki-Savela,Helsinki,2020Q4,Two-bedroom+,16.33,36.0
00720,Pukinmäki-Savela,Helsinki,2021Q1,One-bedroom,16.3,67.0
00720,Pukinmäki-Savela,Helsinki,2021Q1,Studio,21.81,88.0
00720,Pukinmäki-Savela,Helsinki,2021Q1,Two-bedroom+,16.46,32.0
00720,Pukinmäki-Savela,Helsinki,2021Q2,One-bedroom,16.14,68.0
00720,Pukinmäki-Savela,Helsinki,2021Q2,Studio,21.79,91.0
00720,Pukinmäki-Savela,Helsinki,2021Q2,Two-bedroom+,16.2,34.0
00720,Pukinmäki-Savela,Helsinki,2021Q3,One-bedroom,16.23,64.0
00720,Pukinmäki-Savela,Helsinki,2021Q3,Studio,21.55,88.0
00720,Pukinmäki-Savela,Helsinki,2021Q3,Two-bedroom+,16.11,30.0
00720,Pukinmäki-Savela,Helsinki,2021Q4,One-bedroom,16.0,62.0
00720,Pukinmäki-Savela,Helsinki,2021Q4,Studio,21.59,85.0
00720,Pukinmäki-Savela,Helsinki,2021Q4,Two-bedroom+,16.23,33.0
00720,Pukinmäki-Savela,Helsinki,2022Q1,One-bedroom,15.42,81.0
00720,Pukinmäki-Savela,Helsinki,2022Q1,Studio,21.69,101.0
00720,Pukinmäki-Savela,Helsinki,2022Q1,Two-bedroom+,16.16,39.0
00720,Pukinmäki-Savela,Helsinki,2022Q2,One-bedroom,15.7,72.0
00720,Pukinmäki-Savela,Helsinki,2022Q2,Studio,21.73,94.0
00720,Pukinmäki-Savela,Helsinki,2022Q2,Two-bedroom+,16.16,38.0
00720,Pukinmäki-Savela,Helsinki,2022Q3,One-bedroom,15.87,65.0
00720,Pukinmäki-Savela,Helsinki,2022Q3,Studio,22.08,94.0
00720,Pukinmäki-Savela,Helsinki,2022Q3,Two-bedroom+,16.14,38.0
00720,Pukinmäki-Savela,Helsinki,2022Q4,One-bedroom,15.78,61.0
00720,Pukinmäki-Savela,Helsinki,2022Q4,Studio,22.03,94.0
00720,Pukinmäki-Savela,Helsinki,2022Q4,Two-bedroom+,16.15,37.0
00720,Pukinmäki-Savela,Helsinki,2023Q1,One-bedroom,15.5,65.0
00720,Pukinmäki-Savela,Helsinki,2023Q1,Studio,21.84,94.0
00720,Pukinmäki-Savela,Helsinki,2023Q1,Two-bedroom+,16.31,36.0
00720,Pukinmäki-Savela,Helsinki,2023Q2,One-bedroom,15.6,64.0
00720,Pukinmäki-Savela,Helsinki,2023Q2,Studio,21.88,101.0
00720,Pukinmäki-Savela,Helsinki,2023Q2,Two-bedroom+,16.35,36.0
00720,Pukinmäki-Savela,Helsinki,2023Q3,One-bedroom,15.56,63.0
00720,Pukinmäki-Savela,Helsinki,2023Q3,Studio,21.79,104.0
00720,Pukinmäki-Savela,Helsinki,2023Q3,Two-bedroom+,16.32,35.0
00720,Pukinmäki-Savela,Helsinki,2023Q4,One-bedroom,15.4,77.0
00720,Pukinmäki-Savela,Helsinki,2023Q4,Studio,21.32,124.0
00720,Pukinmäki-Savela,Helsinki,2023Q4,Two-bedroom+,15.17,52.0
00720,Pukinmäki-Savela,Helsinki,2024Q1,One-bedroom,16.8,114.0
00720,Pukinmäki-Savela,Helsinki,2024Q1,Studio,22.69,124.0
00720,Pukinmäki-Savela,Helsinki,2024Q1,Two-bedroom+,17.22,67.0
00720,Pukinmäki-Savela,Helsinki,2024Q2,One-bedroom,16.83,141.0
00720,Pukinmäki-Savela,Helsinki,2024Q2,Studio,22.42,123.0
00720,Pukinmäki-Savela,Helsinki,2024Q3,One-bedroom,16.95,132.0
00720,Pukinmäki-Savela,Helsinki,2024Q3,Studio,22.5,115.0
00720,Pukinmäki-Savela,Helsinki,2024Q4,One-bedroom,16.99,127.0
00720,Pukinmäki-Savela,Helsinki,2024Q4,Studio,22.46,122.0
00720,Pukinmäki-Savela,Helsinki,2025Q1,One-bedroom,17.03,129.0
00720,Pukinmäki-Savela,Helsinki,2025Q1,Studio,22.6,132.0
00720,Pukinmäki-Savela,Helsinki,2025Q2,One-bedroom,16.98,129.0
00720,Pukinmäki-Savela,Helsinki,2025Q2,Studio,22.87,119.0
00720,Pukinmäki-Savela,Helsinki,2025Q3,Studio,23.21,108.0
00720,Pukinmäki-Savela,Helsinki,2025Q4,Studio,22.82,100.0
00730,Tapanila,Helsinki,2015Q1,One-bedroom,15.21,49.0
00730,Tapanila,Helsinki,2015Q1,Studio,18.89,31.0
00730,Tapanila,Helsinki,2015Q2,One-bedroom,15.37,52.0
00730,Tapanila,Helsinki,2015Q2,Studio,18.9,32.0
00730,Tapanila,Helsinki,2015Q3,One-bedroom,15.29,53.0
00730,Tapanila,Helsinki,2015Q3,Studio,19.91,37.0
00730,Tapanila,Helsinki,2015Q4,One-bedroom,15.64,56.0
00730,Tapanila,Helsinki,2015Q4,Studio,19.12,36.0
00730,Tapanila,Helsinki,2016Q1,One-bedroom,16.07,58.0
00730,Tapanila,Helsinki,2016Q1,Studio,19.11,38.0
00730,Tapanila,Helsinki,2016Q1,Two-bedroom+,13.76,21.0
00730,Tapanila,Helsinki,2016Q2,One-bedroom,16.15,58.0
00730,Tapanila,Helsinki,2016Q2,Studio,19.27,42.0
00730,Tapanila,Helsinki,2016Q2,Two-bedroom+,13.76,21.0
00730,Tapanila,Helsinki,2016Q3,One-bedroom,15.82,53.0
00730,Tapanila,Helsinki,2016Q3,Studio,20.19,37.0
00730,Tapanila,Helsinki,2016Q3,Two-bedroom+,14.59,21.0
00730,Tapanila,Helsinki,2016Q4,One-bedroom,15.66,53.0
00730,Tapanila,Helsinki,2016Q4,Studio,20.75,36.0
00730,Tapanila,Helsinki,2016Q4,Two-bedroom+,14.09,24.0
00730,Tapanila,Helsinki,2017Q1,One-bedroom,15.87,52.0
00730,Tapanila,Helsinki,2017Q1,Studio,20.76,36.0
00730,Tapanila,Helsinki,2017Q2,One-bedroom,16.21,49.0
00730,Tapanila,Helsinki,2017Q2,Studio,20.73,36.0
00730,Tapanila,Helsinki,2017Q2,Two-bedroom+,14.26,20.0
00730,Tapanila,Helsinki,2017Q3,One-bedroom,17.3,48.0
00730,Tapanila,Helsinki,2017Q3,Studio,20.5,40.0
00730,Tapanila,Helsinki,2017Q4,One-bedroom,17.52,53.0
00730,Tapanila,Helsinki,2017Q4,Studio,20.36,42.0
00730,Tapanila,Helsinki,2018Q1,One-bedroom,17.1,53.0
00730,Tapanila,Helsinki,2018Q1,Studio,19.64,45.0
00730,Tapanila,Helsinki,2018Q1,Two-bedroom+,14.77,21.0
00730,Tapanila,Helsinki,2018Q2,One-bedroom,17.04,49.0
00730,Tapanila,Helsinki,2018Q2,Studio,20.16,37.0
00730,Tapanila,Helsinki,2018Q2,Two-bedroom+,14.43,20.0
00730,Tapanila,Helsinki,2018Q3,One-bedroom,16.85,49.0
00730,Tapanila,Helsinki,2018Q3,Studio,19.43,37.0
00730,Tapanila,Helsinki,2018Q4,One-bedroom,17.02,48.0
00730,Tapanila,Helsinki,2018Q4,Studio,20.81,39.0
00730,Tapanila,Helsinki,2019Q1,One-bedroom,16.74,46.0
00730,Tapanila,Helsinki,2019Q1,Studio,20.23,42.0
00730,Tapanila,Helsinki,2019Q2,One-bedroom,16.85,49.0
00730,Tapanila,Helsinki,2019Q2,Studio,21.04,36.0
00730,Tapanila,Helsinki,2019Q3,One-bedroom,17.01,45.0
00730,Tapanila,Helsinki,2019Q3,Studio,20.41,40.0
00730,Tapanila,Helsinki,2019Q4,One-bedroom,17.45,43.0
00730,Tapanila,Helsinki,2019Q4,Studio,21.37,40.0
00730,Tapanila,Helsinki,2020Q1,One-bedroom,17.21,39.0
00730,Tapanila,Helsinki,2020Q1,Studio,21.23,42.0
00730,Tapanila,Helsinki,2020Q2,One-bedroom,17.3,51.0
00730,Tapanila,Helsinki,2020Q2,Studio,22.2,58.0
00730,Tapanila,Helsinki,2020Q2,Two-bedroom+,14.87,20.0
00730,Tapanila,Helsinki,2020Q3,One-bedroom,17.08,55.0
00730,Tapanila,Helsinki,2020Q3,Studio,22.74,57.0
00730,Tapanila,Helsinki,2020Q4,One-bedroom,16.97,50.0
00730,Tapanila,Helsinki,2020Q4,Studio,22.57,58.0
00730,Tapanila,Helsinki,2021Q1,One-bedroom,17.05,50.0
00730,Tapanila,Helsinki,2021Q1,Studio,22.06,52.0
00730,Tapanila,Helsinki,2021Q2,One-bedroom,17.12,49.0
00730,Tapanila,Helsinki,2021Q2,Studio,22.51,46.0
00730,Tapanila,Helsinki,2021Q3,One-bedroom,17.12,43.0
00730,Tapanila,Helsinki,2021Q3,Studio,22.96,37.0
00730,Tapanila,Helsinki,2021Q4,One-bedroom,17.32,44.0
00730,Tapanila,Helsinki,2021Q4,Studio,22.29,38.0
00730,Tapanila,Helsinki,2022Q1,One-bedroom,17.28,50.0
00730,Tapanila,Helsinki,2022Q1,Studio,22.59,44.0
00730,Tapanila,Helsinki,2022Q2,One-bedroom,17.47,50.0
00730,Tapanila,Helsinki,2022Q2,Studio,23.37,45.0
00730,Tapanila,Helsinki,2022Q3,One-bedroom,17.28,49.0
00730,Tapanila,Helsinki,2022Q3,Studio,23.83,43.0
00730,Tapanila,Helsinki,2022Q4,One-bedroom,16.91,48.0
00730,Tapanila,Helsinki,2022Q4,Studio,23.8,50.0
00730,Tapanila,Helsinki,2023Q1,One-bedroom,17.37,43.0
00730,Tapanila,Helsinki,2023Q1,Studio,23.54,43.0
00730,Tapanila,Helsinki,2023Q2,One-bedroom,17.48,43.0
00730,Tapanila,Helsinki,2023Q2,Studio,23.64,49.0
00730,Tapanila,Helsinki,2023Q3,One-bedroom,17.45,39.0
00730,Tapanila,Helsinki,2023Q3,Studio,24.19,48.0
00730,Tapanila,Helsinki,2023Q4,One-bedroom,17.82,39.0
00730,Tapanila,Helsinki,2023Q4,Studio,24.07,46.0
00730,Tapanila,Helsinki,2024Q1,One-bedroom,17.53,48.0
00730,Tapanila,Helsinki,2024Q1,Studio,24.0,52.0
00730,Tapanila,Helsinki,2024Q2,One-bedroom,17.5,48.0
00730,Tapanila,Helsinki,2024Q2,Studio,24.23,45.0
00730,Tapanila,Helsinki,2024Q3,One-bedroom,17.61,71.0
00730,Tapanila,Helsinki,2024Q3,Studio,23.81,42.0
00730,Tapanila,Helsinki,2024Q4,One-bedroom,17.71,67.0
00730,Tapanila,Helsinki,2024Q4,Studio,23.82,39.0
00730,Tapanila,Helsinki,2025Q1,One-bedroom,17.93,64.0
00730,Tapanila,Helsinki,2025Q1,Studio,23.0,50.0
00730,Tapanila,Helsinki,2025Q2,One-bedroom,17.82,59.0
00730,Tapanila,Helsinki,2025Q2,Studio,23.22,39.0
00730,Tapanila,Helsinki,2025Q3,One-bedroom,18.15,89.0
00730,Tapanila,Helsinki,2025Q3,Studio,23.92,35.0
00730,Tapanila,Helsinki,2025Q4,One-bedroom,17.38,72.0
00730,Tapanila,Helsinki,2025Q4,Studio,23.71,41.0
00740,Siltamäki,Helsinki,2015Q1,Studio,16.99,33.0
00740,Siltamäki,Helsinki,2015Q2,One-bedroom,14.25,20.0
00740,Siltamäki,Helsinki,2015Q2,Studio,18.47,30.0
00740,Siltamäki,Helsinki,2015Q3,One-bedroom,15.95,43.0
00740,Siltamäki,Helsinki,2015Q3,Studio,19.03,27.0
00740,Siltamäki,Helsinki,2015Q3,Two-bedroom+,13.63,30.0
00740,Siltamäki,Helsinki,2015Q4,One-bedroom,15.86,47.0
00740,Siltamäki,Helsinki,2015Q4,Studio,17.8,31.0
00740,Siltamäki,Helsinki,2015Q4,Two-bedroom+,13.63,31.0
00740,Siltamäki,Helsinki,2016Q1,One-bedroom,16.66,45.0
00740,Siltamäki,Helsinki,2016Q1,Studio,17.65,28.0
00740,Siltamäki,Helsinki,2016Q1,Two-bedroom+,14.15,28.0
00740,Siltamäki,Helsinki,2016Q2,One-bedroom,15.82,49.0
00740,Siltamäki,Helsinki,2016Q2,Studio,18.07,28.0
00740,Siltamäki,Helsinki,2016Q2,Two-bedroom+,14.25,32.0
00740,Siltamäki,Helsinki,2016Q3,One-bedroom,15.8,50.0
00740,Siltamäki,Helsinki,2016Q3,Studio,18.91,28.0
00740,Siltamäki,Helsinki,2016Q3,Two-bedroom+,14.19,34.0
00740,Siltamäki,Helsinki,2016Q4,One-bedroom,15.23,59.0
00740,Siltamäki,Helsinki,2016Q4,Studio,18.61,30.0
00740,Siltamäki,Helsinki,2016Q4,Two-bedroom+,14.04,33.0
00740,Siltamäki,Helsinki,2017Q1,One-bedroom,15.72,52.0
00740,Siltamäki,Helsinki,2017Q1,Studio,18.13,32.0
00740,Siltamäki,Helsinki,2017Q1,Two-bedroom+,14.43,32.0
00740,Siltamäki,Helsinki,2017Q2,One-bedroom,15.66,51.0
00740,Siltamäki,Helsinki,2017Q2,Studio,19.04,34.0
00740,Siltamäki,Helsinki,2017Q2,Two-bedroom+,15.0,45.0
00740,Siltamäki,Helsinki,2017Q3,One-bedroom,16.82,68.0
00740,Siltamäki,Helsinki,2017Q3,Studio,20.87,51.0
00740,Siltamäki,Helsinki,2017Q4,One-bedroom,16.54,74.0
00740,Siltamäki,Helsinki,2017Q4,Studio,20.91,50.0
00740,Siltamäki,Helsinki,2018Q1,One-bedroom,16.69,79.0
00740,Siltamäki,Helsinki,2018Q1,Studio,20.21,54.0
00740,Siltamäki,Helsinki,2018Q2,One-bedroom,16.72,75.0
00740,Siltamäki,Helsinki,2018Q2,Studio,20.32,47.0
00740,Siltamäki,Helsinki,2018Q3,One-bedroom,17.0,68.0
00740,Siltamäki,Helsinki,2018Q3,Studio,20.47,45.0
00740,Siltamäki,Helsinki,2018Q4,One-bedroom,17.24,65.0
00740,Siltamäki,Helsinki,2018Q4,Studio,20.47,48.0
00740,Siltamäki,Helsinki,2019Q1,One-bedroom,16.83,71.0
00740,Siltamäki,Helsinki,2019Q1,Studio,20.3,52.0
00740,Siltamäki,Helsinki,2019Q2,One-bedroom,16.94,71.0
00740,Siltamäki,Helsinki,2019Q2,Studio,20.56,48.0
00740,Siltamäki,Helsinki,2019Q3,One-bedroom,17.22,68.0
00740,Siltamäki,Helsinki,2019Q3,Studio,20.99,44.0
00740,Siltamäki,Helsinki,2019Q4,One-bedroom,17.36,66.0
00740,Siltamäki,Helsinki,2019Q4,Studio,20.71,47.0
00740,Siltamäki,Helsinki,2020Q1,One-bedroom,17.54,70.0
00740,Siltamäki,Helsinki,2020Q1,Studio,21.03,48.0
00740,Siltamäki,Helsinki,2020Q2,One-bedroom,17.33,74.0
00740,Siltamäki,Helsinki,2020Q2,Studio,21.05,51.0
00740,Siltamäki,Helsinki,2020Q3,One-bedroom,17.65,71.0
00740,Siltamäki,Helsinki,2020Q3,Studio,20.88,52.0
00740,Siltamäki,Helsinki,2020Q4,One-bedroom,17.68,73.0
00740,Siltamäki,Helsinki,2020Q4,Studio,21.3,54.0
00740,Siltamäki,Helsinki,2021Q1,One-bedroom,18.14,122.0
00740,Siltamäki,Helsinki,2021Q1,Studio,21.27,53.0
00740,Siltamäki,Helsinki,2021Q2,One-bedroom,18.14,120.0
00740,Siltamäki,Helsinki,2021Q2,Studio,21.38,51.0
00740,Siltamäki,Helsinki,2021Q3,One-bedroom,18.18,119.0
00740,Siltamäki,Helsinki,2021Q3,Studio,21.58,45.0
00740,Siltamäki,Helsinki,2021Q4,One-bedroom,18.49,115.0
00740,Siltamäki,Helsinki,2021Q4,Studio,21.17,50.0
00740,Siltamäki,Helsinki,2022Q1,One-bedroom,18.49,121.0
00740,Siltamäki,Helsinki,2022Q1,Studio,21.15,52.0
00740,Siltamäki,Helsinki,2022Q2,One-bedroom,18.73,115.0
00740,Siltamäki,Helsinki,2022Q2,Studio,22.1,42.0
00740,Siltamäki,Helsinki,2022Q3,One-bedroom,18.97,112.0
00740,Siltamäki,Helsinki,2022Q3,Studio,21.68,42.0
00740,Siltamäki,Helsinki,2022Q4,One-bedroom,19.15,113.0
00740,Siltamäki,Helsinki,2022Q4,Studio,21.59,41.0
00740,Siltamäki,Helsinki,2023Q1,One-bedroom,19.03,117.0
00740,Siltamäki,Helsinki,2023Q1,Studio,21.29,40.0
00740,Siltamäki,Helsinki,2023Q2,One-bedroom,19.01,117.0
00740,Siltamäki,Helsinki,2023Q2,Studio,21.2,41.0
00740,Siltamäki,Helsinki,2023Q3,One-bedroom,19.22,116.0
00740,Siltamäki,Helsinki,2023Q3,Studio,20.96,44.0
00740,Siltamäki,Helsinki,2023Q4,One-bedroom,19.14,114.0
00740,Siltamäki,Helsinki,2023Q4,Studio,20.89,44.0
00740,Siltamäki,Helsinki,2024Q1,One-bedroom,19.35,115.0
00740,Siltamäki,Helsinki,2024Q1,Studio,21.24,41.0
00740,Siltamäki,Helsinki,2024Q2,One-bedroom,19.57,113.0
00740,Siltamäki,Helsinki,2024Q2,Studio,21.7,39.0
00740,Siltamäki,Helsinki,2024Q3,One-bedroom,19.65,113.0
00740,Siltamäki,Helsinki,2024Q3,Studio,21.01,39.0
00740,Siltamäki,Helsinki,2024Q4,One-bedroom,19.6,112.0
00740,Siltamäki,Helsinki,2024Q4,Studio,21.05,37.0
00740,Siltamäki,Helsinki,2025Q1,Studio,21.49,33.0
00740,Siltamäki,Helsinki,2025Q2,Studio,21.39,32.0
00740,Siltamäki,Helsinki,2025Q3,Studio,22.09,45.0
00740,Siltamäki,Helsinki,2025Q4,One-bedroom,18.94,113.0
00740,Siltamäki,Helsinki,2025Q4,Studio,20.85,35.0
00750,Puistola,Helsinki,2017Q3,Studio,19.02,102.0
00750,Puistola,Helsinki,2017Q4,Studio,19.07,105.0
00750,Puistola,Helsinki,2018Q1,Studio,19.3,105.0
00750,Puistola,Helsinki,2018Q2,Studio,19.38,100.0
00750,Puistola,Helsinki,2018Q3,Studio,19.29,103.0
00750,Puistola,Helsinki,2019Q1,Studio,19.76,101.0
00750,Puistola,Helsinki,2019Q2,Studio,19.97,102.0
00750,Puistola,Helsinki,2019Q3,Studio,20.24,103.0
00750,Puistola,Helsinki,2019Q4,Studio,20.32,102.0
00750,Puistola,Helsinki,2020Q1,Studio,20.39,102.0
00750,Puistola,Helsinki,2020Q2,Studio,20.48,105.0
00750,Puistola,Helsinki,2020Q3,Studio,20.53,107.0
00750,Puistola,Helsinki,2020Q4,Studio,20.51,108.0
00750,Puistola,Helsinki,2021Q1,Studio,20.73,102.0
00750,Puistola,Helsinki,2021Q2,Studio,20.98,105.0
00750,Puistola,Helsinki,2021Q3,Studio,20.79,104.0
00750,Puistola,Helsinki,2021Q4,Studio,20.9,106.0
00750,Puistola,Helsinki,2022Q1,One-bedroom,17.42,148.0
00750,Puistola,Helsinki,2022Q1,Studio,20.55,118.0
00750,Puistola,Helsinki,2022Q2,One-bedroom,17.68,152.0
00750,Puistola,Helsinki,2022Q2,Studio,20.74,116.0
00750,Puistola,Helsinki,2022Q3,One-bedroom,17.67,150.0
00750,Puistola,Helsinki,2022Q3,Studio,20.93,106.0
00750,Puistola,Helsinki,2022Q4,One-bedroom,17.67,150.0
00750,Puistola,Helsinki,2022Q4,Studio,20.99,102.0
00750,Puistola,Helsinki,2023Q1,One-bedroom,17.58,148.0
00750,Puistola,Helsinki,2023Q1,Studio,20.94,99.0
00750,Puistola,Helsinki,2023Q2,Studio,21.08,100.0
00750,Puistola,Helsinki,2023Q3,Studio,21.14,100.0
00750,Puistola,Helsinki,2023Q4,Studio,21.18,102.0
00750,Puistola,Helsinki,2024Q1,One-bedroom,17.41,176.0
00750,Puistola,Helsinki,2024Q1,Studio,21.36,102.0
00750,Puistola,Helsinki,2024Q2,Studio,21.55,100.0
00750,Puistola,Helsinki,2024Q3,One-bedroom,17.5,173.0
00750,Puistola,Helsinki,2024Q3,Studio,21.4,99.0
00750,Puistola,Helsinki,2024Q4,One-bedroom,17.35,173.0
00750,Puistola,Helsinki,2024Q4,Studio,21.44,102.0
00750,Puistola,Helsinki,2025Q1,One-bedroom,17.1,182.0
00750,Puistola,Helsinki,2025Q1,Studio,21.52,98.0
00750,Puistola,Helsinki,2025Q2,Studio,21.34,99.0
00750,Puistola,Helsinki,2025Q4,Studio,21.42,99.0
00760,Suurmetsä,Helsinki,2020Q3,One-bedroom,14.73,20.0
00760,Suurmetsä,Helsinki,2022Q1,Studio,16.71,21.0
00770,Jakomäki - Alppikylä,Helsinki,2017Q2,Studio,19.92,23.0
00770,Jakomäki - Alppikylä,Helsinki,2017Q3,Studio,20.29,22.0
00770,Jakomäki - Alppikylä,Helsinki,2017Q4,One-bedroom,14.74,23.0
00770,Jakomäki - Alppikylä,Helsinki,2017Q4,Studio,20.43,23.0
00770,Jakomäki - Alppikylä,Helsinki,2018Q1,One-bedroom,15.2,25.0
00770,Jakomäki - Alppikylä,Helsinki,2018Q1,Studio,20.68,24.0
00770,Jakomäki - Alppikylä,Helsinki,2018Q2,One-bedroom,15.46,25.0
00770,Jakomäki - Alppikylä,Helsinki,2018Q2,Studio,20.46,22.0
00770,Jakomäki - Alppikylä,Helsinki,2018Q4,One-bedroom,15.32,20.0
00770,Jakomäki - Alppikylä,Helsinki,2019Q1,Studio,20.08,21.0
00770,Jakomäki - Alppikylä,Helsinki,2019Q3,One-bedroom,15.35,20.0
00770,Jakomäki - Alppikylä,Helsinki,2019Q4,One-bedroom,15.22,21.0
00770,Jakomäki - Alppikylä,Helsinki,2020Q4,Studio,20.98,28.0
00770,Jakomäki - Alppikylä,Helsinki,2021Q1,One-bedroom,14.95,20.0
00770,Jakomäki - Alppikylä,Helsinki,2021Q1,Studio,20.88,32.0
00770,Jakomäki - Alppikylä,Helsinki,2021Q2,One-bedroom,16.77,46.0
00770,Jakomäki - Alppikylä,Helsinki,2021Q2,Studio,20.97,30.0
00770,Jakomäki - Alppikylä,Helsinki,2021Q2,Two-bedroom+,14.28,33.0
00770,Jakomäki - Alppikylä,Helsinki,2021Q3,Studio,20.78,23.0
00770,Jakomäki - Alppikylä,Helsinki,2021Q3,Two-bedroom+,14.36,32.0
00770,Jakomäki - Alppikylä,Helsinki,2021Q4,Studio,20.52,26.0
00770,Jakomäki - Alppikylä,Helsinki,2021Q4,Two-bedroom+,14.43,35.0
00770,Jakomäki - Alppikylä,Helsinki,2022Q1,One-bedroom,16.95,90.0
00770,Jakomäki - Alppikylä,Helsinki,2022Q1,Studio,20.59,33.0
00770,Jakomäki - Alppikylä,Helsinki,2022Q1,Two-bedroom+,14.97,54.0
00770,Jakomäki - Alppikylä,Helsinki,2022Q2,One-bedroom,17.03,93.0
00770,Jakomäki - Alppikylä,Helsinki,2022Q2,Studio,20.05,33.0
00770,Jakomäki - Alppikylä,Helsinki,2022Q2,Two-bedroom+,15.02,52.0
00770,Jakomäki - Alppikylä,Helsinki,2022Q3,One-bedroom,17.1,91.0
00770,Jakomäki - Alppikylä,Helsinki,2022Q3,Studio,19.6,30.0
00770,Jakomäki - Alppikylä,Helsinki,2022Q3,Two-bedroom+,15.33,46.0
00770,Jakomäki - Alppikylä,Helsinki,2022Q4,One-bedroom,17.24,87.0
00770,Jakomäki - Alppikylä,Helsinki,2022Q4,Studio,19.96,29.0
00770,Jakomäki - Alppikylä,Helsinki,2022Q4,Two-bedroom+,15.27,48.0
00770,Jakomäki - Alppikylä,Helsinki,2023Q1,One-bedroom,17.34,84.0
00770,Jakomäki - Alppikylä,Helsinki,2023Q1,Studio,19.88,30.0
00770,Jakomäki - Alppikylä,Helsinki,2023Q1,Two-bedroom+,15.3,51.0
00770,Jakomäki - Alppikylä,Helsinki,2023Q2,One-bedroom,17.65,84.0
00770,Jakomäki - Alppikylä,Helsinki,2023Q2,Studio,19.77,30.0
00770,Jakomäki - Alppikylä,Helsinki,2023Q2,Two-bedroom+,15.31,50.0
00770,Jakomäki - Alppikylä,Helsinki,2023Q3,One-bedroom,17.27,92.0
00770,Jakomäki - Alppikylä,Helsinki,2023Q3,Studio,19.49,27.0
00770,Jakomäki - Alppikylä,Helsinki,2023Q3,Two-bedroom+,15.38,51.0
00770,Jakomäki - Alppikylä,Helsinki,2023Q4,One-bedroom,17.16,95.0
00770,Jakomäki - Alppikylä,Helsinki,2023Q4,Studio,20.37,32.0
00770,Jakomäki - Alppikylä,Helsinki,2023Q4,Two-bedroom+,15.41,47.0
00770,Jakomäki - Alppikylä,Helsinki,2024Q1,One-bedroom,17.14,98.0
00770,Jakomäki - Alppikylä,Helsinki,2024Q1,Studio,20.39,31.0
00770,Jakomäki - Alppikylä,Helsinki,2024Q1,Two-bedroom+,15.42,49.0
00770,Jakomäki - Alppikylä,Helsinki,2024Q2,One-bedroom,17.41,96.0
00770,Jakomäki - Alppikylä,Helsinki,2024Q2,Studio,20.14,28.0
00770,Jakomäki - Alppikylä,Helsinki,2024Q2,Two-bedroom+,15.43,51.0
00770,Jakomäki - Alppikylä,Helsinki,2024Q3,One-bedroom,17.39,97.0
00770,Jakomäki - Alppikylä,Helsinki,2024Q3,Studio,20.27,28.0
00770,Jakomäki - Alppikylä,Helsinki,2024Q3,Two-bedroom+,15.51,46.0
00770,Jakomäki - Alppikylä,Helsinki,2024Q4,One-bedroom,17.59,94.0
00770,Jakomäki - Alppikylä,Helsinki,2024Q4,Studio,20.26,23.0
00770,Jakomäki - Alppikylä,Helsinki,2024Q4,Two-bedroom+,15.69,46.0
00770,Jakomäki - Alppikylä,Helsinki,2025Q1,One-bedroom,17.35,99.0
00770,Jakomäki - Alppikylä,Helsinki,2025Q1,Studio,20.32,26.0
00770,Jakomäki - Alppikylä,Helsinki,2025Q1,Two-bedroom+,15.73,48.0
00770,Jakomäki - Alppikylä,Helsinki,2025Q2,One-bedroom,17.37,88.0
00770,Jakomäki - Alppikylä,Helsinki,2025Q2,Studio,20.31,28.0
00770,Jakomäki - Alppikylä,Helsinki,2025Q2,Two-bedroom+,15.62,46.0
00770,Jakomäki - Alppikylä,Helsinki,2025Q3,Studio,20.32,24.0
00770,Jakomäki - Alppikylä,Helsinki,2025Q3,Two-bedroom+,15.29,66.0
00770,Jakomäki - Alppikylä,Helsinki,2025Q4,One-bedroom,17.05,91.0
00770,Jakomäki - Alppikylä,Helsinki,2025Q4,Studio,20.73,24.0
00770,Jakomäki - Alppikylä,Helsinki,2025Q4,Two-bedroom+,15.0,47.0
00780,Tapaninvainio,Helsinki,2016Q4,Studio,19.32,20.0
00780,Tapaninvainio,Helsinki,2017Q1,One-bedroom,13.97,22.0
00780,Tapaninvainio,Helsinki,2017Q4,One-bedroom,15.94,21.0
00780,Tapaninvainio,Helsinki,2017Q4,Studio,19.87,26.0
00780,Tapaninvainio,Helsinki,2018Q1,One-bedroom,15.43,26.0
00780,Tapaninvainio,Helsinki,2018Q1,Studio,19.49,28.0
00780,Tapaninvainio,Helsinki,2018Q2,One-bedroom,14.81,26.0
00780,Tapaninvainio,Helsinki,2018Q2,Studio,18.89,21.0
00780,Tapaninvainio,Helsinki,2019Q1,One-bedroom,14.8,25.0
00780,Tapaninvainio,Helsinki,2019Q2,One-bedroom,14.9,22.0
00780,Tapaninvainio,Helsinki,2019Q2,Studio,20.37,20.0
00780,Tapaninvainio,Helsinki,2020Q2,Studio,19.75,20.0
00780,Tapaninvainio,Helsinki,2020Q3,Studio,19.59,22.0
00780,Tapaninvainio,Helsinki,2020Q4,Studio,19.44,23.0
00780,Tapaninvainio,Helsinki,2021Q1,Studio,20.04,28.0
00780,Tapaninvainio,Helsinki,2021Q2,Studio,20.23,25.0
00780,Tapaninvainio,Helsinki,2021Q3,Studio,21.15,26.0
00780,Tapaninvainio,Helsinki,2021Q4,Studio,20.7,27.0
00780,Tapaninvainio,Helsinki,2022Q1,Studio,21.02,33.0
00780,Tapaninvainio,Helsinki,2022Q2,Studio,21.01,31.0
00780,Tapaninvainio,Helsinki,2022Q3,Studio,20.9,28.0
00780,Tapaninvainio,Helsinki,2022Q4,Studio,20.99,31.0
00780,Tapaninvainio,Helsinki,2023Q1,Studio,20.86,28.0
00780,Tapaninvainio,Helsinki,2023Q2,Studio,21.12,34.0
00780,Tapaninvainio,Helsinki,2023Q3,Studio,21.14,32.0
00780,Tapaninvainio,Helsinki,2023Q4,Studio,21.08,35.0
00780,Tapaninvainio,Helsinki,2024Q1,Studio,21.67,33.0
00780,Tapaninvainio,Helsinki,2024Q2,Studio,21.87,36.0
00780,Tapaninvainio,Helsinki,2024Q3,Studio,21.9,27.0
00780,Tapaninvainio,Helsinki,2024Q4,Studio,21.67,29.0
00780,Tapaninvainio,Helsinki,2025Q1,Studio,21.65,32.0
00780,Tapaninvainio,Helsinki,2025Q2,Studio,21.62,28.0
00780,Tapaninvainio,Helsinki,2025Q3,Studio,21.13,27.0
00780,Tapaninvainio,Helsinki,2025Q4,Studio,21.77,29.0
00790,Viikki,Helsinki,2015Q1,One-bedroom,13.59,32.0
00790,Viikki,Helsinki,2015Q2,One-bedroom,13.98,31.0
00790,Viikki,Helsinki,2015Q3,One-bedroom,13.98,32.0
00790,Viikki,Helsinki,2015Q4,One-bedroom,13.83,40.0
00790,Viikki,Helsinki,2016Q1,One-bedroom,14.6,38.0
00790,Viikki,Helsinki,2016Q2,One-bedroom,14.81,36.0
00790,Viikki,Helsinki,2016Q3,One-bedroom,14.56,42.0
00790,Viikki,Helsinki,2016Q4,One-bedroom,16.96,93.0
00790,Viikki,Helsinki,2016Q4,Studio,21.31,21.0
00790,Viikki,Helsinki,2016Q4,Two-bedroom+,15.0,21.0
00790,Viikki,Helsinki,2017Q1,One-bedroom,17.58,86.0
00790,Viikki,Helsinki,2017Q1,Studio,21.47,20.0
00790,Viikki,Helsinki,2017Q2,One-bedroom,17.65,87.0
00790,Viikki,Helsinki,2017Q3,One-bedroom,18.49,89.0
00790,Viikki,Helsinki,2017Q3,Studio,22.02,24.0
00790,Viikki,Helsinki,2017Q4,One-bedroom,18.3,95.0
00790,Viikki,Helsinki,2017Q4,Studio,21.7,33.0
00790,Viikki,Helsinki,2018Q1,One-bedroom,18.43,103.0
00790,Viikki,Helsinki,2018Q1,Studio,20.84,35.0
00790,Viikki,Helsinki,2018Q2,One-bedroom,18.44,96.0
00790,Viikki,Helsinki,2018Q2,Studio,21.06,29.0
00790,Viikki,Helsinki,2018Q3,One-bedroom,18.86,89.0
00790,Viikki,Helsinki,2018Q3,Studio,21.43,33.0
00790,Viikki,Helsinki,2018Q3,Two-bedroom+,16.13,20.0
00790,Viikki,Helsinki,2018Q4,One-bedroom,19.12,84.0
00790,Viikki,Helsinki,2018Q4,Studio,22.36,31.0
00790,Viikki,Helsinki,2019Q1,One-bedroom,18.76,93.0
00790,Viikki,Helsinki,2019Q1,Studio,21.6,28.0
00790,Viikki,Helsinki,2019Q2,One-bedroom,19.09,91.0
00790,Viikki,Helsinki,2019Q2,Studio,22.25,28.0
00790,Viikki,Helsinki,2019Q3,One-bedroom,19.22,91.0
00790,Viikki,Helsinki,2019Q3,Studio,22.41,24.0
00790,Viikki,Helsinki,2019Q4,One-bedroom,19.25,86.0
00790,Viikki,Helsinki,2019Q4,Studio,22.98,29.0
00790,Viikki,Helsinki,2020Q1,One-bedroom,19.14,93.0
00790,Viikki,Helsinki,2020Q1,Studio,22.4,34.0
00790,Viikki,Helsinki,2020Q2,One-bedroom,19.6,93.0
00790,Viikki,Helsinki,2020Q2,Studio,22.8,34.0
00790,Viikki,Helsinki,2020Q3,One-bedroom,19.98,112.0
00790,Viikki,Helsinki,2020Q3,Studio,23.4,53.0
00790,Viikki,Helsinki,2020Q3,Two-bedroom+,17.99,44.0
00790,Viikki,Helsinki,2020Q4,One-bedroom,19.97,122.0
00790,Viikki,Helsinki,2020Q4,Studio,23.69,51.0
00790,Viikki,Helsinki,2020Q4,Two-bedroom+,17.97,45.0
00790,Viikki,Helsinki,2021Q1,One-bedroom,19.88,131.0
00790,Viikki,Helsinki,2021Q1,Studio,23.66,51.0
00790,Viikki,Helsinki,2021Q1,Two-bedroom+,17.94,45.0
00790,Viikki,Helsinki,2021Q2,One-bedroom,20.14,126.0
00790,Viikki,Helsinki,2021Q2,Studio,23.18,48.0
00790,Viikki,Helsinki,2021Q2,Two-bedroom+,18.28,45.0
00790,Viikki,Helsinki,2021Q3,One-bedroom,20.28,119.0
00790,Viikki,Helsinki,2021Q3,Studio,23.38,52.0
00790,Viikki,Helsinki,2021Q3,Two-bedroom+,18.27,47.0
00790,Viikki,Helsinki,2021Q4,One-bedroom,20.39,119.0
00790,Viikki,Helsinki,2021Q4,Studio,23.9,50.0
00790,Viikki,Helsinki,2021Q4,Two-bedroom+,18.3,46.0
00790,Viikki,Helsinki,2022Q1,One-bedroom,20.52,118.0
00790,Viikki,Helsinki,2022Q1,Studio,24.45,56.0
00790,Viikki,Helsinki,2022Q1,Two-bedroom+,18.33,46.0
00790,Viikki,Helsinki,2022Q2,One-bedroom,20.82,106.0
00790,Viikki,Helsinki,2022Q2,Studio,24.55,53.0
00790,Viikki,Helsinki,2022Q2,Two-bedroom+,18.3,43.0
00790,Viikki,Helsinki,2022Q3,One-bedroom,20.74,109.0
00790,Viikki,Helsinki,2022Q3,Studio,24.82,50.0
00790,Viikki,Helsinki,2022Q3,Two-bedroom+,18.46,43.0
00790,Viikki,Helsinki,2022Q4,One-bedroom,20.59,107.0
00790,Viikki,Helsinki,2022Q4,Studio,25.39,51.0
00790,Viikki,Helsinki,2022Q4,Two-bedroom+,18.65,44.0
00790,Viikki,Helsinki,2023Q1,One-bedroom,20.43,110.0
00790,Viikki,Helsinki,2023Q1,Studio,25.1,51.0
00790,Viikki,Helsinki,2023Q1,Two-bedroom+,18.53,45.0
00790,Viikki,Helsinki,2023Q2,One-bedroom,20.44,111.0
00790,Viikki,Helsinki,2023Q2,Studio,25.34,47.0
00790,Viikki,Helsinki,2023Q2,Two-bedroom+,18.55,44.0
00790,Viikki,Helsinki,2023Q3,One-bedroom,20.54,112.0
00790,Viikki,Helsinki,2023Q3,Studio,25.35,43.0
00790,Viikki,Helsinki,2023Q3,Two-bedroom+,18.66,44.0
00790,Viikki,Helsinki,2023Q4,One-bedroom,20.71,109.0
00790,Viikki,Helsinki,2023Q4,Studio,25.13,47.0
00790,Viikki,Helsinki,2023Q4,Two-bedroom+,18.67,45.0
00790,Viikki,Helsinki,2024Q1,One-bedroom,20.75,112.0
00790,Viikki,Helsinki,2024Q1,Studio,25.09,46.0
00790,Viikki,Helsinki,2024Q1,Two-bedroom+,18.83,45.0
00790,Viikki,Helsinki,2024Q2,One-bedroom,20.79,108.0
00790,Viikki,Helsinki,2024Q2,Studio,24.63,45.0
00790,Viikki,Helsinki,2024Q2,Two-bedroom+,19.18,42.0
00790,Viikki,Helsinki,2024Q3,One-bedroom,20.77,107.0
00790,Viikki,Helsinki,2024Q3,Studio,24.29,49.0
00790,Viikki,Helsinki,2024Q4,One-bedroom,20.59,105.0
00790,Viikki,Helsinki,2024Q4,Studio,24.15,51.0
00790,Viikki,Helsinki,2025Q1,One-bedroom,20.55,109.0
00790,Viikki,Helsinki,2025Q1,Studio,24.41,53.0
00790,Viikki,Helsinki,2025Q1,Two-bedroom+,19.0,41.0
00790,Viikki,Helsinki,2025Q2,One-bedroom,20.44,102.0
00790,Viikki,Helsinki,2025Q2,Studio,24.53,44.0
00790,Viikki,Helsinki,2025Q3,Studio,24.47,51.0
00790,Viikki,Helsinki,2025Q4,One-bedroom,20.08,119.0
00790,Viikki,Helsinki,2025Q4,Studio,24.63,42.0
00800,Länsi-Herttoniemi,Helsinki,2015Q1,One-bedroom,13.58,40.0
00800,Länsi-Herttoniemi,Helsinki,2015Q1,Studio,21.42,71.0
00800,Länsi-Herttoniemi,Helsinki,2015Q2,One-bedroom,13.83,48.0
00800,Länsi-Herttoniemi,Helsinki,2015Q2,Studio,22.62,80.0
00800,Länsi-Herttoniemi,Helsinki,2015Q3,One-bedroom,15.22,42.0
00800,Länsi-Herttoniemi,Helsinki,2015Q3,Studio,23.01,74.0
00800,Länsi-Herttoniemi,Helsinki,2015Q4,One-bedroom,14.8,45.0
00800,Länsi-Herttoniemi,Helsinki,2015Q4,Studio,22.88,79.0
00800,Länsi-Herttoniemi,Helsinki,2016Q1,One-bedroom,14.97,49.0
00800,Länsi-Herttoniemi,Helsinki,2016Q1,Studio,22.78,78.0
00800,Länsi-Herttoniemi,Helsinki,2016Q2,One-bedroom,15.13,45.0
00800,Länsi-Herttoniemi,Helsinki,2016Q2,Studio,22.78,81.0
00800,Länsi-Herttoniemi,Helsinki,2016Q3,One-bedroom,14.9,45.0
00800,Länsi-Herttoniemi,Helsinki,2016Q3,Studio,23.22,75.0
00800,Länsi-Herttoniemi,Helsinki,2016Q4,One-bedroom,14.96,48.0
00800,Länsi-Herttoniemi,Helsinki,2016Q4,Studio,23.0,89.0
00800,Länsi-Herttoniemi,Helsinki,2017Q1,One-bedroom,15.7,49.0
00800,Länsi-Herttoniemi,Helsinki,2017Q1,Studio,22.51,80.0
00800,Länsi-Herttoniemi,Helsinki,2017Q2,One-bedroom,16.16,55.0
00800,Länsi-Herttoniemi,Helsinki,2017Q2,Studio,23.52,86.0
00800,Länsi-Herttoniemi,Helsinki,2017Q3,One-bedroom,17.41,49.0
00800,Länsi-Herttoniemi,Helsinki,2017Q3,Studio,23.48,85.0
00800,Länsi-Herttoniemi,Helsinki,2017Q4,One-bedroom,17.78,54.0
00800,Länsi-Herttoniemi,Helsinki,2017Q4,Studio,23.84,94.0
00800,Länsi-Herttoniemi,Helsinki,2018Q1,One-bedroom,17.02,54.0
00800,Länsi-Herttoniemi,Helsinki,2018Q1,Studio,23.6,103.0
00800,Länsi-Herttoniemi,Helsinki,2018Q2,One-bedroom,16.8,60.0
00800,Länsi-Herttoniemi,Helsinki,2018Q2,Studio,23.52,99.0
00800,Länsi-Herttoniemi,Helsinki,2018Q3,One-bedroom,16.64,58.0
00800,Länsi-Herttoniemi,Helsinki,2018Q3,Studio,23.88,95.0
00800,Länsi-Herttoniemi,Helsinki,2018Q4,One-bedroom,17.52,50.0
00800,Länsi-Herttoniemi,Helsinki,2018Q4,Studio,22.98,91.0
00800,Länsi-Herttoniemi,Helsinki,2019Q1,One-bedroom,17.01,53.0
00800,Länsi-Herttoniemi,Helsinki,2019Q1,Studio,23.51,106.0
00800,Länsi-Herttoniemi,Helsinki,2019Q2,One-bedroom,16.76,54.0
00800,Länsi-Herttoniemi,Helsinki,2019Q2,Studio,23.33,108.0
00800,Länsi-Herttoniemi,Helsinki,2019Q3,One-bedroom,16.62,59.0
00800,Länsi-Herttoniemi,Helsinki,2019Q3,Studio,23.13,99.0
00800,Länsi-Herttoniemi,Helsinki,2019Q4,One-bedroom,17.77,44.0
00800,Länsi-Herttoniemi,Helsinki,2019Q4,Studio,23.38,89.0
00800,Länsi-Herttoniemi,Helsinki,2020Q1,One-bedroom,17.88,52.0
00800,Länsi-Herttoniemi,Helsinki,2020Q1,Studio,23.72,87.0
00800,Länsi-Herttoniemi,Helsinki,2020Q2,One-bedroom,18.28,58.0
00800,Länsi-Herttoniemi,Helsinki,2020Q2,Studio,23.55,100.0
00800,Länsi-Herttoniemi,Helsinki,2020Q3,One-bedroom,17.99,49.0
00800,Länsi-Herttoniemi,Helsinki,2020Q3,Studio,24.14,96.0
00800,Länsi-Herttoniemi,Helsinki,2020Q4,One-bedroom,18.24,59.0
00800,Länsi-Herttoniemi,Helsinki,2020Q4,Studio,24.21,105.0
00800,Länsi-Herttoniemi,Helsinki,2021Q1,One-bedroom,18.76,63.0
00800,Länsi-Herttoniemi,Helsinki,2021Q1,Studio,24.2,114.0
00800,Länsi-Herttoniemi,Helsinki,2021Q2,One-bedroom,19.13,54.0
00800,Länsi-Herttoniemi,Helsinki,2021Q2,Studio,24.35,116.0
00800,Länsi-Herttoniemi,Helsinki,2021Q3,One-bedroom,19.17,46.0
00800,Länsi-Herttoniemi,Helsinki,2021Q3,Studio,24.42,107.0
00800,Länsi-Herttoniemi,Helsinki,2021Q4,One-bedroom,18.49,47.0
00800,Länsi-Herttoniemi,Helsinki,2021Q4,Studio,24.37,109.0
00800,Länsi-Herttoniemi,Helsinki,2022Q1,One-bedroom,18.32,54.0
00800,Länsi-Herttoniemi,Helsinki,2022Q1,Studio,24.21,117.0
00800,Länsi-Herttoniemi,Helsinki,2022Q2,One-bedroom,18.6,56.0
00800,Länsi-Herttoniemi,Helsinki,2022Q2,Studio,23.78,94.0
00800,Länsi-Herttoniemi,Helsinki,2022Q3,One-bedroom,18.76,55.0
00800,Länsi-Herttoniemi,Helsinki,2022Q3,Studio,23.85,94.0
00800,Länsi-Herttoniemi,Helsinki,2022Q4,One-bedroom,18.46,55.0
00800,Länsi-Herttoniemi,Helsinki,2022Q4,Studio,24.27,93.0
00800,Länsi-Herttoniemi,Helsinki,2023Q1,One-bedroom,18.83,50.0
00800,Länsi-Herttoniemi,Helsinki,2023Q1,Studio,24.4,93.0
00800,Länsi-Herttoniemi,Helsinki,2023Q2,One-bedroom,18.58,57.0
00800,Länsi-Herttoniemi,Helsinki,2023Q2,Studio,24.47,95.0
00800,Länsi-Herttoniemi,Helsinki,2023Q3,One-bedroom,18.81,56.0
00800,Länsi-Herttoniemi,Helsinki,2023Q3,Studio,24.7,86.0
00800,Länsi-Herttoniemi,Helsinki,2023Q4,One-bedroom,18.61,57.0
00800,Länsi-Herttoniemi,Helsinki,2023Q4,Studio,24.86,87.0
00800,Länsi-Herttoniemi,Helsinki,2024Q1,One-bedroom,18.65,47.0
00800,Länsi-Herttoniemi,Helsinki,2024Q1,Studio,24.97,86.0
00800,Länsi-Herttoniemi,Helsinki,2024Q2,One-bedroom,18.29,44.0
00800,Länsi-Herttoniemi,Helsinki,2024Q2,Studio,24.58,88.0
00800,Länsi-Herttoniemi,Helsinki,2024Q3,One-bedroom,18.59,40.0
00800,Länsi-Herttoniemi,Helsinki,2024Q3,Studio,24.43,83.0
00800,Länsi-Herttoniemi,Helsinki,2024Q4,One-bedroom,18.45,34.0
00800,Länsi-Herttoniemi,Helsinki,2024Q4,Studio,24.67,86.0
00800,Länsi-Herttoniemi,Helsinki,2025Q1,One-bedroom,18.76,38.0
00800,Länsi-Herttoniemi,Helsinki,2025Q1,Studio,24.57,93.0
00800,Länsi-Herttoniemi,Helsinki,2025Q2,One-bedroom,18.47,34.0
00800,Länsi-Herttoniemi,Helsinki,2025Q2,Studio,24.76,77.0
00800,Länsi-Herttoniemi,Helsinki,2025Q3,One-bedroom,18.19,23.0
00800,Länsi-Herttoniemi,Helsinki,2025Q3,Studio,24.81,66.0
00800,Länsi-Herttoniemi,Helsinki,2025Q4,One-bedroom,16.96,28.0
00800,Länsi-Herttoniemi,Helsinki,2025Q4,Studio,24.58,81.0
00810,Herttoniemi,Helsinki,2015Q1,One-bedroom,14.64,54.0
00810,Herttoniemi,Helsinki,2015Q1,Studio,20.12,31.0
00810,Herttoniemi,Helsinki,2015Q1,Two-bedroom+,15.1,28.0
00810,Herttoniemi,Helsinki,2015Q2,One-bedroom,14.86,59.0
00810,Herttoniemi,Helsinki,2015Q2,Studio,20.25,32.0
00810,Herttoniemi,Helsinki,2015Q2,Two-bedroom+,15.11,29.0
00810,Herttoniemi,Helsinki,2015Q3,One-bedroom,16.49,100.0
00810,Herttoniemi,Helsinki,2015Q3,Studio,20.27,54.0
00810,Herttoniemi,Helsinki,2015Q3,Two-bedroom+,16.71,80.0
00810,Herttoniemi,Helsinki,2015Q4,One-bedroom,16.4,101.0
00810,Herttoniemi,Helsinki,2015Q4,Studio,20.85,56.0
00810,Herttoniemi,Helsinki,2015Q4,Two-bedroom+,16.68,86.0
00810,Herttoniemi,Helsinki,2016Q1,One-bedroom,16.67,103.0
00810,Herttoniemi,Helsinki,2016Q1,Studio,20.78,59.0
00810,Herttoniemi,Helsinki,2016Q1,Two-bedroom+,17.27,86.0
00810,Herttoniemi,Helsinki,2016Q2,One-bedroom,17.41,104.0
00810,Herttoniemi,Helsinki,2016Q2,Studio,20.84,61.0
00810,Herttoniemi,Helsinki,2016Q2,Two-bedroom+,17.48,87.0
00810,Herttoniemi,Helsinki,2016Q3,One-bedroom,17.44,106.0
00810,Herttoniemi,Helsinki,2016Q3,Studio,21.54,54.0
00810,Herttoniemi,Helsinki,2016Q3,Two-bedroom+,17.57,85.0
00810,Herttoniemi,Helsinki,2016Q4,One-bedroom,17.13,112.0
00810,Herttoniemi,Helsinki,2016Q4,Studio,21.52,54.0
00810,Herttoniemi,Helsinki,2016Q4,Two-bedroom+,17.29,89.0
00810,Herttoniemi,Helsinki,2017Q1,One-bedroom,17.26,116.0
00810,Herttoniemi,Helsinki,2017Q1,Studio,21.61,65.0
00810,Herttoniemi,Helsinki,2017Q1,Two-bedroom+,17.35,88.0
00810,Herttoniemi,Helsinki,2017Q2,One-bedroom,17.57,151.0
00810,Herttoniemi,Helsinki,2017Q2,Studio,21.6,72.0
00810,Herttoniemi,Helsinki,2017Q2,Two-bedroom+,16.73,124.0
00810,Herttoniemi,Helsinki,2017Q3,One-bedroom,18.29,140.0
00810,Herttoniemi,Helsinki,2017Q3,Studio,22.03,67.0
00810,Herttoniemi,Helsinki,2017Q3,Two-bedroom+,17.09,120.0
00810,Herttoniemi,Helsinki,2017Q4,One-bedroom,18.17,148.0
00810,Herttoniemi,Helsinki,2017Q4,Studio,22.12,65.0
00810,Herttoniemi,Helsinki,2017Q4,Two-bedroom+,17.33,117.0
00810,Herttoniemi,Helsinki,2018Q1,One-bedroom,18.5,143.0
00810,Herttoniemi,Helsinki,2018Q1,Studio,21.82,72.0
00810,Herttoniemi,Helsinki,2018Q1,Two-bedroom+,17.38,116.0
00810,Herttoniemi,Helsinki,2018Q2,One-bedroom,18.64,139.0
00810,Herttoniemi,Helsinki,2018Q2,Studio,21.79,68.0
00810,Herttoniemi,Helsinki,2018Q2,Two-bedroom+,17.37,113.0
00810,Herttoniemi,Helsinki,2018Q3,One-bedroom,18.63,137.0
00810,Herttoniemi,Helsinki,2018Q3,Studio,22.3,68.0
00810,Herttoniemi,Helsinki,2018Q4,One-bedroom,19.0,135.0
00810,Herttoniemi,Helsinki,2018Q4,Studio,22.41,63.0
00810,Herttoniemi,Helsinki,2019Q1,One-bedroom,18.87,136.0
00810,Herttoniemi,Helsinki,2019Q1,Studio,21.74,67.0
00810,Herttoniemi,Helsinki,2019Q2,One-bedroom,19.08,137.0
00810,Herttoniemi,Helsinki,2019Q2,Studio,21.77,66.0
00810,Herttoniemi,Helsinki,2019Q3,One-bedroom,19.16,134.0
00810,Herttoniemi,Helsinki,2019Q3,Studio,21.67,65.0
00810,Herttoniemi,Helsinki,2019Q4,One-bedroom,20.38,185.0
00810,Herttoniemi,Helsinki,2020Q1,One-bedroom,20.3,183.0
00810,Herttoniemi,Helsinki,2020Q2,One-bedroom,20.37,194.0
00810,Herttoniemi,Helsinki,2020Q3,One-bedroom,20.32,221.0
00810,Herttoniemi,Helsinki,2020Q3,Studio,26.56,143.0
00810,Herttoniemi,Helsinki,2020Q4,One-bedroom,20.47,214.0
00810,Herttoniemi,Helsinki,2020Q4,Studio,26.85,144.0
00810,Herttoniemi,Helsinki,2021Q1,One-bedroom,21.14,203.0
00810,Herttoniemi,Helsinki,2021Q1,Studio,27.18,144.0
00810,Herttoniemi,Helsinki,2021Q2,One-bedroom,21.18,208.0
00810,Herttoniemi,Helsinki,2021Q2,Studio,27.24,143.0
00810,Herttoniemi,Helsinki,2021Q3,One-bedroom,21.3,203.0
00810,Herttoniemi,Helsinki,2021Q3,Studio,27.11,146.0
00810,Herttoniemi,Helsinki,2021Q4,One-bedroom,21.34,203.0
00810,Herttoniemi,Helsinki,2021Q4,Studio,27.26,143.0
00810,Herttoniemi,Helsinki,2022Q1,One-bedroom,21.33,209.0
00810,Herttoniemi,Helsinki,2022Q1,Studio,26.92,151.0
00810,Herttoniemi,Helsinki,2022Q2,One-bedroom,21.35,212.0
00810,Herttoniemi,Helsinki,2022Q2,Studio,26.91,146.0
00810,Herttoniemi,Helsinki,2022Q3,One-bedroom,21.56,197.0
00810,Herttoniemi,Helsinki,2022Q3,Studio,26.99,143.0
00810,Herttoniemi,Helsinki,2022Q4,One-bedroom,23.4,211.0
00810,Herttoniemi,Helsinki,2023Q1,One-bedroom,21.61,211.0
00810,Herttoniemi,Helsinki,2023Q1,Studio,27.13,131.0
00810,Herttoniemi,Helsinki,2023Q2,One-bedroom,21.59,212.0
00810,Herttoniemi,Helsinki,2023Q2,Studio,27.04,134.0
00810,Herttoniemi,Helsinki,2023Q3,One-bedroom,21.66,219.0
00810,Herttoniemi,Helsinki,2023Q3,Studio,27.29,133.0
00810,Herttoniemi,Helsinki,2023Q4,One-bedroom,21.53,221.0
00810,Herttoniemi,Helsinki,2023Q4,Studio,27.33,133.0
00810,Herttoniemi,Helsinki,2024Q1,One-bedroom,21.64,215.0
00810,Herttoniemi,Helsinki,2024Q1,Studio,27.51,132.0
00810,Herttoniemi,Helsinki,2024Q2,One-bedroom,21.86,208.0
00810,Herttoniemi,Helsinki,2024Q2,Studio,27.43,133.0
00810,Herttoniemi,Helsinki,2024Q3,One-bedroom,22.11,199.0
00810,Herttoniemi,Helsinki,2024Q3,Studio,27.66,133.0
00810,Herttoniemi,Helsinki,2024Q4,Studio,27.45,132.0
00810,Herttoniemi,Helsinki,2025Q1,One-bedroom,21.72,213.0
00810,Herttoniemi,Helsinki,2025Q1,Studio,27.47,131.0
00810,Herttoniemi,Helsinki,2025Q2,Studio,27.95,124.0
00810,Herttoniemi,Helsinki,2025Q4,Studio,27.66,139.0
00820,Roihuvuori,Helsinki,2015Q1,One-bedroom,15.49,103.0
00820,Roihuvuori,Helsinki,2015Q1,Studio,22.5,113.0
00820,Roihuvuori,Helsinki,2015Q2,One-bedroom,15.6,110.0
00820,Roihuvuori,Helsinki,2015Q2,Studio,22.3,117.0
00820,Roihuvuori,Helsinki,2015Q3,One-bedroom,15.63,123.0
00820,Roihuvuori,Helsinki,2015Q3,Studio,22.47,119.0
00820,Roihuvuori,Helsinki,2015Q4,One-bedroom,15.56,126.0
00820,Roihuvuori,Helsinki,2015Q4,Studio,22.59,127.0
00820,Roihuvuori,Helsinki,2016Q1,One-bedroom,16.74,123.0
00820,Roihuvuori,Helsinki,2016Q1,Studio,22.98,106.0
00820,Roihuvuori,Helsinki,2016Q2,One-bedroom,16.35,133.0
00820,Roihuvuori,Helsinki,2016Q2,Studio,23.01,127.0
00820,Roihuvuori,Helsinki,2016Q3,One-bedroom,16.19,130.0
00820,Roihuvuori,Helsinki,2016Q3,Studio,23.21,128.0
00820,Roihuvuori,Helsinki,2016Q4,One-bedroom,15.89,134.0
00820,Roihuvuori,Helsinki,2016Q4,Studio,23.1,138.0
00820,Roihuvuori,Helsinki,2017Q1,One-bedroom,16.04,133.0
00820,Roihuvuori,Helsinki,2017Q1,Studio,23.61,146.0
00820,Roihuvuori,Helsinki,2017Q2,One-bedroom,15.96,150.0
00820,Roihuvuori,Helsinki,2017Q2,Studio,23.6,154.0
00820,Roihuvuori,Helsinki,2017Q3,One-bedroom,16.66,148.0
00820,Roihuvuori,Helsinki,2017Q3,Studio,23.86,148.0
00820,Roihuvuori,Helsinki,2017Q4,One-bedroom,16.56,159.0
00820,Roihuvuori,Helsinki,2017Q4,Studio,23.63,159.0
00820,Roihuvuori,Helsinki,2018Q1,One-bedroom,16.62,162.0
00820,Roihuvuori,Helsinki,2018Q1,Studio,23.89,166.0
00820,Roihuvuori,Helsinki,2018Q2,One-bedroom,17.05,176.0
00820,Roihuvuori,Helsinki,2018Q2,Studio,23.99,167.0
00820,Roihuvuori,Helsinki,2018Q3,One-bedroom,17.13,165.0
00820,Roihuvuori,Helsinki,2018Q3,Studio,24.28,145.0
00820,Roihuvuori,Helsinki,2018Q4,One-bedroom,17.64,159.0
00820,Roihuvuori,Helsinki,2018Q4,Studio,24.29,153.0
00820,Roihuvuori,Helsinki,2019Q1,One-bedroom,17.66,189.0
00820,Roihuvuori,Helsinki,2019Q1,Studio,24.92,199.0
00820,Roihuvuori,Helsinki,2019Q2,One-bedroom,17.37,171.0
00820,Roihuvuori,Helsinki,2019Q2,Studio,24.39,158.0
00820,Roihuvuori,Helsinki,2019Q3,One-bedroom,17.45,171.0
00820,Roihuvuori,Helsinki,2019Q3,Studio,24.46,149.0
00820,Roihuvuori,Helsinki,2019Q4,One-bedroom,17.74,166.0
00820,Roihuvuori,Helsinki,2019Q4,Studio,24.79,150.0
00820,Roihuvuori,Helsinki,2020Q1,One-bedroom,17.92,166.0
00820,Roihuvuori,Helsinki,2020Q1,Studio,24.97,151.0
00820,Roihuvuori,Helsinki,2020Q2,One-bedroom,18.19,176.0
00820,Roihuvuori,Helsinki,2020Q2,Studio,25.06,165.0
00820,Roihuvuori,Helsinki,2020Q3,One-bedroom,18.22,169.0
00820,Roihuvuori,Helsinki,2020Q3,Studio,25.11,169.0
00820,Roihuvuori,Helsinki,2020Q4,One-bedroom,18.37,170.0
00820,Roihuvuori,Helsinki,2020Q4,Studio,25.14,175.0
00820,Roihuvuori,Helsinki,2021Q1,One-bedroom,18.45,167.0
00820,Roihuvuori,Helsinki,2021Q1,Studio,25.36,176.0
00820,Roihuvuori,Helsinki,2021Q2,One-bedroom,18.56,153.0
00820,Roihuvuori,Helsinki,2021Q2,Studio,25.62,172.0
00820,Roihuvuori,Helsinki,2021Q3,One-bedroom,18.63,152.0
00820,Roihuvuori,Helsinki,2021Q3,Studio,25.85,164.0
00820,Roihuvuori,Helsinki,2021Q4,One-bedroom,18.58,158.0
00820,Roihuvuori,Helsinki,2021Q4,Studio,25.93,179.0
00820,Roihuvuori,Helsinki,2022Q1,One-bedroom,18.56,166.0
00820,Roihuvuori,Helsinki,2022Q1,Studio,25.89,177.0
00820,Roihuvuori,Helsinki,2022Q2,One-bedroom,18.58,159.0
00820,Roihuvuori,Helsinki,2022Q2,Studio,25.72,174.0
00820,Roihuvuori,Helsinki,2022Q3,One-bedroom,18.62,160.0
00820,Roihuvuori,Helsinki,2022Q3,Studio,25.59,177.0
00820,Roihuvuori,Helsinki,2022Q4,One-bedroom,18.7,151.0
00820,Roihuvuori,Helsinki,2022Q4,Studio,25.33,178.0
00820,Roihuvuori,Helsinki,2023Q1,One-bedroom,18.82,154.0
00820,Roihuvuori,Helsinki,2023Q1,Studio,25.88,171.0
00820,Roihuvuori,Helsinki,2023Q2,One-bedroom,18.77,144.0
00820,Roihuvuori,Helsinki,2023Q2,Studio,25.74,178.0
00820,Roihuvuori,Helsinki,2023Q3,One-bedroom,18.68,150.0
00820,Roihuvuori,Helsinki,2023Q3,Studio,25.5,186.0
00820,Roihuvuori,Helsinki,2023Q4,One-bedroom,18.56,149.0
00820,Roihuvuori,Helsinki,2023Q4,Studio,25.42,188.0
00820,Roihuvuori,Helsinki,2024Q1,One-bedroom,18.52,150.0
00820,Roihuvuori,Helsinki,2024Q1,Studio,25.82,180.0
00820,Roihuvuori,Helsinki,2024Q2,One-bedroom,18.61,143.0
00820,Roihuvuori,Helsinki,2024Q2,Studio,25.6,181.0
00820,Roihuvuori,Helsinki,2024Q3,One-bedroom,18.84,140.0
00820,Roihuvuori,Helsinki,2024Q3,Studio,25.87,177.0
00820,Roihuvuori,Helsinki,2024Q4,One-bedroom,18.75,140.0
00820,Roihuvuori,Helsinki,2024Q4,Studio,26.09,175.0
00820,Roihuvuori,Helsinki,2025Q1,One-bedroom,18.65,139.0
00820,Roihuvuori,Helsinki,2025Q1,Studio,26.02,180.0
00820,Roihuvuori,Helsinki,2025Q2,One-bedroom,18.75,126.0
00820,Roihuvuori,Helsinki,2025Q2,Studio,25.9,169.0
00820,Roihuvuori,Helsinki,2025Q3,Studio,26.88,213.0
00820,Roihuvuori,Helsinki,2025Q4,One-bedroom,18.14,115.0
00820,Roihuvuori,Helsinki,2025Q4,Studio,26.01,159.0
00840,Laajasalo,Helsinki,2015Q1,One-bedroom,14.51,55.0
00840,Laajasalo,Helsinki,2015Q1,Studio,19.91,91.0
00840,Laajasalo,Helsinki,2015Q2,One-bedroom,15.08,55.0
00840,Laajasalo,Helsinki,2015Q2,Studio,20.8,86.0
00840,Laajasalo,Helsinki,2015Q3,One-bedroom,15.26,57.0
00840,Laajasalo,Helsinki,2015Q3,Studio,21.58,96.0
00840,Laajasalo,Helsinki,2015Q4,One-bedroom,14.87,70.0
00840,Laajasalo,Helsinki,2015Q4,Studio,21.89,99.0
00840,Laajasalo,Helsinki,2016Q1,One-bedroom,15.31,68.0
00840,Laajasalo,Helsinki,2016Q1,Studio,22.09,106.0
00840,Laajasalo,Helsinki,2016Q1,Two-bedroom+,14.26,21.0
00840,Laajasalo,Helsinki,2016Q2,One-bedroom,15.21,70.0
00840,Laajasalo,Helsinki,2016Q2,Studio,22.0,120.0
00840,Laajasalo,Helsinki,2016Q2,Two-bedroom+,13.81,21.0
00840,Laajasalo,Helsinki,2016Q3,One-bedroom,14.59,71.0
00840,Laajasalo,Helsinki,2016Q3,Studio,21.86,115.0
00840,Laajasalo,Helsinki,2016Q3,Two-bedroom+,14.56,20.0
00840,Laajasalo,Helsinki,2016Q4,One-bedroom,14.44,76.0
00840,Laajasalo,Helsinki,2016Q4,Studio,22.25,121.0
00840,Laajasalo,Helsinki,2016Q4,Two-bedroom+,14.84,25.0
00840,Laajasalo,Helsinki,2017Q1,One-bedroom,15.1,73.0
00840,Laajasalo,Helsinki,2017Q1,Studio,22.48,116.0
00840,Laajasalo,Helsinki,2017Q1,Two-bedroom+,14.85,22.0
00840,Laajasalo,Helsinki,2017Q2,One-bedroom,15.15,66.0
00840,Laajasalo,Helsinki,2017Q2,Studio,22.61,123.0
00840,Laajasalo,Helsinki,2017Q2,Two-bedroom+,15.19,26.0
00840,Laajasalo,Helsinki,2017Q3,One-bedroom,16.11,72.0
00840,Laajasalo,Helsinki,2017Q3,Studio,22.56,116.0
00840,Laajasalo,Helsinki,2017Q3,Two-bedroom+,15.44,25.0
00840,Laajasalo,Helsinki,2017Q4,One-bedroom,16.14,77.0
00840,Laajasalo,Helsinki,2017Q4,Studio,22.34,124.0
00840,Laajasalo,Helsinki,2017Q4,Two-bedroom+,15.11,28.0
00840,Laajasalo,Helsinki,2018Q1,One-bedroom,15.3,92.0
00840,Laajasalo,Helsinki,2018Q1,Studio,22.71,128.0
00840,Laajasalo,Helsinki,2018Q1,Two-bedroom+,14.04,32.0
00840,Laajasalo,Helsinki,2018Q2,One-bedroom,15.58,80.0
00840,Laajasalo,Helsinki,2018Q2,Studio,22.77,128.0
00840,Laajasalo,Helsinki,2018Q2,Two-bedroom+,14.32,30.0
00840,Laajasalo,Helsinki,2018Q3,One-bedroom,15.76,66.0
00840,Laajasalo,Helsinki,2018Q3,Studio,22.61,117.0
00840,Laajasalo,Helsinki,2018Q3,Two-bedroom+,14.29,24.0
00840,Laajasalo,Helsinki,2018Q4,One-bedroom,15.86,60.0
00840,Laajasalo,Helsinki,2018Q4,Studio,22.81,126.0
00840,Laajasalo,Helsinki,2018Q4,Two-bedroom+,15.18,26.0
00840,Laajasalo,Helsinki,2019Q1,One-bedroom,15.47,67.0
00840,Laajasalo,Helsinki,2019Q1,Studio,22.93,130.0
00840,Laajasalo,Helsinki,2019Q1,Two-bedroom+,13.82,31.0
00840,Laajasalo,Helsinki,2019Q2,One-bedroom,15.74,68.0
00840,Laajasalo,Helsinki,2019Q2,Studio,23.04,117.0
00840,Laajasalo,Helsinki,2019Q2,Two-bedroom+,13.67,29.0
00840,Laajasalo,Helsinki,2019Q3,One-bedroom,16.29,69.0
00840,Laajasalo,Helsinki,2019Q3,Studio,22.72,111.0
00840,Laajasalo,Helsinki,2019Q3,Two-bedroom+,13.84,29.0
00840,Laajasalo,Helsinki,2019Q4,One-bedroom,16.29,65.0
00840,Laajasalo,Helsinki,2019Q4,Studio,23.0,108.0
00840,Laajasalo,Helsinki,2019Q4,Two-bedroom+,15.4,25.0
00840,Laajasalo,Helsinki,2020Q1,One-bedroom,16.43,72.0
00840,Laajasalo,Helsinki,2020Q1,Studio,23.27,111.0
00840,Laajasalo,Helsinki,2020Q1,Two-bedroom+,15.58,24.0
00840,Laajasalo,Helsinki,2020Q2,One-bedroom,16.53,72.0
00840,Laajasalo,Helsinki,2020Q2,Studio,23.16,132.0
00840,Laajasalo,Helsinki,2020Q2,Two-bedroom+,15.4,28.0
00840,Laajasalo,Helsinki,2020Q3,One-bedroom,16.6,69.0
00840,Laajasalo,Helsinki,2020Q3,Studio,22.98,128.0
00840,Laajasalo,Helsinki,2020Q3,Two-bedroom+,15.38,27.0
00840,Laajasalo,Helsinki,2020Q4,One-bedroom,16.66,72.0
00840,Laajasalo,Helsinki,2020Q4,Studio,23.12,142.0
00840,Laajasalo,Helsinki,2020Q4,Two-bedroom+,15.44,24.0
00840,Laajasalo,Helsinki,2021Q1,One-bedroom,16.54,74.0
00840,Laajasalo,Helsinki,2021Q1,Studio,22.98,141.0
00840,Laajasalo,Helsinki,2021Q1,Two-bedroom+,15.72,26.0
00840,Laajasalo,Helsinki,2021Q2,One-bedroom,16.76,71.0
00840,Laajasalo,Helsinki,2021Q2,Studio,22.91,129.0
00840,Laajasalo,Helsinki,2021Q2,Two-bedroom+,15.64,26.0
00840,Laajasalo,Helsinki,2021Q3,One-bedroom,16.88,68.0
00840,Laajasalo,Helsinki,2021Q3,Studio,23.24,120.0
00840,Laajasalo,Helsinki,2021Q4,One-bedroom,17.13,62.0
00840,Laajasalo,Helsinki,2021Q4,Studio,23.65,134.0
00840,Laajasalo,Helsinki,2021Q4,Two-bedroom+,15.84,20.0
00840,Laajasalo,Helsinki,2022Q1,One-bedroom,17.23,63.0
00840,Laajasalo,Helsinki,2022Q1,Studio,23.88,139.0
00840,Laajasalo,Helsinki,2022Q1,Two-bedroom+,15.71,23.0
00840,Laajasalo,Helsinki,2022Q2,One-bedroom,17.21,60.0
00840,Laajasalo,Helsinki,2022Q2,Studio,23.8,133.0
00840,Laajasalo,Helsinki,2022Q2,Two-bedroom+,15.84,23.0
00840,Laajasalo,Helsinki,2022Q3,One-bedroom,17.24,49.0
00840,Laajasalo,Helsinki,2022Q3,Studio,23.99,122.0
00840,Laajasalo,Helsinki,2022Q4,One-bedroom,17.05,56.0
00840,Laajasalo,Helsinki,2022Q4,Studio,24.19,125.0
00840,Laajasalo,Helsinki,2023Q1,One-bedroom,16.84,51.0
00840,Laajasalo,Helsinki,2023Q1,Studio,24.02,112.0
00840,Laajasalo,Helsinki,2023Q2,One-bedroom,16.95,53.0
00840,Laajasalo,Helsinki,2023Q2,Studio,23.63,118.0
00840,Laajasalo,Helsinki,2023Q3,One-bedroom,17.26,60.0
00840,Laajasalo,Helsinki,2023Q3,Studio,23.62,111.0
00840,Laajasalo,Helsinki,2023Q4,One-bedroom,17.28,61.0
00840,Laajasalo,Helsinki,2023Q4,Studio,23.79,120.0
00840,Laajasalo,Helsinki,2024Q1,One-bedroom,17.15,59.0
00840,Laajasalo,Helsinki,2024Q1,Studio,23.81,123.0
00840,Laajasalo,Helsinki,2024Q2,One-bedroom,17.06,58.0
00840,Laajasalo,Helsinki,2024Q2,Studio,23.32,124.0
00840,Laajasalo,Helsinki,2024Q3,One-bedroom,17.04,53.0
00840,Laajasalo,Helsinki,2024Q3,Studio,23.56,114.0
00840,Laajasalo,Helsinki,2024Q4,One-bedroom,17.01,51.0
00840,Laajasalo,Helsinki,2024Q4,Studio,23.44,110.0
00840,Laajasalo,Helsinki,2025Q1,One-bedroom,17.21,52.0
00840,Laajasalo,Helsinki,2025Q1,Studio,23.36,113.0
00840,Laajasalo,Helsinki,2025Q2,One-bedroom,17.2,40.0
00840,Laajasalo,Helsinki,2025Q2,Studio,23.52,105.0
00840,Laajasalo,Helsinki,2025Q3,One-bedroom,17.17,40.0
00840,Laajasalo,Helsinki,2025Q3,Studio,23.74,99.0
00840,Laajasalo,Helsinki,2025Q4,One-bedroom,16.87,51.0
00840,Laajasalo,Helsinki,2025Q4,Studio,23.99,110.0
00870,Etelä-Laajasalo,Helsinki,2016Q4,One-bedroom,14.18,22.0
00870,Etelä-Laajasalo,Helsinki,2018Q1,One-bedroom,15.05,22.0
00870,Etelä-Laajasalo,Helsinki,2018Q2,One-bedroom,14.87,21.0
00870,Etelä-Laajasalo,Helsinki,2019Q1,Studio,22.11,21.0
00870,Etelä-Laajasalo,Helsinki,2019Q2,Studio,22.03,23.0
00870,Etelä-Laajasalo,Helsinki,2019Q3,Studio,21.26,22.0
00870,Etelä-Laajasalo,Helsinki,2019Q4,Studio,21.53,21.0
00870,Etelä-Laajasalo,Helsinki,2020Q3,Studio,22.02,21.0
00870,Etelä-Laajasalo,Helsinki,2020Q4,Studio,22.26,20.0
00870,Etelä-Laajasalo,Helsinki,2021Q1,Studio,22.15,20.0
00870,Etelä-Laajasalo,Helsinki,2021Q4,Studio,22.39,20.0
00870,Etelä-Laajasalo,Helsinki,2022Q1,Studio,22.42,25.0
00870,Etelä-Laajasalo,Helsinki,2022Q2,Studio,22.1,22.0
00870,Etelä-Laajasalo,Helsinki,2022Q4,Studio,21.85,22.0
00870,Etelä-Laajasalo,Helsinki,2023Q1,Studio,21.98,25.0
00870,Etelä-Laajasalo,Helsinki,2023Q2,Studio,21.77,27.0
00870,Etelä-Laajasalo,Helsinki,2023Q3,Studio,22.14,28.0
00870,Etelä-Laajasalo,Helsinki,2023Q4,Studio,22.26,28.0
00870,Etelä-Laajasalo,Helsinki,2024Q1,Studio,21.83,21.0
00870,Etelä-Laajasalo,Helsinki,2024Q2,Studio,22.12,20.0
00870,Etelä-Laajasalo,Helsinki,2024Q4,One-bedroom,17.03,20.0
00870,Etelä-Laajasalo,Helsinki,2025Q1,One-bedroom,17.03,24.0
00870,Etelä-Laajasalo,Helsinki,2025Q1,Studio,22.07,20.0
00870,Etelä-Laajasalo,Helsinki,2025Q2,Studio,22.0,22.0
00870,Etelä-Laajasalo,Helsinki,2025Q3,Studio,22.01,21.0
00870,Etelä-Laajasalo,Helsinki,2025Q4,Studio,22.54,23.0
00900,Puotinharju,Helsinki,2015Q1,One-bedroom,14.02,30.0
00900,Puotinharju,Helsinki,2015Q1,Studio,20.32,50.0
00900,Puotinharju,Helsinki,2015Q2,One-bedroom,14.68,35.0
00900,Puotinharju,Helsinki,2015Q2,Studio,20.39,58.0
00900,Puotinharju,Helsinki,2015Q3,One-bedroom,15.09,39.0
00900,Puotinharju,Helsinki,2015Q3,Studio,20.07,53.0
00900,Puotinharju,Helsinki,2015Q4,One-bedroom,15.12,44.0
00900,Puotinharju,Helsinki,2015Q4,Studio,21.48,54.0
00900,Puotinharju,Helsinki,2016Q1,One-bedroom,15.66,68.0
00900,Puotinharju,Helsinki,2016Q1,Studio,21.26,98.0
00900,Puotinharju,Helsinki,2016Q1,Two-bedroom+,16.1,57.0
00900,Puotinharju,Helsinki,2016Q2,One-bedroom,15.97,68.0
00900,Puotinharju,Helsinki,2016Q2,Studio,21.21,98.0
00900,Puotinharju,Helsinki,2016Q2,Two-bedroom+,16.05,58.0
00900,Puotinharju,Helsinki,2016Q3,One-bedroom,16.27,73.0
00900,Puotinharju,Helsinki,2016Q3,Studio,21.4,90.0
00900,Puotinharju,Helsinki,2016Q3,Two-bedroom+,16.38,61.0
00900,Puotinharju,Helsinki,2016Q4,One-bedroom,16.53,73.0
00900,Puotinharju,Helsinki,2016Q4,Studio,21.83,90.0
00900,Puotinharju,Helsinki,2016Q4,Two-bedroom+,16.28,60.0
00900,Puotinharju,Helsinki,2017Q1,One-bedroom,16.89,71.0
00900,Puotinharju,Helsinki,2017Q1,Studio,21.33,92.0
00900,Puotinharju,Helsinki,2017Q1,Two-bedroom+,15.98,74.0
00900,Puotinharju,Helsinki,2017Q2,One-bedroom,17.03,76.0
00900,Puotinharju,Helsinki,2017Q2,Studio,21.47,97.0
00900,Puotinharju,Helsinki,2017Q2,Two-bedroom+,16.18,84.0
00900,Puotinharju,Helsinki,2017Q3,One-bedroom,17.42,78.0
00900,Puotinharju,Helsinki,2017Q3,Studio,22.21,106.0
00900,Puotinharju,Helsinki,2017Q3,Two-bedroom+,16.6,76.0
00900,Puotinharju,Helsinki,2017Q4,One-bedroom,17.55,84.0
00900,Puotinharju,Helsinki,2017Q4,Studio,22.31,111.0
00900,Puotinharju,Helsinki,2017Q4,Two-bedroom+,16.62,75.0
00900,Puotinharju,Helsinki,2018Q1,One-bedroom,17.15,82.0
00900,Puotinharju,Helsinki,2018Q1,Studio,22.47,120.0
00900,Puotinharju,Helsinki,2018Q1,Two-bedroom+,16.32,78.0
00900,Puotinharju,Helsinki,2018Q2,One-bedroom,17.07,85.0
00900,Puotinharju,Helsinki,2018Q2,Studio,22.48,117.0
00900,Puotinharju,Helsinki,2018Q2,Two-bedroom+,16.41,76.0
00900,Puotinharju,Helsinki,2018Q3,One-bedroom,17.41,79.0
00900,Puotinharju,Helsinki,2018Q3,Studio,22.74,118.0
00900,Puotinharju,Helsinki,2018Q3,Two-bedroom+,16.63,72.0
00900,Puotinharju,Helsinki,2018Q4,One-bedroom,17.59,90.0
00900,Puotinharju,Helsinki,2018Q4,Studio,22.76,122.0
00900,Puotinharju,Helsinki,2018Q4,Two-bedroom+,16.79,71.0
00900,Puotinharju,Helsinki,2019Q1,One-bedroom,17.54,82.0
00900,Puotinharju,Helsinki,2019Q1,Studio,23.18,116.0
00900,Puotinharju,Helsinki,2019Q1,Two-bedroom+,16.39,78.0
00900,Puotinharju,Helsinki,2019Q2,One-bedroom,17.17,79.0
00900,Puotinharju,Helsinki,2019Q2,Studio,22.9,109.0
00900,Puotinharju,Helsinki,2019Q2,Two-bedroom+,16.24,68.0
00900,Puotinharju,Helsinki,2019Q3,One-bedroom,17.41,70.0
00900,Puotinharju,Helsinki,2019Q3,Studio,22.88,104.0
00900,Puotinharju,Helsinki,2019Q3,Two-bedroom+,16.21,69.0
00900,Puotinharju,Helsinki,2019Q4,One-bedroom,17.91,70.0
00900,Puotinharju,Helsinki,2019Q4,Studio,22.77,103.0
00900,Puotinharju,Helsinki,2019Q4,Two-bedroom+,16.78,63.0
00900,Puotinharju,Helsinki,2020Q1,One-bedroom,17.57,43.0
00900,Puotinharju,Helsinki,2020Q1,Studio,23.52,68.0
00900,Puotinharju,Helsinki,2020Q2,One-bedroom,18.34,60.0
00900,Puotinharju,Helsinki,2020Q2,Studio,23.48,77.0
00900,Puotinharju,Helsinki,2020Q2,Two-bedroom+,17.28,22.0
00900,Puotinharju,Helsinki,2020Q3,One-bedroom,18.46,55.0
00900,Puotinharju,Helsinki,2020Q3,Studio,23.58,78.0
00900,Puotinharju,Helsinki,2020Q3,Two-bedroom+,16.9,24.0
00900,Puotinharju,Helsinki,2020Q4,One-bedroom,18.16,54.0
00900,Puotinharju,Helsinki,2020Q4,Studio,24.09,77.0
00900,Puotinharju,Helsinki,2020Q4,Two-bedroom+,17.11,22.0
00900,Puotinharju,Helsinki,2021Q1,One-bedroom,18.02,54.0
00900,Puotinharju,Helsinki,2021Q1,Studio,24.03,81.0
00900,Puotinharju,Helsinki,2021Q1,Two-bedroom+,16.58,20.0
00900,Puotinharju,Helsinki,2021Q2,One-bedroom,18.38,73.0
00900,Puotinharju,Helsinki,2021Q2,Studio,24.08,91.0
00900,Puotinharju,Helsinki,2021Q2,Two-bedroom+,18.79,32.0
00900,Puotinharju,Helsinki,2021Q3,One-bedroom,18.46,64.0
00900,Puotinharju,Helsinki,2021Q3,Studio,24.27,82.0
00900,Puotinharju,Helsinki,2021Q3,Two-bedroom+,18.34,30.0
00900,Puotinharju,Helsinki,2021Q4,One-bedroom,18.51,65.0
00900,Puotinharju,Helsinki,2021Q4,Studio,24.37,91.0
00900,Puotinharju,Helsinki,2021Q4,Two-bedroom+,18.11,31.0
00900,Puotinharju,Helsinki,2022Q1,One-bedroom,18.23,71.0
00900,Puotinharju,Helsinki,2022Q1,Studio,24.6,93.0
00900,Puotinharju,Helsinki,2022Q1,Two-bedroom+,17.99,31.0
00900,Puotinharju,Helsinki,2022Q2,One-bedroom,18.18,69.0
00900,Puotinharju,Helsinki,2022Q2,Studio,24.59,79.0
00900,Puotinharju,Helsinki,2022Q2,Two-bedroom+,18.16,33.0
00900,Puotinharju,Helsinki,2022Q3,One-bedroom,18.43,67.0
00900,Puotinharju,Helsinki,2022Q3,Studio,24.79,80.0
00900,Puotinharju,Helsinki,2022Q3,Two-bedroom+,17.82,32.0
00900,Puotinharju,Helsinki,2022Q4,One-bedroom,18.23,70.0
00900,Puotinharju,Helsinki,2022Q4,Studio,24.71,80.0
00900,Puotinharju,Helsinki,2022Q4,Two-bedroom+,17.72,32.0
00900,Puotinharju,Helsinki,2023Q1,One-bedroom,18.14,64.0
00900,Puotinharju,Helsinki,2023Q1,Studio,24.6,82.0
00900,Puotinharju,Helsinki,2023Q1,Two-bedroom+,17.38,32.0
00900,Puotinharju,Helsinki,2023Q2,One-bedroom,17.86,63.0
00900,Puotinharju,Helsinki,2023Q2,Studio,24.43,77.0
00900,Puotinharju,Helsinki,2023Q2,Two-bedroom+,17.48,33.0
00900,Puotinharju,Helsinki,2023Q3,One-bedroom,17.95,62.0
00900,Puotinharju,Helsinki,2023Q3,Studio,24.57,75.0
00900,Puotinharju,Helsinki,2023Q3,Two-bedroom+,17.69,30.0
00900,Puotinharju,Helsinki,2023Q4,One-bedroom,18.01,59.0
00900,Puotinharju,Helsinki,2023Q4,Studio,24.7,75.0
00900,Puotinharju,Helsinki,2023Q4,Two-bedroom+,17.48,31.0
00900,Puotinharju,Helsinki,2024Q1,One-bedroom,18.14,67.0
00900,Puotinharju,Helsinki,2024Q1,Studio,24.59,72.0
00900,Puotinharju,Helsinki,2024Q1,Two-bedroom+,17.22,30.0
00900,Puotinharju,Helsinki,2024Q2,One-bedroom,17.87,65.0
00900,Puotinharju,Helsinki,2024Q2,Studio,24.57,71.0
00900,Puotinharju,Helsinki,2024Q2,Two-bedroom+,17.28,30.0
00900,Puotinharju,Helsinki,2024Q3,One-bedroom,17.95,63.0
00900,Puotinharju,Helsinki,2024Q3,Studio,24.79,77.0
00900,Puotinharju,Helsinki,2024Q3,Two-bedroom+,17.35,32.0
00900,Puotinharju,Helsinki,2024Q4,One-bedroom,17.95,59.0
00900,Puotinharju,Helsinki,2024Q4,Studio,25.07,76.0
00900,Puotinharju,Helsinki,2024Q4,Two-bedroom+,17.21,34.0
00900,Puotinharju,Helsinki,2025Q1,One-bedroom,17.88,65.0
00900,Puotinharju,Helsinki,2025Q1,Studio,25.21,93.0
00900,Puotinharju,Helsinki,2025Q1,Two-bedroom+,16.98,39.0
00900,Puotinharju,Helsinki,2025Q2,One-bedroom,17.88,58.0
00900,Puotinharju,Helsinki,2025Q2,Studio,25.47,68.0
00900,Puotinharju,Helsinki,2025Q2,Two-bedroom+,16.97,31.0
00900,Puotinharju,Helsinki,2025Q3,One-bedroom,17.82,55.0
00900,Puotinharju,Helsinki,2025Q3,Studio,25.2,68.0
00900,Puotinharju,Helsinki,2025Q3,Two-bedroom+,17.21,28.0
00900,Puotinharju,Helsinki,2025Q4,One-bedroom,17.41,55.0
00900,Puotinharju,Helsinki,2025Q4,Studio,25.5,72.0
00900,Puotinharju,Helsinki,2025Q4,Two-bedroom+,17.0,29.0
00910,Puotila,Helsinki,2015Q1,One-bedroom,17.14,152.0
00910,Puotila,Helsinki,2015Q1,Studio,20.66,131.0
00910,Puotila,Helsinki,2015Q2,One-bedroom,17.05,151.0
00910,Puotila,Helsinki,2015Q2,Studio,20.57,138.0
00910,Puotila,Helsinki,2015Q3,One-bedroom,17.07,154.0
00910,Puotila,Helsinki,2015Q3,Studio,20.57,138.0
00910,Puotila,Helsinki,2015Q4,One-bedroom,16.91,162.0
00910,Puotila,Helsinki,2015Q4,Studio,20.95,153.0
00910,Puotila,Helsinki,2016Q1,One-bedroom,17.03,157.0
00910,Puotila,Helsinki,2016Q1,Studio,21.18,131.0
00910,Puotila,Helsinki,2016Q2,One-bedroom,17.05,153.0
00910,Puotila,Helsinki,2016Q2,Studio,21.28,139.0
00910,Puotila,Helsinki,2016Q3,One-bedroom,17.24,156.0
00910,Puotila,Helsinki,2016Q3,Studio,21.34,141.0
00910,Puotila,Helsinki,2016Q4,One-bedroom,17.25,171.0
00910,Puotila,Helsinki,2016Q4,Studio,21.51,150.0
00910,Puotila,Helsinki,2017Q1,One-bedroom,17.27,170.0
00910,Puotila,Helsinki,2017Q1,Studio,21.76,142.0
00910,Puotila,Helsinki,2017Q2,One-bedroom,17.27,171.0
00910,Puotila,Helsinki,2017Q2,Studio,22.14,150.0
00910,Puotila,Helsinki,2017Q3,One-bedroom,17.79,160.0
00910,Puotila,Helsinki,2017Q3,Studio,22.01,157.0
00910,Puotila,Helsinki,2017Q4,One-bedroom,17.78,161.0
00910,Puotila,Helsinki,2017Q4,Studio,22.01,164.0
00910,Puotila,Helsinki,2018Q1,One-bedroom,17.6,169.0
00910,Puotila,Helsinki,2018Q1,Studio,21.9,163.0
00910,Puotila,Helsinki,2018Q2,One-bedroom,17.74,156.0
00910,Puotila,Helsinki,2018Q2,Studio,22.17,159.0
00910,Puotila,Helsinki,2018Q3,One-bedroom,17.65,158.0
00910,Puotila,Helsinki,2018Q3,Studio,22.33,163.0
00910,Puotila,Helsinki,2018Q4,One-bedroom,18.07,146.0
00910,Puotila,Helsinki,2018Q4,Studio,22.2,168.0
00910,Puotila,Helsinki,2019Q1,One-bedroom,17.63,157.0
00910,Puotila,Helsinki,2019Q1,Studio,22.58,174.0
00910,Puotila,Helsinki,2019Q2,One-bedroom,17.94,156.0
00910,Puotila,Helsinki,2019Q2,Studio,22.52,171.0
00910,Puotila,Helsinki,2019Q3,One-bedroom,18.06,150.0
00910,Puotila,Helsinki,2019Q3,Studio,22.71,166.0
00910,Puotila,Helsinki,2019Q4,One-bedroom,18.41,155.0
00910,Puotila,Helsinki,2019Q4,Studio,22.57,171.0
00910,Puotila,Helsinki,2020Q1,One-bedroom,18.4,165.0
00910,Puotila,Helsinki,2020Q1,Studio,23.14,177.0
00910,Puotila,Helsinki,2020Q2,One-bedroom,18.41,169.0
00910,Puotila,Helsinki,2020Q2,Studio,22.85,195.0
00910,Puotila,Helsinki,2020Q3,One-bedroom,18.4,167.0
00910,Puotila,Helsinki,2020Q3,Studio,23.01,182.0
00910,Puotila,Helsinki,2020Q4,One-bedroom,18.32,164.0
00910,Puotila,Helsinki,2020Q4,Studio,23.07,200.0
00910,Puotila,Helsinki,2021Q1,One-bedroom,18.08,175.0
00910,Puotila,Helsinki,2021Q1,Studio,23.4,211.0
00910,Puotila,Helsinki,2021Q2,One-bedroom,17.94,181.0
00910,Puotila,Helsinki,2021Q2,Studio,23.26,201.0
00910,Puotila,Helsinki,2021Q3,One-bedroom,17.93,180.0
00910,Puotila,Helsinki,2021Q3,Studio,23.24,176.0
00910,Puotila,Helsinki,2021Q4,One-bedroom,17.89,174.0
00910,Puotila,Helsinki,2021Q4,Studio,23.31,182.0
00910,Puotila,Helsinki,2022Q1,One-bedroom,17.99,169.0
00910,Puotila,Helsinki,2022Q1,Studio,23.13,178.0
00910,Puotila,Helsinki,2022Q2,One-bedroom,17.82,168.0
00910,Puotila,Helsinki,2022Q2,Studio,23.0,177.0
00910,Puotila,Helsinki,2022Q3,One-bedroom,17.77,166.0
00910,Puotila,Helsinki,2022Q3,Studio,22.74,179.0
00910,Puotila,Helsinki,2022Q4,One-bedroom,17.76,168.0
00910,Puotila,Helsinki,2022Q4,Studio,22.81,188.0
00910,Puotila,Helsinki,2023Q1,One-bedroom,17.74,176.0
00910,Puotila,Helsinki,2023Q1,Studio,23.04,185.0
00910,Puotila,Helsinki,2023Q2,One-bedroom,17.84,167.0
00910,Puotila,Helsinki,2023Q2,Studio,23.1,174.0
00910,Puotila,Helsinki,2023Q3,One-bedroom,17.92,170.0
00910,Puotila,Helsinki,2023Q3,Studio,23.07,174.0
00910,Puotila,Helsinki,2023Q4,One-bedroom,17.79,166.0
00910,Puotila,Helsinki,2023Q4,Studio,23.08,175.0
00910,Puotila,Helsinki,2024Q1,One-bedroom,17.8,168.0
00910,Puotila,Helsinki,2024Q1,Studio,23.11,170.0
00910,Puotila,Helsinki,2024Q2,One-bedroom,17.94,161.0
00910,Puotila,Helsinki,2024Q2,Studio,22.92,177.0
00910,Puotila,Helsinki,2024Q3,One-bedroom,18.82,219.0
00910,Puotila,Helsinki,2024Q3,Studio,23.52,215.0
00910,Puotila,Helsinki,2024Q4,One-bedroom,18.89,211.0
00910,Puotila,Helsinki,2024Q4,Studio,23.62,219.0
00910,Puotila,Helsinki,2025Q1,One-bedroom,18.93,216.0
00910,Puotila,Helsinki,2025Q1,Studio,24.04,220.0
00910,Puotila,Helsinki,2025Q2,One-bedroom,19.0,201.0
00910,Puotila,Helsinki,2025Q2,Studio,23.91,205.0
00910,Puotila,Helsinki,2025Q3,Studio,24.2,238.0
00910,Puotila,Helsinki,2025Q4,One-bedroom,19.08,204.0
00910,Puotila,Helsinki,2025Q4,Studio,23.75,202.0
00920,Myllypuro,Helsinki,2015Q1,One-bedroom,15.02,104.0
00920,Myllypuro,Helsinki,2015Q1,Studio,20.65,41.0
00920,Myllypuro,Helsinki,2015Q1,Two-bedroom+,14.14,32.0
00920,Myllypuro,Helsinki,2015Q2,One-bedroom,15.08,109.0
00920,Myllypuro,Helsinki,2015Q2,Studio,20.37,49.0
00920,Myllypuro,Helsinki,2015Q2,Two-bedroom+,14.19,35.0
00920,Myllypuro,Helsinki,2015Q3,One-bedroom,15.18,107.0
00920,Myllypuro,Helsinki,2015Q3,Studio,20.26,52.0
00920,Myllypuro,Helsinki,2015Q3,Two-bedroom+,13.92,40.0
00920,Myllypuro,Helsinki,2015Q4,One-bedroom,15.47,111.0
00920,Myllypuro,Helsinki,2015Q4,Studio,20.31,52.0
00920,Myllypuro,Helsinki,2015Q4,Two-bedroom+,14.07,42.0
00920,Myllypuro,Helsinki,2016Q1,One-bedroom,15.05,107.0
00920,Myllypuro,Helsinki,2016Q1,Studio,20.18,41.0
00920,Myllypuro,Helsinki,2016Q1,Two-bedroom+,14.56,43.0
00920,Myllypuro,Helsinki,2016Q2,One-bedroom,15.43,111.0
00920,Myllypuro,Helsinki,2016Q2,Studio,20.68,47.0
00920,Myllypuro,Helsinki,2016Q2,Two-bedroom+,14.97,44.0
00920,Myllypuro,Helsinki,2016Q3,One-bedroom,16.11,100.0
00920,Myllypuro,Helsinki,2016Q3,Studio,20.47,41.0
00920,Myllypuro,Helsinki,2016Q3,Two-bedroom+,14.78,43.0
00920,Myllypuro,Helsinki,2016Q4,One-bedroom,16.9,155.0
00920,Myllypuro,Helsinki,2016Q4,Studio,21.58,52.0
00920,Myllypuro,Helsinki,2016Q4,Two-bedroom+,15.74,85.0
00920,Myllypuro,Helsinki,2017Q1,One-bedroom,16.84,156.0
00920,Myllypuro,Helsinki,2017Q1,Studio,21.63,61.0
00920,Myllypuro,Helsinki,2017Q1,Two-bedroom+,15.95,84.0
00920,Myllypuro,Helsinki,2017Q2,One-bedroom,16.73,160.0
00920,Myllypuro,Helsinki,2017Q2,Studio,21.84,64.0
00920,Myllypuro,Helsinki,2017Q2,Two-bedroom+,16.03,88.0
00920,Myllypuro,Helsinki,2017Q3,One-bedroom,17.5,156.0
00920,Myllypuro,Helsinki,2017Q3,Studio,21.71,62.0
00920,Myllypuro,Helsinki,2017Q3,Two-bedroom+,16.17,87.0
00920,Myllypuro,Helsinki,2017Q4,One-bedroom,17.54,162.0
00920,Myllypuro,Helsinki,2017Q4,Studio,21.63,62.0
00920,Myllypuro,Helsinki,2017Q4,Two-bedroom+,16.14,87.0
00920,Myllypuro,Helsinki,2018Q1,One-bedroom,17.49,166.0
00920,Myllypuro,Helsinki,2018Q1,Studio,21.07,58.0
00920,Myllypuro,Helsinki,2018Q1,Two-bedroom+,15.96,90.0
00920,Myllypuro,Helsinki,2018Q2,One-bedroom,17.67,158.0
00920,Myllypuro,Helsinki,2018Q2,Studio,21.64,62.0
00920,Myllypuro,Helsinki,2018Q2,Two-bedroom+,15.88,90.0
00920,Myllypuro,Helsinki,2018Q3,One-bedroom,17.68,162.0
00920,Myllypuro,Helsinki,2018Q3,Studio,21.95,57.0
00920,Myllypuro,Helsinki,2018Q3,Two-bedroom+,16.04,86.0
00920,Myllypuro,Helsinki,2018Q4,One-bedroom,17.85,158.0
00920,Myllypuro,Helsinki,2018Q4,Studio,22.3,49.0
00920,Myllypuro,Helsinki,2018Q4,Two-bedroom+,16.47,83.0
00920,Myllypuro,Helsinki,2019Q1,One-bedroom,17.67,180.0
00920,Myllypuro,Helsinki,2019Q1,Studio,23.61,78.0
00920,Myllypuro,Helsinki,2019Q1,Two-bedroom+,16.08,90.0
00920,Myllypuro,Helsinki,2019Q2,One-bedroom,17.63,164.0
00920,Myllypuro,Helsinki,2019Q2,Studio,23.41,77.0
00920,Myllypuro,Helsinki,2019Q2,Two-bedroom+,16.31,86.0
00920,Myllypuro,Helsinki,2019Q3,One-bedroom,17.67,156.0
00920,Myllypuro,Helsinki,2019Q3,Studio,23.55,74.0
00920,Myllypuro,Helsinki,2019Q3,Two-bedroom+,16.42,86.0
00920,Myllypuro,Helsinki,2019Q4,One-bedroom,18.05,148.0
00920,Myllypuro,Helsinki,2019Q4,Studio,23.97,70.0
00920,Myllypuro,Helsinki,2019Q4,Two-bedroom+,16.71,83.0
00920,Myllypuro,Helsinki,2020Q1,One-bedroom,18.2,153.0
00920,Myllypuro,Helsinki,2020Q1,Studio,24.48,72.0
00920,Myllypuro,Helsinki,2020Q1,Two-bedroom+,16.75,87.0
00920,Myllypuro,Helsinki,2020Q2,One-bedroom,18.2,164.0
00920,Myllypuro,Helsinki,2020Q2,Studio,25.06,81.0
00920,Myllypuro,Helsinki,2020Q2,Two-bedroom+,16.85,85.0
00920,Myllypuro,Helsinki,2020Q3,One-bedroom,18.13,168.0
00920,Myllypuro,Helsinki,2020Q3,Studio,25.44,77.0
00920,Myllypuro,Helsinki,2020Q3,Two-bedroom+,16.94,83.0
00920,Myllypuro,Helsinki,2020Q4,One-bedroom,18.08,166.0
00920,Myllypuro,Helsinki,2020Q4,Studio,25.04,77.0
00920,Myllypuro,Helsinki,2020Q4,Two-bedroom+,17.0,79.0
00920,Myllypuro,Helsinki,2021Q1,One-bedroom,18.03,171.0
00920,Myllypuro,Helsinki,2021Q1,Studio,24.23,88.0
00920,Myllypuro,Helsinki,2021Q1,Two-bedroom+,17.05,80.0
00920,Myllypuro,Helsinki,2021Q2,One-bedroom,17.84,185.0
00920,Myllypuro,Helsinki,2021Q2,Studio,23.71,94.0
00920,Myllypuro,Helsinki,2021Q2,Two-bedroom+,16.94,91.0
00920,Myllypuro,Helsinki,2021Q3,One-bedroom,17.77,186.0
00920,Myllypuro,Helsinki,2021Q3,Studio,23.84,94.0
00920,Myllypuro,Helsinki,2021Q3,Two-bedroom+,17.14,87.0
00920,Myllypuro,Helsinki,2021Q4,One-bedroom,17.85,194.0
00920,Myllypuro,Helsinki,2021Q4,Studio,23.82,94.0
00920,Myllypuro,Helsinki,2021Q4,Two-bedroom+,17.0,94.0
00920,Myllypuro,Helsinki,2022Q1,One-bedroom,17.83,199.0
00920,Myllypuro,Helsinki,2022Q1,Studio,23.64,99.0
00920,Myllypuro,Helsinki,2022Q1,Two-bedroom+,16.96,98.0
00920,Myllypuro,Helsinki,2022Q2,One-bedroom,17.99,173.0
00920,Myllypuro,Helsinki,2022Q2,Studio,23.56,82.0
00920,Myllypuro,Helsinki,2022Q2,Two-bedroom+,17.14,92.0
00920,Myllypuro,Helsinki,2022Q3,One-bedroom,18.0,171.0
00920,Myllypuro,Helsinki,2022Q3,Studio,23.24,85.0
00920,Myllypuro,Helsinki,2022Q3,Two-bedroom+,16.99,90.0
00920,Myllypuro,Helsinki,2022Q4,One-bedroom,17.95,170.0
00920,Myllypuro,Helsinki,2022Q4,Studio,23.2,83.0
00920,Myllypuro,Helsinki,2022Q4,Two-bedroom+,17.06,85.0
00920,Myllypuro,Helsinki,2023Q1,One-bedroom,18.06,162.0
00920,Myllypuro,Helsinki,2023Q1,Studio,23.15,86.0
00920,Myllypuro,Helsinki,2023Q1,Two-bedroom+,17.36,78.0
00920,Myllypuro,Helsinki,2023Q2,One-bedroom,17.89,162.0
00920,Myllypuro,Helsinki,2023Q2,Studio,23.24,84.0
00920,Myllypuro,Helsinki,2023Q2,Two-bedroom+,17.17,88.0
00920,Myllypuro,Helsinki,2023Q3,One-bedroom,17.83,170.0
00920,Myllypuro,Helsinki,2023Q3,Studio,23.21,84.0
00920,Myllypuro,Helsinki,2023Q3,Two-bedroom+,17.2,85.0
00920,Myllypuro,Helsinki,2023Q4,One-bedroom,17.83,167.0
00920,Myllypuro,Helsinki,2023Q4,Studio,23.09,88.0
00920,Myllypuro,Helsinki,2023Q4,Two-bedroom+,17.28,83.0
00920,Myllypuro,Helsinki,2024Q1,One-bedroom,17.98,157.0
00920,Myllypuro,Helsinki,2024Q1,Studio,23.28,89.0
00920,Myllypuro,Helsinki,2024Q1,Two-bedroom+,17.54,80.0
00920,Myllypuro,Helsinki,2024Q2,One-bedroom,17.93,159.0
00920,Myllypuro,Helsinki,2024Q2,Studio,23.63,80.0
00920,Myllypuro,Helsinki,2024Q2,Two-bedroom+,17.52,82.0
00920,Myllypuro,Helsinki,2024Q3,One-bedroom,18.02,160.0
00920,Myllypuro,Helsinki,2024Q3,Studio,23.8,80.0
00920,Myllypuro,Helsinki,2024Q3,Two-bedroom+,17.61,78.0
00920,Myllypuro,Helsinki,2024Q4,One-bedroom,17.92,166.0
00920,Myllypuro,Helsinki,2024Q4,Studio,23.65,80.0
00920,Myllypuro,Helsinki,2024Q4,Two-bedroom+,17.52,76.0
00920,Myllypuro,Helsinki,2025Q1,One-bedroom,17.77,166.0
00920,Myllypuro,Helsinki,2025Q1,Studio,23.99,83.0
00920,Myllypuro,Helsinki,2025Q1,Two-bedroom+,17.11,81.0
00920,Myllypuro,Helsinki,2025Q2,One-bedroom,17.82,155.0
00920,Myllypuro,Helsinki,2025Q2,Studio,23.62,80.0
00920,Myllypuro,Helsinki,2025Q2,Two-bedroom+,17.12,75.0
00920,Myllypuro,Helsinki,2025Q3,One-bedroom,18.44,209.0
00920,Myllypuro,Helsinki,2025Q3,Studio,24.12,87.0
00920,Myllypuro,Helsinki,2025Q4,One-bedroom,17.7,162.0
00920,Myllypuro,Helsinki,2025Q4,Studio,23.59,84.0
00920,Myllypuro,Helsinki,2025Q4,Two-bedroom+,16.58,76.0
00930,Itäkeskus-Marjaniemi,Helsinki,2016Q1,Studio,23.03,71.0
00930,Itäkeskus-Marjaniemi,Helsinki,2016Q2,Studio,22.86,77.0
00930,Itäkeskus-Marjaniemi,Helsinki,2016Q3,Studio,22.96,78.0
00930,Itäkeskus-Marjaniemi,Helsinki,2017Q3,Studio,22.88,89.0
00930,Itäkeskus-Marjaniemi,Helsinki,2020Q2,Studio,24.51,107.0
00930,Itäkeskus-Marjaniemi,Helsinki,2020Q3,Studio,24.52,109.0
00930,Itäkeskus-Marjaniemi,Helsinki,2020Q4,Studio,24.58,109.0
00930,Itäkeskus-Marjaniemi,Helsinki,2022Q4,Studio,24.55,103.0
00930,Itäkeskus-Marjaniemi,Helsinki,2023Q1,Studio,24.7,87.0
00930,Itäkeskus-Marjaniemi,Helsinki,2023Q2,Studio,24.84,85.0
00930,Itäkeskus-Marjaniemi,Helsinki,2023Q3,Studio,24.84,86.0
00930,Itäkeskus-Marjaniemi,Helsinki,2023Q4,Studio,24.73,89.0
00930,Itäkeskus-Marjaniemi,Helsinki,2024Q1,Studio,24.83,88.0
00930,Itäkeskus-Marjaniemi,Helsinki,2024Q2,Studio,25.1,84.0
00930,Itäkeskus-Marjaniemi,Helsinki,2024Q3,Studio,24.8,82.0
00930,Itäkeskus-Marjaniemi,Helsinki,2024Q4,Studio,24.49,85.0
00930,Itäkeskus-Marjaniemi,Helsinki,2025Q1,Studio,24.44,87.0
00930,Itäkeskus-Marjaniemi,Helsinki,2025Q2,Studio,24.35,83.0
00930,Itäkeskus-Marjaniemi,Helsinki,2025Q4,Studio,24.01,85.0
00940,Kontula - Vesala,Helsinki,2015Q1,One-bedroom,14.95,257.0
00940,Kontula - Vesala,Helsinki,2015Q1,Studio,20.24,189.0
00940,Kontula - Vesala,Helsinki,2015Q2,One-bedroom,14.98,256.0
00940,Kontula - Vesala,Helsinki,2015Q2,Studio,20.17,200.0
00940,Kontula - Vesala,Helsinki,2015Q2,Two-bedroom+,14.47,256.0
00940,Kontula - Vesala,Helsinki,2015Q3,One-bedroom,14.93,252.0
00940,Kontula - Vesala,Helsinki,2015Q3,Studio,20.33,202.0
00940,Kontula - Vesala,Helsinki,2015Q3,Two-bedroom+,14.43,261.0
00940,Kontula - Vesala,Helsinki,2015Q4,One-bedroom,15.08,268.0
00940,Kontula - Vesala,Helsinki,2015Q4,Studio,20.52,215.0
00940,Kontula - Vesala,Helsinki,2015Q4,Two-bedroom+,14.51,269.0
00940,Kontula - Vesala,Helsinki,2016Q1,One-bedroom,16.41,294.0
00940,Kontula - Vesala,Helsinki,2016Q1,Studio,20.78,216.0
00940,Kontula - Vesala,Helsinki,2016Q1,Two-bedroom+,16.41,296.0
00940,Kontula - Vesala,Helsinki,2016Q2,One-bedroom,15.89,311.0
00940,Kontula - Vesala,Helsinki,2016Q2,Studio,21.19,236.0
00940,Kontula - Vesala,Helsinki,2016Q2,Two-bedroom+,15.07,320.0
00940,Kontula - Vesala,Helsinki,2016Q3,One-bedroom,15.88,318.0
00940,Kontula - Vesala,Helsinki,2016Q3,Studio,21.21,235.0
00940,Kontula - Vesala,Helsinki,2016Q3,Two-bedroom+,15.03,318.0
00940,Kontula - Vesala,Helsinki,2016Q4,One-bedroom,16.31,373.0
00940,Kontula - Vesala,Helsinki,2016Q4,Studio,21.26,237.0
00940,Kontula - Vesala,Helsinki,2016Q4,Two-bedroom+,15.09,335.0
00940,Kontula - Vesala,Helsinki,2017Q1,One-bedroom,16.58,355.0
00940,Kontula - Vesala,Helsinki,2017Q1,Studio,21.87,230.0
00940,Kontula - Vesala,Helsinki,2017Q1,Two-bedroom+,15.42,330.0
00940,Kontula - Vesala,Helsinki,2017Q2,One-bedroom,16.68,358.0
00940,Kontula - Vesala,Helsinki,2017Q2,Studio,22.08,234.0
00940,Kontula - Vesala,Helsinki,2017Q2,Two-bedroom+,15.53,337.0
00940,Kontula - Vesala,Helsinki,2017Q3,One-bedroom,16.84,381.0
00940,Kontula - Vesala,Helsinki,2017Q3,Studio,22.05,242.0
00940,Kontula - Vesala,Helsinki,2017Q3,Two-bedroom+,15.55,371.0
00940,Kontula - Vesala,Helsinki,2017Q4,One-bedroom,16.84,378.0
00940,Kontula - Vesala,Helsinki,2017Q4,Studio,22.04,257.0
00940,Kontula - Vesala,Helsinki,2017Q4,Two-bedroom+,15.55,373.0
00940,Kontula - Vesala,Helsinki,2018Q1,One-bedroom,16.82,405.0
00940,Kontula - Vesala,Helsinki,2018Q1,Studio,21.9,260.0
00940,Kontula - Vesala,Helsinki,2018Q1,Two-bedroom+,15.65,381.0
00940,Kontula - Vesala,Helsinki,2018Q2,One-bedroom,16.82,387.0
00940,Kontula - Vesala,Helsinki,2018Q2,Studio,22.47,261.0
00940,Kontula - Vesala,Helsinki,2018Q2,Two-bedroom+,15.59,377.0
00940,Kontula - Vesala,Helsinki,2018Q3,One-bedroom,17.0,382.0
00940,Kontula - Vesala,Helsinki,2018Q3,Studio,21.99,254.0
00940,Kontula - Vesala,Helsinki,2018Q3,Two-bedroom+,15.5,374.0
00940,Kontula - Vesala,Helsinki,2018Q4,One-bedroom,17.17,373.0
00940,Kontula - Vesala,Helsinki,2018Q4,Studio,22.01,258.0
00940,Kontula - Vesala,Helsinki,2018Q4,Two-bedroom+,15.44,361.0
00940,Kontula - Vesala,Helsinki,2019Q1,One-bedroom,17.13,456.0
00940,Kontula - Vesala,Helsinki,2019Q1,Studio,22.31,292.0
00940,Kontula - Vesala,Helsinki,2019Q1,Two-bedroom+,15.55,348.0
00940,Kontula - Vesala,Helsinki,2019Q2,One-bedroom,17.22,457.0
00940,Kontula - Vesala,Helsinki,2019Q2,Studio,22.31,270.0
00940,Kontula - Vesala,Helsinki,2019Q2,Two-bedroom+,15.89,324.0
00940,Kontula - Vesala,Helsinki,2019Q3,One-bedroom,17.33,486.0
00940,Kontula - Vesala,Helsinki,2019Q3,Studio,23.05,337.0
00940,Kontula - Vesala,Helsinki,2019Q3,Two-bedroom+,15.92,327.0
00940,Kontula - Vesala,Helsinki,2019Q4,One-bedroom,17.44,480.0
00940,Kontula - Vesala,Helsinki,2019Q4,Studio,23.49,324.0
00940,Kontula - Vesala,Helsinki,2019Q4,Two-bedroom+,15.97,343.0
00940,Kontula - Vesala,Helsinki,2020Q1,One-bedroom,17.52,506.0
00940,Kontula - Vesala,Helsinki,2020Q1,Studio,23.57,310.0
00940,Kontula - Vesala,Helsinki,2020Q1,Two-bedroom+,16.08,299.0
00940,Kontula - Vesala,Helsinki,2020Q2,One-bedroom,17.7,504.0
00940,Kontula - Vesala,Helsinki,2020Q2,Studio,23.65,318.0
00940,Kontula - Vesala,Helsinki,2020Q2,Two-bedroom+,16.2,308.0
00940,Kontula - Vesala,Helsinki,2020Q3,One-bedroom,17.69,521.0
00940,Kontula - Vesala,Helsinki,2020Q3,Studio,23.88,349.0
00940,Kontula - Vesala,Helsinki,2020Q3,Two-bedroom+,16.37,317.0
00940,Kontula - Vesala,Helsinki,2020Q4,One-bedroom,17.93,560.0
00940,Kontula - Vesala,Helsinki,2020Q4,Studio,24.22,392.0
00940,Kontula - Vesala,Helsinki,2020Q4,Two-bedroom+,16.65,344.0
00940,Kontula - Vesala,Helsinki,2021Q1,One-bedroom,18.1,533.0
00940,Kontula - Vesala,Helsinki,2021Q1,Studio,24.84,406.0
00940,Kontula - Vesala,Helsinki,2021Q1,Two-bedroom+,16.78,414.0
00940,Kontula - Vesala,Helsinki,2021Q2,One-bedroom,18.25,547.0
00940,Kontula - Vesala,Helsinki,2021Q2,Studio,24.9,434.0
00940,Kontula - Vesala,Helsinki,2021Q2,Two-bedroom+,16.81,424.0
00940,Kontula - Vesala,Helsinki,2021Q3,One-bedroom,18.3,562.0
00940,Kontula - Vesala,Helsinki,2021Q3,Studio,25.18,480.0
00940,Kontula - Vesala,Helsinki,2021Q3,Two-bedroom+,16.97,445.0
00940,Kontula - Vesala,Helsinki,2021Q4,One-bedroom,18.36,560.0
00940,Kontula - Vesala,Helsinki,2021Q4,Studio,25.35,477.0
00940,Kontula - Vesala,Helsinki,2021Q4,Two-bedroom+,17.0,446.0
00940,Kontula - Vesala,Helsinki,2022Q1,One-bedroom,18.35,645.0
00940,Kontula - Vesala,Helsinki,2022Q1,Studio,25.42,573.0
00940,Kontula - Vesala,Helsinki,2022Q1,Two-bedroom+,16.86,515.0
00940,Kontula - Vesala,Helsinki,2022Q2,One-bedroom,18.37,646.0
00940,Kontula - Vesala,Helsinki,2022Q2,Studio,25.64,598.0
00940,Kontula - Vesala,Helsinki,2022Q3,One-bedroom,18.45,655.0
00940,Kontula - Vesala,Helsinki,2022Q3,Studio,25.7,582.0
00940,Kontula - Vesala,Helsinki,2022Q4,One-bedroom,18.51,649.0
00940,Kontula - Vesala,Helsinki,2022Q4,Studio,25.74,600.0
00940,Kontula - Vesala,Helsinki,2023Q1,One-bedroom,18.69,702.0
00940,Kontula - Vesala,Helsinki,2023Q1,Studio,25.88,598.0
00940,Kontula - Vesala,Helsinki,2023Q2,One-bedroom,18.66,700.0
00940,Kontula - Vesala,Helsinki,2023Q2,Studio,25.87,605.0
00940,Kontula - Vesala,Helsinki,2023Q3,One-bedroom,18.59,710.0
00940,Kontula - Vesala,Helsinki,2023Q3,Studio,25.91,603.0
00940,Kontula - Vesala,Helsinki,2023Q4,One-bedroom,18.49,750.0
00940,Kontula - Vesala,Helsinki,2023Q4,Studio,25.95,592.0
00940,Kontula - Vesala,Helsinki,2024Q1,One-bedroom,18.48,743.0
00940,Kontula - Vesala,Helsinki,2024Q1,Studio,25.88,590.0
00940,Kontula - Vesala,Helsinki,2024Q2,One-bedroom,18.51,735.0
00940,Kontula - Vesala,Helsinki,2024Q3,One-bedroom,18.42,737.0
00940,Kontula - Vesala,Helsinki,2024Q4,One-bedroom,18.36,742.0
00940,Kontula - Vesala,Helsinki,2024Q4,Studio,25.94,577.0
00940,Kontula - Vesala,Helsinki,2025Q1,One-bedroom,18.28,747.0
00940,Kontula - Vesala,Helsinki,2025Q1,Studio,25.73,601.0
00940,Kontula - Vesala,Helsinki,2025Q2,One-bedroom,18.2,727.0
00940,Kontula - Vesala,Helsinki,2025Q2,Studio,25.64,585.0
00940,Kontula - Vesala,Helsinki,2025Q4,One-bedroom,17.85,723.0
00940,Kontula - Vesala,Helsinki,2025Q4,Studio,25.34,594.0
00950,Vartioharju,Helsinki,2016Q1,One-bedroom,16.86,34.0
00950,Vartioharju,Helsinki,2016Q2,One-bedroom,17.16,35.0
00950,Vartioharju,Helsinki,2016Q3,One-bedroom,17.31,35.0
00950,Vartioharju,Helsinki,2016Q4,One-bedroom,17.35,35.0
00950,Vartioharju,Helsinki,2017Q1,One-bedroom,18.19,34.0
00950,Vartioharju,Helsinki,2017Q2,One-bedroom,18.03,40.0
00950,Vartioharju,Helsinki,2017Q4,One-bedroom,18.25,38.0
00950,Vartioharju,Helsinki,2018Q1,One-bedroom,18.78,38.0
00950,Vartioharju,Helsinki,2018Q3,One-bedroom,18.8,39.0
00950,Vartioharju,Helsinki,2018Q4,One-bedroom,18.85,38.0
00950,Vartioharju,Helsinki,2019Q1,One-bedroom,18.68,38.0
00950,Vartioharju,Helsinki,2019Q2,One-bedroom,18.77,38.0
00950,Vartioharju,Helsinki,2019Q3,One-bedroom,18.75,43.0
00950,Vartioharju,Helsinki,2021Q1,Studio,25.29,67.0
00950,Vartioharju,Helsinki,2021Q2,One-bedroom,19.86,48.0
00950,Vartioharju,Helsinki,2021Q2,Studio,25.72,65.0
00950,Vartioharju,Helsinki,2021Q3,One-bedroom,20.37,44.0
00950,Vartioharju,Helsinki,2021Q3,Studio,25.57,65.0
00950,Vartioharju,Helsinki,2021Q4,One-bedroom,20.28,46.0
00950,Vartioharju,Helsinki,2021Q4,Studio,25.31,60.0
00950,Vartioharju,Helsinki,2022Q1,One-bedroom,19.93,50.0
00950,Vartioharju,Helsinki,2022Q1,Studio,24.9,62.0
00950,Vartioharju,Helsinki,2022Q2,One-bedroom,20.11,49.0
00950,Vartioharju,Helsinki,2022Q2,Studio,24.49,52.0
00950,Vartioharju,Helsinki,2022Q3,One-bedroom,19.96,51.0
00950,Vartioharju,Helsinki,2022Q3,Studio,24.49,51.0
00950,Vartioharju,Helsinki,2022Q4,One-bedroom,20.2,50.0
00950,Vartioharju,Helsinki,2022Q4,Studio,24.49,51.0
00960,Pohjois-Vuosaari,Helsinki,2015Q1,One-bedroom,14.55,102.0
00960,Pohjois-Vuosaari,Helsinki,2015Q1,Studio,18.12,83.0
00960,Pohjois-Vuosaari,Helsinki,2015Q2,One-bedroom,15.04,101.0
00960,Pohjois-Vuosaari,Helsinki,2015Q2,Studio,19.04,96.0
00960,Pohjois-Vuosaari,Helsinki,2015Q3,One-bedroom,15.0,102.0
00960,Pohjois-Vuosaari,Helsinki,2015Q3,Studio,19.01,99.0
00960,Pohjois-Vuosaari,Helsinki,2015Q4,One-bedroom,14.78,115.0
00960,Pohjois-Vuosaari,Helsinki,2015Q4,Studio,19.51,100.0
00960,Pohjois-Vuosaari,Helsinki,2016Q1,One-bedroom,15.04,100.0
00960,Pohjois-Vuosaari,Helsinki,2016Q1,Studio,19.66,96.0
00960,Pohjois-Vuosaari,Helsinki,2016Q1,Two-bedroom+,13.18,28.0
00960,Pohjois-Vuosaari,Helsinki,2016Q2,One-bedroom,15.14,117.0
00960,Pohjois-Vuosaari,Helsinki,2016Q2,Studio,20.1,99.0
00960,Pohjois-Vuosaari,Helsinki,2016Q2,Two-bedroom+,13.15,25.0
00960,Pohjois-Vuosaari,Helsinki,2016Q3,One-bedroom,15.08,122.0
00960,Pohjois-Vuosaari,Helsinki,2016Q3,Studio,19.51,104.0
00960,Pohjois-Vuosaari,Helsinki,2016Q3,Two-bedroom+,13.09,26.0
00960,Pohjois-Vuosaari,Helsinki,2016Q4,One-bedroom,15.17,128.0
00960,Pohjois-Vuosaari,Helsinki,2016Q4,Studio,19.71,101.0
00960,Pohjois-Vuosaari,Helsinki,2016Q4,Two-bedroom+,13.35,24.0
00960,Pohjois-Vuosaari,Helsinki,2017Q1,One-bedroom,15.06,130.0
00960,Pohjois-Vuosaari,Helsinki,2017Q1,Studio,19.83,100.0
00960,Pohjois-Vuosaari,Helsinki,2017Q2,One-bedroom,15.48,126.0
00960,Pohjois-Vuosaari,Helsinki,2017Q2,Studio,20.08,97.0
00960,Pohjois-Vuosaari,Helsinki,2017Q2,Two-bedroom+,13.66,22.0
00960,Pohjois-Vuosaari,Helsinki,2017Q3,One-bedroom,15.9,125.0
00960,Pohjois-Vuosaari,Helsinki,2017Q3,Studio,20.22,102.0
00960,Pohjois-Vuosaari,Helsinki,2017Q3,Two-bedroom+,13.58,22.0
00960,Pohjois-Vuosaari,Helsinki,2017Q4,One-bedroom,15.89,137.0
00960,Pohjois-Vuosaari,Helsinki,2017Q4,Studio,20.84,106.0
00960,Pohjois-Vuosaari,Helsinki,2017Q4,Two-bedroom+,13.58,20.0
00960,Pohjois-Vuosaari,Helsinki,2018Q1,One-bedroom,15.44,132.0
00960,Pohjois-Vuosaari,Helsinki,2018Q1,Studio,20.6,116.0
00960,Pohjois-Vuosaari,Helsinki,2018Q1,Two-bedroom+,12.84,24.0
00960,Pohjois-Vuosaari,Helsinki,2018Q2,One-bedroom,15.5,138.0
00960,Pohjois-Vuosaari,Helsinki,2018Q2,Studio,21.14,107.0
00960,Pohjois-Vuosaari,Helsinki,2018Q2,Two-bedroom+,13.2,24.0
00960,Pohjois-Vuosaari,Helsinki,2018Q3,One-bedroom,15.69,133.0
00960,Pohjois-Vuosaari,Helsinki,2018Q3,Studio,20.51,111.0
00960,Pohjois-Vuosaari,Helsinki,2018Q3,Two-bedroom+,13.31,24.0
00960,Pohjois-Vuosaari,Helsinki,2018Q4,One-bedroom,15.98,129.0
00960,Pohjois-Vuosaari,Helsinki,2018Q4,Studio,20.96,104.0
00960,Pohjois-Vuosaari,Helsinki,2018Q4,Two-bedroom+,13.81,22.0
00960,Pohjois-Vuosaari,Helsinki,2019Q1,One-bedroom,15.78,132.0
00960,Pohjois-Vuosaari,Helsinki,2019Q1,Studio,21.32,115.0
00960,Pohjois-Vuosaari,Helsinki,2019Q1,Two-bedroom+,13.69,27.0
00960,Pohjois-Vuosaari,Helsinki,2019Q2,One-bedroom,15.72,127.0
00960,Pohjois-Vuosaari,Helsinki,2019Q2,Studio,21.31,111.0
00960,Pohjois-Vuosaari,Helsinki,2019Q2,Two-bedroom+,13.98,23.0
00960,Pohjois-Vuosaari,Helsinki,2019Q3,One-bedroom,15.79,122.0
00960,Pohjois-Vuosaari,Helsinki,2019Q3,Studio,21.17,113.0
00960,Pohjois-Vuosaari,Helsinki,2019Q3,Two-bedroom+,14.32,23.0
00960,Pohjois-Vuosaari,Helsinki,2019Q4,One-bedroom,16.1,112.0
00960,Pohjois-Vuosaari,Helsinki,2019Q4,Studio,21.59,102.0
00960,Pohjois-Vuosaari,Helsinki,2019Q4,Two-bedroom+,14.08,24.0
00960,Pohjois-Vuosaari,Helsinki,2020Q1,One-bedroom,16.26,126.0
00960,Pohjois-Vuosaari,Helsinki,2020Q1,Studio,21.02,118.0
00960,Pohjois-Vuosaari,Helsinki,2020Q2,One-bedroom,16.04,138.0
00960,Pohjois-Vuosaari,Helsinki,2020Q2,Studio,21.38,142.0
00960,Pohjois-Vuosaari,Helsinki,2020Q3,One-bedroom,16.24,145.0
00960,Pohjois-Vuosaari,Helsinki,2020Q3,Studio,21.86,184.0
00960,Pohjois-Vuosaari,Helsinki,2020Q3,Two-bedroom+,16.72,21.0
00960,Pohjois-Vuosaari,Helsinki,2020Q4,One-bedroom,16.32,147.0
00960,Pohjois-Vuosaari,Helsinki,2020Q4,Studio,22.21,180.0
00960,Pohjois-Vuosaari,Helsinki,2020Q4,Two-bedroom+,16.78,22.0
00960,Pohjois-Vuosaari,Helsinki,2021Q1,One-bedroom,16.06,155.0
00960,Pohjois-Vuosaari,Helsinki,2021Q1,Studio,22.33,179.0
00960,Pohjois-Vuosaari,Helsinki,2021Q1,Two-bedroom+,16.77,22.0
00960,Pohjois-Vuosaari,Helsinki,2021Q2,One-bedroom,16.09,143.0
00960,Pohjois-Vuosaari,Helsinki,2021Q2,Studio,22.45,186.0
00960,Pohjois-Vuosaari,Helsinki,2021Q2,Two-bedroom+,16.84,22.0
00960,Pohjois-Vuosaari,Helsinki,2021Q3,One-bedroom,16.27,144.0
00960,Pohjois-Vuosaari,Helsinki,2021Q3,Studio,22.33,173.0
00960,Pohjois-Vuosaari,Helsinki,2021Q3,Two-bedroom+,17.15,21.0
00960,Pohjois-Vuosaari,Helsinki,2021Q4,One-bedroom,16.29,131.0
00960,Pohjois-Vuosaari,Helsinki,2021Q4,Studio,22.56,173.0
00960,Pohjois-Vuosaari,Helsinki,2022Q1,One-bedroom,16.2,145.0
00960,Pohjois-Vuosaari,Helsinki,2022Q1,Studio,22.67,171.0
00960,Pohjois-Vuosaari,Helsinki,2022Q2,One-bedroom,16.33,144.0
00960,Pohjois-Vuosaari,Helsinki,2022Q2,Studio,24.24,136.0
00960,Pohjois-Vuosaari,Helsinki,2022Q2,Two-bedroom+,16.93,21.0
00960,Pohjois-Vuosaari,Helsinki,2022Q3,One-bedroom,16.34,147.0
00960,Pohjois-Vuosaari,Helsinki,2022Q3,Studio,24.01,141.0
00960,Pohjois-Vuosaari,Helsinki,2022Q3,Two-bedroom+,16.88,22.0
00960,Pohjois-Vuosaari,Helsinki,2022Q4,One-bedroom,16.22,151.0
00960,Pohjois-Vuosaari,Helsinki,2022Q4,Studio,23.95,147.0
00960,Pohjois-Vuosaari,Helsinki,2022Q4,Two-bedroom+,16.65,23.0
00960,Pohjois-Vuosaari,Helsinki,2023Q1,One-bedroom,16.13,146.0
00960,Pohjois-Vuosaari,Helsinki,2023Q1,Studio,23.86,144.0
00960,Pohjois-Vuosaari,Helsinki,2023Q1,Two-bedroom+,16.82,22.0
00960,Pohjois-Vuosaari,Helsinki,2023Q2,One-bedroom,16.29,154.0
00960,Pohjois-Vuosaari,Helsinki,2023Q2,Studio,23.64,152.0
00960,Pohjois-Vuosaari,Helsinki,2023Q2,Two-bedroom+,16.97,24.0
00960,Pohjois-Vuosaari,Helsinki,2023Q3,One-bedroom,16.34,149.0
00960,Pohjois-Vuosaari,Helsinki,2023Q3,Studio,23.57,151.0
00960,Pohjois-Vuosaari,Helsinki,2023Q3,Two-bedroom+,17.05,24.0
00960,Pohjois-Vuosaari,Helsinki,2023Q4,One-bedroom,16.36,148.0
00960,Pohjois-Vuosaari,Helsinki,2023Q4,Studio,23.55,150.0
00960,Pohjois-Vuosaari,Helsinki,2023Q4,Two-bedroom+,17.2,23.0
00960,Pohjois-Vuosaari,Helsinki,2024Q1,One-bedroom,16.45,144.0
00960,Pohjois-Vuosaari,Helsinki,2024Q1,Studio,23.87,146.0
00960,Pohjois-Vuosaari,Helsinki,2024Q1,Two-bedroom+,17.44,21.0
00960,Pohjois-Vuosaari,Helsinki,2024Q2,One-bedroom,16.45,138.0
00960,Pohjois-Vuosaari,Helsinki,2024Q2,Studio,24.15,137.0
00960,Pohjois-Vuosaari,Helsinki,2024Q2,Two-bedroom+,17.68,20.0
00960,Pohjois-Vuosaari,Helsinki,2024Q3,One-bedroom,16.48,126.0
00960,Pohjois-Vuosaari,Helsinki,2024Q3,Studio,24.06,129.0
00960,Pohjois-Vuosaari,Helsinki,2024Q3,Two-bedroom+,17.71,21.0
00960,Pohjois-Vuosaari,Helsinki,2024Q4,One-bedroom,16.32,121.0
00960,Pohjois-Vuosaari,Helsinki,2024Q4,Studio,23.77,135.0
00960,Pohjois-Vuosaari,Helsinki,2024Q4,Two-bedroom+,17.37,23.0
00960,Pohjois-Vuosaari,Helsinki,2025Q1,One-bedroom,16.22,126.0
00960,Pohjois-Vuosaari,Helsinki,2025Q1,Studio,23.47,169.0
00960,Pohjois-Vuosaari,Helsinki,2025Q1,Two-bedroom+,17.08,30.0
00960,Pohjois-Vuosaari,Helsinki,2025Q2,One-bedroom,16.31,112.0
00960,Pohjois-Vuosaari,Helsinki,2025Q2,Studio,23.74,131.0
00960,Pohjois-Vuosaari,Helsinki,2025Q2,Two-bedroom+,17.66,23.0
00960,Pohjois-Vuosaari,Helsinki,2025Q3,One-bedroom,16.45,111.0
00960,Pohjois-Vuosaari,Helsinki,2025Q3,Studio,23.87,152.0
00960,Pohjois-Vuosaari,Helsinki,2025Q3,Two-bedroom+,18.47,31.0
00960,Pohjois-Vuosaari,Helsinki,2025Q4,One-bedroom,15.63,112.0
00960,Pohjois-Vuosaari,Helsinki,2025Q4,Studio,23.29,143.0
00960,Pohjois-Vuosaari,Helsinki,2025Q4,Two-bedroom+,16.84,21.0
00970,Mellunmäki,Helsinki,2015Q1,One-bedroom,13.29,68.0
00970,Mellunmäki,Helsinki,2015Q1,Studio,18.58,58.0
00970,Mellunmäki,Helsinki,2015Q1,Two-bedroom+,13.23,26.0
00970,Mellunmäki,Helsinki,2015Q2,One-bedroom,13.89,73.0
00970,Mellunmäki,Helsinki,2015Q2,Studio,18.76,60.0
00970,Mellunmäki,Helsinki,2015Q2,Two-bedroom+,13.31,30.0
00970,Mellunmäki,Helsinki,2015Q3,One-bedroom,14.24,77.0
00970,Mellunmäki,Helsinki,2015Q3,Studio,18.82,70.0
00970,Mellunmäki,Helsinki,2015Q3,Two-bedroom+,13.35,32.0
00970,Mellunmäki,Helsinki,2015Q4,One-bedroom,14.33,88.0
00970,Mellunmäki,Helsinki,2015Q4,Studio,18.93,72.0
00970,Mellunmäki,Helsinki,2015Q4,Two-bedroom+,13.41,35.0
00970,Mellunmäki,Helsinki,2016Q1,One-bedroom,14.39,81.0
00970,Mellunmäki,Helsinki,2016Q1,Studio,19.28,70.0
00970,Mellunmäki,Helsinki,2016Q1,Two-bedroom+,13.15,34.0
00970,Mellunmäki,Helsinki,2016Q2,One-bedroom,14.7,90.0
00970,Mellunmäki,Helsinki,2016Q2,Studio,19.09,72.0
00970,Mellunmäki,Helsinki,2016Q2,Two-bedroom+,13.59,39.0
00970,Mellunmäki,Helsinki,2016Q3,One-bedroom,14.59,95.0
00970,Mellunmäki,Helsinki,2016Q3,Studio,19.14,71.0
00970,Mellunmäki,Helsinki,2016Q3,Two-bedroom+,13.51,42.0
00970,Mellunmäki,Helsinki,2016Q4,One-bedroom,14.25,91.0
00970,Mellunmäki,Helsinki,2016Q4,Studio,19.18,75.0
00970,Mellunmäki,Helsinki,2016Q4,Two-bedroom+,13.39,40.0
00970,Mellunmäki,Helsinki,2017Q1,One-bedroom,14.42,86.0
00970,Mellunmäki,Helsinki,2017Q1,Studio,19.16,74.0
00970,Mellunmäki,Helsinki,2017Q1,Two-bedroom+,13.76,31.0
00970,Mellunmäki,Helsinki,2017Q2,One-bedroom,14.59,90.0
00970,Mellunmäki,Helsinki,2017Q2,Studio,19.39,75.0
00970,Mellunmäki,Helsinki,2017Q2,Two-bedroom+,14.2,35.0
00970,Mellunmäki,Helsinki,2017Q3,One-bedroom,15.05,97.0
00970,Mellunmäki,Helsinki,2017Q3,Studio,19.54,74.0
00970,Mellunmäki,Helsinki,2017Q3,Two-bedroom+,14.22,39.0
00970,Mellunmäki,Helsinki,2017Q4,One-bedroom,15.04,89.0
00970,Mellunmäki,Helsinki,2017Q4,Studio,19.34,87.0
00970,Mellunmäki,Helsinki,2017Q4,Two-bedroom+,14.42,37.0
00970,Mellunmäki,Helsinki,2018Q1,One-bedroom,14.71,99.0
00970,Mellunmäki,Helsinki,2018Q1,Studio,19.43,82.0
00970,Mellunmäki,Helsinki,2018Q1,Two-bedroom+,13.49,45.0
00970,Mellunmäki,Helsinki,2018Q2,One-bedroom,14.8,94.0
00970,Mellunmäki,Helsinki,2018Q2,Studio,19.73,77.0
00970,Mellunmäki,Helsinki,2018Q2,Two-bedroom+,13.49,42.0
00970,Mellunmäki,Helsinki,2018Q3,One-bedroom,14.9,97.0
00970,Mellunmäki,Helsinki,2018Q3,Studio,19.42,71.0
00970,Mellunmäki,Helsinki,2018Q3,Two-bedroom+,13.98,45.0
00970,Mellunmäki,Helsinki,2018Q4,One-bedroom,15.31,94.0
00970,Mellunmäki,Helsinki,2018Q4,Studio,19.73,73.0
00970,Mellunmäki,Helsinki,2018Q4,Two-bedroom+,14.64,41.0
00970,Mellunmäki,Helsinki,2019Q1,One-bedroom,15.27,93.0
00970,Mellunmäki,Helsinki,2019Q1,Studio,19.73,72.0
00970,Mellunmäki,Helsinki,2019Q1,Two-bedroom+,13.89,44.0
00970,Mellunmäki,Helsinki,2019Q2,One-bedroom,15.34,88.0
00970,Mellunmäki,Helsinki,2019Q2,Studio,19.47,81.0
00970,Mellunmäki,Helsinki,2019Q2,Two-bedroom+,13.85,41.0
00970,Mellunmäki,Helsinki,2019Q3,One-bedroom,15.41,93.0
00970,Mellunmäki,Helsinki,2019Q3,Studio,19.72,80.0
00970,Mellunmäki,Helsinki,2019Q3,Two-bedroom+,13.52,37.0
00970,Mellunmäki,Helsinki,2019Q4,One-bedroom,17.11,128.0
00970,Mellunmäki,Helsinki,2019Q4,Studio,19.71,89.0
00970,Mellunmäki,Helsinki,2019Q4,Two-bedroom+,15.23,55.0
00970,Mellunmäki,Helsinki,2020Q1,One-bedroom,16.72,130.0
00970,Mellunmäki,Helsinki,2020Q1,Studio,20.35,91.0
00970,Mellunmäki,Helsinki,2020Q1,Two-bedroom+,15.34,50.0
00970,Mellunmäki,Helsinki,2020Q2,One-bedroom,16.34,134.0
00970,Mellunmäki,Helsinki,2020Q2,Studio,20.17,91.0
00970,Mellunmäki,Helsinki,2020Q2,Two-bedroom+,15.35,48.0
00970,Mellunmäki,Helsinki,2020Q3,One-bedroom,17.15,231.0
00970,Mellunmäki,Helsinki,2020Q3,Studio,20.51,88.0
00970,Mellunmäki,Helsinki,2020Q3,Two-bedroom+,15.82,96.0
00970,Mellunmäki,Helsinki,2020Q4,One-bedroom,17.25,222.0
00970,Mellunmäki,Helsinki,2020Q4,Studio,20.69,90.0
00970,Mellunmäki,Helsinki,2020Q4,Two-bedroom+,15.75,96.0
00970,Mellunmäki,Helsinki,2021Q1,One-bedroom,17.14,202.0
00970,Mellunmäki,Helsinki,2021Q1,Studio,20.59,100.0
00970,Mellunmäki,Helsinki,2021Q1,Two-bedroom+,15.84,96.0
00970,Mellunmäki,Helsinki,2021Q2,One-bedroom,17.31,191.0
00970,Mellunmäki,Helsinki,2021Q2,Studio,20.53,99.0
00970,Mellunmäki,Helsinki,2021Q2,Two-bedroom+,15.93,93.0
00970,Mellunmäki,Helsinki,2021Q3,One-bedroom,17.35,195.0
00970,Mellunmäki,Helsinki,2021Q3,Studio,20.55,94.0
00970,Mellunmäki,Helsinki,2021Q3,Two-bedroom+,15.89,91.0
00970,Mellunmäki,Helsinki,2021Q4,One-bedroom,17.33,189.0
00970,Mellunmäki,Helsinki,2021Q4,Studio,20.48,96.0
00970,Mellunmäki,Helsinki,2021Q4,Two-bedroom+,15.74,89.0
00970,Mellunmäki,Helsinki,2022Q1,One-bedroom,17.25,221.0
00970,Mellunmäki,Helsinki,2022Q1,Studio,20.7,137.0
00970,Mellunmäki,Helsinki,2022Q1,Two-bedroom+,16.19,115.0
00970,Mellunmäki,Helsinki,2022Q2,One-bedroom,18.26,265.0
00970,Mellunmäki,Helsinki,2022Q2,Studio,22.01,155.0
00970,Mellunmäki,Helsinki,2022Q2,Two-bedroom+,16.77,125.0
00970,Mellunmäki,Helsinki,2022Q3,One-bedroom,18.27,276.0
00970,Mellunmäki,Helsinki,2022Q3,Studio,22.19,156.0
00970,Mellunmäki,Helsinki,2022Q3,Two-bedroom+,16.96,123.0
00970,Mellunmäki,Helsinki,2022Q4,One-bedroom,18.33,272.0
00970,Mellunmäki,Helsinki,2022Q4,Studio,22.04,161.0
00970,Mellunmäki,Helsinki,2022Q4,Two-bedroom+,17.0,120.0
00970,Mellunmäki,Helsinki,2023Q1,One-bedroom,18.53,254.0
00970,Mellunmäki,Helsinki,2023Q1,Studio,22.34,146.0
00970,Mellunmäki,Helsinki,2023Q1,Two-bedroom+,17.09,121.0
00970,Mellunmäki,Helsinki,2023Q2,One-bedroom,18.65,257.0
00970,Mellunmäki,Helsinki,2023Q2,Studio,22.53,151.0
00970,Mellunmäki,Helsinki,2023Q2,Two-bedroom+,17.27,118.0
00970,Mellunmäki,Helsinki,2023Q3,One-bedroom,18.67,265.0
00970,Mellunmäki,Helsinki,2023Q3,Studio,22.47,154.0
00970,Mellunmäki,Helsinki,2023Q3,Two-bedroom+,17.33,119.0
00970,Mellunmäki,Helsinki,2023Q4,One-bedroom,18.71,262.0
00970,Mellunmäki,Helsinki,2023Q4,Studio,22.17,163.0
00970,Mellunmäki,Helsinki,2023Q4,Two-bedroom+,17.4,117.0
00970,Mellunmäki,Helsinki,2024Q1,One-bedroom,18.78,262.0
00970,Mellunmäki,Helsinki,2024Q1,Studio,22.43,156.0
00970,Mellunmäki,Helsinki,2024Q1,Two-bedroom+,17.56,116.0
00970,Mellunmäki,Helsinki,2024Q2,One-bedroom,18.81,262.0
00970,Mellunmäki,Helsinki,2024Q2,Studio,22.59,149.0
00970,Mellunmäki,Helsinki,2024Q2,Two-bedroom+,17.75,112.0
00970,Mellunmäki,Helsinki,2024Q3,One-bedroom,18.81,263.0
00970,Mellunmäki,Helsinki,2024Q3,Studio,22.7,149.0
00970,Mellunmäki,Helsinki,2024Q3,Two-bedroom+,17.88,112.0
00970,Mellunmäki,Helsinki,2024Q4,One-bedroom,18.97,253.0
00970,Mellunmäki,Helsinki,2024Q4,Studio,22.99,148.0
00970,Mellunmäki,Helsinki,2024Q4,Two-bedroom+,17.86,110.0
00970,Mellunmäki,Helsinki,2025Q1,One-bedroom,18.96,254.0
00970,Mellunmäki,Helsinki,2025Q1,Studio,23.02,146.0
00970,Mellunmäki,Helsinki,2025Q1,Two-bedroom+,17.72,117.0
00970,Mellunmäki,Helsinki,2025Q2,One-bedroom,18.85,245.0
00970,Mellunmäki,Helsinki,2025Q2,Studio,23.37,128.0
00970,Mellunmäki,Helsinki,2025Q2,Two-bedroom+,17.77,113.0
00970,Mellunmäki,Helsinki,2025Q3,One-bedroom,18.66,317.0
00970,Mellunmäki,Helsinki,2025Q3,Studio,23.36,130.0
00970,Mellunmäki,Helsinki,2025Q4,One-bedroom,18.63,249.0
00970,Mellunmäki,Helsinki,2025Q4,Studio,22.82,150.0
00970,Mellunmäki,Helsinki,2025Q4,Two-bedroom+,17.55,114.0
00980,Etelä-Vuosaari,Helsinki,2015Q1,Studio,19.06,52.0
00980,Etelä-Vuosaari,Helsinki,2015Q1,Two-bedroom+,15.9,90.0
00980,Etelä-Vuosaari,Helsinki,2015Q2,One-bedroom,18.25,225.0
00980,Etelä-Vuosaari,Helsinki,2015Q2,Studio,19.38,58.0
00980,Etelä-Vuosaari,Helsinki,2015Q2,Two-bedroom+,15.75,94.0
00980,Etelä-Vuosaari,Helsinki,2015Q3,One-bedroom,18.0,239.0
00980,Etelä-Vuosaari,Helsinki,2015Q3,Studio,19.3,63.0
00980,Etelä-Vuosaari,Helsinki,2015Q3,Two-bedroom+,15.43,114.0
00980,Etelä-Vuosaari,Helsinki,2015Q4,One-bedroom,18.02,246.0
00980,Etelä-Vuosaari,Helsinki,2015Q4,Studio,19.87,65.0
00980,Etelä-Vuosaari,Helsinki,2015Q4,Two-bedroom+,15.41,120.0
00980,Etelä-Vuosaari,Helsinki,2016Q1,One-bedroom,18.25,224.0
00980,Etelä-Vuosaari,Helsinki,2016Q1,Studio,19.72,62.0
00980,Etelä-Vuosaari,Helsinki,2016Q1,Two-bedroom+,16.01,95.0
00980,Etelä-Vuosaari,Helsinki,2016Q2,One-bedroom,18.47,232.0
00980,Etelä-Vuosaari,Helsinki,2016Q2,Studio,19.78,65.0
00980,Etelä-Vuosaari,Helsinki,2016Q2,Two-bedroom+,15.94,96.0
00980,Etelä-Vuosaari,Helsinki,2016Q3,One-bedroom,18.49,251.0
00980,Etelä-Vuosaari,Helsinki,2016Q3,Studio,19.69,64.0
00980,Etelä-Vuosaari,Helsinki,2016Q3,Two-bedroom+,15.79,124.0
00980,Etelä-Vuosaari,Helsinki,2016Q4,One-bedroom,18.42,261.0
00980,Etelä-Vuosaari,Helsinki,2016Q4,Studio,19.68,65.0
00980,Etelä-Vuosaari,Helsinki,2016Q4,Two-bedroom+,15.72,127.0
00980,Etelä-Vuosaari,Helsinki,2017Q1,One-bedroom,18.7,273.0
00980,Etelä-Vuosaari,Helsinki,2017Q1,Studio,21.94,126.0
00980,Etelä-Vuosaari,Helsinki,2017Q1,Two-bedroom+,15.98,132.0
00980,Etelä-Vuosaari,Helsinki,2017Q2,One-bedroom,18.85,267.0
00980,Etelä-Vuosaari,Helsinki,2017Q2,Studio,22.34,122.0
00980,Etelä-Vuosaari,Helsinki,2017Q2,Two-bedroom+,16.14,135.0
00980,Etelä-Vuosaari,Helsinki,2017Q3,One-bedroom,19.14,262.0
00980,Etelä-Vuosaari,Helsinki,2017Q3,Studio,22.26,123.0
00980,Etelä-Vuosaari,Helsinki,2017Q3,Two-bedroom+,16.39,135.0
00980,Etelä-Vuosaari,Helsinki,2017Q4,One-bedroom,19.48,357.0
00980,Etelä-Vuosaari,Helsinki,2017Q4,Studio,22.72,177.0
00980,Etelä-Vuosaari,Helsinki,2017Q4,Two-bedroom+,16.88,153.0
00980,Etelä-Vuosaari,Helsinki,2018Q1,Studio,22.65,214.0
00980,Etelä-Vuosaari,Helsinki,2018Q2,Studio,22.87,212.0
00980,Etelä-Vuosaari,Helsinki,2018Q2,Two-bedroom+,16.56,234.0
00980,Etelä-Vuosaari,Helsinki,2018Q3,Studio,23.02,227.0
00980,Etelä-Vuosaari,Helsinki,2019Q2,Studio,23.56,248.0
00980,Etelä-Vuosaari,Helsinki,2019Q3,Studio,23.72,245.0
00980,Etelä-Vuosaari,Helsinki,2020Q1,Studio,24.1,246.0
00980,Etelä-Vuosaari,Helsinki,2020Q2,Studio,24.25,247.0
00980,Etelä-Vuosaari,Helsinki,2022Q1,Studio,24.6,280.0
00980,Etelä-Vuosaari,Helsinki,2022Q2,Studio,24.73,267.0
00980,Etelä-Vuosaari,Helsinki,2022Q3,Studio,24.67,265.0
00980,Etelä-Vuosaari,Helsinki,2022Q4,Studio,24.41,266.0
00980,Etelä-Vuosaari,Helsinki,2023Q1,Studio,24.18,276.0
00980,Etelä-Vuosaari,Helsinki,2023Q2,Studio,24.12,274.0
00980,Etelä-Vuosaari,Helsinki,2023Q3,Studio,23.94,271.0
00980,Etelä-Vuosaari,Helsinki,2023Q4,Studio,23.99,277.0
00980,Etelä-Vuosaari,Helsinki,2024Q1,Studio,24.07,273.0
00980,Etelä-Vuosaari,Helsinki,2024Q2,Studio,24.19,267.0
00980,Etelä-Vuosaari,Helsinki,2024Q3,Studio,24.08,259.0
00980,Etelä-Vuosaari,Helsinki,2024Q4,Studio,24.03,256.0
00980,Etelä-Vuosaari,Helsinki,2025Q1,Studio,23.64,265.0
00980,Etelä-Vuosaari,Helsinki,2025Q2,Studio,23.64,259.0
00980,Etelä-Vuosaari,Helsinki,2025Q4,Studio,23.2,266.0
00990,Aurinkolahti,Helsinki,2015Q1,One-bedroom,19.74,113.0
00990,Aurinkolahti,Helsinki,2015Q1,Studio,22.55,38.0
00990,Aurinkolahti,Helsinki,2015Q2,One-bedroom,19.79,119.0
00990,Aurinkolahti,Helsinki,2015Q2,Studio,22.47,37.0
00990,Aurinkolahti,Helsinki,2015Q2,Two-bedroom+,17.78,44.0
00990,Aurinkolahti,Helsinki,2015Q3,One-bedroom,19.76,123.0
00990,Aurinkolahti,Helsinki,2015Q3,Studio,22.9,33.0
00990,Aurinkolahti,Helsinki,2015Q3,Two-bedroom+,17.47,47.0
00990,Aurinkolahti,Helsinki,2015Q4,One-bedroom,19.69,126.0
00990,Aurinkolahti,Helsinki,2015Q4,Studio,22.71,40.0
00990,Aurinkolahti,Helsinki,2015Q4,Two-bedroom+,17.54,48.0
00990,Aurinkolahti,Helsinki,2016Q1,One-bedroom,19.7,114.0
00990,Aurinkolahti,Helsinki,2016Q1,Studio,23.54,37.0
00990,Aurinkolahti,Helsinki,2016Q1,Two-bedroom+,17.88,48.0
00990,Aurinkolahti,Helsinki,2016Q2,One-bedroom,19.6,131.0
00990,Aurinkolahti,Helsinki,2016Q2,Studio,23.58,45.0
00990,Aurinkolahti,Helsinki,2016Q2,Two-bedroom+,18.03,49.0
00990,Aurinkolahti,Helsinki,2016Q3,One-bedroom,19.83,136.0
00990,Aurinkolahti,Helsinki,2016Q3,Studio,23.84,42.0
00990,Aurinkolahti,Helsinki,2016Q3,Two-bedroom+,18.33,46.0
00990,Aurinkolahti,Helsinki,2016Q4,One-bedroom,19.76,131.0
00990,Aurinkolahti,Helsinki,2016Q4,Studio,24.16,41.0
00990,Aurinkolahti,Helsinki,2016Q4,Two-bedroom+,18.2,44.0
00990,Aurinkolahti,Helsinki,2017Q1,One-bedroom,19.69,137.0
00990,Aurinkolahti,Helsinki,2017Q1,Studio,24.06,43.0
00990,Aurinkolahti,Helsinki,2017Q1,Two-bedroom+,18.26,44.0
00990,Aurinkolahti,Helsinki,2017Q2,One-bedroom,19.99,137.0
00990,Aurinkolahti,Helsinki,2017Q2,Studio,24.17,42.0
00990,Aurinkolahti,Helsinki,2017Q3,One-bedroom,20.79,135.0
00990,Aurinkolahti,Helsinki,2017Q3,Studio,24.07,45.0
00990,Aurinkolahti,Helsinki,2017Q3,Two-bedroom+,18.12,46.0
00990,Aurinkolahti,Helsinki,2017Q4,One-bedroom,20.99,167.0
00990,Aurinkolahti,Helsinki,2017Q4,Studio,24.13,61.0
00990,Aurinkolahti,Helsinki,2017Q4,Two-bedroom+,18.67,63.0
00990,Aurinkolahti,Helsinki,2018Q1,One-bedroom,20.83,167.0
00990,Aurinkolahti,Helsinki,2018Q1,Studio,23.4,61.0
00990,Aurinkolahti,Helsinki,2018Q1,Two-bedroom+,18.75,63.0
00990,Aurinkolahti,Helsinki,2018Q2,One-bedroom,20.72,169.0
00990,Aurinkolahti,Helsinki,2018Q2,Studio,23.21,59.0
00990,Aurinkolahti,Helsinki,2018Q2,Two-bedroom+,18.69,65.0
00990,Aurinkolahti,Helsinki,2018Q3,One-bedroom,20.98,162.0
00990,Aurinkolahti,Helsinki,2018Q3,Studio,23.37,55.0
00990,Aurinkolahti,Helsinki,2018Q3,Two-bedroom+,18.84,62.0
00990,Aurinkolahti,Helsinki,2018Q4,One-bedroom,21.23,158.0
00990,Aurinkolahti,Helsinki,2018Q4,Studio,24.92,54.0
00990,Aurinkolahti,Helsinki,2018Q4,Two-bedroom+,18.81,63.0
00990,Aurinkolahti,Helsinki,2019Q1,One-bedroom,20.81,163.0
00990,Aurinkolahti,Helsinki,2019Q1,Studio,23.93,56.0
00990,Aurinkolahti,Helsinki,2019Q2,One-bedroom,20.9,168.0
00990,Aurinkolahti,Helsinki,2019Q2,Studio,24.18,58.0
00990,Aurinkolahti,Helsinki,2019Q3,One-bedroom,21.23,164.0
00990,Aurinkolahti,Helsinki,2019Q3,Studio,24.19,57.0
00990,Aurinkolahti,Helsinki,2019Q4,Studio,25.06,65.0
00990,Aurinkolahti,Helsinki,2020Q1,Studio,24.7,67.0
00990,Aurinkolahti,Helsinki,2020Q2,One-bedroom,21.17,204.0
00990,Aurinkolahti,Helsinki,2020Q2,Studio,24.36,69.0
00990,Aurinkolahti,Helsinki,2020Q3,One-bedroom,21.1,208.0
00990,Aurinkolahti,Helsinki,2020Q3,Studio,24.27,71.0
00990,Aurinkolahti,Helsinki,2020Q4,One-bedroom,21.12,202.0
00990,Aurinkolahti,Helsinki,2020Q4,Studio,24.34,68.0
00990,Aurinkolahti,Helsinki,2021Q1,One-bedroom,21.09,204.0
00990,Aurinkolahti,Helsinki,2021Q1,Studio,24.25,78.0
00990,Aurinkolahti,Helsinki,2021Q2,One-bedroom,21.05,203.0
00990,Aurinkolahti,Helsinki,2021Q2,Studio,24.27,74.0
00990,Aurinkolahti,Helsinki,2021Q3,One-bedroom,21.1,197.0
00990,Aurinkolahti,Helsinki,2021Q3,Studio,24.43,69.0
00990,Aurinkolahti,Helsinki,2021Q4,One-bedroom,21.06,193.0
00990,Aurinkolahti,Helsinki,2021Q4,Studio,24.34,72.0
00990,Aurinkolahti,Helsinki,2022Q1,Studio,24.49,93.0
00990,Aurinkolahti,Helsinki,2022Q2,Studio,24.87,88.0
00990,Aurinkolahti,Helsinki,2022Q3,Studio,24.91,89.0
00990,Aurinkolahti,Helsinki,2022Q4,Studio,24.95,84.0
00990,Aurinkolahti,Helsinki,2023Q1,One-bedroom,21.23,251.0
00990,Aurinkolahti,Helsinki,2023Q1,Studio,24.72,89.0
00990,Aurinkolahti,Helsinki,2023Q2,One-bedroom,21.14,249.0
00990,Aurinkolahti,Helsinki,2023Q2,Studio,24.63,86.0
00990,Aurinkolahti,Helsinki,2023Q3,Studio,24.74,91.0
00990,Aurinkolahti,Helsinki,2023Q4,One-bedroom,21.02,250.0
00990,Aurinkolahti,Helsinki,2023Q4,Studio,24.62,96.0
00990,Aurinkolahti,Helsinki,2024Q1,Studio,24.58,93.0
00990,Aurinkolahti,Helsinki,2024Q2,Studio,24.7,89.0
00990,Aurinkolahti,Helsinki,2024Q3,Studio,24.4,88.0
00990,Aurinkolahti,Helsinki,2024Q4,Studio,24.7,84.0
00990,Aurinkolahti,Helsinki,2025Q1,Studio,24.76,86.0
00990,Aurinkolahti,Helsinki,2025Q2,Studio,24.85,83.0
00990,Aurinkolahti,Helsinki,2025Q3,Studio,24.4,98.0
00990,Aurinkolahti,Helsinki,2025Q4,Studio,24.16,92.0
01200,Hakunila,Vantaa,2015Q1,One-bedroom,14.29,136.0
01200,Hakunila,Vantaa,2015Q1,Studio,18.53,74.0
01200,Hakunila,Vantaa,2015Q1,Two-bedroom+,13.44,110.0
01200,Hakunila,Vantaa,2015Q2,One-bedroom,14.43,141.0
01200,Hakunila,Vantaa,2015Q2,Studio,18.58,68.0
01200,Hakunila,Vantaa,2015Q2,Two-bedroom+,13.51,110.0
01200,Hakunila,Vantaa,2015Q3,One-bedroom,14.49,145.0
01200,Hakunila,Vantaa,2015Q3,Studio,18.6,69.0
01200,Hakunila,Vantaa,2015Q3,Two-bedroom+,13.62,109.0
01200,Hakunila,Vantaa,2015Q4,One-bedroom,14.33,161.0
01200,Hakunila,Vantaa,2015Q4,Studio,18.47,72.0
01200,Hakunila,Vantaa,2015Q4,Two-bedroom+,13.55,127.0
01200,Hakunila,Vantaa,2016Q1,One-bedroom,14.77,150.0
01200,Hakunila,Vantaa,2016Q1,Studio,18.33,85.0
01200,Hakunila,Vantaa,2016Q1,Two-bedroom+,13.64,142.0
01200,Hakunila,Vantaa,2016Q2,One-bedroom,14.66,161.0
01200,Hakunila,Vantaa,2016Q2,Studio,18.36,86.0
01200,Hakunila,Vantaa,2016Q2,Two-bedroom+,13.68,140.0
01200,Hakunila,Vantaa,2016Q3,One-bedroom,14.68,159.0
01200,Hakunila,Vantaa,2016Q3,Studio,18.2,91.0
01200,Hakunila,Vantaa,2016Q3,Two-bedroom+,13.6,137.0
01200,Hakunila,Vantaa,2016Q4,One-bedroom,14.65,160.0
01200,Hakunila,Vantaa,2016Q4,Studio,18.28,90.0
01200,Hakunila,Vantaa,2016Q4,Two-bedroom+,13.68,139.0
01200,Hakunila,Vantaa,2017Q1,One-bedroom,14.9,161.0
01200,Hakunila,Vantaa,2017Q1,Studio,18.53,85.0
01200,Hakunila,Vantaa,2017Q1,Two-bedroom+,13.78,139.0
01200,Hakunila,Vantaa,2017Q2,One-bedroom,14.78,173.0
01200,Hakunila,Vantaa,2017Q2,Studio,18.67,83.0
01200,Hakunila,Vantaa,2017Q2,Two-bedroom+,13.78,142.0
01200,Hakunila,Vantaa,2017Q3,One-bedroom,14.9,170.0
01200,Hakunila,Vantaa,2017Q3,Studio,18.77,84.0
01200,Hakunila,Vantaa,2017Q3,Two-bedroom+,13.76,140.0
01200,Hakunila,Vantaa,2017Q4,One-bedroom,15.01,168.0
01200,Hakunila,Vantaa,2017Q4,Studio,18.89,83.0
01200,Hakunila,Vantaa,2017Q4,Two-bedroom+,13.75,143.0
01200,Hakunila,Vantaa,2018Q1,One-bedroom,14.7,170.0
01200,Hakunila,Vantaa,2018Q1,Studio,19.03,89.0
01200,Hakunila,Vantaa,2018Q1,Two-bedroom+,13.77,148.0
01200,Hakunila,Vantaa,2018Q2,One-bedroom,14.74,173.0
01200,Hakunila,Vantaa,2018Q2,Studio,19.32,89.0
01200,Hakunila,Vantaa,2018Q2,Two-bedroom+,13.91,140.0
01200,Hakunila,Vantaa,2018Q3,One-bedroom,14.88,165.0
01200,Hakunila,Vantaa,2018Q3,Studio,19.08,93.0
01200,Hakunila,Vantaa,2018Q3,Two-bedroom+,14.04,136.0
01200,Hakunila,Vantaa,2018Q4,One-bedroom,15.13,158.0
01200,Hakunila,Vantaa,2018Q4,Studio,19.3,93.0
01200,Hakunila,Vantaa,2018Q4,Two-bedroom+,14.08,135.0
01200,Hakunila,Vantaa,2019Q1,One-bedroom,15.0,163.0
01200,Hakunila,Vantaa,2019Q1,Studio,18.88,97.0
01200,Hakunila,Vantaa,2019Q1,Two-bedroom+,14.07,144.0
01200,Hakunila,Vantaa,2019Q2,One-bedroom,15.07,170.0
01200,Hakunila,Vantaa,2019Q2,Studio,19.06,97.0
01200,Hakunila,Vantaa,2019Q2,Two-bedroom+,14.04,145.0
01200,Hakunila,Vantaa,2019Q3,One-bedroom,15.05,171.0
01200,Hakunila,Vantaa,2019Q3,Studio,19.16,99.0
01200,Hakunila,Vantaa,2019Q3,Two-bedroom+,14.12,141.0
01200,Hakunila,Vantaa,2019Q4,One-bedroom,15.28,167.0
01200,Hakunila,Vantaa,2019Q4,Studio,19.54,96.0
01200,Hakunila,Vantaa,2019Q4,Two-bedroom+,14.35,132.0
01200,Hakunila,Vantaa,2020Q1,One-bedroom,15.49,152.0
01200,Hakunila,Vantaa,2020Q1,Studio,19.97,89.0
01200,Hakunila,Vantaa,2020Q1,Two-bedroom+,14.44,126.0
01200,Hakunila,Vantaa,2020Q2,One-bedroom,15.6,161.0
01200,Hakunila,Vantaa,2020Q2,Studio,20.99,112.0
01200,Hakunila,Vantaa,2020Q2,Two-bedroom+,14.5,135.0
01200,Hakunila,Vantaa,2020Q3,One-bedroom,15.61,162.0
01200,Hakunila,Vantaa,2020Q3,Studio,21.16,108.0
01200,Hakunila,Vantaa,2020Q3,Two-bedroom+,14.57,127.0
01200,Hakunila,Vantaa,2020Q4,One-bedroom,15.71,188.0
01200,Hakunila,Vantaa,2020Q4,Studio,21.12,110.0
01200,Hakunila,Vantaa,2020Q4,Two-bedroom+,14.64,163.0
01200,Hakunila,Vantaa,2021Q1,One-bedroom,15.7,186.0
01200,Hakunila,Vantaa,2021Q1,Studio,20.28,90.0
01200,Hakunila,Vantaa,2021Q1,Two-bedroom+,14.59,171.0
01200,Hakunila,Vantaa,2021Q2,One-bedroom,15.61,195.0
01200,Hakunila,Vantaa,2021Q2,Studio,20.2,89.0
01200,Hakunila,Vantaa,2021Q2,Two-bedroom+,14.65,169.0
01200,Hakunila,Vantaa,2021Q3,One-bedroom,15.72,191.0
01200,Hakunila,Vantaa,2021Q3,Studio,20.15,93.0
01200,Hakunila,Vantaa,2021Q3,Two-bedroom+,14.61,168.0
01200,Hakunila,Vantaa,2021Q4,One-bedroom,15.6,195.0
01200,Hakunila,Vantaa,2021Q4,Studio,20.51,87.0
01200,Hakunila,Vantaa,2021Q4,Two-bedroom+,14.63,163.0
01200,Hakunila,Vantaa,2022Q1,One-bedroom,15.7,210.0
01200,Hakunila,Vantaa,2022Q1,Studio,21.43,133.0
01200,Hakunila,Vantaa,2022Q1,Two-bedroom+,14.73,167.0
01200,Hakunila,Vantaa,2022Q2,One-bedroom,15.93,196.0
01200,Hakunila,Vantaa,2022Q2,Studio,21.71,130.0
01200,Hakunila,Vantaa,2022Q2,Two-bedroom+,14.92,166.0
01200,Hakunila,Vantaa,2022Q3,One-bedroom,15.86,192.0
01200,Hakunila,Vantaa,2022Q3,Studio,21.8,131.0
01200,Hakunila,Vantaa,2022Q3,Two-bedroom+,14.89,168.0
01200,Hakunila,Vantaa,2022Q4,One-bedroom,15.84,187.0
01200,Hakunila,Vantaa,2022Q4,Studio,21.62,124.0
01200,Hakunila,Vantaa,2023Q1,One-bedroom,15.89,187.0
01200,Hakunila,Vantaa,2023Q1,Studio,21.64,126.0
01200,Hakunila,Vantaa,2023Q1,Two-bedroom+,15.02,160.0
01200,Hakunila,Vantaa,2023Q2,One-bedroom,15.99,188.0
01200,Hakunila,Vantaa,2023Q2,Studio,21.76,121.0
01200,Hakunila,Vantaa,2023Q2,Two-bedroom+,15.03,161.0
01200,Hakunila,Vantaa,2023Q3,One-bedroom,16.29,201.0
01200,Hakunila,Vantaa,2023Q3,Studio,21.82,134.0
01200,Hakunila,Vantaa,2023Q4,One-bedroom,16.55,236.0
01200,Hakunila,Vantaa,2023Q4,Studio,22.3,154.0
01200,Hakunila,Vantaa,2024Q1,One-bedroom,16.83,249.0
01200,Hakunila,Vantaa,2024Q1,Studio,22.47,183.0
01200,Hakunila,Vantaa,2024Q2,One-bedroom,16.97,260.0
01200,Hakunila,Vantaa,2024Q2,Studio,22.55,189.0
01200,Hakunila,Vantaa,2024Q3,One-bedroom,17.0,260.0
01200,Hakunila,Vantaa,2024Q3,Studio,22.76,183.0
01200,Hakunila,Vantaa,2024Q4,One-bedroom,16.67,301.0
01200,Hakunila,Vantaa,2024Q4,Studio,22.68,192.0
01200,Hakunila,Vantaa,2025Q1,One-bedroom,16.72,301.0
01200,Hakunila,Vantaa,2025Q1,Studio,22.93,199.0
01200,Hakunila,Vantaa,2025Q2,Studio,23.01,183.0
01200,Hakunila,Vantaa,2025Q3,Studio,22.86,194.0
01200,Hakunila,Vantaa,2025Q4,Studio,22.81,241.0
01230,Vaarala,Vantaa,2017Q2,Studio,20.8,27.0
01230,Vaarala,Vantaa,2017Q3,Studio,20.72,29.0
01230,Vaarala,Vantaa,2017Q4,Studio,20.17,34.0
01230,Vaarala,Vantaa,2018Q1,Studio,19.11,31.0
01230,Vaarala,Vantaa,2018Q2,Studio,18.93,28.0
01230,Vaarala,Vantaa,2018Q3,Studio,19.45,31.0
01230,Vaarala,Vantaa,2018Q4,Studio,20.72,30.0
01230,Vaarala,Vantaa,2019Q1,Studio,20.24,37.0
01230,Vaarala,Vantaa,2019Q2,Studio,20.26,38.0
01230,Vaarala,Vantaa,2019Q3,Studio,20.35,33.0
01230,Vaarala,Vantaa,2019Q4,Studio,20.56,35.0
01230,Vaarala,Vantaa,2020Q1,Studio,20.07,32.0
01230,Vaarala,Vantaa,2020Q2,Studio,20.79,30.0
01230,Vaarala,Vantaa,2020Q3,Studio,20.92,27.0
01230,Vaarala,Vantaa,2020Q4,Studio,20.54,34.0
01230,Vaarala,Vantaa,2021Q1,Studio,20.82,40.0
01230,Vaarala,Vantaa,2021Q2,Studio,20.77,38.0
01230,Vaarala,Vantaa,2021Q3,Studio,21.05,33.0
01230,Vaarala,Vantaa,2021Q4,Studio,21.04,31.0
01230,Vaarala,Vantaa,2022Q1,Studio,21.71,42.0
01230,Vaarala,Vantaa,2022Q2,Studio,21.73,42.0
01230,Vaarala,Vantaa,2022Q3,Studio,21.66,37.0
01230,Vaarala,Vantaa,2022Q4,Studio,21.28,38.0
01230,Vaarala,Vantaa,2023Q1,Studio,21.19,42.0
01230,Vaarala,Vantaa,2023Q2,Studio,21.5,42.0
01230,Vaarala,Vantaa,2023Q3,Studio,21.93,35.0
01230,Vaarala,Vantaa,2023Q4,Studio,21.92,38.0
01230,Vaarala,Vantaa,2024Q1,Studio,21.65,39.0
01230,Vaarala,Vantaa,2024Q2,Studio,21.33,36.0
01230,Vaarala,Vantaa,2024Q3,Studio,20.63,33.0
01230,Vaarala,Vantaa,2024Q4,Studio,20.92,31.0
01230,Vaarala,Vantaa,2025Q1,Studio,20.96,44.0
01230,Vaarala,Vantaa,2025Q2,Studio,21.48,29.0
01230,Vaarala,Vantaa,2025Q3,Studio,21.97,28.0
01230,Vaarala,Vantaa,2025Q4,Studio,21.06,31.0
01280,Länsimäki,Vantaa,2015Q1,Studio,18.12,77.0
01280,Länsimäki,Vantaa,2015Q2,Studio,18.08,84.0
01280,Länsimäki,Vantaa,2015Q3,One-bedroom,14.44,113.0
01280,Länsimäki,Vantaa,2015Q3,Studio,18.36,93.0
01280,Länsimäki,Vantaa,2015Q3,Two-bedroom+,12.6,70.0
01280,Länsimäki,Vantaa,2015Q4,One-bedroom,14.34,119.0
01280,Länsimäki,Vantaa,2015Q4,Studio,18.41,99.0
01280,Länsimäki,Vantaa,2015Q4,Two-bedroom+,12.65,70.0
01280,Länsimäki,Vantaa,2016Q1,One-bedroom,15.97,123.0
01280,Länsimäki,Vantaa,2016Q1,Studio,18.55,91.0
01280,Länsimäki,Vantaa,2016Q2,One-bedroom,15.0,154.0
01280,Länsimäki,Vantaa,2016Q2,Studio,18.79,100.0
01280,Länsimäki,Vantaa,2016Q2,Two-bedroom+,13.67,104.0
01280,Länsimäki,Vantaa,2016Q3,One-bedroom,15.17,158.0
01280,Länsimäki,Vantaa,2016Q3,Studio,18.98,101.0
01280,Länsimäki,Vantaa,2016Q3,Two-bedroom+,13.76,105.0
01280,Länsimäki,Vantaa,2016Q4,One-bedroom,15.26,168.0
01280,Länsimäki,Vantaa,2016Q4,Studio,18.9,107.0
01280,Länsimäki,Vantaa,2016Q4,Two-bedroom+,13.81,107.0
01280,Länsimäki,Vantaa,2017Q1,One-bedroom,15.5,156.0
01280,Länsimäki,Vantaa,2017Q1,Studio,19.03,103.0
01280,Länsimäki,Vantaa,2017Q2,One-bedroom,15.02,181.0
01280,Länsimäki,Vantaa,2017Q2,Studio,18.97,126.0
01280,Länsimäki,Vantaa,2017Q3,One-bedroom,15.19,186.0
01280,Länsimäki,Vantaa,2017Q3,Studio,19.11,121.0
01280,Länsimäki,Vantaa,2017Q4,One-bedroom,15.19,190.0
01280,Länsimäki,Vantaa,2017Q4,Studio,19.26,120.0
01280,Länsimäki,Vantaa,2018Q1,One-bedroom,15.27,196.0
01280,Länsimäki,Vantaa,2018Q1,Studio,19.35,126.0
01280,Länsimäki,Vantaa,2018Q2,One-bedroom,15.29,191.0
01280,Länsimäki,Vantaa,2018Q2,Studio,19.29,131.0
01280,Länsimäki,Vantaa,2018Q3,One-bedroom,15.37,192.0
01280,Länsimäki,Vantaa,2018Q3,Studio,19.41,128.0
01280,Länsimäki,Vantaa,2018Q4,One-bedroom,15.5,195.0
01280,Länsimäki,Vantaa,2018Q4,Studio,19.49,124.0
01280,Länsimäki,Vantaa,2019Q1,One-bedroom,15.34,200.0
01280,Länsimäki,Vantaa,2019Q1,Studio,19.48,122.0
01280,Länsimäki,Vantaa,2019Q2,One-bedroom,15.4,190.0
01280,Länsimäki,Vantaa,2019Q2,Studio,19.75,128.0
01280,Länsimäki,Vantaa,2019Q3,One-bedroom,15.65,186.0
01280,Länsimäki,Vantaa,2019Q3,Studio,20.03,124.0
01280,Länsimäki,Vantaa,2019Q4,One-bedroom,15.82,180.0
01280,Länsimäki,Vantaa,2019Q4,Studio,20.07,121.0
01280,Länsimäki,Vantaa,2020Q1,One-bedroom,15.93,187.0
01280,Länsimäki,Vantaa,2020Q1,Studio,20.33,118.0
01280,Länsimäki,Vantaa,2020Q2,One-bedroom,16.07,184.0
01280,Länsimäki,Vantaa,2020Q2,Studio,20.47,122.0
01280,Länsimäki,Vantaa,2020Q2,Two-bedroom+,14.84,117.0
01280,Länsimäki,Vantaa,2020Q3,One-bedroom,16.05,189.0
01280,Länsimäki,Vantaa,2020Q3,Studio,20.48,123.0
01280,Länsimäki,Vantaa,2020Q4,Studio,20.26,132.0
01280,Länsimäki,Vantaa,2021Q1,One-bedroom,16.05,217.0
01280,Länsimäki,Vantaa,2021Q1,Studio,20.64,142.0
01280,Länsimäki,Vantaa,2021Q2,One-bedroom,16.06,225.0
01280,Länsimäki,Vantaa,2021Q2,Studio,20.65,149.0
01280,Länsimäki,Vantaa,2021Q3,One-bedroom,16.06,224.0
01280,Länsimäki,Vantaa,2021Q3,Studio,20.68,147.0
01280,Länsimäki,Vantaa,2021Q4,One-bedroom,16.08,219.0
01280,Länsimäki,Vantaa,2021Q4,Studio,20.62,145.0
01280,Länsimäki,Vantaa,2022Q1,One-bedroom,16.17,221.0
01280,Länsimäki,Vantaa,2022Q1,Studio,20.74,135.0
01280,Länsimäki,Vantaa,2022Q2,Studio,20.88,128.0
01280,Länsimäki,Vantaa,2022Q3,One-bedroom,16.36,220.0
01280,Länsimäki,Vantaa,2022Q3,Studio,20.8,132.0
01280,Länsimäki,Vantaa,2022Q4,Studio,20.73,140.0
01280,Länsimäki,Vantaa,2023Q1,Studio,20.87,144.0
01280,Länsimäki,Vantaa,2023Q2,One-bedroom,16.47,228.0
01280,Länsimäki,Vantaa,2023Q2,Studio,21.02,141.0
01280,Länsimäki,Vantaa,2023Q3,One-bedroom,16.49,227.0
01280,Länsimäki,Vantaa,2023Q3,Studio,21.1,143.0
01280,Länsimäki,Vantaa,2023Q4,One-bedroom,16.42,224.0
01280,Länsimäki,Vantaa,2023Q4,Studio,21.21,132.0
01280,Länsimäki,Vantaa,2024Q1,One-bedroom,16.47,218.0
01280,Länsimäki,Vantaa,2024Q1,Studio,21.2,128.0
01280,Länsimäki,Vantaa,2024Q2,Studio,21.35,122.0
01280,Länsimäki,Vantaa,2024Q3,Studio,21.29,127.0
01280,Länsimäki,Vantaa,2024Q4,Studio,21.05,132.0
01280,Länsimäki,Vantaa,2025Q1,Studio,20.92,139.0
01280,Länsimäki,Vantaa,2025Q2,Studio,20.85,134.0
01280,Länsimäki,Vantaa,2025Q3,Studio,20.67,203.0
01280,Länsimäki,Vantaa,2025Q4,Studio,21.02,149.0
01300,Tikkurila,Vantaa,2015Q1,One-bedroom,15.29,209.0
01300,Tikkurila,Vantaa,2015Q1,Studio,19.15,167.0
01300,Tikkurila,Vantaa,2015Q1,Two-bedroom+,15.28,63.0
01300,Tikkurila,Vantaa,2015Q2,One-bedroom,15.4,224.0
01300,Tikkurila,Vantaa,2015Q2,Studio,19.39,172.0
01300,Tikkurila,Vantaa,2015Q2,Two-bedroom+,15.45,65.0
01300,Tikkurila,Vantaa,2015Q3,One-bedroom,15.42,234.0
01300,Tikkurila,Vantaa,2015Q3,Studio,19.63,173.0
01300,Tikkurila,Vantaa,2015Q3,Two-bedroom+,15.55,78.0
01300,Tikkurila,Vantaa,2015Q4,One-bedroom,15.49,250.0
01300,Tikkurila,Vantaa,2015Q4,Studio,19.54,194.0
01300,Tikkurila,Vantaa,2015Q4,Two-bedroom+,15.45,91.0
01300,Tikkurila,Vantaa,2016Q1,One-bedroom,15.81,236.0
01300,Tikkurila,Vantaa,2016Q1,Studio,19.76,176.0
01300,Tikkurila,Vantaa,2016Q1,Two-bedroom+,15.85,87.0
01300,Tikkurila,Vantaa,2016Q2,One-bedroom,16.27,365.0
01300,Tikkurila,Vantaa,2016Q2,Studio,19.84,204.0
01300,Tikkurila,Vantaa,2016Q2,Two-bedroom+,15.81,119.0
01300,Tikkurila,Vantaa,2016Q3,One-bedroom,16.31,373.0
01300,Tikkurila,Vantaa,2016Q3,Studio,20.19,199.0
01300,Tikkurila,Vantaa,2016Q3,Two-bedroom+,15.65,120.0
01300,Tikkurila,Vantaa,2016Q4,One-bedroom,16.55,426.0
01300,Tikkurila,Vantaa,2016Q4,Studio,20.07,202.0
01300,Tikkurila,Vantaa,2016Q4,Two-bedroom+,15.84,163.0
01300,Tikkurila,Vantaa,2017Q1,One-bedroom,16.53,476.0
01300,Tikkurila,Vantaa,2017Q1,Studio,20.48,214.0
01300,Tikkurila,Vantaa,2017Q2,One-bedroom,16.9,594.0
01300,Tikkurila,Vantaa,2017Q2,Studio,20.21,225.0
01300,Tikkurila,Vantaa,2017Q3,Studio,20.43,213.0
01300,Tikkurila,Vantaa,2017Q4,One-bedroom,17.19,622.0
01300,Tikkurila,Vantaa,2017Q4,Studio,20.52,234.0
01300,Tikkurila,Vantaa,2018Q1,One-bedroom,17.27,674.0
01300,Tikkurila,Vantaa,2018Q1,Studio,20.96,274.0
01300,Tikkurila,Vantaa,2018Q2,One-bedroom,17.56,710.0
01300,Tikkurila,Vantaa,2018Q2,Studio,21.21,297.0
01300,Tikkurila,Vantaa,2018Q3,Studio,21.69,299.0
01300,Tikkurila,Vantaa,2018Q4,Studio,21.96,292.0
01300,Tikkurila,Vantaa,2019Q1,Studio,22.07,327.0
01300,Tikkurila,Vantaa,2019Q2,Studio,22.24,315.0
01300,Tikkurila,Vantaa,2019Q3,Studio,22.3,314.0
01300,Tikkurila,Vantaa,2019Q4,Studio,22.41,300.0
01300,Tikkurila,Vantaa,2020Q1,Studio,22.82,319.0
01300,Tikkurila,Vantaa,2020Q2,Studio,22.87,343.0
01300,Tikkurila,Vantaa,2020Q3,Studio,23.16,347.0
01300,Tikkurila,Vantaa,2020Q4,Studio,23.05,380.0
01300,Tikkurila,Vantaa,2021Q1,Studio,23.34,388.0
01300,Tikkurila,Vantaa,2021Q2,Studio,23.37,386.0
01300,Tikkurila,Vantaa,2021Q3,Studio,23.45,364.0
01300,Tikkurila,Vantaa,2021Q4,Studio,23.45,351.0
01300,Tikkurila,Vantaa,2022Q1,One-bedroom,18.73,888.0
01300,Tikkurila,Vantaa,2022Q1,Studio,23.82,436.0
01300,Tikkurila,Vantaa,2022Q2,One-bedroom,18.77,869.0
01300,Tikkurila,Vantaa,2022Q2,Studio,23.92,392.0
01300,Tikkurila,Vantaa,2022Q3,One-bedroom,18.85,857.0
01300,Tikkurila,Vantaa,2022Q3,Studio,23.83,377.0
01300,Tikkurila,Vantaa,2022Q4,One-bedroom,18.91,858.0
01300,Tikkurila,Vantaa,2022Q4,Studio,23.97,393.0
01300,Tikkurila,Vantaa,2023Q1,One-bedroom,18.97,871.0
01300,Tikkurila,Vantaa,2023Q1,Studio,24.01,406.0
01300,Tikkurila,Vantaa,2023Q2,One-bedroom,19.0,873.0
01300,Tikkurila,Vantaa,2023Q2,Studio,23.92,387.0
01300,Tikkurila,Vantaa,2023Q3,One-bedroom,18.99,875.0
01300,Tikkurila,Vantaa,2023Q3,Studio,23.94,371.0
01300,Tikkurila,Vantaa,2023Q4,One-bedroom,19.11,933.0
01300,Tikkurila,Vantaa,2023Q4,Studio,24.01,444.0
01300,Tikkurila,Vantaa,2024Q1,One-bedroom,19.09,932.0
01300,Tikkurila,Vantaa,2024Q1,Studio,23.95,448.0
01300,Tikkurila,Vantaa,2024Q2,One-bedroom,19.13,935.0
01300,Tikkurila,Vantaa,2024Q2,Studio,24.02,433.0
01300,Tikkurila,Vantaa,2024Q3,Studio,24.07,404.0
01300,Tikkurila,Vantaa,2024Q4,Studio,24.01,426.0
01300,Tikkurila,Vantaa,2025Q1,One-bedroom,19.02,932.0
01300,Tikkurila,Vantaa,2025Q1,Studio,24.1,449.0
01300,Tikkurila,Vantaa,2025Q2,Studio,24.15,400.0
01300,Tikkurila,Vantaa,2025Q3,Studio,24.38,529.0
01300,Tikkurila,Vantaa,2025Q4,Studio,24.23,475.0
01340,Leinelä,Vantaa,2018Q1,Studio,21.67,25.0
01340,Leinelä,Vantaa,2022Q2,Studio,24.67,72.0
01340,Leinelä,Vantaa,2023Q1,Studio,24.64,73.0
01350,Hiekkaharju,Vantaa,2016Q3,Studio,19.78,181.0
01350,Hiekkaharju,Vantaa,2017Q4,Studio,20.44,243.0
01350,Hiekkaharju,Vantaa,2018Q1,Studio,20.73,244.0
01350,Hiekkaharju,Vantaa,2018Q2,Studio,20.69,243.0
01350,Hiekkaharju,Vantaa,2018Q3,Studio,20.8,229.0
01350,Hiekkaharju,Vantaa,2018Q4,Studio,20.96,232.0
01350,Hiekkaharju,Vantaa,2019Q1,Studio,21.06,235.0
01350,Hiekkaharju,Vantaa,2019Q2,Studio,21.08,237.0
01350,Hiekkaharju,Vantaa,2019Q3,Studio,21.23,230.0
01350,Hiekkaharju,Vantaa,2019Q4,Studio,21.38,229.0
01350,Hiekkaharju,Vantaa,2020Q1,Studio,21.59,229.0
01350,Hiekkaharju,Vantaa,2020Q2,Studio,21.74,236.0
01350,Hiekkaharju,Vantaa,2020Q3,Studio,21.83,234.0
01350,Hiekkaharju,Vantaa,2020Q4,Studio,22.01,236.0
01350,Hiekkaharju,Vantaa,2021Q1,Studio,22.05,243.0
01350,Hiekkaharju,Vantaa,2021Q2,Studio,22.24,245.0
01350,Hiekkaharju,Vantaa,2021Q3,Studio,22.21,243.0
01350,Hiekkaharju,Vantaa,2021Q4,Studio,22.26,243.0
01350,Hiekkaharju,Vantaa,2022Q1,Studio,22.36,242.0
01350,Hiekkaharju,Vantaa,2022Q2,Studio,22.42,241.0
01350,Hiekkaharju,Vantaa,2022Q3,Studio,22.42,236.0
01350,Hiekkaharju,Vantaa,2022Q4,Studio,22.49,239.0
01350,Hiekkaharju,Vantaa,2023Q1,Studio,22.67,232.0
01350,Hiekkaharju,Vantaa,2023Q2,Studio,22.74,230.0
01350,Hiekkaharju,Vantaa,2023Q3,Studio,22.75,236.0
01350,Hiekkaharju,Vantaa,2023Q4,Studio,22.6,241.0
01350,Hiekkaharju,Vantaa,2024Q1,Studio,22.46,246.0
01350,Hiekkaharju,Vantaa,2024Q2,Studio,22.51,233.0
01350,Hiekkaharju,Vantaa,2024Q3,Studio,22.42,231.0
01350,Hiekkaharju,Vantaa,2024Q4,Studio,22.45,241.0
01350,Hiekkaharju,Vantaa,2025Q1,Studio,22.36,250.0
01350,Hiekkaharju,Vantaa,2025Q2,Studio,22.32,236.0
01350,Hiekkaharju,Vantaa,2025Q4,Studio,22.16,235.0
01360,Koivukylä-Havukoski,Vantaa,2015Q1,Studio,17.93,161.0
01360,Koivukylä-Havukoski,Vantaa,2015Q2,Studio,18.09,165.0
01360,Koivukylä-Havukoski,Vantaa,2015Q3,One-bedroom,14.05,374.0
01360,Koivukylä-Havukoski,Vantaa,2015Q3,Studio,18.09,176.0
01360,Koivukylä-Havukoski,Vantaa,2015Q4,One-bedroom,14.09,381.0
01360,Koivukylä-Havukoski,Vantaa,2015Q4,Studio,18.1,184.0
01360,Koivukylä-Havukoski,Vantaa,2016Q1,One-bedroom,16.42,356.0
01360,Koivukylä-Havukoski,Vantaa,2016Q1,Studio,18.5,158.0
01360,Koivukylä-Havukoski,Vantaa,2016Q2,One-bedroom,14.4,394.0
01360,Koivukylä-Havukoski,Vantaa,2016Q2,Studio,18.74,169.0
01360,Koivukylä-Havukoski,Vantaa,2016Q3,One-bedroom,14.43,398.0
01360,Koivukylä-Havukoski,Vantaa,2016Q3,Studio,18.81,179.0
01360,Koivukylä-Havukoski,Vantaa,2016Q4,One-bedroom,14.43,405.0
01360,Koivukylä-Havukoski,Vantaa,2016Q4,Studio,18.82,179.0
01360,Koivukylä-Havukoski,Vantaa,2017Q1,One-bedroom,14.79,410.0
01360,Koivukylä-Havukoski,Vantaa,2017Q1,Studio,19.36,205.0
01360,Koivukylä-Havukoski,Vantaa,2017Q2,One-bedroom,14.73,401.0
01360,Koivukylä-Havukoski,Vantaa,2017Q2,Studio,19.37,208.0
01360,Koivukylä-Havukoski,Vantaa,2017Q3,One-bedroom,14.77,395.0
01360,Koivukylä-Havukoski,Vantaa,2017Q3,Studio,19.35,215.0
01360,Koivukylä-Havukoski,Vantaa,2017Q4,One-bedroom,14.81,405.0
01360,Koivukylä-Havukoski,Vantaa,2017Q4,Studio,19.42,219.0
01360,Koivukylä-Havukoski,Vantaa,2018Q1,One-bedroom,14.92,415.0
01360,Koivukylä-Havukoski,Vantaa,2018Q1,Studio,19.46,231.0
01360,Koivukylä-Havukoski,Vantaa,2018Q2,One-bedroom,14.95,409.0
01360,Koivukylä-Havukoski,Vantaa,2018Q2,Studio,19.66,220.0
01360,Koivukylä-Havukoski,Vantaa,2018Q3,One-bedroom,14.97,396.0
01360,Koivukylä-Havukoski,Vantaa,2018Q3,Studio,19.66,223.0
01360,Koivukylä-Havukoski,Vantaa,2018Q4,One-bedroom,15.03,398.0
01360,Koivukylä-Havukoski,Vantaa,2018Q4,Studio,20.08,203.0
01360,Koivukylä-Havukoski,Vantaa,2019Q1,One-bedroom,14.98,402.0
01360,Koivukylä-Havukoski,Vantaa,2019Q1,Studio,19.88,208.0
01360,Koivukylä-Havukoski,Vantaa,2019Q2,One-bedroom,15.04,402.0
01360,Koivukylä-Havukoski,Vantaa,2019Q2,Studio,19.95,213.0
01360,Koivukylä-Havukoski,Vantaa,2019Q3,One-bedroom,15.06,397.0
01360,Koivukylä-Havukoski,Vantaa,2019Q3,Studio,19.92,209.0
01360,Koivukylä-Havukoski,Vantaa,2019Q4,One-bedroom,15.64,427.0
01360,Koivukylä-Havukoski,Vantaa,2019Q4,Studio,20.19,206.0
01360,Koivukylä-Havukoski,Vantaa,2020Q1,One-bedroom,15.78,476.0
01360,Koivukylä-Havukoski,Vantaa,2020Q1,Studio,20.39,206.0
01360,Koivukylä-Havukoski,Vantaa,2020Q2,One-bedroom,15.87,477.0
01360,Koivukylä-Havukoski,Vantaa,2020Q2,Studio,20.58,213.0
01360,Koivukylä-Havukoski,Vantaa,2020Q3,One-bedroom,15.83,487.0
01360,Koivukylä-Havukoski,Vantaa,2020Q3,Studio,20.52,217.0
01360,Koivukylä-Havukoski,Vantaa,2020Q4,One-bedroom,15.8,484.0
01360,Koivukylä-Havukoski,Vantaa,2020Q4,Studio,20.59,215.0
01360,Koivukylä-Havukoski,Vantaa,2021Q1,One-bedroom,15.73,489.0
01360,Koivukylä-Havukoski,Vantaa,2021Q1,Studio,20.59,220.0
01360,Koivukylä-Havukoski,Vantaa,2021Q2,One-bedroom,15.83,486.0
01360,Koivukylä-Havukoski,Vantaa,2021Q2,Studio,20.69,212.0
01360,Koivukylä-Havukoski,Vantaa,2021Q3,One-bedroom,15.82,483.0
01360,Koivukylä-Havukoski,Vantaa,2021Q3,Studio,20.6,217.0
01360,Koivukylä-Havukoski,Vantaa,2021Q4,One-bedroom,15.82,485.0
01360,Koivukylä-Havukoski,Vantaa,2021Q4,Studio,20.5,228.0
01360,Koivukylä-Havukoski,Vantaa,2022Q1,One-bedroom,15.78,500.0
01360,Koivukylä-Havukoski,Vantaa,2022Q1,Studio,20.58,234.0
01360,Koivukylä-Havukoski,Vantaa,2022Q2,One-bedroom,15.87,476.0
01360,Koivukylä-Havukoski,Vantaa,2022Q2,Studio,20.85,220.0
01360,Koivukylä-Havukoski,Vantaa,2022Q3,One-bedroom,15.89,473.0
01360,Koivukylä-Havukoski,Vantaa,2022Q3,Studio,20.95,203.0
01360,Koivukylä-Havukoski,Vantaa,2022Q4,One-bedroom,15.88,470.0
01360,Koivukylä-Havukoski,Vantaa,2022Q4,Studio,20.9,217.0
01360,Koivukylä-Havukoski,Vantaa,2023Q1,One-bedroom,15.93,455.0
01360,Koivukylä-Havukoski,Vantaa,2023Q1,Studio,20.82,220.0
01360,Koivukylä-Havukoski,Vantaa,2023Q2,One-bedroom,15.96,461.0
01360,Koivukylä-Havukoski,Vantaa,2023Q2,Studio,20.95,223.0
01360,Koivukylä-Havukoski,Vantaa,2023Q3,One-bedroom,15.92,462.0
01360,Koivukylä-Havukoski,Vantaa,2023Q3,Studio,20.93,225.0
01360,Koivukylä-Havukoski,Vantaa,2023Q4,One-bedroom,15.86,462.0
01360,Koivukylä-Havukoski,Vantaa,2023Q4,Studio,20.77,221.0
01360,Koivukylä-Havukoski,Vantaa,2024Q1,One-bedroom,15.85,462.0
01360,Koivukylä-Havukoski,Vantaa,2024Q1,Studio,20.8,217.0
01360,Koivukylä-Havukoski,Vantaa,2024Q2,One-bedroom,15.95,460.0
01360,Koivukylä-Havukoski,Vantaa,2024Q2,Studio,20.85,216.0
01360,Koivukylä-Havukoski,Vantaa,2024Q3,One-bedroom,15.93,448.0
01360,Koivukylä-Havukoski,Vantaa,2024Q3,Studio,20.84,214.0
01360,Koivukylä-Havukoski,Vantaa,2024Q4,One-bedroom,15.87,450.0
01360,Koivukylä-Havukoski,Vantaa,2024Q4,Studio,20.85,213.0
01360,Koivukylä-Havukoski,Vantaa,2025Q1,One-bedroom,15.73,473.0
01360,Koivukylä-Havukoski,Vantaa,2025Q1,Studio,20.76,242.0
01360,Koivukylä-Havukoski,Vantaa,2025Q2,One-bedroom,15.61,446.0
01360,Koivukylä-Havukoski,Vantaa,2025Q2,Studio,20.81,219.0
01360,Koivukylä-Havukoski,Vantaa,2025Q3,Studio,20.87,307.0
01360,Koivukylä-Havukoski,Vantaa,2025Q4,One-bedroom,15.21,455.0
01360,Koivukylä-Havukoski,Vantaa,2025Q4,Studio,20.55,213.0
01400,Rekola,Vantaa,2019Q1,Studio,21.81,21.0
01400,Rekola,Vantaa,2019Q2,Studio,21.98,22.0
01400,Rekola,Vantaa,2019Q3,Studio,21.98,21.0
01400,Rekola,Vantaa,2019Q4,Studio,22.29,22.0
01400,Rekola,Vantaa,2020Q1,Studio,25.16,63.0
01400,Rekola,Vantaa,2020Q2,Studio,25.33,71.0
01400,Rekola,Vantaa,2020Q3,Studio,25.26,66.0
01400,Rekola,Vantaa,2020Q4,Studio,25.76,67.0
01400,Rekola,Vantaa,2021Q1,Studio,25.89,71.0
01400,Rekola,Vantaa,2021Q2,Studio,25.73,64.0
01400,Rekola,Vantaa,2021Q3,Studio,25.82,64.0
01400,Rekola,Vantaa,2021Q4,Studio,25.43,74.0
01400,Rekola,Vantaa,2022Q1,Studio,25.54,82.0
01400,Rekola,Vantaa,2022Q2,Studio,24.39,61.0
01400,Rekola,Vantaa,2022Q3,Studio,24.63,58.0
01400,Rekola,Vantaa,2022Q4,Studio,24.64,62.0
01400,Rekola,Vantaa,2023Q1,Studio,24.64,60.0
01400,Rekola,Vantaa,2023Q2,Studio,24.58,67.0
01400,Rekola,Vantaa,2023Q3,Studio,24.7,61.0
01400,Rekola,Vantaa,2023Q4,Studio,24.47,55.0
01400,Rekola,Vantaa,2024Q1,Studio,24.67,57.0
01400,Rekola,Vantaa,2024Q2,Studio,24.72,52.0
01400,Rekola,Vantaa,2024Q3,Studio,24.57,53.0
01400,Rekola,Vantaa,2024Q4,Studio,24.15,56.0
01400,Rekola,Vantaa,2025Q1,Studio,24.66,62.0
01400,Rekola,Vantaa,2025Q2,Studio,24.27,50.0
01400,Rekola,Vantaa,2025Q3,Studio,24.07,61.0
01400,Rekola,Vantaa,2025Q4,Studio,24.23,54.0
01450,Korso,Vantaa,2015Q1,Studio,16.59,135.0
01450,Korso,Vantaa,2015Q2,Studio,16.54,134.0
01450,Korso,Vantaa,2015Q3,Studio,16.61,134.0
01450,Korso,Vantaa,2015Q4,Studio,16.8,143.0
01450,Korso,Vantaa,2016Q1,One-bedroom,15.55,268.0
01450,Korso,Vantaa,2016Q1,Studio,17.56,124.0
01450,Korso,Vantaa,2016Q2,Studio,17.28,137.0
01450,Korso,Vantaa,2016Q3,Studio,17.21,139.0
01450,Korso,Vantaa,2016Q4,Studio,17.23,139.0
01450,Korso,Vantaa,2017Q1,Studio,17.68,134.0
01450,Korso,Vantaa,2017Q2,One-bedroom,14.41,238.0
01450,Korso,Vantaa,2017Q2,Studio,17.63,121.0
01450,Korso,Vantaa,2017Q3,Studio,17.74,128.0
01450,Korso,Vantaa,2017Q4,One-bedroom,14.52,238.0
01450,Korso,Vantaa,2017Q4,Studio,17.71,135.0
01450,Korso,Vantaa,2018Q1,One-bedroom,14.59,249.0
01450,Korso,Vantaa,2018Q1,Studio,17.68,135.0
01450,Korso,Vantaa,2018Q2,One-bedroom,14.47,246.0
01450,Korso,Vantaa,2018Q2,Studio,17.81,133.0
01450,Korso,Vantaa,2018Q3,One-bedroom,14.55,251.0
01450,Korso,Vantaa,2018Q3,Studio,17.76,122.0
01450,Korso,Vantaa,2018Q4,One-bedroom,14.71,241.0
01450,Korso,Vantaa,2018Q4,Studio,18.11,129.0
01450,Korso,Vantaa,2019Q1,One-bedroom,14.74,249.0
01450,Korso,Vantaa,2019Q1,Studio,18.13,130.0
01450,Korso,Vantaa,2019Q2,Studio,18.21,130.0
01450,Korso,Vantaa,2019Q3,Studio,18.33,146.0
01450,Korso,Vantaa,2019Q4,Studio,18.54,142.0
01450,Korso,Vantaa,2020Q1,Studio,18.67,144.0
01450,Korso,Vantaa,2020Q2,Studio,18.78,152.0
01450,Korso,Vantaa,2020Q3,Studio,18.83,155.0
01450,Korso,Vantaa,2020Q4,Studio,18.8,156.0
01450,Korso,Vantaa,2021Q1,One-bedroom,15.43,280.0
01450,Korso,Vantaa,2021Q1,Studio,19.28,171.0
01450,Korso,Vantaa,2021Q2,One-bedroom,15.49,277.0
01450,Korso,Vantaa,2021Q2,Studio,19.42,177.0
01450,Korso,Vantaa,2021Q3,One-bedroom,15.63,277.0
01450,Korso,Vantaa,2021Q3,Studio,19.51,166.0
01450,Korso,Vantaa,2021Q4,One-bedroom,15.7,278.0
01450,Korso,Vantaa,2021Q4,Studio,19.71,177.0
01450,Korso,Vantaa,2022Q1,One-bedroom,15.71,281.0
01450,Korso,Vantaa,2022Q1,Studio,20.39,211.0
01450,Korso,Vantaa,2022Q2,Studio,20.22,188.0
01450,Korso,Vantaa,2022Q3,Studio,20.16,178.0
01450,Korso,Vantaa,2022Q4,Studio,20.06,181.0
01450,Korso,Vantaa,2023Q1,Studio,20.16,187.0
01450,Korso,Vantaa,2023Q2,Studio,20.32,186.0
01450,Korso,Vantaa,2023Q3,Studio,20.28,188.0
01450,Korso,Vantaa,2023Q4,Studio,20.34,192.0
01450,Korso,Vantaa,2024Q1,Studio,20.52,184.0
01450,Korso,Vantaa,2024Q2,Studio,20.57,178.0
01450,Korso,Vantaa,2024Q3,Studio,20.54,182.0
01450,Korso,Vantaa,2024Q4,Studio,20.37,174.0
01450,Korso,Vantaa,2025Q1,One-bedroom,15.88,284.0
01450,Korso,Vantaa,2025Q1,Studio,20.41,181.0
01450,Korso,Vantaa,2025Q2,Studio,20.63,168.0
01450,Korso,Vantaa,2025Q3,Studio,19.94,234.0
01450,Korso,Vantaa,2025Q4,Studio,20.15,165.0
01480,Mikkola,Vantaa,2015Q1,One-bedroom,14.0,30.0
01480,Mikkola,Vantaa,2015Q1,Studio,17.3,57.0
01480,Mikkola,Vantaa,2015Q2,One-bedroom,13.92,48.0
01480,Mikkola,Vantaa,2015Q2,Studio,17.45,62.0
01480,Mikkola,Vantaa,2015Q2,Two-bedroom+,12.85,46.0
01480,Mikkola,Vantaa,2015Q3,One-bedroom,13.73,47.0
01480,Mikkola,Vantaa,2015Q3,Studio,17.68,66.0
01480,Mikkola,Vantaa,2015Q3,Two-bedroom+,12.8,47.0
01480,Mikkola,Vantaa,2015Q4,One-bedroom,13.44,48.0
01480,Mikkola,Vantaa,2015Q4,Studio,17.89,68.0
01480,Mikkola,Vantaa,2015Q4,Two-bedroom+,12.71,51.0
01480,Mikkola,Vantaa,2016Q1,One-bedroom,14.5,45.0
01480,Mikkola,Vantaa,2016Q1,Studio,18.09,69.0
01480,Mikkola,Vantaa,2016Q1,Two-bedroom+,12.77,59.0
01480,Mikkola,Vantaa,2016Q2,One-bedroom,14.48,46.0
01480,Mikkola,Vantaa,2016Q2,Studio,18.42,69.0
01480,Mikkola,Vantaa,2016Q2,Two-bedroom+,12.83,59.0
01480,Mikkola,Vantaa,2016Q3,One-bedroom,13.98,47.0
01480,Mikkola,Vantaa,2016Q3,Studio,18.43,65.0
01480,Mikkola,Vantaa,2016Q3,Two-bedroom+,12.9,56.0
01480,Mikkola,Vantaa,2016Q4,One-bedroom,14.24,51.0
01480,Mikkola,Vantaa,2016Q4,Studio,18.56,73.0
01480,Mikkola,Vantaa,2016Q4,Two-bedroom+,12.85,60.0
01480,Mikkola,Vantaa,2017Q1,One-bedroom,14.21,52.0
01480,Mikkola,Vantaa,2017Q1,Studio,18.89,76.0
01480,Mikkola,Vantaa,2017Q1,Two-bedroom+,12.98,54.0
01480,Mikkola,Vantaa,2017Q2,One-bedroom,14.91,46.0
01480,Mikkola,Vantaa,2017Q2,Studio,19.25,78.0
01480,Mikkola,Vantaa,2017Q2,Two-bedroom+,12.7,58.0
01480,Mikkola,Vantaa,2017Q3,One-bedroom,15.06,49.0
01480,Mikkola,Vantaa,2017Q3,Studio,19.12,78.0
01480,Mikkola,Vantaa,2017Q3,Two-bedroom+,13.19,51.0
01480,Mikkola,Vantaa,2017Q4,One-bedroom,15.05,56.0
01480,Mikkola,Vantaa,2017Q4,Studio,19.29,81.0
01480,Mikkola,Vantaa,2017Q4,Two-bedroom+,13.28,48.0
01480,Mikkola,Vantaa,2018Q1,One-bedroom,14.61,59.0
01480,Mikkola,Vantaa,2018Q1,Studio,19.21,82.0
01480,Mikkola,Vantaa,2018Q1,Two-bedroom+,12.9,53.0
01480,Mikkola,Vantaa,2018Q2,One-bedroom,14.66,55.0
01480,Mikkola,Vantaa,2018Q2,Studio,19.05,84.0
01480,Mikkola,Vantaa,2018Q2,Two-bedroom+,12.81,56.0
01480,Mikkola,Vantaa,2018Q3,One-bedroom,14.46,60.0
01480,Mikkola,Vantaa,2018Q3,Studio,18.93,81.0
01480,Mikkola,Vantaa,2018Q3,Two-bedroom+,12.96,53.0
01480,Mikkola,Vantaa,2018Q4,One-bedroom,14.76,58.0
01480,Mikkola,Vantaa,2018Q4,Studio,19.45,73.0
01480,Mikkola,Vantaa,2018Q4,Two-bedroom+,13.4,45.0
01480,Mikkola,Vantaa,2019Q1,One-bedroom,14.79,62.0
01480,Mikkola,Vantaa,2019Q1,Studio,19.12,79.0
01480,Mikkola,Vantaa,2019Q1,Two-bedroom+,13.2,44.0
01480,Mikkola,Vantaa,2019Q2,One-bedroom,14.96,63.0
01480,Mikkola,Vantaa,2019Q2,Studio,19.49,85.0
01480,Mikkola,Vantaa,2019Q2,Two-bedroom+,13.17,47.0
01480,Mikkola,Vantaa,2019Q3,One-bedroom,15.01,62.0
01480,Mikkola,Vantaa,2019Q3,Studio,19.75,85.0
01480,Mikkola,Vantaa,2019Q3,Two-bedroom+,13.32,44.0
01480,Mikkola,Vantaa,2019Q4,One-bedroom,15.3,56.0
01480,Mikkola,Vantaa,2019Q4,Studio,20.19,79.0
01480,Mikkola,Vantaa,2020Q1,One-bedroom,15.08,58.0
01480,Mikkola,Vantaa,2020Q1,Studio,20.02,80.0
01480,Mikkola,Vantaa,2020Q2,One-bedroom,15.21,61.0
01480,Mikkola,Vantaa,2020Q2,Studio,20.29,83.0
01480,Mikkola,Vantaa,2020Q3,One-bedroom,15.43,60.0
01480,Mikkola,Vantaa,2020Q3,Studio,20.3,77.0
01480,Mikkola,Vantaa,2020Q4,One-bedroom,15.49,62.0
01480,Mikkola,Vantaa,2020Q4,Studio,20.04,79.0
01480,Mikkola,Vantaa,2021Q1,One-bedroom,15.86,55.0
01480,Mikkola,Vantaa,2021Q1,Studio,20.21,81.0
01480,Mikkola,Vantaa,2021Q2,One-bedroom,15.64,58.0
01480,Mikkola,Vantaa,2021Q2,Studio,20.12,82.0
01480,Mikkola,Vantaa,2021Q3,One-bedroom,15.58,57.0
01480,Mikkola,Vantaa,2021Q3,Studio,20.06,79.0
01480,Mikkola,Vantaa,2021Q4,One-bedroom,15.78,57.0
01480,Mikkola,Vantaa,2021Q4,Studio,20.13,81.0
01480,Mikkola,Vantaa,2022Q1,One-bedroom,15.82,53.0
01480,Mikkola,Vantaa,2022Q1,Studio,20.2,81.0
01480,Mikkola,Vantaa,2022Q1,Two-bedroom+,13.63,44.0
01480,Mikkola,Vantaa,2022Q2,One-bedroom,15.83,61.0
01480,Mikkola,Vantaa,2022Q2,Studio,20.38,70.0
01480,Mikkola,Vantaa,2022Q2,Two-bedroom+,13.61,44.0
01480,Mikkola,Vantaa,2022Q3,One-bedroom,15.85,62.0
01480,Mikkola,Vantaa,2022Q3,Studio,20.15,69.0
01480,Mikkola,Vantaa,2022Q4,One-bedroom,15.97,59.0
01480,Mikkola,Vantaa,2022Q4,Studio,20.1,70.0
01480,Mikkola,Vantaa,2023Q1,One-bedroom,16.07,56.0
01480,Mikkola,Vantaa,2023Q1,Studio,20.11,67.0
01480,Mikkola,Vantaa,2023Q2,One-bedroom,16.05,56.0
01480,Mikkola,Vantaa,2023Q2,Studio,20.31,69.0
01480,Mikkola,Vantaa,2023Q3,One-bedroom,15.99,60.0
01480,Mikkola,Vantaa,2023Q3,Studio,20.53,76.0
01480,Mikkola,Vantaa,2023Q4,One-bedroom,16.26,55.0
01480,Mikkola,Vantaa,2023Q4,Studio,20.62,77.0
01480,Mikkola,Vantaa,2024Q1,One-bedroom,16.44,48.0
01480,Mikkola,Vantaa,2024Q1,Studio,20.81,78.0
01480,Mikkola,Vantaa,2024Q2,One-bedroom,16.39,47.0
01480,Mikkola,Vantaa,2024Q2,Studio,21.05,74.0
01480,Mikkola,Vantaa,2024Q3,One-bedroom,16.15,52.0
01480,Mikkola,Vantaa,2024Q3,Studio,20.92,77.0
01480,Mikkola,Vantaa,2024Q4,One-bedroom,16.16,54.0
01480,Mikkola,Vantaa,2024Q4,Studio,20.91,75.0
01480,Mikkola,Vantaa,2025Q1,One-bedroom,16.35,51.0
01480,Mikkola,Vantaa,2025Q1,Studio,20.88,78.0
01480,Mikkola,Vantaa,2025Q1,Two-bedroom+,13.67,40.0
01480,Mikkola,Vantaa,2025Q2,One-bedroom,16.06,52.0
01480,Mikkola,Vantaa,2025Q2,Studio,20.96,74.0
01480,Mikkola,Vantaa,2025Q3,One-bedroom,16.27,71.0
01480,Mikkola,Vantaa,2025Q3,Studio,21.29,71.0
01480,Mikkola,Vantaa,2025Q4,One-bedroom,15.49,56.0
01480,Mikkola,Vantaa,2025Q4,Studio,21.17,70.0
01510,Kirkonkylä-Veromäki,Vantaa,2015Q2,Studio,21.55,22.0
01510,Kirkonkylä-Veromäki,Vantaa,2021Q1,Studio,22.92,63.0
01510,Kirkonkylä-Veromäki,Vantaa,2021Q2,Studio,23.17,64.0
01510,Kirkonkylä-Veromäki,Vantaa,2021Q3,Studio,23.21,61.0
01510,Kirkonkylä-Veromäki,Vantaa,2021Q4,Studio,23.01,63.0
01510,Kirkonkylä-Veromäki,Vantaa,2022Q1,Studio,22.92,80.0
01510,Kirkonkylä-Veromäki,Vantaa,2022Q2,Studio,22.95,74.0
01510,Kirkonkylä-Veromäki,Vantaa,2022Q3,Studio,22.97,74.0
01510,Kirkonkylä-Veromäki,Vantaa,2022Q4,Studio,23.17,69.0
01510,Kirkonkylä-Veromäki,Vantaa,2023Q1,Studio,23.06,72.0
01510,Kirkonkylä-Veromäki,Vantaa,2023Q2,Studio,23.22,73.0
01510,Kirkonkylä-Veromäki,Vantaa,2023Q3,Studio,23.23,71.0
01510,Kirkonkylä-Veromäki,Vantaa,2023Q4,Studio,23.14,71.0
01510,Kirkonkylä-Veromäki,Vantaa,2024Q1,Studio,22.95,76.0
01510,Kirkonkylä-Veromäki,Vantaa,2024Q2,Studio,23.1,76.0
01510,Kirkonkylä-Veromäki,Vantaa,2024Q3,Studio,23.16,70.0
01510,Kirkonkylä-Veromäki,Vantaa,2024Q4,Studio,23.2,71.0
01510,Kirkonkylä-Veromäki,Vantaa,2025Q1,Studio,23.06,77.0
01510,Kirkonkylä-Veromäki,Vantaa,2025Q2,Studio,23.07,72.0
01510,Kirkonkylä-Veromäki,Vantaa,2025Q3,Studio,23.19,95.0
01510,Kirkonkylä-Veromäki,Vantaa,2025Q4,Studio,22.67,79.0
01520,Tammisto,Vantaa,2015Q1,One-bedroom,17.0,47.0
01520,Tammisto,Vantaa,2016Q1,One-bedroom,18.53,40.0
01520,Tammisto,Vantaa,2016Q2,One-bedroom,18.19,48.0
01520,Tammisto,Vantaa,2016Q2,Studio,20.41,20.0
01520,Tammisto,Vantaa,2016Q2,Two-bedroom+,16.34,33.0
01520,Tammisto,Vantaa,2016Q3,One-bedroom,18.49,49.0
01520,Tammisto,Vantaa,2016Q3,Studio,20.38,20.0
01520,Tammisto,Vantaa,2016Q3,Two-bedroom+,16.34,33.0
01520,Tammisto,Vantaa,2018Q1,Studio,21.19,29.0
01520,Tammisto,Vantaa,2018Q2,Studio,21.15,28.0
01520,Tammisto,Vantaa,2018Q3,Studio,21.26,27.0
01520,Tammisto,Vantaa,2018Q4,Studio,21.26,26.0
01520,Tammisto,Vantaa,2019Q1,Studio,21.19,27.0
01520,Tammisto,Vantaa,2019Q2,Studio,21.32,28.0
01520,Tammisto,Vantaa,2019Q3,Studio,21.53,29.0
01520,Tammisto,Vantaa,2019Q4,Studio,22.04,26.0
01520,Tammisto,Vantaa,2020Q1,Studio,21.85,26.0
01520,Tammisto,Vantaa,2020Q2,Studio,21.82,25.0
01520,Tammisto,Vantaa,2020Q4,Studio,22.03,24.0
01520,Tammisto,Vantaa,2021Q1,One-bedroom,19.28,87.0
01520,Tammisto,Vantaa,2021Q1,Studio,22.4,28.0
01520,Tammisto,Vantaa,2021Q2,Studio,22.34,27.0
01520,Tammisto,Vantaa,2021Q3,Studio,22.2,25.0
01520,Tammisto,Vantaa,2021Q4,Studio,22.53,25.0
01520,Tammisto,Vantaa,2022Q1,Studio,23.39,34.0
01520,Tammisto,Vantaa,2024Q1,Studio,22.4,33.0
01520,Tammisto,Vantaa,2024Q2,Studio,22.31,34.0
01520,Tammisto,Vantaa,2024Q4,Studio,22.42,33.0
01520,Tammisto,Vantaa,2025Q1,Studio,22.07,34.0
01600,Myyrmäki,Vantaa,2015Q1,One-bedroom,15.95,241.0
01600,Myyrmäki,Vantaa,2015Q1,Studio,19.23,216.0
01600,Myyrmäki,Vantaa,2015Q2,One-bedroom,16.03,248.0
01600,Myyrmäki,Vantaa,2015Q2,Studio,19.24,244.0
01600,Myyrmäki,Vantaa,2015Q3,One-bedroom,15.87,258.0
01600,Myyrmäki,Vantaa,2015Q3,Studio,19.27,240.0
01600,Myyrmäki,Vantaa,2015Q4,One-bedroom,15.88,276.0
01600,Myyrmäki,Vantaa,2015Q4,Studio,19.4,252.0
01600,Myyrmäki,Vantaa,2016Q1,One-bedroom,16.23,291.0
01600,Myyrmäki,Vantaa,2016Q1,Studio,19.61,246.0
01600,Myyrmäki,Vantaa,2016Q2,One-bedroom,16.66,340.0
01600,Myyrmäki,Vantaa,2016Q2,Studio,19.74,265.0
01600,Myyrmäki,Vantaa,2016Q3,One-bedroom,16.73,332.0
01600,Myyrmäki,Vantaa,2016Q3,Studio,19.95,260.0
01600,Myyrmäki,Vantaa,2016Q4,One-bedroom,16.68,366.0
01600,Myyrmäki,Vantaa,2016Q4,Studio,20.18,277.0
01600,Myyrmäki,Vantaa,2017Q1,One-bedroom,16.66,379.0
01600,Myyrmäki,Vantaa,2017Q1,Studio,20.34,275.0
01600,Myyrmäki,Vantaa,2017Q2,One-bedroom,16.82,387.0
01600,Myyrmäki,Vantaa,2017Q2,Studio,20.5,278.0
01600,Myyrmäki,Vantaa,2017Q3,One-bedroom,17.01,398.0
01600,Myyrmäki,Vantaa,2017Q3,Studio,20.55,299.0
01600,Myyrmäki,Vantaa,2017Q4,One-bedroom,16.95,425.0
01600,Myyrmäki,Vantaa,2017Q4,Studio,20.59,334.0
01600,Myyrmäki,Vantaa,2018Q1,One-bedroom,16.63,453.0
01600,Myyrmäki,Vantaa,2018Q1,Studio,21.16,352.0
01600,Myyrmäki,Vantaa,2018Q1,Two-bedroom+,15.72,286.0
01600,Myyrmäki,Vantaa,2018Q2,One-bedroom,16.7,436.0
01600,Myyrmäki,Vantaa,2018Q2,Studio,21.23,351.0
01600,Myyrmäki,Vantaa,2018Q2,Two-bedroom+,15.64,291.0
01600,Myyrmäki,Vantaa,2018Q3,One-bedroom,16.78,427.0
01600,Myyrmäki,Vantaa,2018Q3,Studio,21.06,323.0
01600,Myyrmäki,Vantaa,2018Q3,Two-bedroom+,15.7,284.0
01600,Myyrmäki,Vantaa,2018Q4,One-bedroom,17.11,409.0
01600,Myyrmäki,Vantaa,2018Q4,Studio,21.0,331.0
01600,Myyrmäki,Vantaa,2019Q1,One-bedroom,16.91,424.0
01600,Myyrmäki,Vantaa,2019Q1,Studio,21.57,333.0
01600,Myyrmäki,Vantaa,2019Q1,Two-bedroom+,15.77,279.0
01600,Myyrmäki,Vantaa,2019Q2,One-bedroom,17.08,411.0
01600,Myyrmäki,Vantaa,2019Q2,Studio,21.67,336.0
01600,Myyrmäki,Vantaa,2019Q2,Two-bedroom+,15.83,288.0
01600,Myyrmäki,Vantaa,2019Q3,One-bedroom,17.12,412.0
01600,Myyrmäki,Vantaa,2019Q3,Studio,21.81,347.0
01600,Myyrmäki,Vantaa,2019Q3,Two-bedroom+,15.91,284.0
01600,Myyrmäki,Vantaa,2019Q4,One-bedroom,17.55,392.0
01600,Myyrmäki,Vantaa,2019Q4,Studio,21.73,329.0
01600,Myyrmäki,Vantaa,2020Q1,One-bedroom,17.72,415.0
01600,Myyrmäki,Vantaa,2020Q1,Studio,21.91,355.0
01600,Myyrmäki,Vantaa,2020Q2,One-bedroom,17.81,413.0
01600,Myyrmäki,Vantaa,2020Q2,Studio,22.07,388.0
01600,Myyrmäki,Vantaa,2020Q2,Two-bedroom+,16.23,287.0
01600,Myyrmäki,Vantaa,2020Q3,One-bedroom,17.83,419.0
01600,Myyrmäki,Vantaa,2020Q3,Studio,22.23,396.0
01600,Myyrmäki,Vantaa,2020Q3,Two-bedroom+,16.21,283.0
01600,Myyrmäki,Vantaa,2020Q4,One-bedroom,17.8,422.0
01600,Myyrmäki,Vantaa,2020Q4,Studio,22.27,410.0
01600,Myyrmäki,Vantaa,2021Q1,One-bedroom,17.73,426.0
01600,Myyrmäki,Vantaa,2021Q1,Studio,22.28,392.0
01600,Myyrmäki,Vantaa,2021Q1,Two-bedroom+,16.15,299.0
01600,Myyrmäki,Vantaa,2021Q2,One-bedroom,17.78,425.0
01600,Myyrmäki,Vantaa,2021Q2,Studio,22.28,382.0
01600,Myyrmäki,Vantaa,2021Q2,Two-bedroom+,16.12,298.0
01600,Myyrmäki,Vantaa,2021Q3,One-bedroom,17.74,424.0
01600,Myyrmäki,Vantaa,2021Q3,Studio,22.26,361.0
01600,Myyrmäki,Vantaa,2021Q3,Two-bedroom+,16.17,294.0
01600,Myyrmäki,Vantaa,2021Q4,One-bedroom,17.79,453.0
01600,Myyrmäki,Vantaa,2021Q4,Studio,22.37,385.0
01600,Myyrmäki,Vantaa,2021Q4,Two-bedroom+,16.32,297.0
01600,Myyrmäki,Vantaa,2022Q1,One-bedroom,17.95,475.0
01600,Myyrmäki,Vantaa,2022Q1,Studio,22.7,412.0
01600,Myyrmäki,Vantaa,2022Q2,One-bedroom,18.14,438.0
01600,Myyrmäki,Vantaa,2022Q2,Studio,22.81,384.0
01600,Myyrmäki,Vantaa,2022Q3,One-bedroom,18.43,460.0
01600,Myyrmäki,Vantaa,2022Q3,Studio,23.03,385.0
01600,Myyrmäki,Vantaa,2022Q4,One-bedroom,18.57,487.0
01600,Myyrmäki,Vantaa,2022Q4,Studio,23.17,425.0
01600,Myyrmäki,Vantaa,2023Q1,One-bedroom,18.81,517.0
01600,Myyrmäki,Vantaa,2023Q1,Studio,23.74,446.0
01600,Myyrmäki,Vantaa,2023Q2,One-bedroom,18.84,527.0
01600,Myyrmäki,Vantaa,2023Q2,Studio,23.85,441.0
01600,Myyrmäki,Vantaa,2023Q3,One-bedroom,18.75,530.0
01600,Myyrmäki,Vantaa,2023Q3,Studio,23.96,424.0
01600,Myyrmäki,Vantaa,2023Q4,One-bedroom,18.71,548.0
01600,Myyrmäki,Vantaa,2023Q4,Studio,24.02,439.0
01600,Myyrmäki,Vantaa,2024Q1,One-bedroom,18.79,541.0
01600,Myyrmäki,Vantaa,2024Q1,Studio,24.07,431.0
01600,Myyrmäki,Vantaa,2024Q2,One-bedroom,18.86,536.0
01600,Myyrmäki,Vantaa,2024Q2,Studio,24.15,428.0
01600,Myyrmäki,Vantaa,2024Q3,Studio,24.22,403.0
01600,Myyrmäki,Vantaa,2024Q4,Studio,24.28,425.0
01600,Myyrmäki,Vantaa,2025Q1,One-bedroom,18.61,555.0
01600,Myyrmäki,Vantaa,2025Q1,Studio,24.08,436.0
01600,Myyrmäki,Vantaa,2025Q2,Studio,24.11,423.0
01600,Myyrmäki,Vantaa,2025Q3,Studio,24.54,503.0
01600,Myyrmäki,Vantaa,2025Q4,Studio,24.1,425.0
01610,Kaivoksela,Vantaa,2015Q1,One-bedroom,17.35,148.0
01610,Kaivoksela,Vantaa,2015Q1,Studio,19.52,48.0
01610,Kaivoksela,Vantaa,2015Q2,One-bedroom,17.31,158.0
01610,Kaivoksela,Vantaa,2015Q2,Studio,19.72,57.0
01610,Kaivoksela,Vantaa,2015Q3,One-bedroom,17.14,161.0
01610,Kaivoksela,Vantaa,2015Q3,Studio,19.95,57.0
01610,Kaivoksela,Vantaa,2015Q4,One-bedroom,17.17,164.0
01610,Kaivoksela,Vantaa,2015Q4,Studio,19.92,57.0
01610,Kaivoksela,Vantaa,2016Q1,One-bedroom,17.4,165.0
01610,Kaivoksela,Vantaa,2016Q1,Studio,20.58,67.0
01610,Kaivoksela,Vantaa,2016Q2,One-bedroom,17.59,180.0
01610,Kaivoksela,Vantaa,2016Q2,Studio,20.78,69.0
01610,Kaivoksela,Vantaa,2016Q3,One-bedroom,17.48,181.0
01610,Kaivoksela,Vantaa,2016Q3,Studio,20.63,74.0
01610,Kaivoksela,Vantaa,2016Q3,Two-bedroom+,15.86,112.0
01610,Kaivoksela,Vantaa,2016Q4,One-bedroom,17.35,186.0
01610,Kaivoksela,Vantaa,2016Q4,Studio,20.7,75.0
01610,Kaivoksela,Vantaa,2016Q4,Two-bedroom+,15.97,112.0
01610,Kaivoksela,Vantaa,2017Q1,One-bedroom,17.5,205.0
01610,Kaivoksela,Vantaa,2017Q1,Studio,20.85,80.0
01610,Kaivoksela,Vantaa,2017Q2,One-bedroom,17.49,208.0
01610,Kaivoksela,Vantaa,2017Q2,Studio,21.25,80.0
01610,Kaivoksela,Vantaa,2017Q3,One-bedroom,17.84,209.0
01610,Kaivoksela,Vantaa,2017Q3,Studio,21.37,83.0
01610,Kaivoksela,Vantaa,2017Q4,One-bedroom,17.79,210.0
01610,Kaivoksela,Vantaa,2017Q4,Studio,21.24,82.0
01610,Kaivoksela,Vantaa,2018Q1,One-bedroom,17.81,215.0
01610,Kaivoksela,Vantaa,2018Q1,Studio,21.66,95.0
01610,Kaivoksela,Vantaa,2018Q2,One-bedroom,17.69,216.0
01610,Kaivoksela,Vantaa,2018Q2,Studio,21.8,90.0
01610,Kaivoksela,Vantaa,2018Q3,One-bedroom,17.78,200.0
01610,Kaivoksela,Vantaa,2018Q3,Studio,21.43,85.0
01610,Kaivoksela,Vantaa,2018Q4,One-bedroom,18.47,215.0
01610,Kaivoksela,Vantaa,2018Q4,Studio,22.48,118.0
01610,Kaivoksela,Vantaa,2019Q1,One-bedroom,18.13,234.0
01610,Kaivoksela,Vantaa,2019Q1,Studio,22.72,113.0
01610,Kaivoksela,Vantaa,2019Q2,One-bedroom,18.08,235.0
01610,Kaivoksela,Vantaa,2019Q2,Studio,22.81,112.0
01610,Kaivoksela,Vantaa,2019Q3,One-bedroom,18.43,251.0
01610,Kaivoksela,Vantaa,2019Q3,Studio,23.7,144.0
01610,Kaivoksela,Vantaa,2019Q4,One-bedroom,18.86,243.0
01610,Kaivoksela,Vantaa,2019Q4,Studio,23.45,150.0
01610,Kaivoksela,Vantaa,2020Q1,One-bedroom,18.91,249.0
01610,Kaivoksela,Vantaa,2020Q1,Studio,23.55,175.0
01610,Kaivoksela,Vantaa,2020Q2,One-bedroom,19.0,244.0
01610,Kaivoksela,Vantaa,2020Q2,Studio,23.49,185.0
01610,Kaivoksela,Vantaa,2020Q3,One-bedroom,19.01,238.0
01610,Kaivoksela,Vantaa,2020Q3,Studio,23.75,181.0
01610,Kaivoksela,Vantaa,2020Q4,One-bedroom,19.04,235.0
01610,Kaivoksela,Vantaa,2020Q4,Studio,24.0,175.0
01610,Kaivoksela,Vantaa,2021Q1,One-bedroom,18.86,246.0
01610,Kaivoksela,Vantaa,2021Q1,Studio,24.22,182.0
01610,Kaivoksela,Vantaa,2021Q2,One-bedroom,18.87,241.0
01610,Kaivoksela,Vantaa,2021Q2,Studio,24.2,177.0
01610,Kaivoksela,Vantaa,2021Q3,One-bedroom,18.87,244.0
01610,Kaivoksela,Vantaa,2021Q3,Studio,24.09,171.0
01610,Kaivoksela,Vantaa,2021Q4,One-bedroom,18.83,247.0
01610,Kaivoksela,Vantaa,2021Q4,Studio,23.8,188.0
01610,Kaivoksela,Vantaa,2022Q1,One-bedroom,18.67,258.0
01610,Kaivoksela,Vantaa,2022Q1,Studio,23.93,227.0
01610,Kaivoksela,Vantaa,2022Q2,One-bedroom,18.73,246.0
01610,Kaivoksela,Vantaa,2022Q2,Studio,24.03,204.0
01610,Kaivoksela,Vantaa,2022Q3,One-bedroom,18.75,239.0
01610,Kaivoksela,Vantaa,2022Q3,Studio,23.94,209.0
01610,Kaivoksela,Vantaa,2022Q4,One-bedroom,18.72,242.0
01610,Kaivoksela,Vantaa,2022Q4,Studio,23.97,224.0
01610,Kaivoksela,Vantaa,2023Q1,One-bedroom,18.62,239.0
01610,Kaivoksela,Vantaa,2023Q1,Studio,23.87,217.0
01610,Kaivoksela,Vantaa,2023Q2,One-bedroom,18.54,243.0
01610,Kaivoksela,Vantaa,2023Q2,Studio,23.87,209.0
01610,Kaivoksela,Vantaa,2023Q3,One-bedroom,18.4,248.0
01610,Kaivoksela,Vantaa,2023Q3,Studio,23.73,215.0
01610,Kaivoksela,Vantaa,2023Q4,One-bedroom,18.39,243.0
01610,Kaivoksela,Vantaa,2023Q4,Studio,23.53,214.0
01610,Kaivoksela,Vantaa,2024Q1,One-bedroom,18.35,230.0
01610,Kaivoksela,Vantaa,2024Q1,Studio,23.47,214.0
01610,Kaivoksela,Vantaa,2024Q2,One-bedroom,18.31,229.0
01610,Kaivoksela,Vantaa,2024Q2,Studio,23.43,220.0
01610,Kaivoksela,Vantaa,2024Q3,One-bedroom,18.32,233.0
01610,Kaivoksela,Vantaa,2024Q3,Studio,23.54,199.0
01610,Kaivoksela,Vantaa,2024Q4,One-bedroom,18.46,229.0
01610,Kaivoksela,Vantaa,2024Q4,Studio,23.59,188.0
01610,Kaivoksela,Vantaa,2025Q1,One-bedroom,18.36,237.0
01610,Kaivoksela,Vantaa,2025Q1,Studio,23.59,197.0
01610,Kaivoksela,Vantaa,2025Q2,One-bedroom,18.47,217.0
01610,Kaivoksela,Vantaa,2025Q2,Studio,23.66,184.0
01610,Kaivoksela,Vantaa,2025Q3,One-bedroom,18.32,305.0
01610,Kaivoksela,Vantaa,2025Q3,Studio,23.96,241.0
01610,Kaivoksela,Vantaa,2025Q4,One-bedroom,18.04,230.0
01610,Kaivoksela,Vantaa,2025Q4,Studio,23.32,186.0
01620,Martinlaakso,Vantaa,2015Q1,Studio,19.43,174.0
01620,Martinlaakso,Vantaa,2015Q2,One-bedroom,15.21,343.0
01620,Martinlaakso,Vantaa,2015Q2,Studio,19.44,174.0
01620,Martinlaakso,Vantaa,2015Q3,Studio,19.48,178.0
01620,Martinlaakso,Vantaa,2015Q4,One-bedroom,15.27,348.0
01620,Martinlaakso,Vantaa,2015Q4,Studio,19.52,182.0
01620,Martinlaakso,Vantaa,2016Q1,One-bedroom,15.64,339.0
01620,Martinlaakso,Vantaa,2016Q1,Studio,20.04,163.0
01620,Martinlaakso,Vantaa,2016Q2,One-bedroom,15.71,347.0
01620,Martinlaakso,Vantaa,2016Q2,Studio,20.17,180.0
01620,Martinlaakso,Vantaa,2016Q3,One-bedroom,15.72,348.0
01620,Martinlaakso,Vantaa,2016Q3,Studio,20.04,185.0
01620,Martinlaakso,Vantaa,2016Q4,One-bedroom,15.49,361.0
01620,Martinlaakso,Vantaa,2016Q4,Studio,19.98,193.0
01620,Martinlaakso,Vantaa,2017Q1,One-bedroom,15.69,354.0
01620,Martinlaakso,Vantaa,2017Q1,Studio,20.25,193.0
01620,Martinlaakso,Vantaa,2017Q2,One-bedroom,15.79,367.0
01620,Martinlaakso,Vantaa,2017Q2,Studio,20.16,194.0
01620,Martinlaakso,Vantaa,2017Q3,Studio,20.38,207.0
01620,Martinlaakso,Vantaa,2017Q4,One-bedroom,15.91,365.0
01620,Martinlaakso,Vantaa,2017Q4,Studio,20.44,203.0
01620,Martinlaakso,Vantaa,2018Q1,One-bedroom,15.98,370.0
01620,Martinlaakso,Vantaa,2018Q1,Studio,19.94,216.0
01620,Martinlaakso,Vantaa,2018Q2,One-bedroom,15.97,374.0
01620,Martinlaakso,Vantaa,2018Q2,Studio,20.07,203.0
01620,Martinlaakso,Vantaa,2018Q3,One-bedroom,16.0,372.0
01620,Martinlaakso,Vantaa,2018Q3,Studio,20.2,209.0
01620,Martinlaakso,Vantaa,2018Q4,One-bedroom,16.01,368.0
01620,Martinlaakso,Vantaa,2018Q4,Studio,20.8,210.0
01620,Martinlaakso,Vantaa,2019Q1,One-bedroom,16.03,372.0
01620,Martinlaakso,Vantaa,2019Q1,Studio,22.32,281.0
01620,Martinlaakso,Vantaa,2019Q2,One-bedroom,16.13,385.0
01620,Martinlaakso,Vantaa,2019Q2,Studio,22.68,301.0
01620,Martinlaakso,Vantaa,2019Q3,One-bedroom,16.12,383.0
01620,Martinlaakso,Vantaa,2019Q3,Studio,22.48,303.0
01620,Martinlaakso,Vantaa,2019Q4,Studio,24.03,337.0
01620,Martinlaakso,Vantaa,2020Q1,Studio,24.83,453.0
01620,Martinlaakso,Vantaa,2020Q2,Studio,24.89,456.0
01620,Martinlaakso,Vantaa,2020Q3,Studio,24.86,469.0
01620,Martinlaakso,Vantaa,2020Q4,Studio,24.93,471.0
01620,Martinlaakso,Vantaa,2021Q1,Studio,25.15,462.0
01620,Martinlaakso,Vantaa,2021Q2,Studio,25.13,456.0
01620,Martinlaakso,Vantaa,2021Q3,Studio,25.1,458.0
01620,Martinlaakso,Vantaa,2021Q4,Studio,25.07,459.0
01620,Martinlaakso,Vantaa,2022Q1,Studio,25.23,487.0
01620,Martinlaakso,Vantaa,2022Q2,Studio,25.61,447.0
01620,Martinlaakso,Vantaa,2022Q3,Studio,25.59,447.0
01620,Martinlaakso,Vantaa,2022Q4,Studio,25.64,452.0
01620,Martinlaakso,Vantaa,2023Q1,Studio,25.88,491.0
01620,Martinlaakso,Vantaa,2023Q2,Studio,25.84,493.0
01620,Martinlaakso,Vantaa,2023Q3,Studio,25.88,489.0
01620,Martinlaakso,Vantaa,2023Q4,Studio,25.77,498.0
01620,Martinlaakso,Vantaa,2024Q1,Studio,25.79,498.0
01620,Martinlaakso,Vantaa,2024Q2,Studio,25.88,496.0
01620,Martinlaakso,Vantaa,2024Q3,Studio,25.93,494.0
01620,Martinlaakso,Vantaa,2024Q4,Studio,25.6,510.0
01620,Martinlaakso,Vantaa,2025Q1,Studio,25.62,505.0
01620,Martinlaakso,Vantaa,2025Q2,Studio,25.72,503.0
01620,Martinlaakso,Vantaa,2025Q4,Studio,25.37,507.0
01640,Hämevaara,Vantaa,2020Q2,Studio,23.35,21.0
01640,Hämevaara,Vantaa,2020Q3,Studio,23.18,22.0
01640,Hämevaara,Vantaa,2020Q4,Studio,23.52,22.0
01640,Hämevaara,Vantaa,2021Q1,Studio,23.63,20.0
01640,Hämevaara,Vantaa,2022Q1,Studio,23.58,28.0
01640,Hämevaara,Vantaa,2022Q2,Studio,23.3,31.0
01640,Hämevaara,Vantaa,2022Q3,Studio,23.12,29.0
01640,Hämevaara,Vantaa,2022Q4,Studio,23.02,27.0
01640,Hämevaara,Vantaa,2023Q1,Studio,22.9,28.0
01640,Hämevaara,Vantaa,2023Q2,Studio,23.27,27.0
01640,Hämevaara,Vantaa,2023Q3,Studio,23.74,27.0
01640,Hämevaara,Vantaa,2023Q4,Studio,23.39,27.0
01640,Hämevaara,Vantaa,2024Q1,Studio,23.58,26.0
01640,Hämevaara,Vantaa,2024Q2,Studio,23.87,22.0
01640,Hämevaara,Vantaa,2024Q3,Studio,23.57,23.0
01640,Hämevaara,Vantaa,2024Q4,Studio,23.25,25.0
01640,Hämevaara,Vantaa,2025Q1,Studio,23.04,26.0
01640,Hämevaara,Vantaa,2025Q2,Studio,22.98,21.0
01640,Hämevaara,Vantaa,2025Q3,Studio,23.51,31.0
01640,Hämevaara,Vantaa,2025Q4,Studio,23.16,24.0
01650,Vapaala,Vantaa,2015Q1,One-bedroom,13.1,21.0
01650,Vapaala,Vantaa,2015Q1,Studio,17.96,29.0
01650,Vapaala,Vantaa,2015Q2,One-bedroom,12.76,24.0
01650,Vapaala,Vantaa,2015Q2,Studio,18.52,33.0
01650,Vapaala,Vantaa,2015Q3,One-bedroom,12.37,26.0
01650,Vapaala,Vantaa,2015Q3,Studio,18.66,37.0
01650,Vapaala,Vantaa,2015Q4,One-bedroom,12.71,29.0
01650,Vapaala,Vantaa,2015Q4,Studio,19.04,40.0
01650,Vapaala,Vantaa,2016Q1,One-bedroom,13.02,23.0
01650,Vapaala,Vantaa,2016Q1,Studio,19.39,42.0
01650,Vapaala,Vantaa,2016Q2,One-bedroom,13.27,27.0
01650,Vapaala,Vantaa,2016Q2,Studio,19.47,41.0
01650,Vapaala,Vantaa,2016Q3,One-bedroom,13.14,23.0
01650,Vapaala,Vantaa,2016Q3,Studio,19.73,37.0
01650,Vapaala,Vantaa,2016Q4,One-bedroom,13.45,25.0
01650,Vapaala,Vantaa,2016Q4,Studio,19.85,36.0
01650,Vapaala,Vantaa,2017Q1,One-bedroom,13.25,26.0
01650,Vapaala,Vantaa,2017Q1,Studio,19.66,36.0
01650,Vapaala,Vantaa,2017Q2,One-bedroom,13.13,25.0
01650,Vapaala,Vantaa,2017Q2,Studio,19.57,41.0
01650,Vapaala,Vantaa,2017Q3,One-bedroom,13.75,23.0
01650,Vapaala,Vantaa,2017Q3,Studio,19.58,43.0
01650,Vapaala,Vantaa,2017Q4,One-bedroom,16.02,63.0
01650,Vapaala,Vantaa,2017Q4,Studio,19.98,47.0
01650,Vapaala,Vantaa,2018Q1,One-bedroom,15.9,65.0
01650,Vapaala,Vantaa,2018Q1,Studio,19.92,48.0
01650,Vapaala,Vantaa,2018Q2,One-bedroom,15.82,66.0
01650,Vapaala,Vantaa,2018Q2,Studio,19.6,40.0
01650,Vapaala,Vantaa,2018Q3,One-bedroom,15.92,68.0
01650,Vapaala,Vantaa,2018Q3,Studio,19.52,42.0
01650,Vapaala,Vantaa,2018Q4,One-bedroom,16.23,63.0
01650,Vapaala,Vantaa,2018Q4,Studio,20.07,45.0
01650,Vapaala,Vantaa,2019Q1,One-bedroom,15.96,66.0
01650,Vapaala,Vantaa,2019Q1,Studio,20.09,48.0
01650,Vapaala,Vantaa,2019Q2,One-bedroom,16.05,68.0
01650,Vapaala,Vantaa,2019Q2,Studio,19.92,48.0
01650,Vapaala,Vantaa,2019Q3,One-bedroom,16.36,65.0
01650,Vapaala,Vantaa,2019Q3,Studio,19.87,44.0
01650,Vapaala,Vantaa,2019Q4,One-bedroom,16.53,63.0
01650,Vapaala,Vantaa,2019Q4,Studio,20.33,45.0
01650,Vapaala,Vantaa,2020Q1,One-bedroom,16.66,64.0
01650,Vapaala,Vantaa,2020Q1,Studio,20.42,37.0
01650,Vapaala,Vantaa,2020Q2,One-bedroom,16.75,61.0
01650,Vapaala,Vantaa,2020Q2,Studio,20.34,42.0
01650,Vapaala,Vantaa,2020Q3,One-bedroom,16.75,62.0
01650,Vapaala,Vantaa,2020Q3,Studio,20.21,46.0
01650,Vapaala,Vantaa,2020Q4,One-bedroom,16.62,66.0
01650,Vapaala,Vantaa,2020Q4,Studio,20.05,43.0
01650,Vapaala,Vantaa,2021Q1,One-bedroom,16.47,67.0
01650,Vapaala,Vantaa,2021Q1,Studio,20.19,41.0
01650,Vapaala,Vantaa,2021Q2,One-bedroom,16.53,67.0
01650,Vapaala,Vantaa,2021Q2,Studio,20.23,40.0
01650,Vapaala,Vantaa,2021Q3,One-bedroom,16.44,65.0
01650,Vapaala,Vantaa,2021Q3,Studio,20.32,32.0
01650,Vapaala,Vantaa,2021Q4,One-bedroom,16.33,70.0
01650,Vapaala,Vantaa,2021Q4,Studio,20.41,37.0
01650,Vapaala,Vantaa,2022Q1,One-bedroom,16.75,62.0
01650,Vapaala,Vantaa,2022Q1,Studio,20.73,39.0
01650,Vapaala,Vantaa,2022Q2,One-bedroom,16.78,57.0
01650,Vapaala,Vantaa,2022Q2,Studio,20.27,31.0
01650,Vapaala,Vantaa,2022Q3,One-bedroom,16.8,56.0
01650,Vapaala,Vantaa,2022Q3,Studio,20.4,34.0
01650,Vapaala,Vantaa,2022Q4,One-bedroom,16.83,54.0
01650,Vapaala,Vantaa,2022Q4,Studio,20.84,30.0
01650,Vapaala,Vantaa,2023Q1,One-bedroom,16.94,52.0
01650,Vapaala,Vantaa,2023Q1,Studio,20.45,29.0
01650,Vapaala,Vantaa,2023Q2,One-bedroom,16.85,55.0
01650,Vapaala,Vantaa,2023Q2,Studio,20.65,29.0
01650,Vapaala,Vantaa,2023Q3,One-bedroom,16.71,58.0
01650,Vapaala,Vantaa,2023Q3,Studio,20.68,28.0
01650,Vapaala,Vantaa,2023Q3,Two-bedroom+,16.03,29.0
01650,Vapaala,Vantaa,2023Q4,One-bedroom,16.74,58.0
01650,Vapaala,Vantaa,2023Q4,Studio,20.52,33.0
01650,Vapaala,Vantaa,2024Q1,One-bedroom,16.93,55.0
01650,Vapaala,Vantaa,2024Q1,Studio,20.37,32.0
01650,Vapaala,Vantaa,2024Q2,One-bedroom,17.21,51.0
01650,Vapaala,Vantaa,2024Q2,Studio,20.48,33.0
01650,Vapaala,Vantaa,2024Q3,Studio,20.54,33.0
01650,Vapaala,Vantaa,2024Q4,Studio,20.68,34.0
01650,Vapaala,Vantaa,2025Q1,Studio,20.7,33.0
01650,Vapaala,Vantaa,2025Q2,One-bedroom,17.47,51.0
01650,Vapaala,Vantaa,2025Q2,Studio,20.65,31.0
01650,Vapaala,Vantaa,2025Q3,One-bedroom,17.32,53.0
01650,Vapaala,Vantaa,2025Q3,Studio,20.81,29.0
01650,Vapaala,Vantaa,2025Q4,One-bedroom,17.31,51.0
01650,Vapaala,Vantaa,2025Q4,Studio,20.87,31.0
01700,Kivistö,Vantaa,2016Q1,One-bedroom,13.34,33.0
01700,Kivistö,Vantaa,2016Q2,One-bedroom,13.37,30.0
01700,Kivistö,Vantaa,2016Q3,One-bedroom,13.61,27.0
01700,Kivistö,Vantaa,2016Q4,One-bedroom,14.01,41.0
01700,Kivistö,Vantaa,2016Q4,Studio,23.35,21.0
01700,Kivistö,Vantaa,2017Q1,One-bedroom,15.24,36.0
01700,Kivistö,Vantaa,2017Q1,Studio,21.89,32.0
01700,Kivistö,Vantaa,2017Q2,One-bedroom,15.69,36.0
01700,Kivistö,Vantaa,2017Q2,Studio,22.12,43.0
01700,Kivistö,Vantaa,2017Q3,One-bedroom,18.51,38.0
01700,Kivistö,Vantaa,2017Q3,Studio,22.81,46.0
01700,Kivistö,Vantaa,2017Q4,One-bedroom,18.7,45.0
01700,Kivistö,Vantaa,2017Q4,Studio,22.87,70.0
01700,Kivistö,Vantaa,2018Q1,One-bedroom,18.24,49.0
01700,Kivistö,Vantaa,2018Q1,Studio,23.09,86.0
01700,Kivistö,Vantaa,2018Q2,One-bedroom,18.68,43.0
01700,Kivistö,Vantaa,2018Q2,Studio,23.07,81.0
01700,Kivistö,Vantaa,2018Q3,One-bedroom,18.84,38.0
01700,Kivistö,Vantaa,2018Q3,Studio,23.37,71.0
01700,Kivistö,Vantaa,2018Q4,One-bedroom,18.55,35.0
01700,Kivistö,Vantaa,2018Q4,Studio,23.19,68.0
01700,Kivistö,Vantaa,2019Q1,One-bedroom,19.34,38.0
01700,Kivistö,Vantaa,2019Q1,Studio,23.43,75.0
01700,Kivistö,Vantaa,2019Q2,One-bedroom,20.11,29.0
01700,Kivistö,Vantaa,2019Q2,Studio,23.32,75.0
01700,Kivistö,Vantaa,2019Q3,One-bedroom,20.24,21.0
01700,Kivistö,Vantaa,2019Q3,Studio,22.91,72.0
01700,Kivistö,Vantaa,2019Q4,One-bedroom,19.26,34.0
01700,Kivistö,Vantaa,2019Q4,Studio,23.59,95.0
01700,Kivistö,Vantaa,2019Q4,Two-bedroom+,17.79,34.0
01700,Kivistö,Vantaa,2020Q1,One-bedroom,19.42,47.0
01700,Kivistö,Vantaa,2020Q1,Studio,24.5,124.0
01700,Kivistö,Vantaa,2020Q1,Two-bedroom+,17.92,37.0
01700,Kivistö,Vantaa,2020Q2,One-bedroom,19.62,56.0
01700,Kivistö,Vantaa,2020Q2,Studio,24.47,141.0
01700,Kivistö,Vantaa,2020Q2,Two-bedroom+,18.23,37.0
01700,Kivistö,Vantaa,2020Q3,One-bedroom,19.74,55.0
01700,Kivistö,Vantaa,2020Q3,Studio,24.4,147.0
01700,Kivistö,Vantaa,2020Q3,Two-bedroom+,18.3,36.0
01700,Kivistö,Vantaa,2020Q4,One-bedroom,19.63,60.0
01700,Kivistö,Vantaa,2020Q4,Studio,24.59,151.0
01700,Kivistö,Vantaa,2020Q4,Two-bedroom+,18.45,35.0
01700,Kivistö,Vantaa,2021Q1,One-bedroom,19.63,72.0
01700,Kivistö,Vantaa,2021Q1,Studio,24.96,231.0
01700,Kivistö,Vantaa,2021Q1,Two-bedroom+,18.23,38.0
01700,Kivistö,Vantaa,2021Q2,One-bedroom,19.66,81.0
01700,Kivistö,Vantaa,2021Q2,Studio,24.91,235.0
01700,Kivistö,Vantaa,2021Q2,Two-bedroom+,18.07,40.0
01700,Kivistö,Vantaa,2021Q3,One-bedroom,19.51,71.0
01700,Kivistö,Vantaa,2021Q3,Studio,24.9,212.0
01700,Kivistö,Vantaa,2021Q3,Two-bedroom+,17.95,43.0
01700,Kivistö,Vantaa,2021Q4,One-bedroom,19.58,77.0
01700,Kivistö,Vantaa,2021Q4,Studio,25.06,233.0
01700,Kivistö,Vantaa,2021Q4,Two-bedroom+,18.2,39.0
01700,Kivistö,Vantaa,2022Q1,One-bedroom,19.5,119.0
01700,Kivistö,Vantaa,2022Q1,Studio,24.61,288.0
01700,Kivistö,Vantaa,2022Q1,Two-bedroom+,17.81,53.0
01700,Kivistö,Vantaa,2022Q2,One-bedroom,19.49,104.0
01700,Kivistö,Vantaa,2022Q2,Studio,24.35,234.0
01700,Kivistö,Vantaa,2022Q2,Two-bedroom+,18.04,59.0
01700,Kivistö,Vantaa,2022Q3,One-bedroom,19.38,93.0
01700,Kivistö,Vantaa,2022Q3,Studio,24.34,223.0
01700,Kivistö,Vantaa,2022Q3,Two-bedroom+,17.84,58.0
01700,Kivistö,Vantaa,2022Q4,One-bedroom,20.23,104.0
01700,Kivistö,Vantaa,2022Q4,Studio,25.09,214.0
01700,Kivistö,Vantaa,2022Q4,Two-bedroom+,22.66,54.0
01700,Kivistö,Vantaa,2023Q1,One-bedroom,19.09,98.0
01700,Kivistö,Vantaa,2023Q1,Studio,24.52,214.0
01700,Kivistö,Vantaa,2023Q1,Two-bedroom+,18.17,58.0
01700,Kivistö,Vantaa,2023Q2,One-bedroom,19.37,124.0
01700,Kivistö,Vantaa,2023Q2,Studio,24.35,232.0
01700,Kivistö,Vantaa,2023Q2,Two-bedroom+,18.03,70.0
01700,Kivistö,Vantaa,2023Q3,One-bedroom,19.46,149.0
01700,Kivistö,Vantaa,2023Q3,Studio,24.52,261.0
01700,Kivistö,Vantaa,2023Q3,Two-bedroom+,18.05,87.0
01700,Kivistö,Vantaa,2023Q4,One-bedroom,19.39,160.0
01700,Kivistö,Vantaa,2023Q4,Studio,24.38,309.0
01700,Kivistö,Vantaa,2023Q4,Two-bedroom+,18.13,85.0
01700,Kivistö,Vantaa,2024Q1,One-bedroom,19.22,162.0
01700,Kivistö,Vantaa,2024Q1,Studio,24.31,314.0
01700,Kivistö,Vantaa,2024Q1,Two-bedroom+,18.12,86.0
01700,Kivistö,Vantaa,2024Q2,One-bedroom,19.32,179.0
01700,Kivistö,Vantaa,2024Q2,Studio,24.25,303.0
01700,Kivistö,Vantaa,2024Q2,Two-bedroom+,18.04,82.0
01700,Kivistö,Vantaa,2024Q3,One-bedroom,19.4,166.0
01700,Kivistö,Vantaa,2024Q3,Studio,24.18,288.0
01700,Kivistö,Vantaa,2024Q3,Two-bedroom+,18.22,81.0
01700,Kivistö,Vantaa,2024Q4,One-bedroom,19.36,152.0
01700,Kivistö,Vantaa,2024Q4,Studio,24.21,294.0
01700,Kivistö,Vantaa,2024Q4,Two-bedroom+,18.15,83.0
01700,Kivistö,Vantaa,2025Q1,One-bedroom,19.36,162.0
01700,Kivistö,Vantaa,2025Q1,Studio,24.28,307.0
01700,Kivistö,Vantaa,2025Q1,Two-bedroom+,18.1,88.0
01700,Kivistö,Vantaa,2025Q2,One-bedroom,19.33,132.0
01700,Kivistö,Vantaa,2025Q2,Studio,24.19,282.0
01700,Kivistö,Vantaa,2025Q2,Two-bedroom+,18.06,78.0
01700,Kivistö,Vantaa,2025Q3,One-bedroom,19.41,133.0
01700,Kivistö,Vantaa,2025Q3,Studio,24.34,259.0
01700,Kivistö,Vantaa,2025Q3,Two-bedroom+,18.08,85.0
01700,Kivistö,Vantaa,2025Q4,One-bedroom,18.92,146.0
01700,Kivistö,Vantaa,2025Q4,Studio,24.1,281.0
01700,Kivistö,Vantaa,2025Q4,Two-bedroom+,18.02,81.0
01710,Pähkinärinne,Vantaa,2015Q1,One-bedroom,14.94,58.0
01710,Pähkinärinne,Vantaa,2015Q1,Studio,18.32,41.0
01710,Pähkinärinne,Vantaa,2015Q2,One-bedroom,14.89,70.0
01710,Pähkinärinne,Vantaa,2015Q2,Studio,18.61,45.0
01710,Pähkinärinne,Vantaa,2015Q3,One-bedroom,14.94,67.0
01710,Pähkinärinne,Vantaa,2015Q3,Studio,18.17,43.0
01710,Pähkinärinne,Vantaa,2015Q4,One-bedroom,15.11,64.0
01710,Pähkinärinne,Vantaa,2015Q4,Studio,18.19,44.0
01710,Pähkinärinne,Vantaa,2016Q1,One-bedroom,15.3,63.0
01710,Pähkinärinne,Vantaa,2016Q1,Studio,18.66,46.0
01710,Pähkinärinne,Vantaa,2016Q2,One-bedroom,15.08,67.0
01710,Pähkinärinne,Vantaa,2016Q2,Studio,19.07,51.0
01710,Pähkinärinne,Vantaa,2016Q3,One-bedroom,15.45,65.0
01710,Pähkinärinne,Vantaa,2016Q3,Studio,19.32,45.0
01710,Pähkinärinne,Vantaa,2016Q4,One-bedroom,14.99,66.0
01710,Pähkinärinne,Vantaa,2016Q4,Studio,19.22,45.0
01710,Pähkinärinne,Vantaa,2017Q1,One-bedroom,15.13,64.0
01710,Pähkinärinne,Vantaa,2017Q1,Studio,19.97,47.0
01710,Pähkinärinne,Vantaa,2017Q2,One-bedroom,15.32,71.0
01710,Pähkinärinne,Vantaa,2017Q2,Studio,20.31,52.0
01710,Pähkinärinne,Vantaa,2017Q3,One-bedroom,15.77,65.0
01710,Pähkinärinne,Vantaa,2017Q3,Studio,19.88,55.0
01710,Pähkinärinne,Vantaa,2017Q4,One-bedroom,15.94,68.0
01710,Pähkinärinne,Vantaa,2017Q4,Studio,20.22,58.0
01710,Pähkinärinne,Vantaa,2018Q1,One-bedroom,15.35,80.0
01710,Pähkinärinne,Vantaa,2018Q1,Studio,20.1,58.0
01710,Pähkinärinne,Vantaa,2018Q1,Two-bedroom+,14.2,52.0
01710,Pähkinärinne,Vantaa,2018Q2,One-bedroom,15.06,75.0
01710,Pähkinärinne,Vantaa,2018Q2,Studio,20.38,58.0
01710,Pähkinärinne,Vantaa,2018Q3,One-bedroom,15.28,73.0
01710,Pähkinärinne,Vantaa,2018Q3,Studio,20.52,52.0
01710,Pähkinärinne,Vantaa,2018Q4,One-bedroom,15.81,62.0
01710,Pähkinärinne,Vantaa,2018Q4,Studio,20.61,52.0
01710,Pähkinärinne,Vantaa,2019Q1,One-bedroom,15.44,70.0
01710,Pähkinärinne,Vantaa,2019Q1,Studio,20.83,57.0
01710,Pähkinärinne,Vantaa,2019Q2,One-bedroom,15.44,70.0
01710,Pähkinärinne,Vantaa,2019Q2,Studio,20.69,58.0
01710,Pähkinärinne,Vantaa,2019Q3,One-bedroom,15.8,74.0
01710,Pähkinärinne,Vantaa,2019Q3,Studio,20.51,65.0
01710,Pähkinärinne,Vantaa,2019Q4,One-bedroom,15.58,82.0
01710,Pähkinärinne,Vantaa,2019Q4,Studio,20.44,75.0
01710,Pähkinärinne,Vantaa,2020Q1,One-bedroom,14.99,122.0
01710,Pähkinärinne,Vantaa,2020Q1,Studio,19.79,109.0
01710,Pähkinärinne,Vantaa,2020Q2,One-bedroom,15.05,122.0
01710,Pähkinärinne,Vantaa,2020Q2,Studio,19.95,111.0
01710,Pähkinärinne,Vantaa,2020Q3,One-bedroom,15.13,119.0
01710,Pähkinärinne,Vantaa,2020Q3,Studio,20.15,111.0
01710,Pähkinärinne,Vantaa,2020Q4,One-bedroom,15.15,115.0
01710,Pähkinärinne,Vantaa,2020Q4,Studio,20.23,114.0
01710,Pähkinärinne,Vantaa,2021Q1,One-bedroom,15.21,122.0
01710,Pähkinärinne,Vantaa,2021Q1,Studio,20.28,105.0
01710,Pähkinärinne,Vantaa,2021Q2,One-bedroom,15.19,120.0
01710,Pähkinärinne,Vantaa,2021Q2,Studio,20.24,108.0
01710,Pähkinärinne,Vantaa,2021Q3,One-bedroom,15.31,117.0
01710,Pähkinärinne,Vantaa,2021Q3,Studio,20.3,107.0
01710,Pähkinärinne,Vantaa,2021Q4,One-bedroom,15.44,113.0
01710,Pähkinärinne,Vantaa,2021Q4,Studio,20.32,110.0
01710,Pähkinärinne,Vantaa,2022Q1,One-bedroom,15.56,115.0
01710,Pähkinärinne,Vantaa,2022Q1,Studio,20.11,116.0
01710,Pähkinärinne,Vantaa,2022Q2,One-bedroom,15.5,113.0
01710,Pähkinärinne,Vantaa,2022Q2,Studio,20.19,108.0
01710,Pähkinärinne,Vantaa,2022Q3,One-bedroom,15.68,108.0
01710,Pähkinärinne,Vantaa,2022Q3,Studio,20.25,104.0
01710,Pähkinärinne,Vantaa,2022Q4,One-bedroom,15.72,108.0
01710,Pähkinärinne,Vantaa,2022Q4,Studio,20.36,97.0
01710,Pähkinärinne,Vantaa,2023Q1,One-bedroom,15.76,110.0
01710,Pähkinärinne,Vantaa,2023Q1,Studio,20.71,104.0
01710,Pähkinärinne,Vantaa,2023Q2,One-bedroom,15.81,110.0
01710,Pähkinärinne,Vantaa,2023Q2,Studio,20.81,99.0
01710,Pähkinärinne,Vantaa,2023Q3,One-bedroom,15.79,108.0
01710,Pähkinärinne,Vantaa,2023Q3,Studio,20.84,98.0
01710,Pähkinärinne,Vantaa,2023Q4,One-bedroom,16.54,150.0
01710,Pähkinärinne,Vantaa,2023Q4,Studio,21.1,130.0
01710,Pähkinärinne,Vantaa,2024Q1,One-bedroom,16.57,148.0
01710,Pähkinärinne,Vantaa,2024Q1,Studio,21.01,123.0
01710,Pähkinärinne,Vantaa,2024Q2,One-bedroom,16.57,144.0
01710,Pähkinärinne,Vantaa,2024Q2,Studio,21.12,121.0
01710,Pähkinärinne,Vantaa,2024Q3,One-bedroom,16.59,142.0
01710,Pähkinärinne,Vantaa,2024Q3,Studio,21.21,123.0
01710,Pähkinärinne,Vantaa,2024Q4,One-bedroom,16.63,143.0
01710,Pähkinärinne,Vantaa,2024Q4,Studio,21.16,122.0
01710,Pähkinärinne,Vantaa,2025Q1,One-bedroom,16.56,151.0
01710,Pähkinärinne,Vantaa,2025Q1,Studio,21.36,130.0
01710,Pähkinärinne,Vantaa,2025Q2,One-bedroom,16.46,147.0
01710,Pähkinärinne,Vantaa,2025Q2,Studio,21.25,117.0
01710,Pähkinärinne,Vantaa,2025Q4,One-bedroom,16.12,142.0
01710,Pähkinärinne,Vantaa,2025Q4,Studio,21.02,119.0
02100,Tapiola,Espoo,2015Q1,One-bedroom,19.51,78.0
02100,Tapiola,Espoo,2015Q1,Studio,22.4,59.0
02100,Tapiola,Espoo,2015Q1,Two-bedroom+,16.04,23.0
02100,Tapiola,Espoo,2015Q2,One-bedroom,19.2,99.0
02100,Tapiola,Espoo,2015Q2,Studio,22.61,80.0
02100,Tapiola,Espoo,2015Q2,Two-bedroom+,17.76,31.0
02100,Tapiola,Espoo,2015Q3,One-bedroom,20.31,127.0
02100,Tapiola,Espoo,2015Q3,Studio,22.93,107.0
02100,Tapiola,Espoo,2015Q4,One-bedroom,19.98,132.0
02100,Tapiola,Espoo,2015Q4,Studio,23.09,116.0
02100,Tapiola,Espoo,2015Q4,Two-bedroom+,18.74,31.0
02100,Tapiola,Espoo,2016Q1,One-bedroom,19.6,134.0
02100,Tapiola,Espoo,2016Q1,Studio,22.96,117.0
02100,Tapiola,Espoo,2016Q2,Studio,23.4,173.0
02100,Tapiola,Espoo,2016Q3,Studio,23.34,164.0
02100,Tapiola,Espoo,2016Q3,Two-bedroom+,18.16,43.0
02100,Tapiola,Espoo,2016Q4,Studio,23.5,169.0
02100,Tapiola,Espoo,2016Q4,Two-bedroom+,18.16,45.0
02100,Tapiola,Espoo,2017Q1,Studio,23.61,161.0
02100,Tapiola,Espoo,2017Q2,Studio,23.7,155.0
02100,Tapiola,Espoo,2017Q3,Studio,23.98,168.0
02100,Tapiola,Espoo,2017Q4,Studio,23.89,184.0
02100,Tapiola,Espoo,2017Q4,Two-bedroom+,18.69,44.0
02100,Tapiola,Espoo,2018Q1,Studio,23.53,194.0
02100,Tapiola,Espoo,2018Q1,Two-bedroom+,18.71,44.0
02100,Tapiola,Espoo,2018Q2,Studio,23.5,172.0
02100,Tapiola,Espoo,2018Q3,Studio,23.57,173.0
02100,Tapiola,Espoo,2018Q4,Studio,24.0,162.0
02100,Tapiola,Espoo,2019Q1,Studio,23.76,169.0
02100,Tapiola,Espoo,2019Q2,Studio,23.97,171.0
02100,Tapiola,Espoo,2019Q3,Studio,24.12,161.0
02100,Tapiola,Espoo,2019Q4,Studio,24.45,167.0
02100,Tapiola,Espoo,2020Q1,Studio,24.8,161.0
02100,Tapiola,Espoo,2020Q2,Studio,24.84,166.0
02100,Tapiola,Espoo,2020Q3,Studio,24.97,167.0
02100,Tapiola,Espoo,2020Q4,Studio,25.03,163.0
02100,Tapiola,Espoo,2021Q1,One-bedroom,21.11,185.0
02100,Tapiola,Espoo,2021Q1,Studio,25.16,168.0
02100,Tapiola,Espoo,2021Q2,Studio,24.78,211.0
02100,Tapiola,Espoo,2021Q3,Studio,24.88,206.0
02100,Tapiola,Espoo,2021Q4,Studio,24.74,224.0
02100,Tapiola,Espoo,2022Q1,One-bedroom,20.66,194.0
02100,Tapiola,Espoo,2022Q1,Studio,24.74,222.0
02100,Tapiola,Espoo,2022Q2,One-bedroom,20.88,196.0
02100,Tapiola,Espoo,2022Q2,Studio,24.66,221.0
02100,Tapiola,Espoo,2022Q3,Studio,24.7,195.0
02100,Tapiola,Espoo,2022Q4,Studio,24.68,205.0
02100,Tapiola,Espoo,2023Q1,Studio,24.85,196.0
02100,Tapiola,Espoo,2023Q2,Studio,24.7,197.0
02100,Tapiola,Espoo,2023Q3,Studio,25.0,208.0
02100,Tapiola,Espoo,2023Q4,Studio,24.91,202.0
02100,Tapiola,Espoo,2024Q1,Studio,24.96,198.0
02100,Tapiola,Espoo,2024Q2,Studio,25.0,187.0
02100,Tapiola,Espoo,2024Q3,Studio,25.09,185.0
02100,Tapiola,Espoo,2024Q4,Studio,25.04,199.0
02100,Tapiola,Espoo,2025Q1,Studio,25.11,196.0
02100,Tapiola,Espoo,2025Q2,Studio,25.17,190.0
02100,Tapiola,Espoo,2025Q3,Studio,25.13,169.0
02100,Tapiola,Espoo,2025Q4,Studio,25.12,186.0
02110,Otsolahti,Espoo,2015Q1,One-bedroom,12.49,24.0
02110,Otsolahti,Espoo,2015Q1,Studio,22.2,25.0
02110,Otsolahti,Espoo,2015Q2,One-bedroom,13.33,27.0
02110,Otsolahti,Espoo,2015Q2,Studio,22.7,25.0
02110,Otsolahti,Espoo,2015Q3,One-bedroom,13.95,29.0
02110,Otsolahti,Espoo,2015Q3,Studio,21.38,34.0
02110,Otsolahti,Espoo,2015Q4,One-bedroom,15.88,40.0
02110,Otsolahti,Espoo,2015Q4,Studio,20.94,37.0
02110,Otsolahti,Espoo,2015Q4,Two-bedroom+,13.51,20.0
02110,Otsolahti,Espoo,2016Q1,One-bedroom,16.16,42.0
02110,Otsolahti,Espoo,2016Q1,Studio,21.89,37.0
02110,Otsolahti,Espoo,2016Q2,One-bedroom,17.2,45.0
02110,Otsolahti,Espoo,2016Q2,Studio,21.78,33.0
02110,Otsolahti,Espoo,2016Q3,One-bedroom,16.87,48.0
02110,Otsolahti,Espoo,2016Q3,Studio,22.36,35.0
02110,Otsolahti,Espoo,2016Q4,One-bedroom,17.49,44.0
02110,Otsolahti,Espoo,2016Q4,Studio,22.3,35.0
02110,Otsolahti,Espoo,2017Q1,One-bedroom,17.11,58.0
02110,Otsolahti,Espoo,2017Q1,Studio,22.06,38.0
02110,Otsolahti,Espoo,2017Q2,One-bedroom,17.4,60.0
02110,Otsolahti,Espoo,2017Q2,Studio,21.7,35.0
02110,Otsolahti,Espoo,2017Q3,One-bedroom,18.5,52.0
02110,Otsolahti,Espoo,2017Q3,Studio,21.91,39.0
02110,Otsolahti,Espoo,2017Q4,One-bedroom,18.3,61.0
02110,Otsolahti,Espoo,2017Q4,Studio,21.82,52.0
02110,Otsolahti,Espoo,2018Q1,One-bedroom,17.41,67.0
02110,Otsolahti,Espoo,2018Q1,Studio,21.31,55.0
02110,Otsolahti,Espoo,2018Q2,One-bedroom,17.64,66.0
02110,Otsolahti,Espoo,2018Q2,Studio,21.37,50.0
02110,Otsolahti,Espoo,2018Q3,One-bedroom,18.04,60.0
02110,Otsolahti,Espoo,2018Q3,Studio,21.27,39.0
02110,Otsolahti,Espoo,2018Q4,One-bedroom,18.91,60.0
02110,Otsolahti,Espoo,2018Q4,Studio,22.46,40.0
02110,Otsolahti,Espoo,2019Q1,One-bedroom,17.76,75.0
02110,Otsolahti,Espoo,2019Q1,Studio,21.55,52.0
02110,Otsolahti,Espoo,2019Q2,One-bedroom,17.86,75.0
02110,Otsolahti,Espoo,2019Q2,Studio,21.77,49.0
02110,Otsolahti,Espoo,2019Q3,One-bedroom,18.08,71.0
02110,Otsolahti,Espoo,2019Q3,Studio,21.73,41.0
02110,Otsolahti,Espoo,2019Q4,One-bedroom,18.98,66.0
02110,Otsolahti,Espoo,2019Q4,Studio,23.13,48.0
02110,Otsolahti,Espoo,2020Q1,One-bedroom,19.19,68.0
02110,Otsolahti,Espoo,2020Q1,Studio,23.47,49.0
02110,Otsolahti,Espoo,2020Q2,One-bedroom,19.35,70.0
02110,Otsolahti,Espoo,2020Q2,Studio,23.53,52.0
02110,Otsolahti,Espoo,2020Q3,One-bedroom,19.55,63.0
02110,Otsolahti,Espoo,2020Q3,Studio,23.53,52.0
02110,Otsolahti,Espoo,2020Q4,One-bedroom,19.48,66.0
02110,Otsolahti,Espoo,2020Q4,Studio,23.7,55.0
02110,Otsolahti,Espoo,2021Q1,One-bedroom,19.58,71.0
02110,Otsolahti,Espoo,2021Q1,Studio,24.56,61.0
02110,Otsolahti,Espoo,2021Q2,One-bedroom,19.78,62.0
02110,Otsolahti,Espoo,2021Q2,Studio,24.53,63.0
02110,Otsolahti,Espoo,2021Q3,One-bedroom,19.86,57.0
02110,Otsolahti,Espoo,2021Q3,Studio,24.84,58.0
02110,Otsolahti,Espoo,2021Q4,One-bedroom,19.88,61.0
02110,Otsolahti,Espoo,2021Q4,Studio,24.81,62.0
02110,Otsolahti,Espoo,2022Q1,One-bedroom,19.77,65.0
02110,Otsolahti,Espoo,2022Q1,Studio,24.96,71.0
02110,Otsolahti,Espoo,2022Q2,One-bedroom,19.88,63.0
02110,Otsolahti,Espoo,2022Q2,Studio,25.14,61.0
02110,Otsolahti,Espoo,2022Q3,One-bedroom,19.56,65.0
02110,Otsolahti,Espoo,2022Q3,Studio,24.86,60.0
02110,Otsolahti,Espoo,2022Q4,One-bedroom,19.62,66.0
02110,Otsolahti,Espoo,2022Q4,Studio,25.18,61.0
02110,Otsolahti,Espoo,2023Q1,One-bedroom,19.63,66.0
02110,Otsolahti,Espoo,2023Q1,Studio,24.98,65.0
02110,Otsolahti,Espoo,2023Q2,One-bedroom,19.73,67.0
02110,Otsolahti,Espoo,2023Q2,Studio,25.28,62.0
02110,Otsolahti,Espoo,2023Q3,One-bedroom,19.81,71.0
02110,Otsolahti,Espoo,2023Q3,Studio,24.91,59.0
02110,Otsolahti,Espoo,2023Q4,One-bedroom,19.77,74.0
02110,Otsolahti,Espoo,2023Q4,Studio,25.09,72.0
02110,Otsolahti,Espoo,2024Q1,One-bedroom,20.24,70.0
02110,Otsolahti,Espoo,2024Q1,Studio,25.23,69.0
02110,Otsolahti,Espoo,2024Q2,One-bedroom,20.67,64.0
02110,Otsolahti,Espoo,2024Q2,Studio,25.42,67.0
02110,Otsolahti,Espoo,2024Q3,One-bedroom,20.75,62.0
02110,Otsolahti,Espoo,2024Q3,Studio,25.3,64.0
02110,Otsolahti,Espoo,2024Q4,One-bedroom,20.58,66.0
02110,Otsolahti,Espoo,2024Q4,Studio,25.28,68.0
02110,Otsolahti,Espoo,2025Q1,One-bedroom,20.11,72.0
02110,Otsolahti,Espoo,2025Q1,Studio,25.08,71.0
02110,Otsolahti,Espoo,2025Q2,One-bedroom,20.95,63.0
02110,Otsolahti,Espoo,2025Q2,Studio,25.34,52.0
02110,Otsolahti,Espoo,2025Q3,One-bedroom,22.0,60.0
02110,Otsolahti,Espoo,2025Q3,Studio,25.54,48.0
02110,Otsolahti,Espoo,2025Q4,One-bedroom,19.36,62.0
02110,Otsolahti,Espoo,2025Q4,Studio,25.01,63.0
02120,Länsikorkee-Suvikumpu,Espoo,2015Q1,One-bedroom,14.35,46.0
02120,Länsikorkee-Suvikumpu,Espoo,2015Q1,Studio,22.6,53.0
02120,Länsikorkee-Suvikumpu,Espoo,2015Q2,One-bedroom,14.74,47.0
02120,Länsikorkee-Suvikumpu,Espoo,2015Q2,Studio,22.61,59.0
02120,Länsikorkee-Suvikumpu,Espoo,2015Q3,One-bedroom,14.93,47.0
02120,Länsikorkee-Suvikumpu,Espoo,2015Q3,Studio,22.93,61.0
02120,Länsikorkee-Suvikumpu,Espoo,2015Q4,One-bedroom,15.06,47.0
02120,Länsikorkee-Suvikumpu,Espoo,2015Q4,Studio,23.21,69.0
02120,Länsikorkee-Suvikumpu,Espoo,2016Q1,One-bedroom,14.95,52.0
02120,Länsikorkee-Suvikumpu,Espoo,2016Q1,Studio,22.64,68.0
02120,Länsikorkee-Suvikumpu,Espoo,2016Q2,One-bedroom,14.97,51.0
02120,Länsikorkee-Suvikumpu,Espoo,2016Q2,Studio,23.02,68.0
02120,Länsikorkee-Suvikumpu,Espoo,2016Q3,One-bedroom,15.3,47.0
02120,Länsikorkee-Suvikumpu,Espoo,2016Q3,Studio,22.26,71.0
02120,Länsikorkee-Suvikumpu,Espoo,2016Q4,One-bedroom,15.8,48.0
02120,Länsikorkee-Suvikumpu,Espoo,2016Q4,Studio,22.39,73.0
02120,Länsikorkee-Suvikumpu,Espoo,2016Q4,Two-bedroom+,16.08,35.0
02120,Länsikorkee-Suvikumpu,Espoo,2017Q1,One-bedroom,15.94,46.0
02120,Länsikorkee-Suvikumpu,Espoo,2017Q1,Studio,22.77,67.0
02120,Länsikorkee-Suvikumpu,Espoo,2017Q2,One-bedroom,15.77,46.0
02120,Länsikorkee-Suvikumpu,Espoo,2017Q2,Studio,23.52,64.0
02120,Länsikorkee-Suvikumpu,Espoo,2017Q3,One-bedroom,17.29,48.0
02120,Länsikorkee-Suvikumpu,Espoo,2017Q3,Studio,22.79,63.0
02120,Länsikorkee-Suvikumpu,Espoo,2017Q4,One-bedroom,16.81,62.0
02120,Länsikorkee-Suvikumpu,Espoo,2017Q4,Studio,22.63,73.0
02120,Länsikorkee-Suvikumpu,Espoo,2018Q1,One-bedroom,17.26,74.0
02120,Länsikorkee-Suvikumpu,Espoo,2018Q1,Studio,22.79,82.0
02120,Länsikorkee-Suvikumpu,Espoo,2018Q2,One-bedroom,17.43,69.0
02120,Länsikorkee-Suvikumpu,Espoo,2018Q2,Studio,23.16,81.0
02120,Länsikorkee-Suvikumpu,Espoo,2018Q3,One-bedroom,17.65,57.0
02120,Länsikorkee-Suvikumpu,Espoo,2018Q3,Studio,24.03,74.0
02120,Länsikorkee-Suvikumpu,Espoo,2018Q4,One-bedroom,18.1,60.0
02120,Länsikorkee-Suvikumpu,Espoo,2018Q4,Studio,24.65,76.0
02120,Länsikorkee-Suvikumpu,Espoo,2019Q1,One-bedroom,17.82,65.0
02120,Länsikorkee-Suvikumpu,Espoo,2019Q1,Studio,24.39,81.0
02120,Länsikorkee-Suvikumpu,Espoo,2019Q2,One-bedroom,17.77,67.0
02120,Länsikorkee-Suvikumpu,Espoo,2019Q2,Studio,24.41,85.0
02120,Länsikorkee-Suvikumpu,Espoo,2019Q3,One-bedroom,18.1,61.0
02120,Länsikorkee-Suvikumpu,Espoo,2019Q3,Studio,24.42,78.0
02120,Länsikorkee-Suvikumpu,Espoo,2019Q4,One-bedroom,18.44,64.0
02120,Länsikorkee-Suvikumpu,Espoo,2019Q4,Studio,25.42,81.0
02120,Länsikorkee-Suvikumpu,Espoo,2020Q1,One-bedroom,18.79,59.0
02120,Länsikorkee-Suvikumpu,Espoo,2020Q1,Studio,25.63,85.0
02120,Länsikorkee-Suvikumpu,Espoo,2020Q2,One-bedroom,18.76,71.0
02120,Länsikorkee-Suvikumpu,Espoo,2020Q2,Studio,25.49,87.0
02120,Länsikorkee-Suvikumpu,Espoo,2020Q3,One-bedroom,19.52,70.0
02120,Länsikorkee-Suvikumpu,Espoo,2020Q3,Studio,25.47,82.0
02120,Länsikorkee-Suvikumpu,Espoo,2020Q4,One-bedroom,19.49,68.0
02120,Länsikorkee-Suvikumpu,Espoo,2020Q4,Studio,25.4,95.0
02120,Länsikorkee-Suvikumpu,Espoo,2021Q1,One-bedroom,19.31,68.0
02120,Länsikorkee-Suvikumpu,Espoo,2021Q1,Studio,25.23,100.0
02120,Länsikorkee-Suvikumpu,Espoo,2021Q2,One-bedroom,19.39,67.0
02120,Länsikorkee-Suvikumpu,Espoo,2021Q2,Studio,25.1,96.0
02120,Länsikorkee-Suvikumpu,Espoo,2021Q3,One-bedroom,19.58,64.0
02120,Länsikorkee-Suvikumpu,Espoo,2021Q3,Studio,25.78,79.0
02120,Länsikorkee-Suvikumpu,Espoo,2021Q4,One-bedroom,19.2,75.0
02120,Länsikorkee-Suvikumpu,Espoo,2021Q4,Studio,25.47,97.0
02120,Länsikorkee-Suvikumpu,Espoo,2022Q1,One-bedroom,18.86,70.0
02120,Länsikorkee-Suvikumpu,Espoo,2022Q1,Studio,25.14,99.0
02120,Länsikorkee-Suvikumpu,Espoo,2022Q2,One-bedroom,18.77,65.0
02120,Länsikorkee-Suvikumpu,Espoo,2022Q2,Studio,25.2,90.0
02120,Länsikorkee-Suvikumpu,Espoo,2022Q3,One-bedroom,19.02,57.0
02120,Länsikorkee-Suvikumpu,Espoo,2022Q3,Studio,25.57,88.0
02120,Länsikorkee-Suvikumpu,Espoo,2022Q4,One-bedroom,18.79,68.0
02120,Länsikorkee-Suvikumpu,Espoo,2022Q4,Studio,25.63,97.0
02120,Länsikorkee-Suvikumpu,Espoo,2023Q1,One-bedroom,18.57,70.0
02120,Länsikorkee-Suvikumpu,Espoo,2023Q1,Studio,25.58,102.0
02120,Länsikorkee-Suvikumpu,Espoo,2023Q2,One-bedroom,19.0,63.0
02120,Länsikorkee-Suvikumpu,Espoo,2023Q2,Studio,25.65,96.0
02120,Länsikorkee-Suvikumpu,Espoo,2023Q3,One-bedroom,19.37,57.0
02120,Länsikorkee-Suvikumpu,Espoo,2023Q3,Studio,25.7,97.0
02120,Länsikorkee-Suvikumpu,Espoo,2023Q4,One-bedroom,19.47,65.0
02120,Länsikorkee-Suvikumpu,Espoo,2023Q4,Studio,25.56,100.0
02120,Länsikorkee-Suvikumpu,Espoo,2024Q1,One-bedroom,19.22,67.0
02120,Länsikorkee-Suvikumpu,Espoo,2024Q1,Studio,25.75,94.0
02120,Länsikorkee-Suvikumpu,Espoo,2024Q2,One-bedroom,19.61,57.0
02120,Länsikorkee-Suvikumpu,Espoo,2024Q2,Studio,25.87,85.0
02120,Länsikorkee-Suvikumpu,Espoo,2024Q3,One-bedroom,20.36,48.0
02120,Länsikorkee-Suvikumpu,Espoo,2024Q3,Studio,26.44,76.0
02120,Länsikorkee-Suvikumpu,Espoo,2024Q4,One-bedroom,19.5,54.0
02120,Länsikorkee-Suvikumpu,Espoo,2024Q4,Studio,26.21,87.0
02120,Länsikorkee-Suvikumpu,Espoo,2025Q1,One-bedroom,19.34,60.0
02120,Länsikorkee-Suvikumpu,Espoo,2025Q1,Studio,26.77,85.0
02120,Länsikorkee-Suvikumpu,Espoo,2025Q2,One-bedroom,19.97,53.0
02120,Länsikorkee-Suvikumpu,Espoo,2025Q2,Studio,26.34,79.0
02120,Länsikorkee-Suvikumpu,Espoo,2025Q3,One-bedroom,20.57,45.0
02120,Länsikorkee-Suvikumpu,Espoo,2025Q3,Studio,27.31,59.0
02120,Länsikorkee-Suvikumpu,Espoo,2025Q4,One-bedroom,18.92,45.0
02120,Länsikorkee-Suvikumpu,Espoo,2025Q4,Studio,26.36,81.0
02130,Pohjois-Tapiola,Espoo,2015Q1,One-bedroom,11.79,56.0
02130,Pohjois-Tapiola,Espoo,2015Q3,One-bedroom,12.61,55.0
02130,Pohjois-Tapiola,Espoo,2015Q4,One-bedroom,12.39,61.0
02130,Pohjois-Tapiola,Espoo,2016Q1,One-bedroom,14.79,60.0
02130,Pohjois-Tapiola,Espoo,2016Q1,Studio,22.84,75.0
02130,Pohjois-Tapiola,Espoo,2016Q2,One-bedroom,14.88,66.0
02130,Pohjois-Tapiola,Espoo,2016Q3,One-bedroom,14.99,63.0
02130,Pohjois-Tapiola,Espoo,2016Q4,One-bedroom,14.97,69.0
02130,Pohjois-Tapiola,Espoo,2017Q1,One-bedroom,15.58,68.0
02130,Pohjois-Tapiola,Espoo,2017Q2,One-bedroom,15.5,70.0
02130,Pohjois-Tapiola,Espoo,2017Q2,Studio,24.32,92.0
02130,Pohjois-Tapiola,Espoo,2017Q3,One-bedroom,16.51,73.0
02130,Pohjois-Tapiola,Espoo,2017Q3,Studio,24.15,93.0
02130,Pohjois-Tapiola,Espoo,2017Q4,One-bedroom,16.33,80.0
02130,Pohjois-Tapiola,Espoo,2017Q4,Studio,23.98,93.0
02130,Pohjois-Tapiola,Espoo,2018Q1,One-bedroom,15.92,83.0
02130,Pohjois-Tapiola,Espoo,2018Q1,Studio,24.16,93.0
02130,Pohjois-Tapiola,Espoo,2018Q2,One-bedroom,15.7,82.0
02130,Pohjois-Tapiola,Espoo,2018Q3,One-bedroom,15.95,74.0
02130,Pohjois-Tapiola,Espoo,2018Q4,One-bedroom,16.82,70.0
02130,Pohjois-Tapiola,Espoo,2018Q4,Studio,24.33,91.0
02130,Pohjois-Tapiola,Espoo,2019Q1,One-bedroom,16.11,70.0
02130,Pohjois-Tapiola,Espoo,2019Q1,Studio,24.76,90.0
02130,Pohjois-Tapiola,Espoo,2019Q2,One-bedroom,16.5,69.0
02130,Pohjois-Tapiola,Espoo,2019Q2,Studio,24.96,91.0
02130,Pohjois-Tapiola,Espoo,2019Q3,One-bedroom,16.58,67.0
02130,Pohjois-Tapiola,Espoo,2019Q4,One-bedroom,17.09,69.0
02130,Pohjois-Tapiola,Espoo,2019Q4,Studio,25.13,89.0
02130,Pohjois-Tapiola,Espoo,2020Q1,One-bedroom,17.18,68.0
02130,Pohjois-Tapiola,Espoo,2020Q2,One-bedroom,17.29,68.0
02130,Pohjois-Tapiola,Espoo,2020Q2,Studio,25.32,93.0
02130,Pohjois-Tapiola,Espoo,2020Q3,One-bedroom,17.31,69.0
02130,Pohjois-Tapiola,Espoo,2020Q3,Studio,25.72,89.0
02130,Pohjois-Tapiola,Espoo,2020Q4,One-bedroom,17.19,70.0
02130,Pohjois-Tapiola,Espoo,2020Q4,Studio,25.49,92.0
02130,Pohjois-Tapiola,Espoo,2021Q1,One-bedroom,17.29,72.0
02130,Pohjois-Tapiola,Espoo,2021Q2,One-bedroom,17.56,73.0
02130,Pohjois-Tapiola,Espoo,2021Q3,One-bedroom,17.77,76.0
02130,Pohjois-Tapiola,Espoo,2021Q4,One-bedroom,17.83,76.0
02130,Pohjois-Tapiola,Espoo,2021Q4,Studio,26.5,90.0
02130,Pohjois-Tapiola,Espoo,2022Q1,One-bedroom,17.82,78.0
02130,Pohjois-Tapiola,Espoo,2022Q1,Studio,26.46,98.0
02130,Pohjois-Tapiola,Espoo,2022Q2,One-bedroom,17.74,74.0
02130,Pohjois-Tapiola,Espoo,2022Q2,Studio,26.64,95.0
02130,Pohjois-Tapiola,Espoo,2022Q3,One-bedroom,17.76,66.0
02130,Pohjois-Tapiola,Espoo,2022Q3,Studio,26.79,94.0
02130,Pohjois-Tapiola,Espoo,2022Q4,One-bedroom,17.52,71.0
02130,Pohjois-Tapiola,Espoo,2022Q4,Studio,26.87,94.0
02130,Pohjois-Tapiola,Espoo,2023Q1,One-bedroom,17.63,71.0
02130,Pohjois-Tapiola,Espoo,2023Q1,Studio,26.67,97.0
02130,Pohjois-Tapiola,Espoo,2023Q2,One-bedroom,17.73,70.0
02130,Pohjois-Tapiola,Espoo,2023Q2,Studio,26.85,96.0
02130,Pohjois-Tapiola,Espoo,2023Q3,One-bedroom,17.81,66.0
02130,Pohjois-Tapiola,Espoo,2023Q3,Studio,26.89,96.0
02130,Pohjois-Tapiola,Espoo,2023Q4,One-bedroom,17.54,68.0
02130,Pohjois-Tapiola,Espoo,2023Q4,Studio,27.1,95.0
02130,Pohjois-Tapiola,Espoo,2024Q1,One-bedroom,17.62,66.0
02130,Pohjois-Tapiola,Espoo,2024Q1,Studio,27.18,98.0
02130,Pohjois-Tapiola,Espoo,2024Q2,One-bedroom,17.58,73.0
02130,Pohjois-Tapiola,Espoo,2024Q2,Studio,27.42,98.0
02130,Pohjois-Tapiola,Espoo,2024Q3,One-bedroom,17.88,64.0
02130,Pohjois-Tapiola,Espoo,2024Q3,Studio,27.3,97.0
02130,Pohjois-Tapiola,Espoo,2024Q4,One-bedroom,17.84,68.0
02130,Pohjois-Tapiola,Espoo,2024Q4,Studio,27.25,95.0
02130,Pohjois-Tapiola,Espoo,2025Q1,One-bedroom,18.13,67.0
02130,Pohjois-Tapiola,Espoo,2025Q1,Studio,26.94,98.0
02130,Pohjois-Tapiola,Espoo,2025Q2,One-bedroom,17.79,62.0
02130,Pohjois-Tapiola,Espoo,2025Q2,Studio,27.09,92.0
02130,Pohjois-Tapiola,Espoo,2025Q4,One-bedroom,16.78,60.0
02130,Pohjois-Tapiola,Espoo,2025Q4,Studio,26.77,93.0
02150,Otaniemi,Espoo,2016Q4,Studio,22.44,20.0
02150,Otaniemi,Espoo,2017Q2,Studio,23.5,20.0
02150,Otaniemi,Espoo,2017Q3,Studio,23.18,20.0
02150,Otaniemi,Espoo,2017Q4,Studio,22.8,22.0
02150,Otaniemi,Espoo,2018Q1,One-bedroom,16.66,20.0
02150,Otaniemi,Espoo,2018Q1,Studio,24.36,28.0
02150,Otaniemi,Espoo,2018Q2,Studio,24.4,25.0
02150,Otaniemi,Espoo,2018Q3,Studio,24.28,25.0
02150,Otaniemi,Espoo,2018Q4,Studio,23.35,24.0
02150,Otaniemi,Espoo,2019Q1,Studio,24.12,29.0
02150,Otaniemi,Espoo,2019Q2,Studio,24.8,27.0
02150,Otaniemi,Espoo,2019Q3,Studio,25.27,26.0
02150,Otaniemi,Espoo,2019Q4,Studio,23.7,20.0
02150,Otaniemi,Espoo,2020Q1,Studio,24.17,23.0
02150,Otaniemi,Espoo,2020Q2,Studio,25.12,22.0
02150,Otaniemi,Espoo,2020Q3,Studio,24.04,23.0
02150,Otaniemi,Espoo,2020Q4,Studio,24.37,22.0
02150,Otaniemi,Espoo,2021Q1,Studio,24.28,23.0
02150,Otaniemi,Espoo,2021Q2,Studio,24.83,21.0
02150,Otaniemi,Espoo,2021Q3,Studio,25.82,27.0
02150,Otaniemi,Espoo,2021Q4,Studio,26.23,28.0
02150,Otaniemi,Espoo,2022Q1,One-bedroom,18.67,20.0
02150,Otaniemi,Espoo,2022Q1,Studio,24.34,28.0
02150,Otaniemi,Espoo,2022Q2,Studio,23.1,23.0
02150,Otaniemi,Espoo,2022Q3,One-bedroom,18.02,20.0
02150,Otaniemi,Espoo,2022Q3,Studio,24.64,24.0
02150,Otaniemi,Espoo,2022Q4,One-bedroom,17.76,22.0
02150,Otaniemi,Espoo,2022Q4,Studio,23.97,24.0
02150,Otaniemi,Espoo,2023Q1,One-bedroom,18.02,24.0
02150,Otaniemi,Espoo,2023Q1,Studio,23.9,27.0
02150,Otaniemi,Espoo,2023Q2,One-bedroom,18.4,21.0
02150,Otaniemi,Espoo,2023Q2,Studio,24.31,25.0
02150,Otaniemi,Espoo,2023Q3,One-bedroom,18.21,23.0
02150,Otaniemi,Espoo,2023Q3,Studio,24.24,27.0
02150,Otaniemi,Espoo,2023Q4,One-bedroom,18.25,23.0
02150,Otaniemi,Espoo,2023Q4,Studio,23.77,30.0
02150,Otaniemi,Espoo,2024Q1,One-bedroom,18.37,20.0
02150,Otaniemi,Espoo,2024Q1,Studio,23.85,33.0
02150,Otaniemi,Espoo,2024Q2,One-bedroom,18.39,20.0
02150,Otaniemi,Espoo,2024Q2,Studio,24.12,30.0
02150,Otaniemi,Espoo,2024Q3,One-bedroom,18.35,21.0
02150,Otaniemi,Espoo,2024Q3,Studio,23.96,29.0
02150,Otaniemi,Espoo,2024Q4,One-bedroom,18.65,25.0
02150,Otaniemi,Espoo,2024Q4,Studio,24.34,30.0
02150,Otaniemi,Espoo,2025Q1,One-bedroom,18.57,27.0
02150,Otaniemi,Espoo,2025Q1,Studio,23.74,38.0
02150,Otaniemi,Espoo,2025Q2,One-bedroom,18.73,25.0
02150,Otaniemi,Espoo,2025Q2,Studio,25.12,26.0
02150,Otaniemi,Espoo,2025Q3,Studio,24.98,33.0
02150,Otaniemi,Espoo,2025Q4,Studio,24.73,29.0
02170,Haukilahti,Espoo,2015Q1,One-bedroom,13.66,21.0
02170,Haukilahti,Espoo,2015Q1,Studio,21.21,27.0
02170,Haukilahti,Espoo,2015Q2,One-bedroom,13.99,22.0
02170,Haukilahti,Espoo,2015Q2,Studio,21.24,25.0
02170,Haukilahti,Espoo,2015Q3,One-bedroom,14.45,21.0
02170,Haukilahti,Espoo,2015Q4,One-bedroom,13.99,27.0
02170,Haukilahti,Espoo,2015Q4,Studio,21.64,27.0
02170,Haukilahti,Espoo,2016Q1,One-bedroom,13.85,23.0
02170,Haukilahti,Espoo,2016Q1,Studio,21.78,35.0
02170,Haukilahti,Espoo,2016Q2,One-bedroom,13.47,30.0
02170,Haukilahti,Espoo,2016Q2,Studio,22.39,39.0
02170,Haukilahti,Espoo,2016Q3,One-bedroom,14.62,30.0
02170,Haukilahti,Espoo,2016Q3,Studio,22.48,33.0
02170,Haukilahti,Espoo,2016Q4,One-bedroom,14.9,32.0
02170,Haukilahti,Espoo,2016Q4,Studio,22.59,37.0
02170,Haukilahti,Espoo,2017Q1,One-bedroom,13.94,32.0
02170,Haukilahti,Espoo,2017Q1,Studio,22.36,35.0
02170,Haukilahti,Espoo,2017Q2,One-bedroom,14.05,29.0
02170,Haukilahti,Espoo,2017Q2,Studio,22.31,35.0
02170,Haukilahti,Espoo,2017Q2,Two-bedroom+,14.93,20.0
02170,Haukilahti,Espoo,2017Q3,One-bedroom,16.19,24.0
02170,Haukilahti,Espoo,2017Q3,Studio,22.54,38.0
02170,Haukilahti,Espoo,2017Q4,One-bedroom,16.6,25.0
02170,Haukilahti,Espoo,2017Q4,Studio,22.39,40.0
02170,Haukilahti,Espoo,2018Q1,One-bedroom,16.24,27.0
02170,Haukilahti,Espoo,2018Q1,Studio,22.26,40.0
02170,Haukilahti,Espoo,2018Q2,One-bedroom,16.04,25.0
02170,Haukilahti,Espoo,2018Q2,Studio,22.22,36.0
02170,Haukilahti,Espoo,2018Q3,One-bedroom,15.97,26.0
02170,Haukilahti,Espoo,2018Q3,Studio,21.56,34.0
02170,Haukilahti,Espoo,2018Q4,One-bedroom,16.15,25.0
02170,Haukilahti,Espoo,2018Q4,Studio,22.44,34.0
02170,Haukilahti,Espoo,2019Q1,One-bedroom,15.7,27.0
02170,Haukilahti,Espoo,2019Q1,Studio,22.66,34.0
02170,Haukilahti,Espoo,2019Q2,Studio,22.87,37.0
02170,Haukilahti,Espoo,2019Q3,Studio,22.87,32.0
02170,Haukilahti,Espoo,2019Q4,One-bedroom,16.05,21.0
02170,Haukilahti,Espoo,2019Q4,Studio,23.39,36.0
02170,Haukilahti,Espoo,2020Q1,Studio,22.99,41.0
02170,Haukilahti,Espoo,2020Q2,Studio,22.68,44.0
02170,Haukilahti,Espoo,2020Q2,Two-bedroom+,16.63,20.0
02170,Haukilahti,Espoo,2020Q3,Studio,23.38,48.0
02170,Haukilahti,Espoo,2020Q3,Two-bedroom+,16.46,20.0
02170,Haukilahti,Espoo,2020Q4,One-bedroom,17.34,22.0
02170,Haukilahti,Espoo,2020Q4,Studio,23.51,49.0
02170,Haukilahti,Espoo,2020Q4,Two-bedroom+,16.12,20.0
02170,Haukilahti,Espoo,2021Q1,One-bedroom,17.31,27.0
02170,Haukilahti,Espoo,2021Q1,Studio,23.52,58.0
02170,Haukilahti,Espoo,2021Q2,One-bedroom,17.02,30.0
02170,Haukilahti,Espoo,2021Q2,Studio,24.05,56.0
02170,Haukilahti,Espoo,2021Q3,One-bedroom,17.69,32.0
02170,Haukilahti,Espoo,2021Q3,Studio,24.26,48.0
02170,Haukilahti,Espoo,2021Q4,One-bedroom,16.92,33.0
02170,Haukilahti,Espoo,2021Q4,Studio,24.71,43.0
02170,Haukilahti,Espoo,2022Q1,One-bedroom,17.23,38.0
02170,Haukilahti,Espoo,2022Q1,Studio,24.36,47.0
02170,Haukilahti,Espoo,2022Q1,Two-bedroom+,17.03,21.0
02170,Haukilahti,Espoo,2022Q2,One-bedroom,17.14,27.0
02170,Haukilahti,Espoo,2022Q2,Studio,23.9,41.0
02170,Haukilahti,Espoo,2022Q2,Two-bedroom+,17.19,20.0
02170,Haukilahti,Espoo,2022Q3,One-bedroom,17.83,20.0
02170,Haukilahti,Espoo,2022Q3,Studio,23.73,38.0
02170,Haukilahti,Espoo,2022Q4,One-bedroom,18.31,23.0
02170,Haukilahti,Espoo,2022Q4,Studio,24.01,39.0
02170,Haukilahti,Espoo,2023Q1,One-bedroom,18.04,21.0
02170,Haukilahti,Espoo,2023Q1,Studio,23.8,46.0
02170,Haukilahti,Espoo,2023Q2,One-bedroom,18.63,21.0
02170,Haukilahti,Espoo,2023Q2,Studio,23.76,40.0
02170,Haukilahti,Espoo,2023Q3,Studio,23.88,37.0
02170,Haukilahti,Espoo,2023Q3,Two-bedroom+,17.77,20.0
02170,Haukilahti,Espoo,2023Q4,One-bedroom,17.78,20.0
02170,Haukilahti,Espoo,2023Q4,Studio,23.84,39.0
02170,Haukilahti,Espoo,2023Q4,Two-bedroom+,17.66,20.0
02170,Haukilahti,Espoo,2024Q1,One-bedroom,17.96,23.0
02170,Haukilahti,Espoo,2024Q1,Studio,23.92,44.0
02170,Haukilahti,Espoo,2024Q2,One-bedroom,18.37,21.0
02170,Haukilahti,Espoo,2024Q2,Studio,23.82,45.0
02170,Haukilahti,Espoo,2024Q3,One-bedroom,17.7,21.0
02170,Haukilahti,Espoo,2024Q3,Studio,23.91,42.0
02170,Haukilahti,Espoo,2024Q4,One-bedroom,17.01,21.0
02170,Haukilahti,Espoo,2024Q4,Studio,24.15,46.0
02170,Haukilahti,Espoo,2025Q1,One-bedroom,16.58,23.0
02170,Haukilahti,Espoo,2025Q1,Studio,24.56,52.0
02170,Haukilahti,Espoo,2025Q2,Studio,24.08,48.0
02170,Haukilahti,Espoo,2025Q3,Studio,24.35,32.0
02170,Haukilahti,Espoo,2025Q4,Studio,24.53,32.0
02200,Niittykumpu,Espoo,2015Q1,One-bedroom,15.25,71.0
02200,Niittykumpu,Espoo,2015Q1,Studio,21.29,29.0
02200,Niittykumpu,Espoo,2015Q2,Studio,21.58,54.0
02200,Niittykumpu,Espoo,2015Q3,Studio,21.89,52.0
02200,Niittykumpu,Espoo,2015Q4,Studio,21.77,57.0
02200,Niittykumpu,Espoo,2016Q1,Studio,21.84,58.0
02200,Niittykumpu,Espoo,2016Q2,Studio,21.83,66.0
02200,Niittykumpu,Espoo,2016Q3,Studio,22.01,68.0
02200,Niittykumpu,Espoo,2016Q4,Studio,22.17,73.0
02200,Niittykumpu,Espoo,2017Q1,Studio,22.22,74.0
02200,Niittykumpu,Espoo,2017Q2,Studio,22.78,107.0
02200,Niittykumpu,Espoo,2017Q3,Studio,23.07,104.0
02200,Niittykumpu,Espoo,2017Q4,Studio,23.41,132.0
02200,Niittykumpu,Espoo,2018Q1,Studio,23.36,140.0
02200,Niittykumpu,Espoo,2018Q2,Studio,23.37,141.0
02200,Niittykumpu,Espoo,2018Q3,Studio,23.52,122.0
02200,Niittykumpu,Espoo,2018Q4,Studio,24.47,145.0
02200,Niittykumpu,Espoo,2019Q1,Studio,24.79,201.0
02200,Niittykumpu,Espoo,2019Q2,Studio,24.88,195.0
02200,Niittykumpu,Espoo,2019Q3,Studio,25.07,187.0
02200,Niittykumpu,Espoo,2019Q4,Studio,25.59,187.0
02200,Niittykumpu,Espoo,2020Q1,Studio,25.82,189.0
02200,Niittykumpu,Espoo,2020Q2,Studio,26.14,191.0
02200,Niittykumpu,Espoo,2020Q3,Studio,26.22,191.0
02200,Niittykumpu,Espoo,2020Q4,Studio,26.35,193.0
02200,Niittykumpu,Espoo,2021Q1,Studio,26.51,222.0
02200,Niittykumpu,Espoo,2021Q2,One-bedroom,21.23,334.0
02200,Niittykumpu,Espoo,2021Q2,Studio,26.48,239.0
02200,Niittykumpu,Espoo,2021Q3,Studio,26.46,238.0
02200,Niittykumpu,Espoo,2021Q4,Studio,26.46,268.0
02200,Niittykumpu,Espoo,2022Q1,One-bedroom,21.22,362.0
02200,Niittykumpu,Espoo,2022Q1,Studio,26.41,294.0
02200,Niittykumpu,Espoo,2022Q2,Studio,26.72,364.0
02200,Niittykumpu,Espoo,2022Q3,Studio,26.84,399.0
02200,Niittykumpu,Espoo,2022Q4,Studio,26.79,411.0
02200,Niittykumpu,Espoo,2023Q1,Studio,26.89,412.0
02200,Niittykumpu,Espoo,2023Q2,Studio,26.84,402.0
02200,Niittykumpu,Espoo,2025Q1,Studio,26.41,496.0
02210,Olari,Espoo,2015Q1,One-bedroom,13.52,68.0
02210,Olari,Espoo,2015Q1,Studio,18.71,57.0
02210,Olari,Espoo,2015Q1,Two-bedroom+,12.29,26.0
02210,Olari,Espoo,2015Q2,One-bedroom,12.86,73.0
02210,Olari,Espoo,2015Q2,Studio,19.0,60.0
02210,Olari,Espoo,2015Q2,Two-bedroom+,12.4,28.0
02210,Olari,Espoo,2015Q3,One-bedroom,12.89,84.0
02210,Olari,Espoo,2015Q3,Studio,19.43,61.0
02210,Olari,Espoo,2015Q3,Two-bedroom+,12.39,25.0
02210,Olari,Espoo,2015Q4,One-bedroom,14.17,106.0
02210,Olari,Espoo,2015Q4,Studio,19.65,70.0
02210,Olari,Espoo,2015Q4,Two-bedroom+,12.51,28.0
02210,Olari,Espoo,2016Q1,One-bedroom,14.47,98.0
02210,Olari,Espoo,2016Q1,Studio,19.51,74.0
02210,Olari,Espoo,2016Q1,Two-bedroom+,12.74,25.0
02210,Olari,Espoo,2016Q2,One-bedroom,14.71,104.0
02210,Olari,Espoo,2016Q2,Studio,19.55,79.0
02210,Olari,Espoo,2016Q2,Two-bedroom+,13.19,21.0
02210,Olari,Espoo,2016Q3,One-bedroom,14.83,107.0
02210,Olari,Espoo,2016Q3,Studio,19.43,86.0
02210,Olari,Espoo,2016Q3,Two-bedroom+,13.27,20.0
02210,Olari,Espoo,2016Q4,One-bedroom,14.74,111.0
02210,Olari,Espoo,2016Q4,Studio,19.73,83.0
02210,Olari,Espoo,2016Q4,Two-bedroom+,13.27,23.0
02210,Olari,Espoo,2017Q1,One-bedroom,14.93,106.0
02210,Olari,Espoo,2017Q1,Studio,20.23,73.0
02210,Olari,Espoo,2017Q1,Two-bedroom+,13.42,20.0
02210,Olari,Espoo,2017Q2,One-bedroom,15.3,114.0
02210,Olari,Espoo,2017Q2,Studio,20.58,84.0
02210,Olari,Espoo,2017Q2,Two-bedroom+,13.79,34.0
02210,Olari,Espoo,2017Q3,One-bedroom,15.61,117.0
02210,Olari,Espoo,2017Q3,Studio,20.71,88.0
02210,Olari,Espoo,2017Q3,Two-bedroom+,14.46,29.0
02210,Olari,Espoo,2017Q4,One-bedroom,15.67,126.0
02210,Olari,Espoo,2017Q4,Studio,20.73,113.0
02210,Olari,Espoo,2017Q4,Two-bedroom+,14.04,33.0
02210,Olari,Espoo,2018Q1,One-bedroom,15.32,149.0
02210,Olari,Espoo,2018Q1,Studio,20.77,112.0
02210,Olari,Espoo,2018Q1,Two-bedroom+,12.56,45.0
02210,Olari,Espoo,2018Q2,One-bedroom,15.34,144.0
02210,Olari,Espoo,2018Q2,Studio,20.75,104.0
02210,Olari,Espoo,2018Q2,Two-bedroom+,13.46,41.0
02210,Olari,Espoo,2018Q3,One-bedroom,15.58,127.0
02210,Olari,Espoo,2018Q3,Studio,20.77,99.0
02210,Olari,Espoo,2018Q3,Two-bedroom+,13.56,38.0
02210,Olari,Espoo,2018Q4,One-bedroom,15.77,118.0
02210,Olari,Espoo,2018Q4,Studio,20.71,95.0
02210,Olari,Espoo,2018Q4,Two-bedroom+,14.53,34.0
02210,Olari,Espoo,2019Q1,One-bedroom,15.32,127.0
02210,Olari,Espoo,2019Q1,Studio,21.88,115.0
02210,Olari,Espoo,2019Q1,Two-bedroom+,13.46,40.0
02210,Olari,Espoo,2019Q2,One-bedroom,15.56,120.0
02210,Olari,Espoo,2019Q2,Studio,21.87,112.0
02210,Olari,Espoo,2019Q2,Two-bedroom+,13.56,37.0
02210,Olari,Espoo,2019Q3,One-bedroom,15.6,117.0
02210,Olari,Espoo,2019Q3,Studio,21.97,110.0
02210,Olari,Espoo,2019Q3,Two-bedroom+,13.57,36.0
02210,Olari,Espoo,2019Q4,One-bedroom,15.96,111.0
02210,Olari,Espoo,2019Q4,Studio,21.42,110.0
02210,Olari,Espoo,2019Q4,Two-bedroom+,14.85,33.0
02210,Olari,Espoo,2020Q1,One-bedroom,16.42,115.0
02210,Olari,Espoo,2020Q1,Studio,21.62,109.0
02210,Olari,Espoo,2020Q1,Two-bedroom+,14.9,34.0
02210,Olari,Espoo,2020Q2,One-bedroom,16.54,120.0
02210,Olari,Espoo,2020Q2,Studio,21.71,115.0
02210,Olari,Espoo,2020Q2,Two-bedroom+,14.75,31.0
02210,Olari,Espoo,2020Q3,One-bedroom,16.59,121.0
02210,Olari,Espoo,2020Q3,Studio,21.85,113.0
02210,Olari,Espoo,2020Q3,Two-bedroom+,14.96,30.0
02210,Olari,Espoo,2020Q4,One-bedroom,16.46,122.0
02210,Olari,Espoo,2020Q4,Studio,21.8,114.0
02210,Olari,Espoo,2020Q4,Two-bedroom+,15.18,26.0
02210,Olari,Espoo,2021Q1,One-bedroom,16.3,125.0
02210,Olari,Espoo,2021Q1,Studio,22.02,115.0
02210,Olari,Espoo,2021Q1,Two-bedroom+,15.05,34.0
02210,Olari,Espoo,2021Q2,One-bedroom,16.14,120.0
02210,Olari,Espoo,2021Q2,Studio,21.86,110.0
02210,Olari,Espoo,2021Q2,Two-bedroom+,15.15,33.0
02210,Olari,Espoo,2021Q3,One-bedroom,16.26,111.0
02210,Olari,Espoo,2021Q3,Studio,22.06,113.0
02210,Olari,Espoo,2021Q3,Two-bedroom+,15.32,33.0
02210,Olari,Espoo,2021Q4,One-bedroom,16.61,118.0
02210,Olari,Espoo,2021Q4,Studio,22.92,159.0
02210,Olari,Espoo,2021Q4,Two-bedroom+,16.43,50.0
02210,Olari,Espoo,2022Q1,One-bedroom,16.67,145.0
02210,Olari,Espoo,2022Q1,Studio,23.11,165.0
02210,Olari,Espoo,2022Q1,Two-bedroom+,16.66,51.0
02210,Olari,Espoo,2022Q2,One-bedroom,16.84,129.0
02210,Olari,Espoo,2022Q2,Studio,23.14,153.0
02210,Olari,Espoo,2022Q2,Two-bedroom+,16.71,51.0
02210,Olari,Espoo,2022Q3,One-bedroom,16.93,116.0
02210,Olari,Espoo,2022Q3,Studio,23.13,148.0
02210,Olari,Espoo,2022Q3,Two-bedroom+,16.51,52.0
02210,Olari,Espoo,2022Q4,One-bedroom,16.86,112.0
02210,Olari,Espoo,2022Q4,Studio,23.12,151.0
02210,Olari,Espoo,2022Q4,Two-bedroom+,16.67,48.0
02210,Olari,Espoo,2023Q1,One-bedroom,16.7,122.0
02210,Olari,Espoo,2023Q1,Studio,23.0,147.0
02210,Olari,Espoo,2023Q1,Two-bedroom+,16.9,47.0
02210,Olari,Espoo,2023Q2,One-bedroom,16.78,127.0
02210,Olari,Espoo,2023Q2,Studio,23.01,159.0
02210,Olari,Espoo,2023Q2,Two-bedroom+,16.93,47.0
02210,Olari,Espoo,2023Q3,One-bedroom,16.75,125.0
02210,Olari,Espoo,2023Q3,Studio,22.95,161.0
02210,Olari,Espoo,2023Q3,Two-bedroom+,17.04,44.0
02210,Olari,Espoo,2023Q4,One-bedroom,16.63,131.0
02210,Olari,Espoo,2023Q4,Studio,22.75,166.0
02210,Olari,Espoo,2023Q4,Two-bedroom+,17.03,47.0
02210,Olari,Espoo,2024Q1,One-bedroom,16.82,125.0
02210,Olari,Espoo,2024Q1,Studio,22.97,155.0
02210,Olari,Espoo,2024Q1,Two-bedroom+,17.34,44.0
02210,Olari,Espoo,2024Q2,One-bedroom,16.88,131.0
02210,Olari,Espoo,2024Q2,Studio,23.04,146.0
02210,Olari,Espoo,2024Q2,Two-bedroom+,17.22,49.0
02210,Olari,Espoo,2024Q3,One-bedroom,17.0,123.0
02210,Olari,Espoo,2024Q3,Studio,23.03,139.0
02210,Olari,Espoo,2024Q3,Two-bedroom+,17.28,49.0
02210,Olari,Espoo,2024Q4,One-bedroom,17.12,123.0
02210,Olari,Espoo,2024Q4,Studio,23.07,147.0
02210,Olari,Espoo,2024Q4,Two-bedroom+,17.57,47.0
02210,Olari,Espoo,2025Q1,One-bedroom,17.04,133.0
02210,Olari,Espoo,2025Q1,Studio,23.05,159.0
02210,Olari,Espoo,2025Q1,Two-bedroom+,17.69,46.0
02210,Olari,Espoo,2025Q2,One-bedroom,17.13,120.0
02210,Olari,Espoo,2025Q2,Studio,22.9,143.0
02210,Olari,Espoo,2025Q2,Two-bedroom+,17.54,46.0
02210,Olari,Espoo,2025Q3,One-bedroom,17.3,134.0
02210,Olari,Espoo,2025Q3,Studio,23.65,162.0
02210,Olari,Espoo,2025Q4,One-bedroom,16.85,121.0
02210,Olari,Espoo,2025Q4,Studio,23.13,139.0
02210,Olari,Espoo,2025Q4,Two-bedroom+,17.11,48.0
02230,Matinkylä,Espoo,2015Q1,One-bedroom,15.62,273.0
02230,Matinkylä,Espoo,2015Q1,Studio,20.29,186.0
02230,Matinkylä,Espoo,2015Q1,Two-bedroom+,15.35,108.0
02230,Matinkylä,Espoo,2015Q2,One-bedroom,15.63,276.0
02230,Matinkylä,Espoo,2015Q2,Studio,20.45,183.0
02230,Matinkylä,Espoo,2015Q2,Two-bedroom+,15.29,111.0
02230,Matinkylä,Espoo,2015Q3,One-bedroom,15.91,313.0
02230,Matinkylä,Espoo,2015Q3,Studio,20.51,196.0
02230,Matinkylä,Espoo,2015Q4,One-bedroom,15.65,335.0
02230,Matinkylä,Espoo,2015Q4,Studio,20.44,210.0
02230,Matinkylä,Espoo,2016Q1,One-bedroom,16.65,314.0
02230,Matinkylä,Espoo,2016Q1,Studio,20.67,214.0
02230,Matinkylä,Espoo,2016Q1,Two-bedroom+,16.02,156.0
02230,Matinkylä,Espoo,2016Q2,One-bedroom,16.28,350.0
02230,Matinkylä,Espoo,2016Q2,Studio,20.84,221.0
02230,Matinkylä,Espoo,2016Q2,Two-bedroom+,15.07,192.0
02230,Matinkylä,Espoo,2016Q3,One-bedroom,16.6,347.0
02230,Matinkylä,Espoo,2016Q3,Studio,20.97,225.0
02230,Matinkylä,Espoo,2016Q3,Two-bedroom+,15.18,194.0
02230,Matinkylä,Espoo,2016Q4,One-bedroom,16.46,356.0
02230,Matinkylä,Espoo,2016Q4,Studio,20.98,235.0
02230,Matinkylä,Espoo,2017Q1,One-bedroom,16.67,407.0
02230,Matinkylä,Espoo,2017Q1,Studio,20.93,251.0
02230,Matinkylä,Espoo,2017Q2,One-bedroom,16.56,461.0
02230,Matinkylä,Espoo,2017Q2,Studio,20.91,269.0
02230,Matinkylä,Espoo,2017Q3,One-bedroom,16.92,462.0
02230,Matinkylä,Espoo,2017Q3,Studio,20.9,263.0
02230,Matinkylä,Espoo,2017Q4,One-bedroom,17.01,473.0
02230,Matinkylä,Espoo,2017Q4,Studio,20.97,274.0
02230,Matinkylä,Espoo,2018Q1,One-bedroom,17.07,481.0
02230,Matinkylä,Espoo,2018Q1,Studio,20.98,278.0
02230,Matinkylä,Espoo,2018Q2,One-bedroom,17.15,472.0
02230,Matinkylä,Espoo,2018Q2,Studio,20.91,271.0
02230,Matinkylä,Espoo,2018Q3,One-bedroom,17.1,469.0
02230,Matinkylä,Espoo,2018Q3,Studio,21.16,258.0
02230,Matinkylä,Espoo,2018Q4,One-bedroom,17.36,456.0
02230,Matinkylä,Espoo,2018Q4,Studio,21.4,262.0
02230,Matinkylä,Espoo,2019Q1,One-bedroom,17.21,475.0
02230,Matinkylä,Espoo,2019Q1,Studio,21.4,261.0
02230,Matinkylä,Espoo,2019Q2,One-bedroom,17.34,465.0
02230,Matinkylä,Espoo,2019Q2,Studio,21.5,262.0
02230,Matinkylä,Espoo,2019Q3,One-bedroom,17.36,469.0
02230,Matinkylä,Espoo,2019Q3,Studio,21.43,255.0
02230,Matinkylä,Espoo,2019Q4,One-bedroom,17.66,456.0
02230,Matinkylä,Espoo,2019Q4,Studio,21.81,256.0
02230,Matinkylä,Espoo,2020Q1,One-bedroom,17.92,448.0
02230,Matinkylä,Espoo,2020Q1,Studio,22.08,264.0
02230,Matinkylä,Espoo,2020Q2,One-bedroom,18.0,470.0
02230,Matinkylä,Espoo,2020Q2,Studio,22.27,272.0
02230,Matinkylä,Espoo,2020Q3,One-bedroom,18.05,479.0
02230,Matinkylä,Espoo,2020Q3,Studio,22.26,270.0
02230,Matinkylä,Espoo,2020Q4,One-bedroom,18.11,491.0
02230,Matinkylä,Espoo,2020Q4,Studio,22.46,264.0
02230,Matinkylä,Espoo,2021Q1,One-bedroom,18.23,475.0
02230,Matinkylä,Espoo,2021Q1,Studio,22.75,254.0
02230,Matinkylä,Espoo,2021Q2,One-bedroom,18.4,467.0
02230,Matinkylä,Espoo,2021Q2,Studio,22.84,241.0
02230,Matinkylä,Espoo,2021Q3,One-bedroom,18.44,466.0
02230,Matinkylä,Espoo,2021Q3,Studio,22.9,227.0
02230,Matinkylä,Espoo,2021Q4,One-bedroom,18.42,455.0
02230,Matinkylä,Espoo,2021Q4,Studio,23.05,224.0
02230,Matinkylä,Espoo,2022Q1,One-bedroom,18.48,460.0
02230,Matinkylä,Espoo,2022Q1,Studio,23.06,251.0
02230,Matinkylä,Espoo,2022Q2,One-bedroom,18.44,465.0
02230,Matinkylä,Espoo,2022Q2,Studio,23.08,249.0
02230,Matinkylä,Espoo,2022Q3,One-bedroom,18.51,459.0
02230,Matinkylä,Espoo,2022Q3,Studio,23.07,243.0
02230,Matinkylä,Espoo,2022Q4,One-bedroom,18.66,465.0
02230,Matinkylä,Espoo,2022Q4,Studio,23.11,234.0
02230,Matinkylä,Espoo,2023Q1,One-bedroom,18.61,467.0
02230,Matinkylä,Espoo,2023Q1,Studio,23.3,226.0
02230,Matinkylä,Espoo,2023Q2,One-bedroom,18.67,457.0
02230,Matinkylä,Espoo,2023Q2,Studio,23.27,226.0
02230,Matinkylä,Espoo,2023Q3,One-bedroom,18.69,445.0
02230,Matinkylä,Espoo,2023Q3,Studio,23.09,223.0
02230,Matinkylä,Espoo,2023Q4,One-bedroom,18.62,517.0
02230,Matinkylä,Espoo,2023Q4,Studio,23.35,230.0
02230,Matinkylä,Espoo,2024Q1,Studio,23.35,227.0
02230,Matinkylä,Espoo,2024Q2,Studio,23.46,238.0
02230,Matinkylä,Espoo,2024Q3,Studio,23.42,232.0
02230,Matinkylä,Espoo,2024Q4,Studio,23.22,242.0
02230,Matinkylä,Espoo,2025Q1,Studio,23.1,265.0
02230,Matinkylä,Espoo,2025Q2,Studio,23.33,239.0
02230,Matinkylä,Espoo,2025Q3,Studio,23.4,262.0
02230,Matinkylä,Espoo,2025Q4,Studio,23.3,225.0
02260,Kaitaa,Espoo,2015Q4,Studio,20.44,22.0
02260,Kaitaa,Espoo,2016Q1,Studio,21.17,20.0
02260,Kaitaa,Espoo,2016Q2,Studio,19.47,38.0
02260,Kaitaa,Espoo,2016Q3,Studio,19.72,38.0
02260,Kaitaa,Espoo,2016Q4,Studio,19.66,37.0
02260,Kaitaa,Espoo,2017Q1,Studio,20.01,34.0
02260,Kaitaa,Espoo,2017Q2,Studio,20.3,38.0
02260,Kaitaa,Espoo,2017Q3,Studio,20.62,42.0
02260,Kaitaa,Espoo,2017Q4,One-bedroom,15.59,20.0
02260,Kaitaa,Espoo,2017Q4,Studio,20.75,42.0
02260,Kaitaa,Espoo,2018Q1,One-bedroom,15.33,20.0
02260,Kaitaa,Espoo,2018Q1,Studio,20.68,39.0
02260,Kaitaa,Espoo,2018Q2,Studio,20.85,39.0
02260,Kaitaa,Espoo,2018Q3,Studio,21.0,32.0
02260,Kaitaa,Espoo,2018Q4,Studio,21.09,38.0
02260,Kaitaa,Espoo,2019Q1,One-bedroom,15.11,20.0
02260,Kaitaa,Espoo,2019Q1,Studio,21.34,35.0
02260,Kaitaa,Espoo,2019Q2,Studio,21.54,37.0
02260,Kaitaa,Espoo,2019Q2,Two-bedroom+,15.39,24.0
02260,Kaitaa,Espoo,2019Q3,One-bedroom,14.84,21.0
02260,Kaitaa,Espoo,2019Q3,Studio,21.46,32.0
02260,Kaitaa,Espoo,2019Q4,Studio,21.22,36.0
02260,Kaitaa,Espoo,2020Q1,One-bedroom,15.74,23.0
02260,Kaitaa,Espoo,2020Q1,Studio,21.4,34.0
02260,Kaitaa,Espoo,2020Q2,One-bedroom,15.8,26.0
02260,Kaitaa,Espoo,2020Q2,Studio,21.52,32.0
02260,Kaitaa,Espoo,2020Q3,One-bedroom,15.85,24.0
02260,Kaitaa,Espoo,2020Q3,Studio,21.6,29.0
02260,Kaitaa,Espoo,2020Q3,Two-bedroom+,15.53,24.0
02260,Kaitaa,Espoo,2020Q4,One-bedroom,16.21,25.0
02260,Kaitaa,Espoo,2020Q4,Studio,21.71,32.0
02260,Kaitaa,Espoo,2020Q4,Two-bedroom+,15.53,23.0
02260,Kaitaa,Espoo,2021Q1,One-bedroom,16.36,29.0
02260,Kaitaa,Espoo,2021Q1,Studio,22.22,32.0
02260,Kaitaa,Espoo,2021Q1,Two-bedroom+,15.63,25.0
02260,Kaitaa,Espoo,2021Q2,One-bedroom,16.5,25.0
02260,Kaitaa,Espoo,2021Q2,Studio,22.46,34.0
02260,Kaitaa,Espoo,2021Q2,Two-bedroom+,15.7,27.0
02260,Kaitaa,Espoo,2021Q3,One-bedroom,16.72,30.0
02260,Kaitaa,Espoo,2021Q3,Studio,22.89,31.0
02260,Kaitaa,Espoo,2021Q3,Two-bedroom+,15.69,25.0
02260,Kaitaa,Espoo,2021Q4,One-bedroom,16.91,31.0
02260,Kaitaa,Espoo,2021Q4,Studio,23.34,29.0
02260,Kaitaa,Espoo,2021Q4,Two-bedroom+,15.66,27.0
02260,Kaitaa,Espoo,2022Q1,One-bedroom,16.93,30.0
02260,Kaitaa,Espoo,2022Q1,Studio,23.25,32.0
02260,Kaitaa,Espoo,2022Q1,Two-bedroom+,15.9,26.0
02260,Kaitaa,Espoo,2022Q2,One-bedroom,17.05,29.0
02260,Kaitaa,Espoo,2022Q2,Studio,23.65,28.0
02260,Kaitaa,Espoo,2022Q2,Two-bedroom+,16.13,23.0
02260,Kaitaa,Espoo,2022Q3,One-bedroom,18.13,22.0
02260,Kaitaa,Espoo,2022Q3,Studio,23.35,22.0
02260,Kaitaa,Espoo,2022Q4,One-bedroom,18.68,20.0
02260,Kaitaa,Espoo,2022Q4,Studio,23.38,24.0
02260,Kaitaa,Espoo,2022Q4,Two-bedroom+,16.41,24.0
02260,Kaitaa,Espoo,2023Q1,One-bedroom,17.95,25.0
02260,Kaitaa,Espoo,2023Q1,Studio,23.38,26.0
02260,Kaitaa,Espoo,2023Q1,Two-bedroom+,16.59,24.0
02260,Kaitaa,Espoo,2023Q2,One-bedroom,18.22,24.0
02260,Kaitaa,Espoo,2023Q2,Studio,23.77,26.0
02260,Kaitaa,Espoo,2023Q2,Two-bedroom+,16.94,23.0
02260,Kaitaa,Espoo,2023Q3,One-bedroom,18.13,25.0
02260,Kaitaa,Espoo,2023Q3,Studio,23.77,25.0
02260,Kaitaa,Espoo,2023Q3,Two-bedroom+,17.19,23.0
02260,Kaitaa,Espoo,2023Q4,One-bedroom,17.88,27.0
02260,Kaitaa,Espoo,2023Q4,Studio,23.57,27.0
02260,Kaitaa,Espoo,2023Q4,Two-bedroom+,17.01,24.0
02260,Kaitaa,Espoo,2024Q1,One-bedroom,18.28,24.0
02260,Kaitaa,Espoo,2024Q1,Studio,23.5,29.0
02260,Kaitaa,Espoo,2024Q2,One-bedroom,19.07,28.0
02260,Kaitaa,Espoo,2024Q2,Studio,23.71,29.0
02260,Kaitaa,Espoo,2024Q2,Two-bedroom+,17.49,23.0
02260,Kaitaa,Espoo,2024Q3,One-bedroom,19.1,28.0
02260,Kaitaa,Espoo,2024Q3,Studio,24.11,21.0
02260,Kaitaa,Espoo,2024Q4,One-bedroom,18.83,31.0
02260,Kaitaa,Espoo,2024Q4,Studio,24.21,24.0
02260,Kaitaa,Espoo,2025Q1,One-bedroom,18.98,27.0
02260,Kaitaa,Espoo,2025Q1,Studio,24.19,22.0
02260,Kaitaa,Espoo,2025Q2,One-bedroom,19.14,26.0
02260,Kaitaa,Espoo,2025Q2,Studio,24.13,23.0
02260,Kaitaa,Espoo,2025Q4,One-bedroom,19.14,23.0
02260,Kaitaa,Espoo,2025Q4,Studio,23.29,20.0
02320,Espoonlahti,Espoo,2015Q1,One-bedroom,14.32,202.0
02320,Espoonlahti,Espoo,2015Q1,Studio,17.98,113.0
02320,Espoonlahti,Espoo,2015Q2,One-bedroom,14.1,208.0
02320,Espoonlahti,Espoo,2015Q2,Studio,18.3,127.0
02320,Espoonlahti,Espoo,2015Q3,One-bedroom,14.28,209.0
02320,Espoonlahti,Espoo,2015Q3,Studio,18.37,125.0
02320,Espoonlahti,Espoo,2015Q4,One-bedroom,14.27,208.0
02320,Espoonlahti,Espoo,2015Q4,Studio,18.38,149.0
02320,Espoonlahti,Espoo,2016Q1,One-bedroom,15.86,196.0
02320,Espoonlahti,Espoo,2016Q1,Studio,18.61,136.0
02320,Espoonlahti,Espoo,2016Q2,One-bedroom,14.74,226.0
02320,Espoonlahti,Espoo,2016Q2,Studio,18.73,139.0
02320,Espoonlahti,Espoo,2016Q3,One-bedroom,14.82,227.0
02320,Espoonlahti,Espoo,2016Q3,Studio,18.73,150.0
02320,Espoonlahti,Espoo,2016Q4,One-bedroom,15.12,286.0
02320,Espoonlahti,Espoo,2016Q4,Studio,18.78,152.0
02320,Espoonlahti,Espoo,2017Q1,One-bedroom,15.34,277.0
02320,Espoonlahti,Espoo,2017Q1,Studio,18.73,169.0
02320,Espoonlahti,Espoo,2017Q2,One-bedroom,15.29,278.0
02320,Espoonlahti,Espoo,2017Q2,Studio,18.79,178.0
02320,Espoonlahti,Espoo,2017Q3,One-bedroom,15.63,277.0
02320,Espoonlahti,Espoo,2017Q3,Studio,18.99,173.0
02320,Espoonlahti,Espoo,2017Q4,One-bedroom,15.58,289.0
02320,Espoonlahti,Espoo,2017Q4,Studio,19.16,185.0
02320,Espoonlahti,Espoo,2018Q1,One-bedroom,15.6,288.0
02320,Espoonlahti,Espoo,2018Q1,Studio,19.11,184.0
02320,Espoonlahti,Espoo,2018Q1,Two-bedroom+,13.87,203.0
02320,Espoonlahti,Espoo,2018Q2,One-bedroom,15.59,281.0
02320,Espoonlahti,Espoo,2018Q2,Studio,19.22,177.0
02320,Espoonlahti,Espoo,2018Q3,One-bedroom,15.91,296.0
02320,Espoonlahti,Espoo,2018Q3,Studio,19.75,195.0
02320,Espoonlahti,Espoo,2018Q4,One-bedroom,16.27,333.0
02320,Espoonlahti,Espoo,2018Q4,Studio,20.48,245.0
02320,Espoonlahti,Espoo,2019Q1,One-bedroom,16.07,336.0
02320,Espoonlahti,Espoo,2019Q1,Studio,20.05,248.0
02320,Espoonlahti,Espoo,2019Q2,One-bedroom,16.15,339.0
02320,Espoonlahti,Espoo,2019Q2,Studio,20.07,250.0
02320,Espoonlahti,Espoo,2019Q3,One-bedroom,16.19,340.0
02320,Espoonlahti,Espoo,2019Q3,Studio,20.07,250.0
02320,Espoonlahti,Espoo,2019Q4,One-bedroom,16.34,335.0
02320,Espoonlahti,Espoo,2019Q4,Studio,20.24,250.0
02320,Espoonlahti,Espoo,2020Q1,One-bedroom,16.47,320.0
02320,Espoonlahti,Espoo,2020Q1,Studio,20.33,242.0
02320,Espoonlahti,Espoo,2020Q2,One-bedroom,16.62,332.0
02320,Espoonlahti,Espoo,2020Q2,Studio,20.4,253.0
02320,Espoonlahti,Espoo,2020Q3,One-bedroom,16.61,336.0
02320,Espoonlahti,Espoo,2020Q3,Studio,20.28,264.0
02320,Espoonlahti,Espoo,2020Q4,One-bedroom,16.61,337.0
02320,Espoonlahti,Espoo,2020Q4,Studio,20.32,259.0
02320,Espoonlahti,Espoo,2021Q1,One-bedroom,16.68,347.0
02320,Espoonlahti,Espoo,2021Q1,Studio,20.54,249.0
02320,Espoonlahti,Espoo,2021Q2,One-bedroom,16.76,332.0
02320,Espoonlahti,Espoo,2021Q2,Studio,20.61,254.0
02320,Espoonlahti,Espoo,2021Q3,One-bedroom,16.85,333.0
02320,Espoonlahti,Espoo,2021Q3,Studio,20.65,247.0
02320,Espoonlahti,Espoo,2021Q4,One-bedroom,16.87,337.0
02320,Espoonlahti,Espoo,2021Q4,Studio,20.65,248.0
02320,Espoonlahti,Espoo,2022Q1,One-bedroom,16.86,333.0
02320,Espoonlahti,Espoo,2022Q1,Studio,20.77,250.0
02320,Espoonlahti,Espoo,2022Q2,One-bedroom,16.91,315.0
02320,Espoonlahti,Espoo,2022Q2,Studio,20.81,240.0
02320,Espoonlahti,Espoo,2022Q3,One-bedroom,16.93,316.0
02320,Espoonlahti,Espoo,2022Q3,Studio,20.85,245.0
02320,Espoonlahti,Espoo,2022Q4,One-bedroom,18.14,317.0
02320,Espoonlahti,Espoo,2022Q4,Studio,20.9,253.0
02320,Espoonlahti,Espoo,2023Q1,One-bedroom,16.93,325.0
02320,Espoonlahti,Espoo,2023Q1,Studio,20.89,242.0
02320,Espoonlahti,Espoo,2023Q2,One-bedroom,16.96,314.0
02320,Espoonlahti,Espoo,2023Q2,Studio,20.74,240.0
02320,Espoonlahti,Espoo,2023Q3,One-bedroom,16.89,307.0
02320,Espoonlahti,Espoo,2023Q3,Studio,20.54,248.0
02320,Espoonlahti,Espoo,2023Q4,One-bedroom,16.83,305.0
02320,Espoonlahti,Espoo,2023Q4,Studio,20.36,244.0
02320,Espoonlahti,Espoo,2024Q1,One-bedroom,16.79,301.0
02320,Espoonlahti,Espoo,2024Q1,Studio,20.41,232.0
02320,Espoonlahti,Espoo,2024Q2,One-bedroom,16.78,297.0
02320,Espoonlahti,Espoo,2024Q2,Studio,20.34,233.0
02320,Espoonlahti,Espoo,2024Q3,One-bedroom,16.84,296.0
02320,Espoonlahti,Espoo,2024Q3,Studio,20.44,232.0
02320,Espoonlahti,Espoo,2024Q4,Studio,20.49,234.0
02320,Espoonlahti,Espoo,2025Q1,One-bedroom,16.83,300.0
02320,Espoonlahti,Espoo,2025Q1,Studio,20.42,248.0
02320,Espoonlahti,Espoo,2025Q2,Studio,20.31,230.0
02320,Espoonlahti,Espoo,2025Q3,Studio,20.65,307.0
02320,Espoonlahti,Espoo,2025Q4,One-bedroom,16.73,279.0
02320,Espoonlahti,Espoo,2025Q4,Studio,20.38,222.0
02330,Saunalahti-Kattilalaakso,Espoo,2016Q1,One-bedroom,18.92,27.0
02330,Saunalahti-Kattilalaakso,Espoo,2016Q2,One-bedroom,18.61,27.0
02330,Saunalahti-Kattilalaakso,Espoo,2016Q3,One-bedroom,17.97,29.0
02330,Saunalahti-Kattilalaakso,Espoo,2016Q4,One-bedroom,17.59,30.0
02330,Saunalahti-Kattilalaakso,Espoo,2017Q1,One-bedroom,17.94,30.0
02330,Saunalahti-Kattilalaakso,Espoo,2017Q2,One-bedroom,17.98,28.0
02330,Saunalahti-Kattilalaakso,Espoo,2017Q4,Studio,22.01,20.0
02330,Saunalahti-Kattilalaakso,Espoo,2018Q1,One-bedroom,18.72,28.0
02330,Saunalahti-Kattilalaakso,Espoo,2018Q2,Studio,21.64,20.0
02330,Saunalahti-Kattilalaakso,Espoo,2018Q4,Studio,21.49,46.0
02330,Saunalahti-Kattilalaakso,Espoo,2019Q1,Studio,21.2,44.0
02330,Saunalahti-Kattilalaakso,Espoo,2019Q2,Studio,20.99,45.0
02330,Saunalahti-Kattilalaakso,Espoo,2019Q3,Studio,21.0,43.0
02330,Saunalahti-Kattilalaakso,Espoo,2019Q4,Studio,21.36,45.0
02330,Saunalahti-Kattilalaakso,Espoo,2020Q1,Studio,22.05,53.0
02330,Saunalahti-Kattilalaakso,Espoo,2020Q2,Studio,21.99,58.0
02330,Saunalahti-Kattilalaakso,Espoo,2020Q3,Studio,22.17,57.0
02330,Saunalahti-Kattilalaakso,Espoo,2020Q4,Studio,22.51,54.0
02330,Saunalahti-Kattilalaakso,Espoo,2021Q1,One-bedroom,19.69,91.0
02330,Saunalahti-Kattilalaakso,Espoo,2021Q1,Studio,23.24,99.0
02330,Saunalahti-Kattilalaakso,Espoo,2021Q2,One-bedroom,19.71,85.0
02330,Saunalahti-Kattilalaakso,Espoo,2021Q2,Studio,23.04,99.0
02330,Saunalahti-Kattilalaakso,Espoo,2021Q3,One-bedroom,19.78,82.0
02330,Saunalahti-Kattilalaakso,Espoo,2021Q3,Studio,22.89,90.0
02330,Saunalahti-Kattilalaakso,Espoo,2021Q4,One-bedroom,19.89,80.0
02330,Saunalahti-Kattilalaakso,Espoo,2021Q4,Studio,22.93,93.0
02330,Saunalahti-Kattilalaakso,Espoo,2022Q1,One-bedroom,19.79,96.0
02330,Saunalahti-Kattilalaakso,Espoo,2022Q1,Studio,23.1,146.0
02330,Saunalahti-Kattilalaakso,Espoo,2022Q2,Studio,23.51,162.0
02330,Saunalahti-Kattilalaakso,Espoo,2022Q3,One-bedroom,20.24,114.0
02330,Saunalahti-Kattilalaakso,Espoo,2022Q3,Studio,23.4,163.0
02330,Saunalahti-Kattilalaakso,Espoo,2022Q4,One-bedroom,20.2,119.0
02330,Saunalahti-Kattilalaakso,Espoo,2022Q4,Studio,23.24,165.0
02330,Saunalahti-Kattilalaakso,Espoo,2023Q1,One-bedroom,20.09,118.0
02330,Saunalahti-Kattilalaakso,Espoo,2023Q1,Studio,23.26,149.0
02330,Saunalahti-Kattilalaakso,Espoo,2023Q2,One-bedroom,20.25,116.0
02330,Saunalahti-Kattilalaakso,Espoo,2023Q2,Studio,23.51,153.0
02330,Saunalahti-Kattilalaakso,Espoo,2023Q3,One-bedroom,20.16,115.0
02330,Saunalahti-Kattilalaakso,Espoo,2023Q3,Studio,23.27,152.0
02330,Saunalahti-Kattilalaakso,Espoo,2023Q4,One-bedroom,19.77,118.0
02330,Saunalahti-Kattilalaakso,Espoo,2023Q4,Studio,23.31,154.0
02330,Saunalahti-Kattilalaakso,Espoo,2024Q1,One-bedroom,19.66,122.0
02330,Saunalahti-Kattilalaakso,Espoo,2024Q1,Studio,23.13,159.0
02330,Saunalahti-Kattilalaakso,Espoo,2024Q2,One-bedroom,19.72,123.0
02330,Saunalahti-Kattilalaakso,Espoo,2024Q2,Studio,23.1,159.0
02330,Saunalahti-Kattilalaakso,Espoo,2024Q3,One-bedroom,19.77,121.0
02330,Saunalahti-Kattilalaakso,Espoo,2024Q3,Studio,22.95,161.0
02330,Saunalahti-Kattilalaakso,Espoo,2024Q4,One-bedroom,19.74,117.0
02330,Saunalahti-Kattilalaakso,Espoo,2024Q4,Studio,22.94,166.0
02330,Saunalahti-Kattilalaakso,Espoo,2025Q1,One-bedroom,19.63,120.0
02330,Saunalahti-Kattilalaakso,Espoo,2025Q1,Studio,22.68,164.0
02330,Saunalahti-Kattilalaakso,Espoo,2025Q2,Studio,22.63,158.0
02330,Saunalahti-Kattilalaakso,Espoo,2025Q3,Studio,22.68,233.0
02330,Saunalahti-Kattilalaakso,Espoo,2025Q4,Studio,22.48,161.0
02360,Soukka,Espoo,2015Q1,Studio,18.88,104.0
02360,Soukka,Espoo,2015Q2,Studio,19.08,103.0
02360,Soukka,Espoo,2015Q3,Studio,19.1,104.0
02360,Soukka,Espoo,2015Q4,Studio,19.17,104.0
02360,Soukka,Espoo,2016Q1,Studio,19.21,115.0
02360,Soukka,Espoo,2016Q2,Studio,19.15,124.0
02360,Soukka,Espoo,2016Q3,Studio,19.31,123.0
02360,Soukka,Espoo,2016Q4,Studio,19.23,130.0
02360,Soukka,Espoo,2017Q1,Studio,19.45,122.0
02360,Soukka,Espoo,2017Q2,Studio,19.53,125.0
02360,Soukka,Espoo,2017Q3,Studio,19.54,126.0
02360,Soukka,Espoo,2017Q4,Studio,19.75,123.0
02360,Soukka,Espoo,2018Q1,Studio,19.65,127.0
02360,Soukka,Espoo,2018Q2,Studio,19.39,132.0
02360,Soukka,Espoo,2018Q3,Studio,19.39,134.0
02360,Soukka,Espoo,2018Q4,Studio,19.85,131.0
02360,Soukka,Espoo,2019Q1,Studio,19.8,134.0
02360,Soukka,Espoo,2019Q2,Studio,20.01,130.0
02360,Soukka,Espoo,2019Q3,Studio,20.24,125.0
02360,Soukka,Espoo,2019Q4,Studio,20.54,128.0
02360,Soukka,Espoo,2020Q1,Studio,20.5,135.0
02360,Soukka,Espoo,2020Q2,Studio,20.64,139.0
02360,Soukka,Espoo,2020Q3,Studio,20.62,138.0
02360,Soukka,Espoo,2020Q4,Studio,20.55,143.0
02360,Soukka,Espoo,2021Q1,Studio,20.78,140.0
02360,Soukka,Espoo,2021Q2,Studio,20.96,139.0
02360,Soukka,Espoo,2021Q3,Studio,20.83,136.0
02360,Soukka,Espoo,2021Q4,Studio,20.91,135.0
02360,Soukka,Espoo,2022Q1,Studio,20.8,143.0
02360,Soukka,Espoo,2022Q2,Studio,21.41,119.0
02360,Soukka,Espoo,2022Q3,Studio,21.31,118.0
02360,Soukka,Espoo,2022Q4,Studio,21.1,123.0
02360,Soukka,Espoo,2023Q1,Studio,21.17,120.0
02360,Soukka,Espoo,2023Q2,Studio,21.4,119.0
02360,Soukka,Espoo,2023Q3,Studio,21.43,121.0
02360,Soukka,Espoo,2023Q4,Studio,21.24,122.0
02360,Soukka,Espoo,2024Q1,Studio,21.49,113.0
02360,Soukka,Espoo,2024Q2,Studio,22.1,160.0
02360,Soukka,Espoo,2024Q3,Studio,21.72,116.0
02360,Soukka,Espoo,2024Q4,Studio,21.56,123.0
02360,Soukka,Espoo,2025Q1,Studio,21.34,132.0
02360,Soukka,Espoo,2025Q2,Studio,21.77,122.0
02360,Soukka,Espoo,2025Q3,Studio,22.24,116.0
02360,Soukka,Espoo,2025Q4,Studio,21.56,139.0
02600,Etelä-Leppävaara,Espoo,2015Q1,One-bedroom,18.26,115.0
02600,Etelä-Leppävaara,Espoo,2015Q1,Studio,20.97,68.0
02600,Etelä-Leppävaara,Espoo,2015Q2,One-bedroom,18.08,120.0
02600,Etelä-Leppävaara,Espoo,2015Q2,Studio,21.33,68.0
02600,Etelä-Leppävaara,Espoo,2015Q3,One-bedroom,18.19,117.0
02600,Etelä-Leppävaara,Espoo,2015Q3,Studio,20.53,75.0
02600,Etelä-Leppävaara,Espoo,2015Q4,Studio,20.53,91.0
02600,Etelä-Leppävaara,Espoo,2016Q1,One-bedroom,17.93,168.0
02600,Etelä-Leppävaara,Espoo,2016Q1,Studio,21.41,93.0
02600,Etelä-Leppävaara,Espoo,2016Q2,One-bedroom,17.99,171.0
02600,Etelä-Leppävaara,Espoo,2016Q2,Studio,21.26,99.0
02600,Etelä-Leppävaara,Espoo,2016Q3,One-bedroom,18.16,166.0
02600,Etelä-Leppävaara,Espoo,2016Q3,Studio,21.32,102.0
02600,Etelä-Leppävaara,Espoo,2016Q4,One-bedroom,18.19,170.0
02600,Etelä-Leppävaara,Espoo,2016Q4,Studio,21.45,107.0
02600,Etelä-Leppävaara,Espoo,2017Q1,One-bedroom,17.92,168.0
02600,Etelä-Leppävaara,Espoo,2017Q1,Studio,21.15,92.0
02600,Etelä-Leppävaara,Espoo,2017Q2,One-bedroom,18.23,167.0
02600,Etelä-Leppävaara,Espoo,2017Q2,Studio,21.34,86.0
02600,Etelä-Leppävaara,Espoo,2017Q3,Studio,21.56,89.0
02600,Etelä-Leppävaara,Espoo,2017Q4,Studio,21.74,91.0
02600,Etelä-Leppävaara,Espoo,2018Q1,One-bedroom,18.71,173.0
02600,Etelä-Leppävaara,Espoo,2018Q1,Studio,21.12,102.0
02600,Etelä-Leppävaara,Espoo,2018Q2,One-bedroom,18.78,172.0
02600,Etelä-Leppävaara,Espoo,2018Q2,Studio,21.35,99.0
02600,Etelä-Leppävaara,Espoo,2018Q3,Studio,22.51,120.0
02600,Etelä-Leppävaara,Espoo,2018Q4,Studio,22.48,130.0
02600,Etelä-Leppävaara,Espoo,2019Q1,Studio,22.29,134.0
02600,Etelä-Leppävaara,Espoo,2019Q2,Studio,22.41,133.0
02600,Etelä-Leppävaara,Espoo,2019Q3,Studio,23.85,160.0
02600,Etelä-Leppävaara,Espoo,2019Q4,Studio,23.83,168.0
02600,Etelä-Leppävaara,Espoo,2020Q1,Studio,23.81,181.0
02600,Etelä-Leppävaara,Espoo,2020Q2,Studio,24.68,237.0
02600,Etelä-Leppävaara,Espoo,2020Q3,Studio,24.75,238.0
02600,Etelä-Leppävaara,Espoo,2020Q4,Studio,25.03,260.0
02600,Etelä-Leppävaara,Espoo,2021Q1,Studio,25.01,281.0
02600,Etelä-Leppävaara,Espoo,2021Q2,Studio,24.94,282.0
02600,Etelä-Leppävaara,Espoo,2021Q3,Studio,24.96,280.0
02600,Etelä-Leppävaara,Espoo,2021Q4,Studio,25.02,336.0
02600,Etelä-Leppävaara,Espoo,2022Q1,Studio,24.9,440.0
02600,Etelä-Leppävaara,Espoo,2022Q2,Studio,24.96,432.0
02600,Etelä-Leppävaara,Espoo,2022Q3,Studio,24.82,443.0
02600,Etelä-Leppävaara,Espoo,2022Q4,Studio,24.9,439.0
02600,Etelä-Leppävaara,Espoo,2023Q1,Studio,25.2,481.0
02600,Etelä-Leppävaara,Espoo,2023Q2,Studio,25.09,506.0
02600,Etelä-Leppävaara,Espoo,2023Q3,Studio,25.1,513.0
02600,Etelä-Leppävaara,Espoo,2023Q4,Studio,25.1,516.0
02600,Etelä-Leppävaara,Espoo,2024Q1,Studio,25.13,525.0
02600,Etelä-Leppävaara,Espoo,2024Q2,Studio,25.27,521.0
02600,Etelä-Leppävaara,Espoo,2024Q3,Studio,25.26,509.0
02600,Etelä-Leppävaara,Espoo,2024Q4,Studio,25.09,512.0
02600,Etelä-Leppävaara,Espoo,2025Q1,Studio,25.03,541.0
02600,Etelä-Leppävaara,Espoo,2025Q2,Studio,25.0,505.0
02600,Etelä-Leppävaara,Espoo,2025Q4,Studio,24.85,509.0
02610,Kilo,Espoo,2017Q4,Studio,20.78,34.0
02610,Kilo,Espoo,2018Q1,Studio,21.0,35.0
02610,Kilo,Espoo,2018Q2,Studio,21.04,35.0
02610,Kilo,Espoo,2018Q3,Studio,21.06,34.0
02610,Kilo,Espoo,2018Q4,Studio,21.14,35.0
02610,Kilo,Espoo,2019Q2,Studio,21.51,40.0
02610,Kilo,Espoo,2019Q4,Studio,21.67,39.0
02610,Kilo,Espoo,2020Q1,Studio,22.35,55.0
02610,Kilo,Espoo,2020Q2,Studio,22.39,57.0
02610,Kilo,Espoo,2020Q3,Studio,22.49,59.0
02610,Kilo,Espoo,2020Q4,Studio,22.39,57.0
02610,Kilo,Espoo,2021Q1,Studio,22.62,63.0
02610,Kilo,Espoo,2021Q1,Two-bedroom+,17.7,79.0
02610,Kilo,Espoo,2021Q2,Studio,22.43,59.0
02610,Kilo,Espoo,2021Q2,Two-bedroom+,17.72,79.0
02610,Kilo,Espoo,2021Q3,Studio,23.52,98.0
02610,Kilo,Espoo,2021Q4,Studio,23.49,98.0
02610,Kilo,Espoo,2022Q1,Studio,23.58,100.0
02610,Kilo,Espoo,2022Q2,Studio,23.65,100.0
02610,Kilo,Espoo,2022Q3,Studio,23.53,99.0
02610,Kilo,Espoo,2022Q4,Studio,23.63,103.0
02610,Kilo,Espoo,2023Q1,Studio,23.82,96.0
02610,Kilo,Espoo,2023Q2,Studio,23.8,99.0
02610,Kilo,Espoo,2023Q3,Studio,23.64,93.0
02610,Kilo,Espoo,2023Q4,Studio,23.42,93.0
02610,Kilo,Espoo,2024Q1,Studio,23.46,95.0
02610,Kilo,Espoo,2024Q1,Two-bedroom+,18.73,97.0
02610,Kilo,Espoo,2024Q2,Studio,23.66,98.0
02610,Kilo,Espoo,2024Q2,Two-bedroom+,18.88,98.0
02610,Kilo,Espoo,2024Q3,Studio,23.56,96.0
02610,Kilo,Espoo,2024Q4,Studio,23.44,99.0
02610,Kilo,Espoo,2025Q1,Studio,23.25,100.0
02610,Kilo,Espoo,2025Q2,Studio,23.16,96.0
02610,Kilo,Espoo,2025Q4,Studio,22.95,95.0
02620,Karakallio,Espoo,2015Q1,One-bedroom,15.07,52.0
02620,Karakallio,Espoo,2015Q1,Studio,20.42,32.0
02620,Karakallio,Espoo,2015Q2,One-bedroom,14.98,53.0
02620,Karakallio,Espoo,2015Q2,Studio,20.22,34.0
02620,Karakallio,Espoo,2015Q3,One-bedroom,15.4,59.0
02620,Karakallio,Espoo,2015Q3,Studio,20.88,31.0
02620,Karakallio,Espoo,2015Q4,One-bedroom,14.75,65.0
02620,Karakallio,Espoo,2015Q4,Studio,21.01,32.0
02620,Karakallio,Espoo,2016Q1,One-bedroom,14.88,58.0
02620,Karakallio,Espoo,2016Q1,Studio,21.35,31.0
02620,Karakallio,Espoo,2016Q2,One-bedroom,15.88,75.0
02620,Karakallio,Espoo,2016Q2,Studio,22.14,28.0
02620,Karakallio,Espoo,2016Q3,One-bedroom,16.33,73.0
02620,Karakallio,Espoo,2016Q3,Studio,21.79,28.0
02620,Karakallio,Espoo,2016Q4,One-bedroom,16.77,129.0
02620,Karakallio,Espoo,2016Q4,Studio,20.47,44.0
02620,Karakallio,Espoo,2017Q1,One-bedroom,16.98,130.0
02620,Karakallio,Espoo,2017Q1,Studio,20.13,49.0
02620,Karakallio,Espoo,2017Q2,One-bedroom,17.03,129.0
02620,Karakallio,Espoo,2017Q2,Studio,20.25,51.0
02620,Karakallio,Espoo,2017Q3,One-bedroom,17.08,135.0
02620,Karakallio,Espoo,2017Q3,Studio,19.97,57.0
02620,Karakallio,Espoo,2017Q4,One-bedroom,17.03,137.0
02620,Karakallio,Espoo,2017Q4,Studio,20.05,54.0
02620,Karakallio,Espoo,2018Q1,One-bedroom,17.26,139.0
02620,Karakallio,Espoo,2018Q1,Studio,20.17,58.0
02620,Karakallio,Espoo,2018Q2,One-bedroom,17.36,134.0
02620,Karakallio,Espoo,2018Q2,Studio,20.79,50.0
02620,Karakallio,Espoo,2018Q3,One-bedroom,17.43,133.0
02620,Karakallio,Espoo,2018Q3,Studio,20.75,51.0
02620,Karakallio,Espoo,2018Q4,One-bedroom,17.56,136.0
02620,Karakallio,Espoo,2018Q4,Studio,20.53,50.0
02620,Karakallio,Espoo,2019Q1,One-bedroom,17.33,136.0
02620,Karakallio,Espoo,2019Q1,Studio,20.41,53.0
02620,Karakallio,Espoo,2019Q2,One-bedroom,17.61,134.0
02620,Karakallio,Espoo,2019Q2,Studio,20.54,56.0
02620,Karakallio,Espoo,2019Q3,One-bedroom,17.61,133.0
02620,Karakallio,Espoo,2019Q3,Studio,20.43,56.0
02620,Karakallio,Espoo,2019Q4,One-bedroom,17.7,137.0
02620,Karakallio,Espoo,2019Q4,Studio,20.66,54.0
02620,Karakallio,Espoo,2020Q1,One-bedroom,17.72,138.0
02620,Karakallio,Espoo,2020Q1,Studio,20.77,53.0
02620,Karakallio,Espoo,2020Q2,Studio,21.16,52.0
02620,Karakallio,Espoo,2020Q3,Studio,21.26,51.0
02620,Karakallio,Espoo,2020Q4,Studio,21.33,52.0
02620,Karakallio,Espoo,2021Q1,Studio,21.71,52.0
02620,Karakallio,Espoo,2021Q2,Studio,21.77,51.0
02620,Karakallio,Espoo,2021Q3,Studio,21.9,55.0
02620,Karakallio,Espoo,2021Q4,Studio,21.81,55.0
02620,Karakallio,Espoo,2022Q1,Studio,20.97,64.0
02620,Karakallio,Espoo,2022Q2,Studio,20.84,61.0
02620,Karakallio,Espoo,2022Q3,Studio,21.0,63.0
02620,Karakallio,Espoo,2022Q4,Studio,20.9,64.0
02620,Karakallio,Espoo,2023Q1,Studio,20.88,60.0
02620,Karakallio,Espoo,2023Q2,Studio,21.11,64.0
02620,Karakallio,Espoo,2023Q3,Studio,21.12,62.0
02620,Karakallio,Espoo,2023Q4,Studio,21.78,77.0
02620,Karakallio,Espoo,2024Q1,Studio,23.62,113.0
02620,Karakallio,Espoo,2024Q2,Studio,23.64,114.0
02620,Karakallio,Espoo,2024Q3,Studio,23.66,111.0
02620,Karakallio,Espoo,2024Q4,Studio,23.68,109.0
02620,Karakallio,Espoo,2025Q1,Studio,23.9,110.0
02620,Karakallio,Espoo,2025Q2,Studio,23.75,111.0
02620,Karakallio,Espoo,2025Q3,Studio,23.14,131.0
02620,Karakallio,Espoo,2025Q4,Studio,23.77,107.0
02650,Pohjois-Leppävaara,Espoo,2015Q1,One-bedroom,14.21,91.0
02650,Pohjois-Leppävaara,Espoo,2015Q1,Studio,20.18,68.0
02650,Pohjois-Leppävaara,Espoo,2015Q1,Two-bedroom+,14.29,25.0
02650,Pohjois-Leppävaara,Espoo,2015Q2,One-bedroom,14.19,94.0
02650,Pohjois-Leppävaara,Espoo,2015Q2,Studio,19.9,71.0
02650,Pohjois-Leppävaara,Espoo,2015Q2,Two-bedroom+,14.74,25.0
02650,Pohjois-Leppävaara,Espoo,2015Q3,One-bedroom,16.13,106.0
02650,Pohjois-Leppävaara,Espoo,2015Q3,Studio,24.74,128.0
02650,Pohjois-Leppävaara,Espoo,2015Q3,Two-bedroom+,14.57,26.0
02650,Pohjois-Leppävaara,Espoo,2015Q4,One-bedroom,15.36,120.0
02650,Pohjois-Leppävaara,Espoo,2015Q4,Studio,24.76,132.0
02650,Pohjois-Leppävaara,Espoo,2015Q4,Two-bedroom+,14.11,31.0
02650,Pohjois-Leppävaara,Espoo,2016Q1,One-bedroom,16.33,119.0
02650,Pohjois-Leppävaara,Espoo,2016Q1,Studio,24.26,146.0
02650,Pohjois-Leppävaara,Espoo,2016Q1,Two-bedroom+,14.34,31.0
02650,Pohjois-Leppävaara,Espoo,2016Q2,One-bedroom,16.85,143.0
02650,Pohjois-Leppävaara,Espoo,2016Q2,Studio,24.15,157.0
02650,Pohjois-Leppävaara,Espoo,2016Q2,Two-bedroom+,15.11,45.0
02650,Pohjois-Leppävaara,Espoo,2016Q3,One-bedroom,16.91,137.0
02650,Pohjois-Leppävaara,Espoo,2016Q3,Studio,24.18,157.0
02650,Pohjois-Leppävaara,Espoo,2016Q3,Two-bedroom+,15.3,40.0
02650,Pohjois-Leppävaara,Espoo,2016Q4,One-bedroom,17.23,154.0
02650,Pohjois-Leppävaara,Espoo,2016Q4,Studio,24.11,162.0
02650,Pohjois-Leppävaara,Espoo,2016Q4,Two-bedroom+,15.07,66.0
02650,Pohjois-Leppävaara,Espoo,2017Q1,One-bedroom,17.07,153.0
02650,Pohjois-Leppävaara,Espoo,2017Q1,Studio,24.35,160.0
02650,Pohjois-Leppävaara,Espoo,2017Q1,Two-bedroom+,15.28,66.0
02650,Pohjois-Leppävaara,Espoo,2017Q2,One-bedroom,17.1,152.0
02650,Pohjois-Leppävaara,Espoo,2017Q2,Studio,24.38,154.0
02650,Pohjois-Leppävaara,Espoo,2017Q2,Two-bedroom+,15.19,71.0
02650,Pohjois-Leppävaara,Espoo,2017Q3,One-bedroom,17.98,148.0
02650,Pohjois-Leppävaara,Espoo,2017Q3,Studio,24.15,162.0
02650,Pohjois-Leppävaara,Espoo,2017Q3,Two-bedroom+,15.76,66.0
02650,Pohjois-Leppävaara,Espoo,2017Q4,One-bedroom,17.86,158.0
02650,Pohjois-Leppävaara,Espoo,2017Q4,Studio,23.6,185.0
02650,Pohjois-Leppävaara,Espoo,2017Q4,Two-bedroom+,15.68,66.0
02650,Pohjois-Leppävaara,Espoo,2018Q1,One-bedroom,16.24,168.0
02650,Pohjois-Leppävaara,Espoo,2018Q1,Studio,20.49,128.0
02650,Pohjois-Leppävaara,Espoo,2018Q1,Two-bedroom+,14.8,73.0
02650,Pohjois-Leppävaara,Espoo,2018Q2,One-bedroom,16.31,175.0
02650,Pohjois-Leppävaara,Espoo,2018Q2,Studio,20.51,121.0
02650,Pohjois-Leppävaara,Espoo,2018Q2,Two-bedroom+,15.38,67.0
02650,Pohjois-Leppävaara,Espoo,2018Q3,One-bedroom,16.71,155.0
02650,Pohjois-Leppävaara,Espoo,2018Q3,Studio,21.07,103.0
02650,Pohjois-Leppävaara,Espoo,2018Q3,Two-bedroom+,15.21,66.0
02650,Pohjois-Leppävaara,Espoo,2018Q4,One-bedroom,17.55,140.0
02650,Pohjois-Leppävaara,Espoo,2018Q4,Studio,21.39,104.0
02650,Pohjois-Leppävaara,Espoo,2019Q1,One-bedroom,16.83,162.0
02650,Pohjois-Leppävaara,Espoo,2019Q1,Studio,21.74,148.0
02650,Pohjois-Leppävaara,Espoo,2019Q1,Two-bedroom+,15.31,68.0
02650,Pohjois-Leppävaara,Espoo,2019Q2,One-bedroom,16.85,164.0
02650,Pohjois-Leppävaara,Espoo,2019Q2,Studio,21.47,147.0
02650,Pohjois-Leppävaara,Espoo,2019Q2,Two-bedroom+,15.79,67.0
02650,Pohjois-Leppävaara,Espoo,2019Q3,One-bedroom,16.87,158.0
02650,Pohjois-Leppävaara,Espoo,2019Q3,Studio,21.77,137.0
02650,Pohjois-Leppävaara,Espoo,2019Q3,Two-bedroom+,15.8,69.0
02650,Pohjois-Leppävaara,Espoo,2019Q4,One-bedroom,18.44,191.0
02650,Pohjois-Leppävaara,Espoo,2019Q4,Studio,22.09,151.0
02650,Pohjois-Leppävaara,Espoo,2020Q1,One-bedroom,18.57,203.0
02650,Pohjois-Leppävaara,Espoo,2020Q1,Studio,22.24,154.0
02650,Pohjois-Leppävaara,Espoo,2020Q2,One-bedroom,18.62,208.0
02650,Pohjois-Leppävaara,Espoo,2020Q2,Studio,22.27,160.0
02650,Pohjois-Leppävaara,Espoo,2020Q3,One-bedroom,18.85,193.0
02650,Pohjois-Leppävaara,Espoo,2020Q3,Studio,22.36,157.0
02650,Pohjois-Leppävaara,Espoo,2020Q4,One-bedroom,18.77,193.0
02650,Pohjois-Leppävaara,Espoo,2020Q4,Studio,22.39,167.0
02650,Pohjois-Leppävaara,Espoo,2021Q1,One-bedroom,18.67,201.0
02650,Pohjois-Leppävaara,Espoo,2021Q1,Studio,22.71,172.0
02650,Pohjois-Leppävaara,Espoo,2021Q2,One-bedroom,18.64,199.0
02650,Pohjois-Leppävaara,Espoo,2021Q2,Studio,22.55,165.0
02650,Pohjois-Leppävaara,Espoo,2021Q3,One-bedroom,18.56,202.0
02650,Pohjois-Leppävaara,Espoo,2021Q3,Studio,22.35,164.0
02650,Pohjois-Leppävaara,Espoo,2021Q4,One-bedroom,18.56,204.0
02650,Pohjois-Leppävaara,Espoo,2021Q4,Studio,22.39,168.0
02650,Pohjois-Leppävaara,Espoo,2022Q1,One-bedroom,18.61,213.0
02650,Pohjois-Leppävaara,Espoo,2022Q1,Studio,22.46,174.0
02650,Pohjois-Leppävaara,Espoo,2022Q2,One-bedroom,18.74,196.0
02650,Pohjois-Leppävaara,Espoo,2022Q2,Studio,22.5,162.0
02650,Pohjois-Leppävaara,Espoo,2022Q3,One-bedroom,18.82,186.0
02650,Pohjois-Leppävaara,Espoo,2022Q3,Studio,22.73,149.0
02650,Pohjois-Leppävaara,Espoo,2022Q4,One-bedroom,18.74,192.0
02650,Pohjois-Leppävaara,Espoo,2022Q4,Studio,22.53,156.0
02650,Pohjois-Leppävaara,Espoo,2023Q1,One-bedroom,18.71,188.0
02650,Pohjois-Leppävaara,Espoo,2023Q1,Studio,22.58,144.0
02650,Pohjois-Leppävaara,Espoo,2023Q2,One-bedroom,18.7,181.0
02650,Pohjois-Leppävaara,Espoo,2023Q2,Studio,22.54,144.0
02650,Pohjois-Leppävaara,Espoo,2023Q3,One-bedroom,18.88,181.0
02650,Pohjois-Leppävaara,Espoo,2023Q3,Studio,22.39,149.0
02650,Pohjois-Leppävaara,Espoo,2023Q4,One-bedroom,18.87,185.0
02650,Pohjois-Leppävaara,Espoo,2023Q4,Studio,22.59,149.0
02650,Pohjois-Leppävaara,Espoo,2024Q1,One-bedroom,18.72,198.0
02650,Pohjois-Leppävaara,Espoo,2024Q1,Studio,22.53,151.0
02650,Pohjois-Leppävaara,Espoo,2024Q2,One-bedroom,18.71,197.0
02650,Pohjois-Leppävaara,Espoo,2024Q2,Studio,22.68,149.0
02650,Pohjois-Leppävaara,Espoo,2024Q3,One-bedroom,18.87,186.0
02650,Pohjois-Leppävaara,Espoo,2024Q3,Studio,22.58,146.0
02650,Pohjois-Leppävaara,Espoo,2024Q4,One-bedroom,18.71,180.0
02650,Pohjois-Leppävaara,Espoo,2024Q4,Studio,22.53,147.0
02650,Pohjois-Leppävaara,Espoo,2025Q1,One-bedroom,18.43,199.0
02650,Pohjois-Leppävaara,Espoo,2025Q1,Studio,22.29,158.0
02650,Pohjois-Leppävaara,Espoo,2025Q2,One-bedroom,18.62,175.0
02650,Pohjois-Leppävaara,Espoo,2025Q2,Studio,22.39,135.0
02650,Pohjois-Leppävaara,Espoo,2025Q3,One-bedroom,18.55,178.0
02650,Pohjois-Leppävaara,Espoo,2025Q3,Studio,22.51,143.0
02650,Pohjois-Leppävaara,Espoo,2025Q4,One-bedroom,18.14,185.0
02650,Pohjois-Leppävaara,Espoo,2025Q4,Studio,22.3,144.0
02660,Lintuvaara,Espoo,2018Q1,Studio,19.73,21.0
02660,Lintuvaara,Espoo,2019Q1,Studio,20.42,21.0
02660,Lintuvaara,Espoo,2021Q3,Studio,20.71,21.0
02700,Kauniainen,Kauniainen,2015Q1,Studio,20.6,52.0
02700,Kauniainen,Kauniainen,2015Q2,Studio,20.08,49.0
02700,Kauniainen,Kauniainen,2015Q3,Studio,19.92,45.0
02700,Kauniainen,Kauniainen,2015Q4,One-bedroom,15.56,66.0
02700,Kauniainen,Kauniainen,2015Q4,Studio,19.96,52.0
02700,Kauniainen,Kauniainen,2016Q1,One-bedroom,15.6,61.0
02700,Kauniainen,Kauniainen,2016Q1,Studio,20.62,55.0
02700,Kauniainen,Kauniainen,2016Q2,One-bedroom,15.89,66.0
02700,Kauniainen,Kauniainen,2016Q2,Studio,21.07,59.0
02700,Kauniainen,Kauniainen,2016Q3,One-bedroom,15.79,64.0
02700,Kauniainen,Kauniainen,2016Q3,Studio,21.46,53.0
02700,Kauniainen,Kauniainen,2016Q4,One-bedroom,15.63,63.0
02700,Kauniainen,Kauniainen,2016Q4,Studio,21.78,61.0
02700,Kauniainen,Kauniainen,2017Q1,One-bedroom,16.97,76.0
02700,Kauniainen,Kauniainen,2017Q1,Studio,21.89,69.0
02700,Kauniainen,Kauniainen,2017Q2,Studio,22.05,68.0
02700,Kauniainen,Kauniainen,2017Q3,Studio,22.26,66.0
02700,Kauniainen,Kauniainen,2017Q4,One-bedroom,17.97,88.0
02700,Kauniainen,Kauniainen,2017Q4,Studio,22.05,73.0
02700,Kauniainen,Kauniainen,2018Q1,One-bedroom,17.62,92.0
02700,Kauniainen,Kauniainen,2018Q1,Studio,21.54,80.0
02700,Kauniainen,Kauniainen,2018Q2,One-bedroom,17.42,92.0
02700,Kauniainen,Kauniainen,2018Q2,Studio,21.8,79.0
02700,Kauniainen,Kauniainen,2018Q3,One-bedroom,17.25,93.0
02700,Kauniainen,Kauniainen,2018Q3,Studio,22.24,74.0
02700,Kauniainen,Kauniainen,2018Q4,One-bedroom,17.68,89.0
02700,Kauniainen,Kauniainen,2018Q4,Studio,22.48,79.0
02700,Kauniainen,Kauniainen,2019Q1,One-bedroom,17.43,89.0
02700,Kauniainen,Kauniainen,2019Q1,Studio,22.5,79.0
02700,Kauniainen,Kauniainen,2019Q2,One-bedroom,17.9,86.0
02700,Kauniainen,Kauniainen,2019Q2,Studio,22.21,72.0
02700,Kauniainen,Kauniainen,2019Q3,One-bedroom,17.76,88.0
02700,Kauniainen,Kauniainen,2019Q3,Studio,22.07,74.0
02700,Kauniainen,Kauniainen,2019Q4,One-bedroom,18.27,85.0
02700,Kauniainen,Kauniainen,2019Q4,Studio,22.36,82.0
02700,Kauniainen,Kauniainen,2020Q1,One-bedroom,18.55,84.0
02700,Kauniainen,Kauniainen,2020Q1,Studio,22.68,82.0
02700,Kauniainen,Kauniainen,2020Q2,One-bedroom,18.57,90.0
02700,Kauniainen,Kauniainen,2020Q2,Studio,22.55,77.0
02700,Kauniainen,Kauniainen,2020Q3,One-bedroom,18.94,87.0
02700,Kauniainen,Kauniainen,2020Q3,Studio,22.54,86.0
02700,Kauniainen,Kauniainen,2020Q4,One-bedroom,18.92,90.0
02700,Kauniainen,Kauniainen,2020Q4,Studio,22.57,92.0
02700,Kauniainen,Kauniainen,2021Q1,One-bedroom,18.91,93.0
02700,Kauniainen,Kauniainen,2021Q1,Studio,22.92,91.0
02700,Kauniainen,Kauniainen,2021Q2,One-bedroom,19.21,90.0
02700,Kauniainen,Kauniainen,2021Q2,Studio,22.85,87.0
02700,Kauniainen,Kauniainen,2021Q3,One-bedroom,19.08,91.0
02700,Kauniainen,Kauniainen,2021Q3,Studio,23.13,84.0
02700,Kauniainen,Kauniainen,2021Q4,One-bedroom,19.13,93.0
02700,Kauniainen,Kauniainen,2021Q4,Studio,22.92,94.0
02700,Kauniainen,Kauniainen,2022Q1,One-bedroom,19.07,97.0
02700,Kauniainen,Kauniainen,2022Q1,Studio,23.12,97.0
02700,Kauniainen,Kauniainen,2022Q2,One-bedroom,19.4,87.0
02700,Kauniainen,Kauniainen,2022Q2,Studio,23.09,87.0
02700,Kauniainen,Kauniainen,2022Q3,One-bedroom,19.26,89.0
02700,Kauniainen,Kauniainen,2022Q3,Studio,22.97,89.0
02700,Kauniainen,Kauniainen,2022Q4,One-bedroom,19.51,86.0
02700,Kauniainen,Kauniainen,2022Q4,Studio,23.0,91.0
02700,Kauniainen,Kauniainen,2023Q1,One-bedroom,19.82,83.0
02700,Kauniainen,Kauniainen,2023Q1,Studio,22.95,93.0
02700,Kauniainen,Kauniainen,2023Q2,One-bedroom,19.87,85.0
02700,Kauniainen,Kauniainen,2023Q2,Studio,22.85,88.0
02700,Kauniainen,Kauniainen,2023Q3,One-bedroom,19.85,86.0
02700,Kauniainen,Kauniainen,2023Q3,Studio,22.98,90.0
02700,Kauniainen,Kauniainen,2023Q4,One-bedroom,19.92,83.0
02700,Kauniainen,Kauniainen,2023Q4,Studio,22.98,86.0
02700,Kauniainen,Kauniainen,2024Q1,One-bedroom,20.28,79.0
02700,Kauniainen,Kauniainen,2024Q1,Studio,23.32,91.0
02700,Kauniainen,Kauniainen,2024Q2,One-bedroom,20.31,80.0
02700,Kauniainen,Kauniainen,2024Q2,Studio,23.21,82.0
02700,Kauniainen,Kauniainen,2024Q3,One-bedroom,20.44,77.0
02700,Kauniainen,Kauniainen,2024Q3,Studio,23.21,98.0
02700,Kauniainen,Kauniainen,2024Q4,One-bedroom,20.27,77.0
02700,Kauniainen,Kauniainen,2024Q4,Studio,22.93,97.0
02700,Kauniainen,Kauniainen,2025Q1,One-bedroom,20.19,77.0
02700,Kauniainen,Kauniainen,2025Q1,Studio,23.16,104.0
02700,Kauniainen,Kauniainen,2025Q2,Studio,23.24,76.0
02700,Kauniainen,Kauniainen,2025Q3,Studio,23.23,73.0
02700,Kauniainen,Kauniainen,2025Q4,One-bedroom,20.0,77.0
02700,Kauniainen,Kauniainen,2025Q4,Studio,22.79,77.0
02710,Viherlaakso,Espoo,2015Q1,Studio,18.4,36.0
02710,Viherlaakso,Espoo,2015Q2,Studio,18.19,39.0
02710,Viherlaakso,Espoo,2015Q2,Two-bedroom+,15.9,27.0
02710,Viherlaakso,Espoo,2015Q3,Studio,18.0,37.0
02710,Viherlaakso,Espoo,2015Q3,Two-bedroom+,16.14,27.0
02710,Viherlaakso,Espoo,2015Q4,Studio,18.71,41.0
02710,Viherlaakso,Espoo,2015Q4,Two-bedroom+,15.49,33.0
02710,Viherlaakso,Espoo,2016Q1,One-bedroom,16.69,92.0
02710,Viherlaakso,Espoo,2016Q1,Studio,19.01,35.0
02710,Viherlaakso,Espoo,2016Q1,Two-bedroom+,15.53,35.0
02710,Viherlaakso,Espoo,2016Q2,One-bedroom,16.76,90.0
02710,Viherlaakso,Espoo,2016Q2,Studio,18.87,42.0
02710,Viherlaakso,Espoo,2016Q2,Two-bedroom+,15.62,36.0
02710,Viherlaakso,Espoo,2016Q3,One-bedroom,16.75,91.0
02710,Viherlaakso,Espoo,2016Q3,Studio,19.46,41.0
02710,Viherlaakso,Espoo,2016Q3,Two-bedroom+,15.65,35.0
02710,Viherlaakso,Espoo,2016Q4,One-bedroom,16.48,97.0
02710,Viherlaakso,Espoo,2016Q4,Studio,19.62,47.0
02710,Viherlaakso,Espoo,2016Q4,Two-bedroom+,15.6,33.0
02710,Viherlaakso,Espoo,2017Q1,One-bedroom,16.43,102.0
02710,Viherlaakso,Espoo,2017Q1,Studio,20.6,40.0
02710,Viherlaakso,Espoo,2017Q1,Two-bedroom+,15.51,36.0
02710,Viherlaakso,Espoo,2017Q2,One-bedroom,16.68,99.0
02710,Viherlaakso,Espoo,2017Q2,Studio,19.78,40.0
02710,Viherlaakso,Espoo,2017Q2,Two-bedroom+,15.46,38.0
02710,Viherlaakso,Espoo,2017Q3,One-bedroom,16.77,106.0
02710,Viherlaakso,Espoo,2017Q3,Studio,20.09,35.0
02710,Viherlaakso,Espoo,2017Q3,Two-bedroom+,15.65,35.0
02710,Viherlaakso,Espoo,2017Q4,One-bedroom,16.69,110.0
02710,Viherlaakso,Espoo,2017Q4,Studio,19.56,40.0
02710,Viherlaakso,Espoo,2017Q4,Two-bedroom+,15.8,34.0
02710,Viherlaakso,Espoo,2018Q1,One-bedroom,16.4,113.0
02710,Viherlaakso,Espoo,2018Q1,Studio,19.85,45.0
02710,Viherlaakso,Espoo,2018Q1,Two-bedroom+,16.11,33.0
02710,Viherlaakso,Espoo,2018Q2,One-bedroom,16.57,105.0
02710,Viherlaakso,Espoo,2018Q2,Studio,19.54,48.0
02710,Viherlaakso,Espoo,2018Q2,Two-bedroom+,16.25,30.0
02710,Viherlaakso,Espoo,2018Q3,One-bedroom,16.51,105.0
02710,Viherlaakso,Espoo,2018Q3,Studio,19.96,47.0
02710,Viherlaakso,Espoo,2018Q3,Two-bedroom+,16.33,30.0
02710,Viherlaakso,Espoo,2018Q4,One-bedroom,16.89,102.0
02710,Viherlaakso,Espoo,2018Q4,Studio,19.43,47.0
02710,Viherlaakso,Espoo,2019Q1,One-bedroom,16.98,172.0
02710,Viherlaakso,Espoo,2019Q1,Studio,22.27,85.0
02710,Viherlaakso,Espoo,2019Q2,One-bedroom,16.58,103.0
02710,Viherlaakso,Espoo,2019Q2,Studio,22.39,86.0
02710,Viherlaakso,Espoo,2019Q3,One-bedroom,16.64,102.0
02710,Viherlaakso,Espoo,2019Q3,Studio,22.26,83.0
02710,Viherlaakso,Espoo,2019Q4,One-bedroom,17.13,96.0
02710,Viherlaakso,Espoo,2019Q4,Studio,22.69,82.0
02710,Viherlaakso,Espoo,2020Q1,One-bedroom,17.21,98.0
02710,Viherlaakso,Espoo,2020Q1,Studio,23.29,82.0
02710,Viherlaakso,Espoo,2020Q2,One-bedroom,17.27,98.0
02710,Viherlaakso,Espoo,2020Q2,Studio,23.12,89.0
02710,Viherlaakso,Espoo,2020Q2,Two-bedroom+,16.67,30.0
02710,Viherlaakso,Espoo,2020Q3,One-bedroom,17.32,98.0
02710,Viherlaakso,Espoo,2020Q3,Studio,23.17,94.0
02710,Viherlaakso,Espoo,2020Q3,Two-bedroom+,17.08,28.0
02710,Viherlaakso,Espoo,2020Q4,One-bedroom,17.26,99.0
02710,Viherlaakso,Espoo,2020Q4,Studio,23.29,97.0
02710,Viherlaakso,Espoo,2020Q4,Two-bedroom+,16.89,28.0
02710,Viherlaakso,Espoo,2021Q1,One-bedroom,17.25,97.0
02710,Viherlaakso,Espoo,2021Q1,Studio,23.44,90.0
02710,Viherlaakso,Espoo,2021Q1,Two-bedroom+,16.63,30.0
02710,Viherlaakso,Espoo,2021Q2,One-bedroom,17.1,95.0
02710,Viherlaakso,Espoo,2021Q2,Studio,22.99,95.0
02710,Viherlaakso,Espoo,2021Q2,Two-bedroom+,16.81,27.0
02710,Viherlaakso,Espoo,2021Q3,One-bedroom,17.24,107.0
02710,Viherlaakso,Espoo,2021Q3,Studio,23.52,92.0
02710,Viherlaakso,Espoo,2021Q4,One-bedroom,17.19,106.0
02710,Viherlaakso,Espoo,2021Q4,Studio,23.43,95.0
02710,Viherlaakso,Espoo,2022Q1,One-bedroom,16.93,110.0
02710,Viherlaakso,Espoo,2022Q1,Studio,23.19,109.0
02710,Viherlaakso,Espoo,2022Q2,One-bedroom,17.05,107.0
02710,Viherlaakso,Espoo,2022Q2,Studio,23.35,100.0
02710,Viherlaakso,Espoo,2022Q3,One-bedroom,17.17,104.0
02710,Viherlaakso,Espoo,2022Q3,Studio,23.28,105.0
02710,Viherlaakso,Espoo,2022Q4,One-bedroom,17.18,107.0
02710,Viherlaakso,Espoo,2022Q4,Studio,23.31,102.0
02710,Viherlaakso,Espoo,2023Q1,One-bedroom,17.21,103.0
02710,Viherlaakso,Espoo,2023Q1,Studio,23.45,99.0
02710,Viherlaakso,Espoo,2023Q2,One-bedroom,17.1,104.0
02710,Viherlaakso,Espoo,2023Q2,Studio,23.25,95.0
02710,Viherlaakso,Espoo,2023Q3,One-bedroom,17.16,102.0
02710,Viherlaakso,Espoo,2023Q3,Studio,23.18,101.0
02710,Viherlaakso,Espoo,2023Q4,Studio,23.42,103.0
02710,Viherlaakso,Espoo,2024Q1,One-bedroom,17.28,103.0
02710,Viherlaakso,Espoo,2024Q1,Studio,23.51,101.0
02710,Viherlaakso,Espoo,2024Q2,Studio,23.84,99.0
02710,Viherlaakso,Espoo,2024Q3,Studio,23.89,98.0
02710,Viherlaakso,Espoo,2024Q4,Studio,23.89,97.0
02710,Viherlaakso,Espoo,2025Q1,Studio,23.72,95.0
02710,Viherlaakso,Espoo,2025Q2,Studio,24.09,91.0
02710,Viherlaakso,Espoo,2025Q3,Studio,24.77,83.0
02710,Viherlaakso,Espoo,2025Q4,Studio,24.07,92.0
02720,Lähderanta,Espoo,2015Q1,Studio,20.03,53.0
02720,Lähderanta,Espoo,2015Q2,Studio,20.62,50.0
02720,Lähderanta,Espoo,2015Q3,Studio,21.12,54.0
02720,Lähderanta,Espoo,2015Q4,Studio,21.51,66.0
02720,Lähderanta,Espoo,2016Q1,Studio,21.28,63.0
02720,Lähderanta,Espoo,2016Q2,Studio,21.3,64.0
02720,Lähderanta,Espoo,2016Q3,Studio,21.94,63.0
02720,Lähderanta,Espoo,2016Q4,Studio,22.03,71.0
02720,Lähderanta,Espoo,2017Q1,Studio,21.67,70.0
02720,Lähderanta,Espoo,2017Q2,Studio,22.21,80.0
02720,Lähderanta,Espoo,2017Q3,Studio,22.41,76.0
02720,Lähderanta,Espoo,2017Q4,Studio,22.37,86.0
02720,Lähderanta,Espoo,2018Q1,Studio,22.45,95.0
02720,Lähderanta,Espoo,2018Q2,Studio,22.21,92.0
02720,Lähderanta,Espoo,2018Q3,Studio,22.23,71.0
02720,Lähderanta,Espoo,2018Q4,Studio,22.47,66.0
02720,Lähderanta,Espoo,2019Q1,Studio,22.98,83.0
02720,Lähderanta,Espoo,2019Q2,Studio,23.31,86.0
02720,Lähderanta,Espoo,2019Q3,Studio,23.21,76.0
02720,Lähderanta,Espoo,2019Q4,Studio,22.87,74.0
02720,Lähderanta,Espoo,2020Q1,Studio,22.3,73.0
02720,Lähderanta,Espoo,2020Q2,Studio,22.47,81.0
02720,Lähderanta,Espoo,2020Q3,Studio,22.89,85.0
02720,Lähderanta,Espoo,2020Q4,Studio,23.32,81.0
02720,Lähderanta,Espoo,2021Q1,Studio,23.75,86.0
02720,Lähderanta,Espoo,2021Q2,Studio,24.02,82.0
02720,Lähderanta,Espoo,2021Q3,Studio,23.69,82.0
02720,Lähderanta,Espoo,2021Q4,Studio,23.43,89.0
02720,Lähderanta,Espoo,2022Q1,Studio,23.15,90.0
02720,Lähderanta,Espoo,2022Q2,Studio,23.4,85.0
02720,Lähderanta,Espoo,2022Q3,Studio,23.51,78.0
02720,Lähderanta,Espoo,2022Q4,Studio,23.4,80.0
02720,Lähderanta,Espoo,2023Q1,Studio,23.4,77.0
02720,Lähderanta,Espoo,2023Q2,Studio,23.31,76.0
02720,Lähderanta,Espoo,2023Q3,Studio,23.11,76.0
02720,Lähderanta,Espoo,2023Q4,Studio,23.12,80.0
02720,Lähderanta,Espoo,2024Q1,Studio,23.16,85.0
02720,Lähderanta,Espoo,2024Q2,Studio,22.87,85.0
02720,Lähderanta,Espoo,2024Q3,Studio,23.17,82.0
02720,Lähderanta,Espoo,2024Q4,Studio,22.81,79.0
02720,Lähderanta,Espoo,2025Q1,Studio,22.83,90.0
02720,Lähderanta,Espoo,2025Q2,Studio,22.58,74.0
02720,Lähderanta,Espoo,2025Q3,Studio,22.73,74.0
02720,Lähderanta,Espoo,2025Q4,Studio,22.55,76.0
02750,Sepänkylä-Kuurinniitty,Espoo,2017Q4,Studio,21.1,22.0
02750,Sepänkylä-Kuurinniitty,Espoo,2018Q1,Studio,21.46,29.0
02750,Sepänkylä-Kuurinniitty,Espoo,2018Q2,Studio,21.5,29.0
02750,Sepänkylä-Kuurinniitty,Espoo,2018Q3,Studio,21.35,25.0
02750,Sepänkylä-Kuurinniitty,Espoo,2018Q4,Studio,21.4,27.0
02750,Sepänkylä-Kuurinniitty,Espoo,2019Q1,Studio,21.71,28.0
02750,Sepänkylä-Kuurinniitty,Espoo,2019Q2,Studio,21.24,28.0
02750,Sepänkylä-Kuurinniitty,Espoo,2019Q3,Studio,21.58,25.0
02750,Sepänkylä-Kuurinniitty,Espoo,2019Q4,Studio,21.38,24.0
02750,Sepänkylä-Kuurinniitty,Espoo,2020Q1,Studio,21.5,24.0
02750,Sepänkylä-Kuurinniitty,Espoo,2020Q2,Studio,21.68,22.0
02750,Sepänkylä-Kuurinniitty,Espoo,2020Q3,Studio,21.84,21.0
02750,Sepänkylä-Kuurinniitty,Espoo,2020Q4,Studio,21.95,20.0
02750,Sepänkylä-Kuurinniitty,Espoo,2021Q1,Studio,21.46,22.0
02750,Sepänkylä-Kuurinniitty,Espoo,2021Q2,Studio,21.99,20.0
02750,Sepänkylä-Kuurinniitty,Espoo,2021Q3,Studio,22.61,21.0
02750,Sepänkylä-Kuurinniitty,Espoo,2021Q4,Studio,22.17,21.0
02750,Sepänkylä-Kuurinniitty,Espoo,2022Q1,Studio,22.4,24.0
02750,Sepänkylä-Kuurinniitty,Espoo,2022Q2,Studio,22.28,21.0
02750,Sepänkylä-Kuurinniitty,Espoo,2022Q4,Studio,21.47,21.0
02750,Sepänkylä-Kuurinniitty,Espoo,2023Q1,Two-bedroom+,16.18,36.0
02750,Sepänkylä-Kuurinniitty,Espoo,2023Q2,Studio,21.8,20.0
02750,Sepänkylä-Kuurinniitty,Espoo,2023Q3,Studio,22.06,20.0
02750,Sepänkylä-Kuurinniitty,Espoo,2024Q2,Studio,21.92,24.0
02750,Sepänkylä-Kuurinniitty,Espoo,2024Q3,Studio,22.02,24.0
02750,Sepänkylä-Kuurinniitty,Espoo,2024Q4,Studio,21.75,24.0
02750,Sepänkylä-Kuurinniitty,Espoo,2024Q4,Two-bedroom+,16.42,37.0
02750,Sepänkylä-Kuurinniitty,Espoo,2025Q1,One-bedroom,18.02,56.0
02750,Sepänkylä-Kuurinniitty,Espoo,2025Q1,Studio,22.07,23.0
02750,Sepänkylä-Kuurinniitty,Espoo,2025Q2,Studio,22.29,24.0
02750,Sepänkylä-Kuurinniitty,Espoo,2025Q2,Two-bedroom+,16.15,36.0
02750,Sepänkylä-Kuurinniitty,Espoo,2025Q3,Studio,22.38,21.0
02750,Sepänkylä-Kuurinniitty,Espoo,2025Q4,Studio,22.25,23.0
02750,Sepänkylä-Kuurinniitty,Espoo,2025Q4,Two-bedroom+,16.11,36.0
02760,Tuomarila-Suvela,Espoo,2015Q1,Studio,17.62,79.0
02760,Tuomarila-Suvela,Espoo,2015Q4,Studio,17.59,129.0
02760,Tuomarila-Suvela,Espoo,2016Q1,One-bedroom,15.9,276.0
02760,Tuomarila-Suvela,Espoo,2016Q1,Studio,19.19,122.0
02760,Tuomarila-Suvela,Espoo,2016Q2,One-bedroom,14.24,313.0
02760,Tuomarila-Suvela,Espoo,2016Q2,Studio,18.16,147.0
02760,Tuomarila-Suvela,Espoo,2016Q3,One-bedroom,14.34,308.0
02760,Tuomarila-Suvela,Espoo,2016Q3,Studio,18.17,140.0
02760,Tuomarila-Suvela,Espoo,2016Q4,One-bedroom,14.68,354.0
02760,Tuomarila-Suvela,Espoo,2016Q4,Studio,18.17,143.0
02760,Tuomarila-Suvela,Espoo,2017Q1,One-bedroom,14.89,350.0
02760,Tuomarila-Suvela,Espoo,2017Q1,Studio,18.5,140.0
02760,Tuomarila-Suvela,Espoo,2017Q2,Studio,18.56,138.0
02760,Tuomarila-Suvela,Espoo,2017Q3,Studio,18.79,155.0
02760,Tuomarila-Suvela,Espoo,2017Q4,One-bedroom,15.7,387.0
02760,Tuomarila-Suvela,Espoo,2017Q4,Studio,19.23,178.0
02760,Tuomarila-Suvela,Espoo,2018Q1,One-bedroom,15.78,405.0
02760,Tuomarila-Suvela,Espoo,2018Q1,Studio,19.42,172.0
02760,Tuomarila-Suvela,Espoo,2018Q2,One-bedroom,15.84,397.0
02760,Tuomarila-Suvela,Espoo,2018Q2,Studio,19.33,166.0
02760,Tuomarila-Suvela,Espoo,2018Q3,One-bedroom,15.85,392.0
02760,Tuomarila-Suvela,Espoo,2018Q3,Studio,19.36,174.0
02760,Tuomarila-Suvela,Espoo,2018Q4,One-bedroom,16.0,377.0
02760,Tuomarila-Suvela,Espoo,2018Q4,Studio,19.54,174.0
02760,Tuomarila-Suvela,Espoo,2019Q1,One-bedroom,15.96,381.0
02760,Tuomarila-Suvela,Espoo,2019Q1,Studio,19.57,175.0
02760,Tuomarila-Suvela,Espoo,2019Q2,One-bedroom,16.08,379.0
02760,Tuomarila-Suvela,Espoo,2019Q2,Studio,19.64,173.0
02760,Tuomarila-Suvela,Espoo,2019Q3,Studio,19.67,178.0
02760,Tuomarila-Suvela,Espoo,2019Q4,Studio,20.17,172.0
02760,Tuomarila-Suvela,Espoo,2020Q1,One-bedroom,16.4,383.0
02760,Tuomarila-Suvela,Espoo,2020Q1,Studio,20.34,179.0
02760,Tuomarila-Suvela,Espoo,2020Q2,Studio,20.53,197.0
02760,Tuomarila-Suvela,Espoo,2020Q3,Studio,20.57,194.0
02760,Tuomarila-Suvela,Espoo,2020Q4,One-bedroom,16.29,469.0
02760,Tuomarila-Suvela,Espoo,2020Q4,Studio,20.68,193.0
02760,Tuomarila-Suvela,Espoo,2021Q1,Studio,20.88,191.0
02760,Tuomarila-Suvela,Espoo,2021Q2,Studio,20.91,193.0
02760,Tuomarila-Suvela,Espoo,2021Q3,Studio,21.0,195.0
02760,Tuomarila-Suvela,Espoo,2021Q4,Studio,21.02,191.0
02760,Tuomarila-Suvela,Espoo,2022Q1,One-bedroom,16.46,470.0
02760,Tuomarila-Suvela,Espoo,2022Q1,Studio,21.08,203.0
02760,Tuomarila-Suvela,Espoo,2022Q2,Studio,21.2,193.0
02760,Tuomarila-Suvela,Espoo,2022Q3,Studio,21.32,190.0
02760,Tuomarila-Suvela,Espoo,2022Q4,Studio,21.29,192.0
02760,Tuomarila-Suvela,Espoo,2023Q1,Studio,21.33,196.0
02760,Tuomarila-Suvela,Espoo,2023Q2,Studio,21.44,193.0
02760,Tuomarila-Suvela,Espoo,2023Q3,Studio,21.43,192.0
02760,Tuomarila-Suvela,Espoo,2023Q4,Studio,21.43,194.0
02760,Tuomarila-Suvela,Espoo,2024Q1,Studio,21.36,193.0
02760,Tuomarila-Suvela,Espoo,2024Q2,Studio,21.47,189.0
02760,Tuomarila-Suvela,Espoo,2024Q3,Studio,21.34,196.0
02760,Tuomarila-Suvela,Espoo,2024Q4,Studio,21.32,191.0
02760,Tuomarila-Suvela,Espoo,2025Q1,Studio,21.26,185.0
02760,Tuomarila-Suvela,Espoo,2025Q2,Studio,21.21,179.0
02760,Tuomarila-Suvela,Espoo,2025Q4,Studio,21.11,181.0
02770,Espoon Keskus,Espoo,2015Q1,Studio,19.31,44.0
02770,Espoon Keskus,Espoo,2015Q2,Studio,19.62,46.0
02770,Espoon Keskus,Espoo,2015Q3,Studio,19.59,49.0
02770,Espoon Keskus,Espoo,2015Q4,Studio,19.77,57.0
02770,Espoon Keskus,Espoo,2016Q1,Studio,20.02,47.0
02770,Espoon Keskus,Espoo,2016Q2,Studio,20.22,56.0
02770,Espoon Keskus,Espoo,2016Q3,Studio,20.18,55.0
02770,Espoon Keskus,Espoo,2016Q4,Studio,20.39,66.0
02770,Espoon Keskus,Espoo,2017Q1,Studio,21.07,70.0
02770,Espoon Keskus,Espoo,2017Q2,Studio,21.03,64.0
02770,Espoon Keskus,Espoo,2017Q3,Studio,21.2,67.0
02770,Espoon Keskus,Espoo,2017Q4,Studio,21.51,68.0
02770,Espoon Keskus,Espoo,2018Q1,Studio,22.13,75.0
02770,Espoon Keskus,Espoo,2018Q2,Studio,22.19,74.0
02770,Espoon Keskus,Espoo,2018Q3,Studio,21.43,67.0
02770,Espoon Keskus,Espoo,2018Q4,Studio,21.71,69.0
02770,Espoon Keskus,Espoo,2019Q1,Studio,21.87,71.0
02770,Espoon Keskus,Espoo,2019Q2,Studio,22.09,75.0
02770,Espoon Keskus,Espoo,2019Q3,Studio,22.38,72.0
02770,Espoon Keskus,Espoo,2019Q4,Studio,22.2,72.0
02770,Espoon Keskus,Espoo,2020Q1,Studio,22.29,75.0
02770,Espoon Keskus,Espoo,2020Q2,Studio,22.37,87.0
02770,Espoon Keskus,Espoo,2020Q3,Studio,22.32,89.0
02770,Espoon Keskus,Espoo,2020Q4,Studio,22.28,84.0
02770,Espoon Keskus,Espoo,2021Q1,Studio,23.16,97.0
02770,Espoon Keskus,Espoo,2021Q2,Studio,23.44,95.0
02770,Espoon Keskus,Espoo,2021Q3,Studio,23.35,96.0
02770,Espoon Keskus,Espoo,2021Q4,Studio,23.21,94.0
02770,Espoon Keskus,Espoo,2022Q1,Studio,23.14,131.0
02770,Espoon Keskus,Espoo,2022Q2,Studio,23.06,124.0
02770,Espoon Keskus,Espoo,2022Q3,Studio,23.2,126.0
02770,Espoon Keskus,Espoo,2022Q4,Studio,23.24,127.0
02770,Espoon Keskus,Espoo,2023Q1,Studio,23.39,125.0
02770,Espoon Keskus,Espoo,2023Q2,Studio,23.25,124.0
02770,Espoon Keskus,Espoo,2023Q3,Studio,23.19,113.0
02770,Espoon Keskus,Espoo,2023Q4,Studio,23.35,108.0
02770,Espoon Keskus,Espoo,2024Q1,Studio,23.19,106.0
02770,Espoon Keskus,Espoo,2024Q2,Studio,23.22,107.0
02770,Espoon Keskus,Espoo,2024Q3,Studio,23.28,105.0
02770,Espoon Keskus,Espoo,2024Q4,Studio,23.25,104.0
02770,Espoon Keskus,Espoo,2025Q1,Studio,23.27,103.0
02770,Espoon Keskus,Espoo,2025Q2,Studio,23.21,96.0
02770,Espoon Keskus,Espoo,2025Q3,Studio,23.52,126.0
02770,Espoon Keskus,Espoo,2025Q4,Studio,22.95,96.0
02780,Kauklahti,Espoo,2018Q1,One-bedroom,15.33,49.0
02780,Kauklahti,Espoo,2019Q1,One-bedroom,16.12,48.0
02780,Kauklahti,Espoo,2020Q2,Studio,20.97,92.0
02780,Kauklahti,Espoo,2020Q3,Studio,21.1,86.0
02780,Kauklahti,Espoo,2020Q4,Studio,21.15,88.0
02780,Kauklahti,Espoo,2021Q1,Studio,21.46,95.0
02780,Kauklahti,Espoo,2021Q2,Studio,21.59,96.0
02780,Kauklahti,Espoo,2021Q3,Studio,21.36,87.0
02780,Kauklahti,Espoo,2021Q4,Studio,21.46,92.0
02780,Kauklahti,Espoo,2022Q1,Studio,21.73,91.0
02780,Kauklahti,Espoo,2022Q2,Studio,21.61,79.0
02780,Kauklahti,Espoo,2023Q4,Studio,21.76,72.0
02780,Kauklahti,Espoo,2024Q1,Studio,21.66,78.0
02940,Lippajärvi-Järvenperä,Espoo,2016Q4,Studio,21.16,22.0
02940,Lippajärvi-Järvenperä,Espoo,2017Q1,Studio,21.95,32.0
02940,Lippajärvi-Järvenperä,Espoo,2017Q2,Studio,21.81,31.0
02940,Lippajärvi-Järvenperä,Espoo,2017Q3,Studio,22.63,29.0
02940,Lippajärvi-Järvenperä,Espoo,2017Q4,Studio,22.77,33.0
02940,Lippajärvi-Järvenperä,Espoo,2018Q1,Studio,22.46,35.0
02940,Lippajärvi-Järvenperä,Espoo,2018Q2,Studio,23.12,31.0
02940,Lippajärvi-Järvenperä,Espoo,2018Q3,Studio,22.48,29.0
02940,Lippajärvi-Järvenperä,Espoo,2018Q4,Studio,23.06,23.0
02940,Lippajärvi-Järvenperä,Espoo,2019Q1,Studio,22.11,26.0
02940,Lippajärvi-Järvenperä,Espoo,2019Q2,Studio,22.19,26.0
02940,Lippajärvi-Järvenperä,Espoo,2019Q3,Studio,22.11,30.0
02940,Lippajärvi-Järvenperä,Espoo,2019Q4,Studio,23.02,28.0
02940,Lippajärvi-Järvenperä,Espoo,2021Q1,Studio,22.58,22.0
02940,Lippajärvi-Järvenperä,Espoo,2021Q2,Studio,22.88,20.0
02940,Lippajärvi-Järvenperä,Espoo,2021Q3,Studio,22.91,21.0
02940,Lippajärvi-Järvenperä,Espoo,2022Q1,One-bedroom,18.86,56.0
02940,Lippajärvi-Järvenperä,Espoo,2022Q1,Studio,22.61,46.0
02940,Lippajärvi-Järvenperä,Espoo,2022Q2,Studio,22.59,43.0
02940,Lippajärvi-Järvenperä,Espoo,2022Q3,Studio,22.47,41.0
02940,Lippajärvi-Järvenperä,Espoo,2022Q4,Studio,22.54,45.0
02940,Lippajärvi-Järvenperä,Espoo,2023Q1,Studio,22.53,46.0
02940,Lippajärvi-Järvenperä,Espoo,2023Q2,Studio,23.27,80.0
02940,Lippajärvi-Järvenperä,Espoo,2023Q3,Studio,23.61,111.0
02940,Lippajärvi-Järvenperä,Espoo,2023Q4,Studio,23.58,115.0
02940,Lippajärvi-Järvenperä,Espoo,2024Q1,Studio,23.64,115.0
02940,Lippajärvi-Järvenperä,Espoo,2024Q2,Studio,23.86,115.0
02940,Lippajärvi-Järvenperä,Espoo,2024Q3,Studio,24.09,116.0
02940,Lippajärvi-Järvenperä,Espoo,2024Q4,Studio,24.14,122.0
02940,Lippajärvi-Järvenperä,Espoo,2025Q1,Studio,24.13,122.0
02940,Lippajärvi-Järvenperä,Espoo,2025Q2,Studio,24.33,117.0
02940,Lippajärvi-Järvenperä,Espoo,2025Q4,Studio,24.5,120.0
